scenario_id,regime,winner_method,winner_score,winner_margin,profiles_aggregated,weight_severity,noise_scale,hard_threshold
s000001,balanced,expert_reference_upper_bound,85.4263,19.7802,8,0.4054,1.17,2
s000002,construction_strict,expert_reference_upper_bound,87.2559,23.6842,8,0.2569,1.0372,1
s000003,motif_strict,expert_reference_upper_bound,83.0314,22.7406,8,0.414,1.2314,1
s000004,heritage_strict,expert_reference_upper_bound,82.2664,23.0359,8,0.4299,1.1184,2
s000005,visual_lenient,expert_reference_upper_bound,83.1748,21.8712,8,0.5083,1.1926,3
s000006,balanced,expert_reference_upper_bound,84.2254,23.2279,8,0.1126,1.1667,3
s000007,construction_strict,expert_reference_upper_bound,87.8094,28.5793,8,0.4421,1.032,2
s000008,motif_strict,expert_reference_upper_bound,83.3176,17.7949,8,0.5475,0.804,1
s000009,heritage_strict,expert_reference_upper_bound,89.0383,28.6609,8,0.205,0.7076,2
s000010,visual_lenient,expert_reference_upper_bound,88.2301,25.5593,8,0.5478,0.5824,1
s000011,balanced,expert_reference_upper_bound,87.3909,25.2015,8,0.1713,1.2781,1
s000012,construction_strict,expert_reference_upper_bound,79.3224,20.4394,8,0.1122,0.9142,1
s000013,motif_strict,expert_reference_upper_bound,79.1914,16.6573,8,0.1489,0.5519,3
s000014,heritage_strict,expert_reference_upper_bound,83.0791,19.893,8,0.4429,1.2462,3
s000015,visual_lenient,expert_reference_upper_bound,81.2329,20.9981,8,0.2693,1.7079,3
s000016,balanced,expert_reference_upper_bound,84.2792,19.6535,8,0.3,1.02,2
s000017,construction_strict,expert_reference_upper_bound,83.1605,20.3774,8,0.2414,1.6702,1
s000018,motif_strict,expert_reference_upper_bound,86.7684,23.4252,8,0.186,1.7494,3
s000019,heritage_strict,expert_reference_upper_bound,86.2209,23.1359,8,0.4517,1.494,2
s000020,visual_lenient,expert_reference_upper_bound,83.5908,17.624,8,0.1277,0.9324,1
s000021,balanced,expert_reference_upper_bound,81.6996,14.3775,8,0.3209,0.9411,3
s000022,construction_strict,expert_reference_upper_bound,82.9991,23.873,8,0.2408,1.6926,2
s000023,motif_strict,expert_reference_upper_bound,79.2246,17.31,8,0.3976,0.9462,2
s000024,heritage_strict,expert_reference_upper_bound,81.6212,19.8532,8,0.4627,0.6903,2
s000025,visual_lenient,expert_reference_upper_bound,82.8894,19.742,8,0.1214,1.3289,2
s000026,balanced,expert_reference_upper_bound,79.0691,17.0834,8,0.1967,1.6408,2
s000027,construction_strict,expert_reference_upper_bound,79.6641,20.5873,8,0.5324,1.5838,2
s000028,motif_strict,expert_reference_upper_bound,78.9108,17.8869,8,0.2745,1.2241,2
s000029,heritage_strict,expert_reference_upper_bound,87.0162,23.5938,8,0.3448,1.1172,3
s000030,visual_lenient,expert_reference_upper_bound,85.5428,20.5002,8,0.1319,0.5594,2
s000031,balanced,expert_reference_upper_bound,86.435,21.2879,8,0.5003,1.3054,2
s000032,construction_strict,expert_reference_upper_bound,87.6691,23.2226,8,0.4257,1.5985,1
s000033,motif_strict,expert_reference_upper_bound,82.693,20.7576,8,0.1805,0.9877,3
s000034,heritage_strict,expert_reference_upper_bound,85.9253,30.2851,8,0.5265,0.8627,3
s000035,visual_lenient,expert_reference_upper_bound,82.5337,17.5157,8,0.4646,1.1929,1
s000036,balanced,expert_reference_upper_bound,86.7418,24.3206,8,0.2035,0.7203,3
s000037,construction_strict,expert_reference_upper_bound,81.7979,18.5166,8,0.4037,1.0427,3
s000038,motif_strict,expert_reference_upper_bound,84.5293,19.3564,8,0.4288,1.0474,1
s000039,heritage_strict,expert_reference_upper_bound,84.5735,20.7213,8,0.2769,1.47,2
s000040,visual_lenient,expert_reference_upper_bound,82.5786,16.4172,8,0.2788,1.4505,3
s000041,balanced,expert_reference_upper_bound,84.0561,21.9098,8,0.1863,1.6005,2
s000042,construction_strict,expert_reference_upper_bound,86.6681,19.963,8,0.4736,1.47,3
s000043,motif_strict,expert_reference_upper_bound,87.6303,27.7715,8,0.3407,0.5991,1
s000044,heritage_strict,expert_reference_upper_bound,87.5281,25.3605,8,0.4855,0.6388,2
s000045,visual_lenient,expert_reference_upper_bound,77.8347,16.591,8,0.118,1.6816,3
s000046,balanced,expert_reference_upper_bound,86.3274,22.669,8,0.2903,0.8736,3
s000047,construction_strict,expert_reference_upper_bound,79.6678,21.1525,8,0.5332,1.4935,2
s000048,motif_strict,expert_reference_upper_bound,84.494,26.6828,8,0.3295,1.5991,3
s000049,heritage_strict,expert_reference_upper_bound,84.441,20.015,8,0.2015,1.5317,3
s000050,visual_lenient,expert_reference_upper_bound,86.0599,21.6948,8,0.1578,1.1591,3
s000051,balanced,expert_reference_upper_bound,86.0748,23.6134,8,0.19,1.3218,1
s000052,construction_strict,expert_reference_upper_bound,82.7058,22.2671,8,0.1145,1.0125,3
s000053,motif_strict,expert_reference_upper_bound,82.6225,17.8558,8,0.2117,0.8206,2
s000054,heritage_strict,expert_reference_upper_bound,84.7669,19.6574,8,0.3118,1.6071,3
s000055,visual_lenient,expert_reference_upper_bound,86.5832,20.5429,8,0.2841,0.9926,1
s000056,balanced,expert_reference_upper_bound,85.965,23.8576,8,0.4071,0.6378,2
s000057,construction_strict,expert_reference_upper_bound,79.241,15.2318,8,0.4387,1.3692,2
s000058,motif_strict,expert_reference_upper_bound,77.7205,18.2394,8,0.5463,1.0756,1
s000059,heritage_strict,expert_reference_upper_bound,86.0321,23.6792,8,0.5426,1.5895,2
s000060,visual_lenient,expert_reference_upper_bound,86.3436,19.5722,8,0.1318,0.779,3
s000061,balanced,expert_reference_upper_bound,86.8495,23.9873,8,0.143,0.7048,3
s000062,construction_strict,expert_reference_upper_bound,82.197,19.3972,8,0.486,1.5471,3
s000063,motif_strict,expert_reference_upper_bound,83.257,15.3282,8,0.4531,1.003,2
s000064,heritage_strict,expert_reference_upper_bound,80.6009,18.4391,8,0.3272,1.7223,3
s000065,visual_lenient,expert_reference_upper_bound,80.696,19.0061,8,0.4909,1.4628,2
s000066,balanced,expert_reference_upper_bound,84.0906,19.6723,8,0.2339,0.7827,2
s000067,construction_strict,expert_reference_upper_bound,82.8817,17.8335,8,0.4911,1.3126,3
s000068,motif_strict,expert_reference_upper_bound,82.3159,11.7086,8,0.1025,1.4046,1
s000069,heritage_strict,expert_reference_upper_bound,82.708,19.0561,8,0.29,1.0337,3
s000070,visual_lenient,expert_reference_upper_bound,80.3358,16.6475,8,0.1165,0.8955,3
s000071,balanced,expert_reference_upper_bound,85.707,20.082,8,0.4042,1.6075,3
s000072,construction_strict,expert_reference_upper_bound,80.3903,18.7305,8,0.1674,0.9514,1
s000073,motif_strict,expert_reference_upper_bound,80.8385,14.4935,8,0.32,1.5368,3
s000074,heritage_strict,expert_reference_upper_bound,85.241,22.6708,8,0.5054,1.729,1
s000075,visual_lenient,expert_reference_upper_bound,80.7032,19.7329,8,0.5068,1.1271,3
s000076,balanced,expert_reference_upper_bound,84.7465,21.8701,8,0.3583,1.1294,2
s000077,construction_strict,expert_reference_upper_bound,80.8552,19.4053,8,0.3029,1.3585,2
s000078,motif_strict,expert_reference_upper_bound,80.9598,18.2823,8,0.5158,1.1625,1
s000079,heritage_strict,expert_reference_upper_bound,83.0697,25.2844,8,0.1609,1.5594,3
s000080,visual_lenient,expert_reference_upper_bound,86.4258,21.4077,8,0.3743,1.0906,3
s000081,balanced,expert_reference_upper_bound,87.4594,23.799,8,0.2376,1.642,1
s000082,construction_strict,expert_reference_upper_bound,82.9731,19.9458,8,0.4485,1.4858,1
s000083,motif_strict,expert_reference_upper_bound,83.1783,19.7688,8,0.1103,1.2601,3
s000084,heritage_strict,expert_reference_upper_bound,83.2435,23.1932,8,0.4223,1.4248,2
s000085,visual_lenient,expert_reference_upper_bound,84.6094,22.1808,8,0.2092,1.3538,1
s000086,balanced,expert_reference_upper_bound,89.3433,25.5974,8,0.1259,0.764,2
s000087,construction_strict,expert_reference_upper_bound,82.15,21.1094,8,0.499,1.4529,2
s000088,motif_strict,expert_reference_upper_bound,80.505,14.9734,8,0.54,0.9502,2
s000089,heritage_strict,expert_reference_upper_bound,84.2125,20.0832,8,0.4117,1.4046,2
s000090,visual_lenient,expert_reference_upper_bound,83.0426,19.4849,8,0.1475,0.9668,2
s000091,balanced,expert_reference_upper_bound,84.0347,19.7948,8,0.2361,0.6268,3
s000092,construction_strict,expert_reference_upper_bound,84.4837,24.7209,8,0.3296,0.6266,1
s000093,motif_strict,expert_reference_upper_bound,77.6865,16.3623,8,0.5485,0.7244,1
s000094,heritage_strict,expert_reference_upper_bound,84.297,20.2698,8,0.2748,1.276,2
s000095,visual_lenient,expert_reference_upper_bound,82.2831,16.3156,8,0.1953,1.1334,2
s000096,balanced,expert_reference_upper_bound,84.9392,24.6017,8,0.2712,0.7479,3
s000097,construction_strict,expert_reference_upper_bound,85.9435,23.6783,8,0.2682,1.6446,1
s000098,motif_strict,expert_reference_upper_bound,81.0155,16.587,8,0.2963,0.6675,2
s000099,heritage_strict,expert_reference_upper_bound,80.998,20.3907,8,0.5007,0.5896,3
s000100,visual_lenient,expert_reference_upper_bound,81.5042,21.1395,8,0.2974,1.5458,3
s000101,balanced,expert_reference_upper_bound,84.8341,17.0122,8,0.2362,1.7167,2
s000102,construction_strict,expert_reference_upper_bound,86.5581,23.6202,8,0.3733,0.9102,3
s000103,motif_strict,expert_reference_upper_bound,87.4357,23.5508,8,0.3628,0.7333,3
s000104,heritage_strict,expert_reference_upper_bound,87.3205,23.916,8,0.5223,1.0992,1
s000105,visual_lenient,expert_reference_upper_bound,88.4212,23.3016,8,0.2966,1.2797,2
s000106,balanced,expert_reference_upper_bound,83.039,17.8933,8,0.253,1.1933,2
s000107,construction_strict,expert_reference_upper_bound,84.2456,20.2784,8,0.2557,1.7442,2
s000108,motif_strict,expert_reference_upper_bound,81.8089,19.7381,8,0.3188,1.103,2
s000109,heritage_strict,expert_reference_upper_bound,86.6671,21.5623,8,0.474,0.7309,1
s000110,visual_lenient,expert_reference_upper_bound,84.8163,18.1734,8,0.3327,0.9743,2
s000111,balanced,expert_reference_upper_bound,85.8409,24.343,8,0.438,0.7277,1
s000112,construction_strict,expert_reference_upper_bound,82.4897,21.1629,8,0.458,1.0602,1
s000113,motif_strict,expert_reference_upper_bound,86.0672,21.0649,8,0.1672,0.6025,2
s000114,heritage_strict,expert_reference_upper_bound,90.2804,26.2192,8,0.5171,0.5562,3
s000115,visual_lenient,expert_reference_upper_bound,83.395,17.1255,8,0.3565,1.4401,2
s000116,balanced,expert_reference_upper_bound,88.2832,24.6628,8,0.1538,0.6285,2
s000117,construction_strict,expert_reference_upper_bound,85.8109,25.7469,8,0.2715,1.1744,1
s000118,motif_strict,expert_reference_upper_bound,84.3987,20.4319,8,0.3019,1.2437,3
s000119,heritage_strict,expert_reference_upper_bound,82.1423,16.4463,8,0.2055,1.2498,1
s000120,visual_lenient,expert_reference_upper_bound,84.8805,19.025,8,0.2273,1.2934,3
s000121,balanced,expert_reference_upper_bound,85.3472,22.7593,8,0.4901,1.0378,3
s000122,construction_strict,expert_reference_upper_bound,82.1466,18.9215,8,0.3273,1.2973,3
s000123,motif_strict,expert_reference_upper_bound,81.2705,17.1302,8,0.1649,1.1878,1
s000124,heritage_strict,expert_reference_upper_bound,82.5574,21.1007,8,0.3523,1.0412,3
s000125,visual_lenient,expert_reference_upper_bound,81.9768,16.2715,8,0.1186,1.5353,2
s000126,balanced,expert_reference_upper_bound,84.8119,23.9351,8,0.249,0.7048,3
s000127,construction_strict,expert_reference_upper_bound,84.5631,22.74,8,0.2193,0.5738,2
s000128,motif_strict,expert_reference_upper_bound,83.3317,20.7969,8,0.3322,1.3455,3
s000129,heritage_strict,expert_reference_upper_bound,87.1238,25.8295,8,0.2154,0.5897,2
s000130,visual_lenient,expert_reference_upper_bound,86.8892,24.9606,8,0.3657,0.5661,2
s000131,balanced,expert_reference_upper_bound,85.9076,22.3507,8,0.2838,1.2364,1
s000132,construction_strict,expert_reference_upper_bound,79.5428,15.7671,8,0.5004,1.2198,2
s000133,motif_strict,expert_reference_upper_bound,84.6353,23.1834,8,0.1884,0.8513,3
s000134,heritage_strict,expert_reference_upper_bound,84.9029,22.7993,8,0.2978,0.7761,1
s000135,visual_lenient,expert_reference_upper_bound,88.6612,20.9919,8,0.1587,1.3937,2
s000136,balanced,expert_reference_upper_bound,83.2327,22.1745,8,0.5125,0.5851,3
s000137,construction_strict,expert_reference_upper_bound,84.9428,20.5446,8,0.2001,1.6106,3
s000138,motif_strict,expert_reference_upper_bound,81.6236,15.95,8,0.3961,1.1029,2
s000139,heritage_strict,expert_reference_upper_bound,83.1761,20.9261,8,0.3339,1.5924,2
s000140,visual_lenient,expert_reference_upper_bound,84.015,17.3921,8,0.4792,1.3963,2
s000141,balanced,expert_reference_upper_bound,81.7243,20.6821,8,0.52,0.5679,2
s000142,construction_strict,expert_reference_upper_bound,85.2614,22.2492,8,0.1278,0.921,3
s000143,motif_strict,expert_reference_upper_bound,82.1859,19.5845,8,0.5012,1.444,2
s000144,heritage_strict,expert_reference_upper_bound,89.1991,27.2808,8,0.1945,0.6373,1
s000145,visual_lenient,expert_reference_upper_bound,81.8565,16.0394,8,0.2155,1.3457,3
s000146,balanced,expert_reference_upper_bound,83.8485,19.8098,8,0.3988,0.846,1
s000147,construction_strict,expert_reference_upper_bound,79.8272,15.3876,8,0.3388,1.4903,2
s000148,motif_strict,expert_reference_upper_bound,85.4019,24.3917,8,0.3386,0.9822,2
s000149,heritage_strict,expert_reference_upper_bound,83.9249,22.7886,8,0.1344,1.341,3
s000150,visual_lenient,expert_reference_upper_bound,88.1494,26.8964,8,0.1828,0.7767,1
s000151,balanced,expert_reference_upper_bound,81.9618,17.339,8,0.3364,1.464,1
s000152,construction_strict,expert_reference_upper_bound,82.6762,18.1426,8,0.2395,1.6418,1
s000153,motif_strict,expert_reference_upper_bound,84.2739,22.4765,8,0.3188,1.635,1
s000154,heritage_strict,expert_reference_upper_bound,82.5135,21.3609,8,0.3261,0.7142,2
s000155,visual_lenient,expert_reference_upper_bound,79.6693,17.5092,8,0.4,1.2701,1
s000156,balanced,expert_reference_upper_bound,83.5666,12.7387,8,0.5115,1.1614,1
s000157,construction_strict,expert_reference_upper_bound,81.8975,18.5742,8,0.3169,1.3127,3
s000158,motif_strict,expert_reference_upper_bound,85.5366,20.1062,8,0.3703,1.2903,1
s000159,heritage_strict,expert_reference_upper_bound,84.7197,20.1193,8,0.439,1.2641,3
s000160,visual_lenient,expert_reference_upper_bound,87.4897,25.8397,8,0.207,0.7221,3
s000161,balanced,expert_reference_upper_bound,87.501,25.6401,8,0.2787,0.8254,1
s000162,construction_strict,expert_reference_upper_bound,86.6936,25.1337,8,0.548,0.6242,1
s000163,motif_strict,expert_reference_upper_bound,82.9976,17.8743,8,0.3813,1.5929,3
s000164,heritage_strict,expert_reference_upper_bound,82.8255,22.5437,8,0.1467,0.7166,1
s000165,visual_lenient,expert_reference_upper_bound,83.6343,21.6973,8,0.3529,0.6655,2
s000166,balanced,expert_reference_upper_bound,84.8555,21.2352,8,0.4437,1.2291,2
s000167,construction_strict,expert_reference_upper_bound,88.5462,25.1398,8,0.5389,1.263,2
s000168,motif_strict,expert_reference_upper_bound,84.5013,22.2954,8,0.4161,0.7443,1
s000169,heritage_strict,expert_reference_upper_bound,79.3789,17.6177,8,0.3397,1.0647,3
s000170,visual_lenient,expert_reference_upper_bound,85.8733,23.8214,8,0.1846,0.6254,1
s000171,balanced,expert_reference_upper_bound,78.3809,19.3383,8,0.109,1.6215,1
s000172,construction_strict,expert_reference_upper_bound,86.1809,26.5504,8,0.4059,0.7245,2
s000173,motif_strict,expert_reference_upper_bound,79.6246,18.6961,8,0.2864,0.7157,2
s000174,heritage_strict,expert_reference_upper_bound,82.0778,17.5882,8,0.4075,1.4695,2
s000175,visual_lenient,expert_reference_upper_bound,87.1218,25.7388,8,0.5379,0.5985,2
s000176,balanced,expert_reference_upper_bound,81.9698,17.3679,8,0.1037,1.7022,3
s000177,construction_strict,expert_reference_upper_bound,83.317,22.6827,8,0.4089,1.1974,1
s000178,motif_strict,expert_reference_upper_bound,82.4152,17.8158,8,0.3496,0.9234,1
s000179,heritage_strict,expert_reference_upper_bound,84.1768,21.9651,8,0.1714,1.5105,2
s000180,visual_lenient,expert_reference_upper_bound,85.2228,18.1746,8,0.1127,1.1319,1
s000181,balanced,expert_reference_upper_bound,84.4284,21.9669,8,0.2259,1.0113,2
s000182,construction_strict,expert_reference_upper_bound,81.2389,15.9782,8,0.4266,0.7827,3
s000183,motif_strict,expert_reference_upper_bound,79.8734,16.6049,8,0.1877,0.6654,2
s000184,heritage_strict,expert_reference_upper_bound,82.8729,20.7151,8,0.1133,1.2001,3
s000185,visual_lenient,expert_reference_upper_bound,80.9502,19.0933,8,0.4014,0.9678,1
s000186,balanced,expert_reference_upper_bound,87.5876,25.9386,8,0.2153,0.9867,1
s000187,construction_strict,expert_reference_upper_bound,87.0509,25.5441,8,0.4261,0.5814,1
s000188,motif_strict,expert_reference_upper_bound,82.2945,21.2701,8,0.3084,1.6777,3
s000189,heritage_strict,expert_reference_upper_bound,86.3001,25.2363,8,0.4614,1.5691,3
s000190,visual_lenient,expert_reference_upper_bound,82.2536,18.6677,8,0.2916,1.3725,3
s000191,balanced,expert_reference_upper_bound,81.1469,19.5924,8,0.5093,0.9593,3
s000192,construction_strict,expert_reference_upper_bound,82.2929,14.8674,8,0.4305,1.5803,2
s000193,motif_strict,expert_reference_upper_bound,84.5387,18.4628,8,0.2171,1.2126,2
s000194,heritage_strict,expert_reference_upper_bound,86.8627,22.9234,8,0.2748,1.2766,1
s000195,visual_lenient,expert_reference_upper_bound,88.2494,26.4987,8,0.5155,0.9719,2
s000196,balanced,expert_reference_upper_bound,80.7156,13.8237,8,0.4082,1.4251,2
s000197,construction_strict,expert_reference_upper_bound,87.7232,26.6046,8,0.4466,0.6183,1
s000198,motif_strict,expert_reference_upper_bound,83.4379,19.8339,8,0.2376,1.2846,3
s000199,heritage_strict,expert_reference_upper_bound,81.8437,15.3464,8,0.4724,1.3457,3
s000200,visual_lenient,expert_reference_upper_bound,86.8282,21.3976,8,0.1539,1.44,3
s000201,balanced,expert_reference_upper_bound,82.725,20.8605,8,0.4003,1.2568,3
s000202,construction_strict,expert_reference_upper_bound,82.3586,8.0209,8,0.2854,1.6926,1
s000203,motif_strict,expert_reference_upper_bound,82.9055,21.8257,8,0.4402,1.3801,1
s000204,heritage_strict,expert_reference_upper_bound,86.694,19.5924,8,0.4216,1.2058,1
s000205,visual_lenient,expert_reference_upper_bound,85.445,19.3565,8,0.1837,1.5689,2
s000206,balanced,expert_reference_upper_bound,84.2455,19.7669,8,0.4906,1.0019,3
s000207,construction_strict,expert_reference_upper_bound,83.3461,20.8951,8,0.2646,0.9884,1
s000208,motif_strict,expert_reference_upper_bound,81.8112,14.5134,8,0.1525,1.5944,1
s000209,heritage_strict,expert_reference_upper_bound,83.1284,21.0707,8,0.1445,0.8222,1
s000210,visual_lenient,expert_reference_upper_bound,82.0263,20.1682,8,0.1355,0.5535,3
s000211,balanced,expert_reference_upper_bound,82.7441,19.2583,8,0.2771,0.7085,2
s000212,construction_strict,expert_reference_upper_bound,83.5568,20.4285,8,0.4671,1.1729,3
s000213,motif_strict,expert_reference_upper_bound,81.5434,18.1715,8,0.2437,0.7674,2
s000214,heritage_strict,expert_reference_upper_bound,85.3923,23.2227,8,0.5365,0.9556,2
s000215,visual_lenient,expert_reference_upper_bound,85.123,23.6824,8,0.1832,1.2207,1
s000216,balanced,expert_reference_upper_bound,77.8528,16.1265,8,0.2183,1.4102,1
s000217,construction_strict,expert_reference_upper_bound,85.4013,23.5804,8,0.1857,0.8218,1
s000218,motif_strict,expert_reference_upper_bound,87.3064,26.218,8,0.1062,0.6038,2
s000219,heritage_strict,expert_reference_upper_bound,82.8703,23.0532,8,0.3571,1.5649,3
s000220,visual_lenient,expert_reference_upper_bound,84.8048,21.076,8,0.1222,1.2245,3
s000221,balanced,expert_reference_upper_bound,85.5311,21.8263,8,0.4851,1.283,2
s000222,construction_strict,expert_reference_upper_bound,82.4182,20.7831,8,0.2705,1.5198,1
s000223,motif_strict,expert_reference_upper_bound,80.8164,22.2813,8,0.1039,1.5862,3
s000224,heritage_strict,expert_reference_upper_bound,83.3551,21.0592,8,0.4217,1.521,1
s000225,visual_lenient,expert_reference_upper_bound,82.4598,20.795,8,0.4159,1.093,2
s000226,balanced,expert_reference_upper_bound,81.5717,15.2591,8,0.4456,1.5045,1
s000227,construction_strict,expert_reference_upper_bound,79.8046,12.5803,8,0.3755,1.5425,3
s000228,motif_strict,expert_reference_upper_bound,76.6142,19.1856,8,0.2026,1.4346,2
s000229,heritage_strict,expert_reference_upper_bound,84.6113,23.9928,8,0.3881,0.6515,1
s000230,visual_lenient,expert_reference_upper_bound,84.8463,15.982,8,0.4324,1.1679,1
s000231,balanced,expert_reference_upper_bound,84.5804,20.0899,8,0.2317,1.6836,3
s000232,construction_strict,expert_reference_upper_bound,84.04,19.6091,8,0.4052,1.2434,1
s000233,motif_strict,expert_reference_upper_bound,86.7687,25.3692,8,0.1452,0.6792,2
s000234,heritage_strict,expert_reference_upper_bound,83.1763,24.7013,8,0.3905,1.3534,2
s000235,visual_lenient,expert_reference_upper_bound,82.4929,19.2841,8,0.4807,1.0624,3
s000236,balanced,expert_reference_upper_bound,84.2624,21.3037,8,0.2242,1.717,2
s000237,construction_strict,expert_reference_upper_bound,82.3996,18.5182,8,0.4622,0.8408,2
s000238,motif_strict,expert_reference_upper_bound,83.7071,20.2382,8,0.1259,0.6486,3
s000239,heritage_strict,expert_reference_upper_bound,85.9801,24.7463,8,0.4513,0.6755,3
s000240,visual_lenient,expert_reference_upper_bound,82.6858,18.4484,8,0.3765,1.0261,1
s000241,balanced,expert_reference_upper_bound,83.8016,22.2985,8,0.1364,0.6578,3
s000242,construction_strict,expert_reference_upper_bound,87.3478,27.9915,8,0.1896,0.8162,1
s000243,motif_strict,expert_reference_upper_bound,79.6869,17.9624,8,0.4758,0.955,1
s000244,heritage_strict,expert_reference_upper_bound,87.0007,26.3557,8,0.4101,1.0053,3
s000245,visual_lenient,expert_reference_upper_bound,86.1413,24.9307,8,0.5413,0.7404,1
s000246,balanced,expert_reference_upper_bound,86.8726,22.7338,8,0.1531,0.8597,1
s000247,construction_strict,expert_reference_upper_bound,85.7618,19.1342,8,0.1633,1.0466,1
s000248,motif_strict,expert_reference_upper_bound,83.7985,17.6529,8,0.3489,1.3527,2
s000249,heritage_strict,expert_reference_upper_bound,81.0093,18.0881,8,0.5359,0.9158,2
s000250,visual_lenient,expert_reference_upper_bound,89.3712,25.0435,8,0.1712,0.983,2
s000251,balanced,expert_reference_upper_bound,80.0707,19.5615,8,0.4665,0.7798,3
s000252,construction_strict,expert_reference_upper_bound,86.7336,23.3924,8,0.5139,1.0763,3
s000253,motif_strict,expert_reference_upper_bound,83.3317,15.4579,8,0.4184,1.2653,1
s000254,heritage_strict,expert_reference_upper_bound,85.6228,17.6385,8,0.4958,1.1997,2
s000255,visual_lenient,expert_reference_upper_bound,77.1713,14.4072,8,0.4048,1.527,1
s000256,balanced,expert_reference_upper_bound,83.4155,22.5992,8,0.1263,0.9674,2
s000257,construction_strict,expert_reference_upper_bound,83.6184,23.3804,8,0.2221,0.7046,3
s000258,motif_strict,expert_reference_upper_bound,84.8551,21.0589,8,0.3154,0.7296,3
s000259,heritage_strict,expert_reference_upper_bound,85.8731,20.5601,8,0.5311,0.9745,3
s000260,visual_lenient,expert_reference_upper_bound,89.7228,25.4288,8,0.3733,0.6211,2
s000261,balanced,expert_reference_upper_bound,85.9047,22.2979,8,0.3336,1.3001,3
s000262,construction_strict,expert_reference_upper_bound,84.7147,23.1006,8,0.5471,0.8493,1
s000263,motif_strict,expert_reference_upper_bound,81.793,23.7883,8,0.1765,1.4289,1
s000264,heritage_strict,expert_reference_upper_bound,84.5928,24.1129,8,0.1937,1.4286,2
s000265,visual_lenient,expert_reference_upper_bound,77.0924,10.4534,8,0.2454,1.5421,2
s000266,balanced,expert_reference_upper_bound,83.4056,17.3013,8,0.2052,1.6191,2
s000267,construction_strict,expert_reference_upper_bound,84.2151,23.4616,8,0.3443,0.9795,1
s000268,motif_strict,expert_reference_upper_bound,81.47,10.2487,8,0.4961,1.5792,1
s000269,heritage_strict,expert_reference_upper_bound,83.3618,24.0126,8,0.4311,1.3518,2
s000270,visual_lenient,expert_reference_upper_bound,84.1261,22.4254,8,0.2262,0.6949,1
s000271,balanced,expert_reference_upper_bound,84.5939,23.085,8,0.1272,1.6062,1
s000272,construction_strict,expert_reference_upper_bound,79.8886,20.0376,8,0.3692,0.6531,3
s000273,motif_strict,expert_reference_upper_bound,82.9296,20.6832,8,0.1941,1.581,2
s000274,heritage_strict,expert_reference_upper_bound,84.738,20.026,8,0.4375,1.3432,2
s000275,visual_lenient,expert_reference_upper_bound,83.8643,19.0054,8,0.1274,1.1007,1
s000276,balanced,expert_reference_upper_bound,81.9125,19.1233,8,0.4011,1.3936,2
s000277,construction_strict,expert_reference_upper_bound,84.272,21.9852,8,0.2976,1.0642,3
s000278,motif_strict,expert_reference_upper_bound,82.5258,21.532,8,0.2127,1.7458,3
s000279,heritage_strict,expert_reference_upper_bound,85.0654,19.4,8,0.4687,1.2271,3
s000280,visual_lenient,expert_reference_upper_bound,85.2549,20.6056,8,0.2846,1.0929,1
s000281,balanced,expert_reference_upper_bound,82.1732,21.1843,8,0.2277,0.978,3
s000282,construction_strict,expert_reference_upper_bound,82.5659,12.6855,8,0.499,1.7134,1
s000283,motif_strict,expert_reference_upper_bound,82.6486,21.3649,8,0.4078,0.7995,3
s000284,heritage_strict,expert_reference_upper_bound,83.6107,21.6509,8,0.5441,0.9097,2
s000285,visual_lenient,expert_reference_upper_bound,85.9824,22.5488,8,0.3015,0.713,1
s000286,balanced,expert_reference_upper_bound,84.6341,26.2097,8,0.4902,0.7473,1
s000287,construction_strict,expert_reference_upper_bound,83.6658,23.4292,8,0.3528,1.2509,1
s000288,motif_strict,expert_reference_upper_bound,84.32,25.1898,8,0.2821,0.715,2
s000289,heritage_strict,expert_reference_upper_bound,83.676,20.2635,8,0.4914,1.7085,1
s000290,visual_lenient,expert_reference_upper_bound,87.958,18.1797,8,0.3439,1.3953,3
s000291,balanced,expert_reference_upper_bound,86.2357,22.2516,8,0.511,1.3667,1
s000292,construction_strict,expert_reference_upper_bound,85.7621,24.9767,8,0.3478,0.7139,2
s000293,motif_strict,expert_reference_upper_bound,85.4793,19.3225,8,0.3735,1.088,1
s000294,heritage_strict,expert_reference_upper_bound,85.2073,24.3973,8,0.3397,0.7941,1
s000295,visual_lenient,expert_reference_upper_bound,82.9616,16.7917,8,0.3904,1.1243,1
s000296,balanced,expert_reference_upper_bound,86.2436,21.8898,8,0.1741,1.2062,3
s000297,construction_strict,expert_reference_upper_bound,80.2168,16.9652,8,0.3781,1.3813,2
s000298,motif_strict,expert_reference_upper_bound,78.9654,14.189,8,0.3433,1.7435,2
s000299,heritage_strict,expert_reference_upper_bound,80.4226,19.9792,8,0.1562,0.8305,3
s000300,visual_lenient,expert_reference_upper_bound,83.6422,22.0603,8,0.4141,0.6525,3
s000301,balanced,expert_reference_upper_bound,87.4542,24.0097,8,0.2209,0.5764,1
s000302,construction_strict,expert_reference_upper_bound,79.5298,14.0645,8,0.2172,1.5772,1
s000303,motif_strict,expert_reference_upper_bound,80.9968,12.9237,8,0.4198,1.567,3
s000304,heritage_strict,expert_reference_upper_bound,79.0612,21.2523,8,0.477,1.4856,1
s000305,visual_lenient,expert_reference_upper_bound,80.9922,14.548,8,0.2051,1.3976,2
s000306,balanced,expert_reference_upper_bound,82.3465,20.785,8,0.2118,1.4998,1
s000307,construction_strict,expert_reference_upper_bound,81.8826,14.757,8,0.2322,1.475,3
s000308,motif_strict,expert_reference_upper_bound,83.3022,20.6578,8,0.3246,1.6018,1
s000309,heritage_strict,expert_reference_upper_bound,85.4607,25.1284,8,0.2445,1.3275,3
s000310,visual_lenient,expert_reference_upper_bound,84.4559,21.6507,8,0.4688,0.8896,2
s000311,balanced,expert_reference_upper_bound,88.6996,26.4351,8,0.1266,0.6901,2
s000312,construction_strict,expert_reference_upper_bound,82.2535,18.4287,8,0.3609,0.934,1
s000313,motif_strict,expert_reference_upper_bound,83.9912,19.5366,8,0.5349,0.7382,1
s000314,heritage_strict,expert_reference_upper_bound,83.6747,26.7767,8,0.377,1.1857,2
s000315,visual_lenient,expert_reference_upper_bound,79.3879,18.0644,8,0.3279,1.2033,3
s000316,balanced,expert_reference_upper_bound,80.0143,19.0081,8,0.4687,1.2066,3
s000317,construction_strict,expert_reference_upper_bound,82.5617,23.1428,8,0.2863,1.1615,1
s000318,motif_strict,expert_reference_upper_bound,84.9461,21.2468,8,0.2554,0.9115,3
s000319,heritage_strict,expert_reference_upper_bound,82.4647,21.9996,8,0.138,0.654,3
s000320,visual_lenient,expert_reference_upper_bound,83.7136,15.3909,8,0.1915,1.3618,3
s000321,balanced,expert_reference_upper_bound,80.1157,17.914,8,0.3242,0.8054,2
s000322,construction_strict,expert_reference_upper_bound,88.8554,26.995,8,0.1474,1.5929,1
s000323,motif_strict,expert_reference_upper_bound,81.9576,18.2585,8,0.1494,0.9224,1
s000324,heritage_strict,expert_reference_upper_bound,88.3063,20.4419,8,0.4133,1.5867,3
s000325,visual_lenient,expert_reference_upper_bound,81.5032,18.1964,8,0.5136,1.4927,1
s000326,balanced,expert_reference_upper_bound,84.2084,18.7433,8,0.4427,1.287,2
s000327,construction_strict,expert_reference_upper_bound,81.2759,13.1794,8,0.2311,1.204,2
s000328,motif_strict,expert_reference_upper_bound,82.7204,15.5376,8,0.4316,0.6869,3
s000329,heritage_strict,expert_reference_upper_bound,76.9969,11.691,8,0.4353,1.3516,2
s000330,visual_lenient,expert_reference_upper_bound,81.9567,18.6059,8,0.2672,1.7219,2
s000331,balanced,expert_reference_upper_bound,85.4368,21.8605,8,0.2983,0.931,2
s000332,construction_strict,expert_reference_upper_bound,87.203,26.0087,8,0.2245,0.6313,1
s000333,motif_strict,expert_reference_upper_bound,81.0078,23.0733,8,0.4489,0.7153,2
s000334,heritage_strict,expert_reference_upper_bound,79.0918,17.7957,8,0.2177,1.1818,2
s000335,visual_lenient,expert_reference_upper_bound,83.4638,18.1825,8,0.3267,1.516,2
s000336,balanced,expert_reference_upper_bound,86.6755,27.134,8,0.5213,1.1615,1
s000337,construction_strict,expert_reference_upper_bound,80.1412,14.5736,8,0.295,1.7154,1
s000338,motif_strict,expert_reference_upper_bound,84.1213,21.1117,8,0.4636,1.0729,1
s000339,heritage_strict,expert_reference_upper_bound,81.3441,19.5002,8,0.3346,0.7914,2
s000340,visual_lenient,expert_reference_upper_bound,85.1515,22.2961,8,0.1652,0.8259,3
s000341,balanced,expert_reference_upper_bound,84.1546,18.1155,8,0.2327,1.1063,3
s000342,construction_strict,expert_reference_upper_bound,83.8576,19.9049,8,0.2904,1.368,2
s000343,motif_strict,expert_reference_upper_bound,86.877,22.5103,8,0.3412,0.6602,3
s000344,heritage_strict,expert_reference_upper_bound,87.1304,21.8592,8,0.3243,1.2297,1
s000345,visual_lenient,expert_reference_upper_bound,87.6396,22.4145,8,0.1205,1.3658,2
s000346,balanced,expert_reference_upper_bound,80.4806,21.3925,8,0.2773,1.7149,3
s000347,construction_strict,expert_reference_upper_bound,90.0427,24.3464,8,0.4799,1.0959,1
s000348,motif_strict,expert_reference_upper_bound,83.6358,23.2503,8,0.1565,1.3482,1
s000349,heritage_strict,expert_reference_upper_bound,81.1212,19.7651,8,0.2909,1.4328,3
s000350,visual_lenient,expert_reference_upper_bound,80.6025,17.7278,8,0.5032,1.6638,3
s000351,balanced,expert_reference_upper_bound,82.4461,17.9428,8,0.5092,0.7426,2
s000352,construction_strict,expert_reference_upper_bound,84.1635,23.5967,8,0.1722,0.7112,2
s000353,motif_strict,expert_reference_upper_bound,83.9971,19.4699,8,0.4738,1.2899,3
s000354,heritage_strict,expert_reference_upper_bound,81.3881,15.4811,8,0.4856,1.6756,2
s000355,visual_lenient,expert_reference_upper_bound,79.6629,12.9562,8,0.44,1.1619,3
s000356,balanced,expert_reference_upper_bound,85.4352,28.0967,8,0.3972,1.4662,2
s000357,construction_strict,expert_reference_upper_bound,80.9813,19.7209,8,0.4895,0.8645,1
s000358,motif_strict,expert_reference_upper_bound,83.9849,18.1982,8,0.376,1.5168,2
s000359,heritage_strict,expert_reference_upper_bound,81.5516,14.8869,8,0.116,1.2961,2
s000360,visual_lenient,expert_reference_upper_bound,86.4576,20.2577,8,0.5332,0.6211,2
s000361,balanced,expert_reference_upper_bound,86.2338,22.7043,8,0.2979,0.5545,1
s000362,construction_strict,expert_reference_upper_bound,84.4955,22.9994,8,0.3692,0.7193,3
s000363,motif_strict,expert_reference_upper_bound,80.7875,16.7652,8,0.3898,1.4917,2
s000364,heritage_strict,expert_reference_upper_bound,87.5464,25.019,8,0.4923,0.7298,3
s000365,visual_lenient,expert_reference_upper_bound,81.4623,18.4309,8,0.2801,1.1422,1
s000366,balanced,expert_reference_upper_bound,84.0777,20.9301,8,0.3512,1.2605,2
s000367,construction_strict,expert_reference_upper_bound,80.8466,21.5217,8,0.197,1.1544,1
s000368,motif_strict,expert_reference_upper_bound,84.077,20.5096,8,0.3187,1.7115,2
s000369,heritage_strict,expert_reference_upper_bound,85.7534,25.1743,8,0.3487,0.873,3
s000370,visual_lenient,expert_reference_upper_bound,84.0729,23.1943,8,0.3614,0.7393,1
s000371,balanced,expert_reference_upper_bound,90.3547,26.4642,8,0.2885,0.6095,2
s000372,construction_strict,expert_reference_upper_bound,79.8698,15.4961,8,0.2802,1.7061,3
s000373,motif_strict,expert_reference_upper_bound,80.707,16.2395,8,0.4547,0.9387,2
s000374,heritage_strict,expert_reference_upper_bound,81.7694,22.6834,8,0.1306,0.8257,1
s000375,visual_lenient,expert_reference_upper_bound,83.1055,21.4874,8,0.4328,1.0433,2
s000376,balanced,expert_reference_upper_bound,87.5843,25.6209,8,0.1861,1.4331,1
s000377,construction_strict,expert_reference_upper_bound,82.8325,22.8793,8,0.3916,1.7156,1
s000378,motif_strict,expert_reference_upper_bound,81.552,17.0525,8,0.3629,0.5807,3
s000379,heritage_strict,expert_reference_upper_bound,82.8658,19.0876,8,0.3162,0.798,3
s000380,visual_lenient,expert_reference_upper_bound,85.4938,22.5284,8,0.1342,1.6938,2
s000381,balanced,expert_reference_upper_bound,83.3337,19.2369,8,0.3987,1.5352,2
s000382,construction_strict,expert_reference_upper_bound,80.7209,15.3857,8,0.52,1.358,1
s000383,motif_strict,expert_reference_upper_bound,84.5011,19.3983,8,0.5072,0.7836,2
s000384,heritage_strict,expert_reference_upper_bound,85.2156,27.0613,8,0.4253,0.6488,2
s000385,visual_lenient,expert_reference_upper_bound,83.8926,19.9176,8,0.2373,0.7014,2
s000386,balanced,expert_reference_upper_bound,82.4299,19.025,8,0.3007,1.2281,1
s000387,construction_strict,expert_reference_upper_bound,81.5017,20.0601,8,0.3736,0.9854,1
s000388,motif_strict,expert_reference_upper_bound,82.1623,22.2643,8,0.2384,1.2048,3
s000389,heritage_strict,expert_reference_upper_bound,84.7407,20.2395,8,0.1097,0.921,3
s000390,visual_lenient,expert_reference_upper_bound,82.8551,18.8834,8,0.1906,1.6156,2
s000391,balanced,expert_reference_upper_bound,79.2496,14.7473,8,0.122,1.6145,2
s000392,construction_strict,expert_reference_upper_bound,84.4809,20.9973,8,0.4834,1.4516,2
s000393,motif_strict,expert_reference_upper_bound,83.1746,17.5446,8,0.4577,1.0443,1
s000394,heritage_strict,expert_reference_upper_bound,77.745,14.2082,8,0.5436,1.6381,1
s000395,visual_lenient,expert_reference_upper_bound,85.2937,23.5328,8,0.4848,1.123,2
s000396,balanced,expert_reference_upper_bound,78.5677,19.2216,8,0.1116,1.2746,3
s000397,construction_strict,expert_reference_upper_bound,87.0322,23.218,8,0.318,0.7525,1
s000398,motif_strict,expert_reference_upper_bound,81.8961,18.1469,8,0.4062,1.4967,2
s000399,heritage_strict,expert_reference_upper_bound,84.9159,21.8095,8,0.4808,0.8276,3
s000400,visual_lenient,expert_reference_upper_bound,84.9908,13.8719,8,0.4452,1.3516,2
s000401,balanced,expert_reference_upper_bound,85.5159,23.4981,8,0.5241,0.9304,1
s000402,construction_strict,expert_reference_upper_bound,84.5641,20.4633,8,0.4787,1.7141,1
s000403,motif_strict,expert_reference_upper_bound,84.682,23.4697,8,0.2538,0.5584,3
s000404,heritage_strict,expert_reference_upper_bound,84.9838,22.2067,8,0.3509,0.6243,3
s000405,visual_lenient,expert_reference_upper_bound,82.9832,19.0323,8,0.1005,0.9036,3
s000406,balanced,expert_reference_upper_bound,81.9741,18.8621,8,0.2358,0.864,3
s000407,construction_strict,expert_reference_upper_bound,87.9739,24.5248,8,0.5076,0.5635,1
s000408,motif_strict,expert_reference_upper_bound,85.4409,20.8518,8,0.2962,0.994,1
s000409,heritage_strict,expert_reference_upper_bound,88.0313,19.5581,8,0.5398,0.7758,3
s000410,visual_lenient,expert_reference_upper_bound,83.6973,18.4547,8,0.2001,0.8146,1
s000411,balanced,expert_reference_upper_bound,85.7806,19.7799,8,0.5357,1.2334,1
s000412,construction_strict,expert_reference_upper_bound,87.5053,25.4775,8,0.2148,1.2477,2
s000413,motif_strict,expert_reference_upper_bound,83.9047,16.9952,8,0.2782,1.1625,2
s000414,heritage_strict,expert_reference_upper_bound,83.5846,21.4126,8,0.2991,1.5342,1
s000415,visual_lenient,expert_reference_upper_bound,83.6047,18.8331,8,0.5068,0.9237,2
s000416,balanced,expert_reference_upper_bound,83.338,22.9303,8,0.1353,0.8679,1
s000417,construction_strict,expert_reference_upper_bound,81.1445,16.6056,8,0.3725,1.6108,2
s000418,motif_strict,expert_reference_upper_bound,85.6935,24.3266,8,0.3825,1.5641,3
s000419,heritage_strict,expert_reference_upper_bound,86.9249,24.0965,8,0.3824,1.2276,2
s000420,visual_lenient,expert_reference_upper_bound,84.1269,16.7356,8,0.5344,0.82,1
s000421,balanced,expert_reference_upper_bound,85.2428,21.1044,8,0.4207,1.147,2
s000422,construction_strict,expert_reference_upper_bound,84.4816,21.9883,8,0.5319,1.0436,2
s000423,motif_strict,expert_reference_upper_bound,78.8703,21.8794,8,0.5054,1.1601,3
s000424,heritage_strict,expert_reference_upper_bound,83.4438,21.2995,8,0.1814,1.3405,3
s000425,visual_lenient,expert_reference_upper_bound,86.4011,24.5183,8,0.4411,0.7099,1
s000426,balanced,expert_reference_upper_bound,84.9753,23.1603,8,0.1427,0.6499,1
s000427,construction_strict,expert_reference_upper_bound,83.3943,22.0009,8,0.1056,0.6139,1
s000428,motif_strict,expert_reference_upper_bound,80.4814,15.3291,8,0.5426,1.4971,3
s000429,heritage_strict,expert_reference_upper_bound,86.1764,25.2126,8,0.4833,0.8163,2
s000430,visual_lenient,expert_reference_upper_bound,83.9719,15.3194,8,0.3811,1.5508,1
s000431,balanced,expert_reference_upper_bound,90.2122,28.4716,8,0.2126,0.5796,2
s000432,construction_strict,expert_reference_upper_bound,86.6142,27.8097,8,0.3547,0.9623,3
s000433,motif_strict,expert_reference_upper_bound,81.2083,16.7339,8,0.1654,1.3409,2
s000434,heritage_strict,expert_reference_upper_bound,85.5621,23.0232,8,0.2946,0.8594,3
s000435,visual_lenient,expert_reference_upper_bound,87.6667,18.9134,8,0.1667,1.353,3
s000436,balanced,expert_reference_upper_bound,80.2967,16.3885,8,0.335,0.9568,3
s000437,construction_strict,expert_reference_upper_bound,84.5568,20.1944,8,0.2848,1.3523,1
s000438,motif_strict,expert_reference_upper_bound,82.8876,20.9254,8,0.215,1.5761,2
s000439,heritage_strict,expert_reference_upper_bound,80.6421,18.7705,8,0.3436,1.3653,3
s000440,visual_lenient,expert_reference_upper_bound,87.4872,26.1603,8,0.3674,1.2028,3
s000441,balanced,expert_reference_upper_bound,86.708,21.4762,8,0.4534,0.6788,3
s000442,construction_strict,expert_reference_upper_bound,79.6489,16.3031,8,0.5386,0.7783,3
s000443,motif_strict,expert_reference_upper_bound,83.0076,19.5254,8,0.3853,1.5446,1
s000444,heritage_strict,expert_reference_upper_bound,87.3739,24.694,8,0.3467,1.3106,2
s000445,visual_lenient,expert_reference_upper_bound,82.3274,22.8872,8,0.5068,1.0636,1
s000446,balanced,expert_reference_upper_bound,84.5383,25.9941,8,0.2613,1.033,3
s000447,construction_strict,expert_reference_upper_bound,80.671,18.4535,8,0.4594,1.552,3
s000448,motif_strict,expert_reference_upper_bound,85.3605,23.8362,8,0.301,1.16,1
s000449,heritage_strict,expert_reference_upper_bound,82.3075,19.868,8,0.2073,0.7262,2
s000450,visual_lenient,expert_reference_upper_bound,85.9039,23.6826,8,0.3997,1.0588,3
s000451,balanced,expert_reference_upper_bound,82.7572,22.3102,8,0.1915,0.89,1
s000452,construction_strict,expert_reference_upper_bound,82.9586,17.2636,8,0.234,0.989,2
s000453,motif_strict,expert_reference_upper_bound,86.1692,21.5105,8,0.1637,1.6908,2
s000454,heritage_strict,expert_reference_upper_bound,85.6999,25.5902,8,0.4025,1.0889,3
s000455,visual_lenient,expert_reference_upper_bound,82.9938,15.7394,8,0.4068,1.7381,1
s000456,balanced,expert_reference_upper_bound,85.7088,13.6298,8,0.502,1.3296,2
s000457,construction_strict,expert_reference_upper_bound,87.3042,25.7421,8,0.2093,0.969,2
s000458,motif_strict,expert_reference_upper_bound,86.4972,24.0697,8,0.2038,0.8994,3
s000459,heritage_strict,expert_reference_upper_bound,85.5441,23.5007,8,0.5139,1.085,1
s000460,visual_lenient,expert_reference_upper_bound,83.4147,19.5919,8,0.2975,1.4284,2
s000461,balanced,expert_reference_upper_bound,80.2357,14.7721,8,0.1464,1.6508,2
s000462,construction_strict,expert_reference_upper_bound,82.4892,19.3501,8,0.3394,0.8145,3
s000463,motif_strict,expert_reference_upper_bound,84.1169,16.3191,8,0.2847,1.2519,3
s000464,heritage_strict,expert_reference_upper_bound,82.7686,18.2149,8,0.1515,1.3599,1
s000465,visual_lenient,expert_reference_upper_bound,80.7922,18.2074,8,0.4338,1.7343,2
s000466,balanced,expert_reference_upper_bound,85.7719,23.9717,8,0.4618,0.5618,3
s000467,construction_strict,expert_reference_upper_bound,80.8838,23.5057,8,0.4867,1.72,1
s000468,motif_strict,expert_reference_upper_bound,80.9948,16.0327,8,0.2872,1.0207,2
s000469,heritage_strict,expert_reference_upper_bound,86.0369,26.3218,8,0.2707,1.0417,1
s000470,visual_lenient,expert_reference_upper_bound,82.9197,18.9418,8,0.1886,0.7821,2
s000471,balanced,expert_reference_upper_bound,83.2637,15.5454,8,0.3889,1.275,1
s000472,construction_strict,expert_reference_upper_bound,87.1675,22.9413,8,0.3088,1.0745,2
s000473,motif_strict,expert_reference_upper_bound,85.2544,22.3549,8,0.1532,0.7571,2
s000474,heritage_strict,expert_reference_upper_bound,88.2249,25.2531,8,0.2655,1.182,2
s000475,visual_lenient,expert_reference_upper_bound,83.1267,20.3578,8,0.4474,0.7366,2
s000476,balanced,expert_reference_upper_bound,81.9394,15.5399,8,0.4428,1.2289,1
s000477,construction_strict,expert_reference_upper_bound,79.2446,16.0066,8,0.519,0.7683,1
s000478,motif_strict,expert_reference_upper_bound,77.2356,9.3409,8,0.3161,1.531,1
s000479,heritage_strict,expert_reference_upper_bound,84.3849,22.4311,8,0.3862,1.1775,1
s000480,visual_lenient,expert_reference_upper_bound,85.0808,19.7943,8,0.2524,1.0915,1
s000481,balanced,expert_reference_upper_bound,86.5989,23.604,8,0.102,1.6272,2
s000482,construction_strict,expert_reference_upper_bound,84.4551,22.882,8,0.4098,0.6663,2
s000483,motif_strict,expert_reference_upper_bound,84.7343,24.7803,8,0.1841,1.1676,1
s000484,heritage_strict,expert_reference_upper_bound,88.3768,24.2112,8,0.1748,0.9537,1
s000485,visual_lenient,expert_reference_upper_bound,83.4596,23.1237,8,0.1592,1.0365,2
s000486,balanced,expert_reference_upper_bound,88.1068,27.5947,8,0.3068,0.7953,2
s000487,construction_strict,expert_reference_upper_bound,86.7522,22.4312,8,0.4188,0.75,1
s000488,motif_strict,expert_reference_upper_bound,84.041,22.5336,8,0.3388,0.7095,2
s000489,heritage_strict,expert_reference_upper_bound,76.0766,11.696,8,0.2713,0.8548,3
s000490,visual_lenient,expert_reference_upper_bound,83.092,18.7828,8,0.1932,1.03,3
s000491,balanced,expert_reference_upper_bound,83.7107,19.7831,8,0.4727,1.7386,3
s000492,construction_strict,expert_reference_upper_bound,81.5553,20.3943,8,0.501,0.7985,1
s000493,motif_strict,expert_reference_upper_bound,80.1684,20.1571,8,0.3169,1.0914,2
s000494,heritage_strict,expert_reference_upper_bound,77.7386,12.5456,8,0.2585,1.6246,2
s000495,visual_lenient,expert_reference_upper_bound,80.6448,21.0326,8,0.1395,0.7142,3
s000496,balanced,expert_reference_upper_bound,84.9046,17.1634,8,0.3258,1.5707,3
s000497,construction_strict,expert_reference_upper_bound,84.2544,24.6349,8,0.4187,1.0494,3
s000498,motif_strict,expert_reference_upper_bound,86.3479,24.7604,8,0.1425,1.6336,2
s000499,heritage_strict,expert_reference_upper_bound,80.1725,14.6602,8,0.5026,1.6035,1
s000500,visual_lenient,expert_reference_upper_bound,84.3494,22.7121,8,0.3757,0.6466,1
s000501,balanced,expert_reference_upper_bound,85.1195,26.1138,8,0.2103,1.5277,1
s000502,construction_strict,expert_reference_upper_bound,83.2578,20.1419,8,0.2377,1.2062,2
s000503,motif_strict,expert_reference_upper_bound,83.8471,16.6175,8,0.2249,0.9518,1
s000504,heritage_strict,expert_reference_upper_bound,77.7143,8.7359,8,0.4703,0.9296,2
s000505,visual_lenient,expert_reference_upper_bound,84.5454,12.8896,8,0.4855,1.1144,1
s000506,balanced,expert_reference_upper_bound,85.1276,17.898,8,0.4177,1.3506,2
s000507,construction_strict,expert_reference_upper_bound,82.2528,18.8703,8,0.2176,1.3519,3
s000508,motif_strict,expert_reference_upper_bound,83.8975,19.0351,8,0.3514,0.7854,3
s000509,heritage_strict,expert_reference_upper_bound,81.3748,21.465,8,0.1675,1.5179,3
s000510,visual_lenient,expert_reference_upper_bound,84.3213,24.038,8,0.4395,0.9971,2
s000511,balanced,expert_reference_upper_bound,89.3614,27.9491,8,0.4796,1.3302,2
s000512,construction_strict,expert_reference_upper_bound,84.6734,17.4449,8,0.4359,0.879,1
s000513,motif_strict,expert_reference_upper_bound,82.0363,15.4369,8,0.3263,1.3901,3
s000514,heritage_strict,expert_reference_upper_bound,82.3225,19.7401,8,0.5064,1.6823,3
s000515,visual_lenient,expert_reference_upper_bound,79.2295,10.6263,8,0.4085,1.4072,1
s000516,balanced,expert_reference_upper_bound,82.7794,18.9228,8,0.2292,1.1321,3
s000517,construction_strict,expert_reference_upper_bound,81.4943,19.1775,8,0.4495,1.0065,1
s000518,motif_strict,expert_reference_upper_bound,82.5335,22.5282,8,0.1479,1.6815,2
s000519,heritage_strict,expert_reference_upper_bound,80.7522,17.7014,8,0.5386,1.1899,3
s000520,visual_lenient,expert_reference_upper_bound,81.3166,17.7083,8,0.2669,1.534,2
s000521,balanced,expert_reference_upper_bound,88.6952,28.4064,8,0.302,0.6714,1
s000522,construction_strict,expert_reference_upper_bound,86.8488,23.3622,8,0.5434,1.2334,1
s000523,motif_strict,expert_reference_upper_bound,85.338,18.0709,8,0.2383,1.7396,2
s000524,heritage_strict,expert_reference_upper_bound,86.635,26.4998,8,0.2778,0.9127,1
s000525,visual_lenient,expert_reference_upper_bound,80.7769,17.9607,8,0.5352,1.6224,3
s000526,balanced,expert_reference_upper_bound,85.7968,24.5861,8,0.2885,1.688,1
s000527,construction_strict,expert_reference_upper_bound,82.4535,22.2058,8,0.3118,0.8849,2
s000528,motif_strict,expert_reference_upper_bound,82.7806,23.8217,8,0.4235,1.1838,2
s000529,heritage_strict,expert_reference_upper_bound,81.1688,19.3517,8,0.2831,1.6008,2
s000530,visual_lenient,expert_reference_upper_bound,81.16,19.9689,8,0.2989,0.9668,2
s000531,balanced,expert_reference_upper_bound,88.6587,25.8054,8,0.5095,1.1399,3
s000532,construction_strict,expert_reference_upper_bound,82.7946,17.7814,8,0.5306,1.0089,3
s000533,motif_strict,expert_reference_upper_bound,80.8664,13.474,8,0.5002,1.3257,3
s000534,heritage_strict,expert_reference_upper_bound,81.7537,17.2455,8,0.1904,1.6478,3
s000535,visual_lenient,expert_reference_upper_bound,79.3868,12.3419,8,0.4592,1.602,3
s000536,balanced,expert_reference_upper_bound,86.9453,22.4709,8,0.4671,0.7327,1
s000537,construction_strict,expert_reference_upper_bound,84.2906,17.8472,8,0.4659,0.6455,2
s000538,motif_strict,expert_reference_upper_bound,87.4251,23.6893,8,0.1243,0.7707,3
s000539,heritage_strict,expert_reference_upper_bound,83.3351,22.501,8,0.3933,1.138,1
s000540,visual_lenient,expert_reference_upper_bound,82.5067,21.5383,8,0.2009,0.6793,3
s000541,balanced,expert_reference_upper_bound,89.3781,25.9669,8,0.3443,0.5872,2
s000542,construction_strict,expert_reference_upper_bound,79.4799,15.1785,8,0.314,0.7873,1
s000543,motif_strict,expert_reference_upper_bound,81.3241,19.8963,8,0.5094,1.5951,1
s000544,heritage_strict,expert_reference_upper_bound,84.2766,21.1592,8,0.3485,0.7393,1
s000545,visual_lenient,expert_reference_upper_bound,82.4979,15.2041,8,0.1462,1.3662,3
s000546,balanced,expert_reference_upper_bound,85.4665,25.6531,8,0.4728,1.6402,2
s000547,construction_strict,expert_reference_upper_bound,83.6986,22.0478,8,0.1255,0.9911,2
s000548,motif_strict,expert_reference_upper_bound,81.7025,21.2369,8,0.3579,0.8091,2
s000549,heritage_strict,expert_reference_upper_bound,85.9003,25.4027,8,0.2411,0.5744,2
s000550,visual_lenient,expert_reference_upper_bound,82.9493,17.8059,8,0.269,0.7967,2
s000551,balanced,expert_reference_upper_bound,84.0891,21.3591,8,0.1928,1.039,3
s000552,construction_strict,expert_reference_upper_bound,83.109,17.7685,8,0.4525,1.1959,1
s000553,motif_strict,expert_reference_upper_bound,81.2635,22.26,8,0.5208,1.1081,2
s000554,heritage_strict,expert_reference_upper_bound,85.5482,20.3004,8,0.4781,0.5589,2
s000555,visual_lenient,expert_reference_upper_bound,88.2588,22.798,8,0.5204,0.7862,2
s000556,balanced,expert_reference_upper_bound,85.2066,22.292,8,0.1716,1.4204,2
s000557,construction_strict,expert_reference_upper_bound,86.1091,25.8867,8,0.2451,0.7885,1
s000558,motif_strict,expert_reference_upper_bound,77.6656,18.6158,8,0.4032,1.6073,2
s000559,heritage_strict,expert_reference_upper_bound,81.9893,19.2209,8,0.2987,1.6659,1
s000560,visual_lenient,expert_reference_upper_bound,83.3915,17.0894,8,0.2211,1.2745,1
s000561,balanced,expert_reference_upper_bound,83.6825,22.924,8,0.383,1.3574,3
s000562,construction_strict,expert_reference_upper_bound,77.7825,19.1052,8,0.1648,0.8326,2
s000563,motif_strict,expert_reference_upper_bound,82.1975,19.1639,8,0.2144,1.1476,3
s000564,heritage_strict,expert_reference_upper_bound,82.2947,18.0965,8,0.1654,0.8879,2
s000565,visual_lenient,expert_reference_upper_bound,76.5377,14.5429,8,0.5487,1.3022,3
s000566,balanced,expert_reference_upper_bound,87.315,25.4357,8,0.5453,1.2534,3
s000567,construction_strict,expert_reference_upper_bound,81.7042,17.7942,8,0.1439,1.6137,3
s000568,motif_strict,expert_reference_upper_bound,82.8958,14.7316,8,0.4774,1.247,3
s000569,heritage_strict,expert_reference_upper_bound,85.1724,22.1447,8,0.3869,1.032,3
s000570,visual_lenient,expert_reference_upper_bound,82.4957,14.1535,8,0.3977,1.3844,2
s000571,balanced,expert_reference_upper_bound,84.5138,22.0984,8,0.2006,1.0059,3
s000572,construction_strict,expert_reference_upper_bound,86.2585,21.6519,8,0.247,0.8746,3
s000573,motif_strict,expert_reference_upper_bound,86.5216,21.5455,8,0.1563,0.8071,3
s000574,heritage_strict,expert_reference_upper_bound,83.7026,14.7982,8,0.4396,1.4021,1
s000575,visual_lenient,expert_reference_upper_bound,85.1683,21.3503,8,0.1678,0.5563,2
s000576,balanced,expert_reference_upper_bound,84.049,20.2918,8,0.3252,1.6979,3
s000577,construction_strict,expert_reference_upper_bound,81.8,19.7399,8,0.3565,0.8113,2
s000578,motif_strict,expert_reference_upper_bound,77.6144,12.3296,8,0.5092,0.6505,3
s000579,heritage_strict,expert_reference_upper_bound,84.2743,25.9538,8,0.4681,0.8904,2
s000580,visual_lenient,expert_reference_upper_bound,82.1195,19.1267,8,0.5302,1.6181,3
s000581,balanced,expert_reference_upper_bound,84.2208,16.723,8,0.1431,1.0485,3
s000582,construction_strict,expert_reference_upper_bound,85.4885,19.8959,8,0.4441,1.286,3
s000583,motif_strict,expert_reference_upper_bound,80.0116,20.3132,8,0.2509,1.0475,1
s000584,heritage_strict,expert_reference_upper_bound,88.4484,23.3909,8,0.4317,1.0672,1
s000585,visual_lenient,expert_reference_upper_bound,81.0001,15.6007,8,0.4977,1.0,3
s000586,balanced,expert_reference_upper_bound,83.3812,20.1078,8,0.3212,0.953,3
s000587,construction_strict,expert_reference_upper_bound,85.736,22.7309,8,0.3088,1.6402,1
s000588,motif_strict,expert_reference_upper_bound,82.5934,19.7605,8,0.2663,0.9639,1
s000589,heritage_strict,expert_reference_upper_bound,87.5104,26.6587,8,0.2781,1.3428,2
s000590,visual_lenient,expert_reference_upper_bound,84.9994,23.847,8,0.1386,1.1804,2
s000591,balanced,expert_reference_upper_bound,81.5844,19.0557,8,0.306,1.6458,1
s000592,construction_strict,expert_reference_upper_bound,87.7233,26.0716,8,0.358,1.5081,3
s000593,motif_strict,expert_reference_upper_bound,82.5919,19.9687,8,0.1643,0.6948,1
s000594,heritage_strict,expert_reference_upper_bound,81.2044,21.9095,8,0.4776,1.5797,1
s000595,visual_lenient,expert_reference_upper_bound,84.815,23.6056,8,0.5287,0.6663,2
s000596,balanced,expert_reference_upper_bound,83.5675,23.4528,8,0.4533,0.6734,1
s000597,construction_strict,expert_reference_upper_bound,84.6545,22.132,8,0.2751,0.5501,2
s000598,motif_strict,expert_reference_upper_bound,81.4035,22.8757,8,0.2114,1.6266,2
s000599,heritage_strict,expert_reference_upper_bound,78.2602,14.9637,8,0.3103,1.1762,2
s000600,visual_lenient,expert_reference_upper_bound,83.6059,21.5885,8,0.2737,1.6324,3
s000601,balanced,expert_reference_upper_bound,79.8353,13.14,8,0.3108,1.2436,3
s000602,construction_strict,expert_reference_upper_bound,85.8519,21.8287,8,0.363,1.689,3
s000603,motif_strict,expert_reference_upper_bound,82.3586,15.4579,8,0.4635,1.2949,2
s000604,heritage_strict,expert_reference_upper_bound,79.3429,21.2634,8,0.1947,1.6853,2
s000605,visual_lenient,expert_reference_upper_bound,81.5832,18.3897,8,0.3674,1.7426,1
s000606,balanced,expert_reference_upper_bound,76.0782,8.7608,8,0.3863,1.1638,3
s000607,construction_strict,expert_reference_upper_bound,85.0436,22.7038,8,0.161,0.801,1
s000608,motif_strict,expert_reference_upper_bound,81.3755,24.954,8,0.2376,1.1234,1
s000609,heritage_strict,expert_reference_upper_bound,80.4349,20.6633,8,0.3401,0.7466,3
s000610,visual_lenient,expert_reference_upper_bound,84.798,23.8295,8,0.2221,0.728,2
s000611,balanced,expert_reference_upper_bound,81.3461,16.6518,8,0.4868,1.1799,2
s000612,construction_strict,expert_reference_upper_bound,86.7541,18.9502,8,0.4946,1.2162,3
s000613,motif_strict,expert_reference_upper_bound,86.4077,23.3891,8,0.3948,0.6253,3
s000614,heritage_strict,expert_reference_upper_bound,83.5183,24.8155,8,0.5124,1.417,2
s000615,visual_lenient,expert_reference_upper_bound,83.2783,19.2366,8,0.1052,1.188,3
s000616,balanced,expert_reference_upper_bound,86.7815,24.4733,8,0.1825,0.8481,3
s000617,construction_strict,expert_reference_upper_bound,87.2543,18.1184,8,0.3128,1.6995,1
s000618,motif_strict,expert_reference_upper_bound,81.9246,19.707,8,0.2309,0.6505,1
s000619,heritage_strict,expert_reference_upper_bound,84.0951,20.8286,8,0.2714,0.8607,1
s000620,visual_lenient,expert_reference_upper_bound,84.0039,19.0182,8,0.3218,0.7585,2
s000621,balanced,expert_reference_upper_bound,83.4442,17.9641,8,0.172,1.1665,1
s000622,construction_strict,expert_reference_upper_bound,83.3478,22.5641,8,0.2076,0.673,2
s000623,motif_strict,expert_reference_upper_bound,82.7581,15.3839,8,0.5046,0.7173,1
s000624,heritage_strict,expert_reference_upper_bound,85.7233,23.3583,8,0.3513,0.8729,3
s000625,visual_lenient,expert_reference_upper_bound,83.1712,16.1465,8,0.3313,1.7451,1
s000626,balanced,expert_reference_upper_bound,83.6961,20.9092,8,0.2496,1.3807,2
s000627,construction_strict,expert_reference_upper_bound,81.0274,19.1933,8,0.1686,1.2073,3
s000628,motif_strict,expert_reference_upper_bound,77.7542,14.8581,8,0.3282,1.217,3
s000629,heritage_strict,expert_reference_upper_bound,80.1504,16.9366,8,0.2061,1.6511,1
s000630,visual_lenient,expert_reference_upper_bound,82.9057,17.6226,8,0.313,1.638,3
s000631,balanced,expert_reference_upper_bound,84.9359,24.1028,8,0.3199,1.354,1
s000632,construction_strict,expert_reference_upper_bound,81.1378,21.3956,8,0.2415,1.2156,3
s000633,motif_strict,expert_reference_upper_bound,82.2768,15.5302,8,0.3249,1.4947,3
s000634,heritage_strict,expert_reference_upper_bound,84.5737,21.308,8,0.2674,0.9102,3
s000635,visual_lenient,expert_reference_upper_bound,81.8423,15.2557,8,0.3901,1.4095,3
s000636,balanced,expert_reference_upper_bound,78.4885,18.0786,8,0.2849,1.284,1
s000637,construction_strict,expert_reference_upper_bound,86.6532,20.4761,8,0.3097,0.9658,2
s000638,motif_strict,expert_reference_upper_bound,84.6501,16.9985,8,0.4055,1.5078,1
s000639,heritage_strict,expert_reference_upper_bound,81.9191,20.229,8,0.1673,0.5645,3
s000640,visual_lenient,expert_reference_upper_bound,82.9324,15.3513,8,0.2015,1.7268,2
s000641,balanced,expert_reference_upper_bound,86.7906,26.3506,8,0.2132,1.2728,3
s000642,construction_strict,expert_reference_upper_bound,82.6291,22.1364,8,0.1678,0.7969,3
s000643,motif_strict,expert_reference_upper_bound,80.2712,19.0377,8,0.2048,1.0769,2
s000644,heritage_strict,expert_reference_upper_bound,86.1905,23.5179,8,0.4638,0.9588,1
s000645,visual_lenient,expert_reference_upper_bound,83.4237,13.9448,8,0.3876,1.3454,2
s000646,balanced,expert_reference_upper_bound,83.9211,21.7154,8,0.5073,0.9971,3
s000647,construction_strict,expert_reference_upper_bound,86.574,21.7355,8,0.1494,1.5587,3
s000648,motif_strict,expert_reference_upper_bound,82.444,15.4742,8,0.5306,0.6875,1
s000649,heritage_strict,expert_reference_upper_bound,86.2645,18.3412,8,0.4815,1.0988,2
s000650,visual_lenient,expert_reference_upper_bound,81.9958,19.9989,8,0.3468,0.9234,1
s000651,balanced,expert_reference_upper_bound,85.2406,20.169,8,0.3574,1.4448,1
s000652,construction_strict,expert_reference_upper_bound,82.1758,18.9422,8,0.4747,0.8315,3
s000653,motif_strict,expert_reference_upper_bound,81.8465,15.5104,8,0.423,1.0016,1
s000654,heritage_strict,expert_reference_upper_bound,81.8156,18.8712,8,0.232,0.9513,3
s000655,visual_lenient,expert_reference_upper_bound,77.2963,18.5742,8,0.4586,1.2341,3
s000656,balanced,expert_reference_upper_bound,83.1479,21.3259,8,0.1272,1.4846,2
s000657,construction_strict,expert_reference_upper_bound,81.7406,17.7352,8,0.2,1.338,1
s000658,motif_strict,expert_reference_upper_bound,80.9454,16.9535,8,0.2598,1.5392,2
s000659,heritage_strict,expert_reference_upper_bound,87.0719,27.0197,8,0.2661,1.6515,1
s000660,visual_lenient,expert_reference_upper_bound,83.2075,21.1205,8,0.5413,0.6201,1
s000661,balanced,expert_reference_upper_bound,78.8271,17.9157,8,0.2756,1.2754,2
s000662,construction_strict,expert_reference_upper_bound,92.493,33.4815,8,0.4889,0.8975,3
s000663,motif_strict,expert_reference_upper_bound,79.6413,17.7704,8,0.234,0.6477,3
s000664,heritage_strict,expert_reference_upper_bound,87.6562,26.7343,8,0.3129,1.3437,3
s000665,visual_lenient,expert_reference_upper_bound,82.2313,11.099,8,0.4971,1.4311,1
s000666,balanced,expert_reference_upper_bound,83.5592,21.7865,8,0.1543,0.9671,3
s000667,construction_strict,expert_reference_upper_bound,84.5466,24.2128,8,0.1774,1.5364,2
s000668,motif_strict,expert_reference_upper_bound,84.8492,23.0952,8,0.3672,1.1415,3
s000669,heritage_strict,expert_reference_upper_bound,84.437,19.2548,8,0.3684,0.8699,3
s000670,visual_lenient,expert_reference_upper_bound,81.4364,17.9472,8,0.4577,1.7208,1
s000671,balanced,expert_reference_upper_bound,85.0418,22.9771,8,0.1139,1.2797,2
s000672,construction_strict,expert_reference_upper_bound,82.0724,23.3702,8,0.1567,0.7499,1
s000673,motif_strict,expert_reference_upper_bound,80.2652,14.8306,8,0.1187,1.5581,1
s000674,heritage_strict,expert_reference_upper_bound,80.5228,17.4501,8,0.4225,0.5637,3
s000675,visual_lenient,expert_reference_upper_bound,80.4466,14.9598,8,0.3123,1.2255,3
s000676,balanced,expert_reference_upper_bound,85.4355,23.0821,8,0.1729,0.863,1
s000677,construction_strict,expert_reference_upper_bound,82.3508,18.0209,8,0.5466,1.1587,3
s000678,motif_strict,expert_reference_upper_bound,79.3986,10.2441,8,0.4551,1.3002,3
s000679,heritage_strict,expert_reference_upper_bound,83.1464,20.3332,8,0.2532,1.2309,2
s000680,visual_lenient,expert_reference_upper_bound,85.4503,21.8298,8,0.1468,0.7521,3
s000681,balanced,expert_reference_upper_bound,85.6011,22.7264,8,0.2259,1.4219,1
s000682,construction_strict,expert_reference_upper_bound,85.0024,23.9984,8,0.5365,1.4402,1
s000683,motif_strict,expert_reference_upper_bound,82.6803,22.0025,8,0.2527,1.6356,3
s000684,heritage_strict,expert_reference_upper_bound,82.5066,16.5726,8,0.5401,1.4785,1
s000685,visual_lenient,expert_reference_upper_bound,84.5521,20.4578,8,0.4764,1.0743,3
s000686,balanced,expert_reference_upper_bound,81.03,18.1753,8,0.354,0.9866,3
s000687,construction_strict,expert_reference_upper_bound,84.3533,20.039,8,0.4816,1.0814,1
s000688,motif_strict,expert_reference_upper_bound,84.0684,17.4922,8,0.279,0.6459,2
s000689,heritage_strict,expert_reference_upper_bound,76.0339,11.3568,8,0.5425,1.4647,1
s000690,visual_lenient,expert_reference_upper_bound,86.2279,23.4829,8,0.1637,1.3528,1
s000691,balanced,expert_reference_upper_bound,81.5073,22.0895,8,0.4556,0.8949,1
s000692,construction_strict,expert_reference_upper_bound,84.4226,18.4529,8,0.4794,1.3002,3
s000693,motif_strict,expert_reference_upper_bound,82.6862,20.1678,8,0.1654,1.0137,3
s000694,heritage_strict,expert_reference_upper_bound,83.285,17.5804,8,0.4648,1.5257,3
s000695,visual_lenient,expert_reference_upper_bound,81.1105,17.2434,8,0.1396,1.6358,3
s000696,balanced,expert_reference_upper_bound,80.7242,18.1848,8,0.237,1.264,2
s000697,construction_strict,expert_reference_upper_bound,82.5567,20.5427,8,0.4423,0.946,3
s000698,motif_strict,expert_reference_upper_bound,83.9519,21.5736,8,0.5013,0.7108,3
s000699,heritage_strict,expert_reference_upper_bound,82.8024,24.3925,8,0.3934,1.6257,3
s000700,visual_lenient,expert_reference_upper_bound,84.4133,19.9832,8,0.3295,1.1779,1
s000701,balanced,expert_reference_upper_bound,85.635,23.4647,8,0.2605,0.6688,3
s000702,construction_strict,expert_reference_upper_bound,80.3887,14.6979,8,0.1548,1.5811,3
s000703,motif_strict,expert_reference_upper_bound,79.836,13.2089,8,0.3592,1.3808,2
s000704,heritage_strict,expert_reference_upper_bound,78.874,12.8682,8,0.376,0.8741,3
s000705,visual_lenient,expert_reference_upper_bound,85.8238,18.4912,8,0.4195,0.7914,1
s000706,balanced,expert_reference_upper_bound,85.3018,25.6313,8,0.537,1.4687,2
s000707,construction_strict,expert_reference_upper_bound,82.4064,23.3227,8,0.2285,0.7108,1
s000708,motif_strict,expert_reference_upper_bound,79.4563,14.2577,8,0.537,0.947,3
s000709,heritage_strict,expert_reference_upper_bound,83.1866,19.9211,8,0.4256,0.9491,2
s000710,visual_lenient,expert_reference_upper_bound,84.9328,23.1088,8,0.3399,1.6286,3
s000711,balanced,expert_reference_upper_bound,84.029,20.2597,8,0.3036,1.0805,2
s000712,construction_strict,expert_reference_upper_bound,86.6085,22.1541,8,0.139,1.3158,2
s000713,motif_strict,expert_reference_upper_bound,84.814,21.1083,8,0.2949,1.3108,2
s000714,heritage_strict,expert_reference_upper_bound,79.6449,16.3834,8,0.1442,1.4791,3
s000715,visual_lenient,expert_reference_upper_bound,82.9107,16.0651,8,0.3898,1.4682,1
s000716,balanced,expert_reference_upper_bound,85.522,20.6772,8,0.5024,1.415,3
s000717,construction_strict,expert_reference_upper_bound,82.1174,21.174,8,0.4669,1.386,1
s000718,motif_strict,expert_reference_upper_bound,74.7139,13.8795,8,0.2243,0.9489,1
s000719,heritage_strict,expert_reference_upper_bound,84.6047,23.8172,8,0.3506,0.8662,2
s000720,visual_lenient,expert_reference_upper_bound,85.6838,21.8001,8,0.509,0.5931,1
s000721,balanced,expert_reference_upper_bound,85.708,23.9928,8,0.2361,1.1961,2
s000722,construction_strict,expert_reference_upper_bound,78.2668,12.4469,8,0.1165,1.7024,2
s000723,motif_strict,expert_reference_upper_bound,82.1169,21.1485,8,0.2149,1.269,3
s000724,heritage_strict,expert_reference_upper_bound,88.0715,24.8558,8,0.2415,0.8403,2
s000725,visual_lenient,expert_reference_upper_bound,84.8774,22.5327,8,0.3943,0.6963,1
s000726,balanced,expert_reference_upper_bound,83.5757,20.624,8,0.1768,1.333,3
s000727,construction_strict,expert_reference_upper_bound,84.7987,20.4887,8,0.2626,1.0752,2
s000728,motif_strict,expert_reference_upper_bound,79.5765,15.9421,8,0.287,1.0916,3
s000729,heritage_strict,expert_reference_upper_bound,85.0166,23.1715,8,0.1787,1.1086,2
s000730,visual_lenient,expert_reference_upper_bound,82.0138,14.6635,8,0.1058,1.1583,1
s000731,balanced,expert_reference_upper_bound,78.9968,19.3567,8,0.4031,1.2647,3
s000732,construction_strict,expert_reference_upper_bound,86.5687,21.4867,8,0.2008,1.4543,2
s000733,motif_strict,expert_reference_upper_bound,86.0862,22.8186,8,0.4878,1.4112,2
s000734,heritage_strict,expert_reference_upper_bound,82.9167,19.2104,8,0.1697,0.8023,2
s000735,visual_lenient,expert_reference_upper_bound,83.9857,19.9322,8,0.2407,0.8055,1
s000736,balanced,expert_reference_upper_bound,82.4941,17.2362,8,0.4108,0.9839,2
s000737,construction_strict,expert_reference_upper_bound,84.0688,21.2619,8,0.5412,1.1765,2
s000738,motif_strict,expert_reference_upper_bound,79.1781,14.5726,8,0.3662,1.7046,1
s000739,heritage_strict,expert_reference_upper_bound,82.8165,23.4557,8,0.3125,1.6625,2
s000740,visual_lenient,expert_reference_upper_bound,84.2096,19.484,8,0.2243,0.9127,3
s000741,balanced,expert_reference_upper_bound,85.0651,19.5574,8,0.3687,1.6577,3
s000742,construction_strict,expert_reference_upper_bound,84.8279,22.6617,8,0.5256,1.6974,2
s000743,motif_strict,expert_reference_upper_bound,84.8557,22.6682,8,0.4545,1.7092,1
s000744,heritage_strict,expert_reference_upper_bound,83.2461,21.8428,8,0.4209,1.3304,3
s000745,visual_lenient,expert_reference_upper_bound,86.5534,24.3027,8,0.1699,1.5058,2
s000746,balanced,expert_reference_upper_bound,84.141,22.4326,8,0.3904,1.306,1
s000747,construction_strict,expert_reference_upper_bound,82.5292,15.0111,8,0.3603,0.9231,1
s000748,motif_strict,expert_reference_upper_bound,79.7806,19.1836,8,0.2133,1.3046,3
s000749,heritage_strict,expert_reference_upper_bound,82.7816,21.409,8,0.2577,0.8751,3
s000750,visual_lenient,expert_reference_upper_bound,82.0131,13.7211,8,0.339,1.7428,1
s000751,balanced,expert_reference_upper_bound,83.3062,19.481,8,0.3629,1.3043,3
s000752,construction_strict,expert_reference_upper_bound,85.2055,20.2907,8,0.3036,0.9443,2
s000753,motif_strict,expert_reference_upper_bound,84.2257,20.1011,8,0.2182,1.4117,3
s000754,heritage_strict,expert_reference_upper_bound,86.0712,29.923,8,0.1783,1.61,2
s000755,visual_lenient,expert_reference_upper_bound,86.1527,23.907,8,0.1497,1.4255,2
s000756,balanced,expert_reference_upper_bound,85.5891,22.0202,8,0.2687,0.9561,1
s000757,construction_strict,expert_reference_upper_bound,85.0461,21.1059,8,0.4363,1.1411,3
s000758,motif_strict,expert_reference_upper_bound,82.0129,20.2305,8,0.2885,0.7929,2
s000759,heritage_strict,expert_reference_upper_bound,84.7663,24.479,8,0.117,1.0039,3
s000760,visual_lenient,expert_reference_upper_bound,81.8342,14.9543,8,0.3011,1.0754,2
s000761,balanced,expert_reference_upper_bound,85.6435,23.6647,8,0.3697,1.39,3
s000762,construction_strict,expert_reference_upper_bound,82.7784,19.923,8,0.2371,1.1102,3
s000763,motif_strict,expert_reference_upper_bound,84.7812,16.2097,8,0.1697,1.2574,3
s000764,heritage_strict,expert_reference_upper_bound,83.0434,21.0762,8,0.2957,1.2837,1
s000765,visual_lenient,expert_reference_upper_bound,77.5398,13.4396,8,0.4062,1.2621,3
s000766,balanced,expert_reference_upper_bound,85.2423,24.1645,8,0.2504,0.8095,2
s000767,construction_strict,expert_reference_upper_bound,84.509,18.5965,8,0.484,0.9473,1
s000768,motif_strict,expert_reference_upper_bound,86.12,22.4039,8,0.1464,1.1562,1
s000769,heritage_strict,expert_reference_upper_bound,85.9555,21.5981,8,0.3642,1.2747,2
s000770,visual_lenient,expert_reference_upper_bound,86.0467,19.9364,8,0.1788,1.5359,1
s000771,balanced,expert_reference_upper_bound,84.5432,20.2588,8,0.2776,1.1745,1
s000772,construction_strict,expert_reference_upper_bound,80.8831,16.5902,8,0.3619,1.5375,1
s000773,motif_strict,expert_reference_upper_bound,86.906,26.6849,8,0.1087,1.2966,1
s000774,heritage_strict,expert_reference_upper_bound,87.2724,25.0922,8,0.5344,1.3565,3
s000775,visual_lenient,expert_reference_upper_bound,82.9573,22.3387,8,0.5303,0.7038,2
s000776,balanced,expert_reference_upper_bound,80.3385,18.3383,8,0.4577,0.8932,2
s000777,construction_strict,expert_reference_upper_bound,82.618,19.7927,8,0.4689,0.8524,3
s000778,motif_strict,expert_reference_upper_bound,81.4348,18.3532,8,0.4347,0.7538,3
s000779,heritage_strict,expert_reference_upper_bound,83.3696,22.5842,8,0.2725,0.9861,3
s000780,visual_lenient,expert_reference_upper_bound,84.0474,19.483,8,0.2653,1.0091,1
s000781,balanced,expert_reference_upper_bound,85.7639,25.3744,8,0.3626,0.7747,2
s000782,construction_strict,expert_reference_upper_bound,79.0162,15.7996,8,0.5311,1.6153,2
s000783,motif_strict,expert_reference_upper_bound,78.9781,14.3658,8,0.4747,1.6992,2
s000784,heritage_strict,expert_reference_upper_bound,86.3456,25.8355,8,0.2868,0.9572,3
s000785,visual_lenient,expert_reference_upper_bound,86.0932,21.4074,8,0.3895,0.7124,3
s000786,balanced,expert_reference_upper_bound,81.4214,20.3618,8,0.3705,1.2845,3
s000787,construction_strict,expert_reference_upper_bound,85.7649,28.1575,8,0.4113,0.5799,3
s000788,motif_strict,expert_reference_upper_bound,83.1525,18.1408,8,0.2058,1.199,2
s000789,heritage_strict,expert_reference_upper_bound,84.2607,26.0739,8,0.5443,1.2983,3
s000790,visual_lenient,expert_reference_upper_bound,84.0963,19.9653,8,0.3999,1.3893,2
s000791,balanced,expert_reference_upper_bound,82.0972,19.0746,8,0.2533,0.8911,3
s000792,construction_strict,expert_reference_upper_bound,82.4697,21.5346,8,0.1071,1.1105,3
s000793,motif_strict,expert_reference_upper_bound,81.3519,20.7308,8,0.2211,0.757,1
s000794,heritage_strict,expert_reference_upper_bound,86.7555,19.9381,8,0.1004,1.026,2
s000795,visual_lenient,expert_reference_upper_bound,82.6039,19.722,8,0.1438,1.1224,3
s000796,balanced,expert_reference_upper_bound,83.7165,20.0803,8,0.1088,1.4248,3
s000797,construction_strict,expert_reference_upper_bound,82.5125,24.2338,8,0.3786,1.2181,1
s000798,motif_strict,expert_reference_upper_bound,83.6791,21.1862,8,0.359,0.5537,1
s000799,heritage_strict,expert_reference_upper_bound,83.3105,20.4773,8,0.1557,1.301,2
s000800,visual_lenient,expert_reference_upper_bound,83.039,18.1814,8,0.2709,1.1888,1
s000801,balanced,expert_reference_upper_bound,84.3889,18.7895,8,0.3809,0.9885,3
s000802,construction_strict,expert_reference_upper_bound,79.5936,17.9772,8,0.3033,1.5745,2
s000803,motif_strict,expert_reference_upper_bound,84.3295,21.2015,8,0.281,1.1347,3
s000804,heritage_strict,expert_reference_upper_bound,86.0245,23.4568,8,0.3359,1.6424,3
s000805,visual_lenient,expert_reference_upper_bound,83.8309,20.8455,8,0.2494,1.4768,3
s000806,balanced,expert_reference_upper_bound,88.4037,26.5019,8,0.324,1.2031,3
s000807,construction_strict,expert_reference_upper_bound,85.6927,23.132,8,0.3212,1.0486,3
s000808,motif_strict,expert_reference_upper_bound,78.5633,13.1538,8,0.495,1.4524,3
s000809,heritage_strict,expert_reference_upper_bound,89.8256,30.7829,8,0.2342,1.1262,2
s000810,visual_lenient,expert_reference_upper_bound,84.5709,22.2626,8,0.5088,1.007,3
s000811,balanced,expert_reference_upper_bound,82.0248,18.7374,8,0.2785,0.7464,2
s000812,construction_strict,expert_reference_upper_bound,83.9927,21.2984,8,0.3801,0.6691,3
s000813,motif_strict,expert_reference_upper_bound,80.2678,16.5335,8,0.4407,1.3166,1
s000814,heritage_strict,expert_reference_upper_bound,81.8444,17.1715,8,0.2071,0.6441,1
s000815,visual_lenient,expert_reference_upper_bound,81.5239,16.5136,8,0.3474,0.8134,3
s000816,balanced,expert_reference_upper_bound,80.9995,16.2692,8,0.2685,0.9512,3
s000817,construction_strict,expert_reference_upper_bound,83.149,19.5671,8,0.3931,1.455,2
s000818,motif_strict,expert_reference_upper_bound,84.9383,20.5952,8,0.3216,0.7449,2
s000819,heritage_strict,expert_reference_upper_bound,81.9867,23.3065,8,0.3435,1.5777,1
s000820,visual_lenient,expert_reference_upper_bound,84.5768,19.5902,8,0.2731,1.1099,2
s000821,balanced,expert_reference_upper_bound,86.5414,25.3838,8,0.2455,1.6535,3
s000822,construction_strict,expert_reference_upper_bound,84.2603,21.8208,8,0.3818,1.6279,2
s000823,motif_strict,expert_reference_upper_bound,84.4612,21.5564,8,0.3667,0.7977,1
s000824,heritage_strict,expert_reference_upper_bound,85.5465,24.0547,8,0.4464,0.8213,3
s000825,visual_lenient,expert_reference_upper_bound,83.6149,19.2157,8,0.2168,1.38,3
s000826,balanced,expert_reference_upper_bound,88.7353,25.3693,8,0.2014,1.1494,2
s000827,construction_strict,expert_reference_upper_bound,86.5677,20.6485,8,0.538,0.9163,2
s000828,motif_strict,expert_reference_upper_bound,76.4823,7.446,8,0.3662,1.358,2
s000829,heritage_strict,expert_reference_upper_bound,88.9314,26.4656,8,0.3907,0.6366,2
s000830,visual_lenient,expert_reference_upper_bound,84.5029,22.0804,8,0.1483,1.0703,2
s000831,balanced,expert_reference_upper_bound,81.9304,17.9833,8,0.2807,1.0897,2
s000832,construction_strict,expert_reference_upper_bound,86.5411,26.0391,8,0.1519,1.1522,1
s000833,motif_strict,expert_reference_upper_bound,83.1035,22.3986,8,0.5458,0.5714,1
s000834,heritage_strict,expert_reference_upper_bound,86.1391,25.3039,8,0.3664,1.6274,2
s000835,visual_lenient,expert_reference_upper_bound,82.6362,21.3379,8,0.3325,0.9734,3
s000836,balanced,expert_reference_upper_bound,86.4498,28.16,8,0.238,1.4666,2
s000837,construction_strict,expert_reference_upper_bound,86.4269,22.7701,8,0.2457,1.1679,1
s000838,motif_strict,expert_reference_upper_bound,81.5512,21.3329,8,0.1655,1.4613,1
s000839,heritage_strict,expert_reference_upper_bound,80.9721,21.6327,8,0.2776,0.777,2
s000840,visual_lenient,expert_reference_upper_bound,85.7734,14.6587,8,0.4405,1.2487,3
s000841,balanced,expert_reference_upper_bound,82.0528,13.65,8,0.5359,1.3472,1
s000842,construction_strict,expert_reference_upper_bound,80.7446,16.4978,8,0.3991,1.0789,3
s000843,motif_strict,expert_reference_upper_bound,79.5523,19.1664,8,0.5122,0.6147,3
s000844,heritage_strict,expert_reference_upper_bound,85.9237,21.089,8,0.1892,1.2593,2
s000845,visual_lenient,expert_reference_upper_bound,82.7506,16.2828,8,0.2849,1.3266,3
s000846,balanced,expert_reference_upper_bound,84.0652,22.5634,8,0.3233,0.6529,3
s000847,construction_strict,expert_reference_upper_bound,85.1793,27.668,8,0.3271,1.6616,1
s000848,motif_strict,expert_reference_upper_bound,83.8497,18.9821,8,0.2044,0.9081,2
s000849,heritage_strict,expert_reference_upper_bound,85.5573,20.2585,8,0.2224,1.6994,2
s000850,visual_lenient,expert_reference_upper_bound,85.7588,22.4443,8,0.1635,1.1608,2
s000851,balanced,expert_reference_upper_bound,88.9165,24.9765,8,0.1645,0.7495,3
s000852,construction_strict,expert_reference_upper_bound,82.9107,24.1985,8,0.2779,1.6153,3
s000853,motif_strict,expert_reference_upper_bound,83.7361,21.0975,8,0.3355,1.5684,3
s000854,heritage_strict,expert_reference_upper_bound,83.6681,19.4129,8,0.1418,1.1444,3
s000855,visual_lenient,expert_reference_upper_bound,80.1666,16.777,8,0.2461,1.0054,1
s000856,balanced,expert_reference_upper_bound,85.0245,22.8756,8,0.1809,1.7206,3
s000857,construction_strict,expert_reference_upper_bound,79.5388,15.7765,8,0.3981,1.5414,2
s000858,motif_strict,expert_reference_upper_bound,82.3951,18.6354,8,0.4471,0.5867,1
s000859,heritage_strict,expert_reference_upper_bound,80.7332,15.7588,8,0.3566,1.6971,1
s000860,visual_lenient,expert_reference_upper_bound,81.6454,17.3374,8,0.2065,0.5608,3
s000861,balanced,expert_reference_upper_bound,81.5201,18.3102,8,0.5164,1.0039,2
s000862,construction_strict,expert_reference_upper_bound,85.3467,17.7248,8,0.3413,1.189,2
s000863,motif_strict,expert_reference_upper_bound,84.8348,16.316,8,0.5282,0.9546,2
s000864,heritage_strict,expert_reference_upper_bound,87.5311,25.6935,8,0.4359,0.7624,1
s000865,visual_lenient,expert_reference_upper_bound,84.9269,21.211,8,0.1453,0.8061,2
s000866,balanced,expert_reference_upper_bound,89.1039,28.1993,8,0.4893,0.7395,3
s000867,construction_strict,expert_reference_upper_bound,86.6311,23.0416,8,0.4635,1.5853,2
s000868,motif_strict,expert_reference_upper_bound,85.8238,24.1222,8,0.176,1.6052,2
s000869,heritage_strict,expert_reference_upper_bound,82.2251,18.6932,8,0.2514,1.5241,3
s000870,visual_lenient,expert_reference_upper_bound,84.6156,21.0115,8,0.5165,1.3668,3
s000871,balanced,expert_reference_upper_bound,83.8916,20.977,8,0.3845,1.5873,2
s000872,construction_strict,expert_reference_upper_bound,79.216,18.5611,8,0.1863,1.4169,2
s000873,motif_strict,expert_reference_upper_bound,82.9601,14.6144,8,0.1489,1.337,1
s000874,heritage_strict,expert_reference_upper_bound,82.6586,23.2717,8,0.3271,0.6338,2
s000875,visual_lenient,expert_reference_upper_bound,84.3153,14.2408,8,0.309,1.474,1
s000876,balanced,expert_reference_upper_bound,82.0179,13.6597,8,0.2795,1.3572,2
s000877,construction_strict,expert_reference_upper_bound,77.8032,14.4678,8,0.5182,1.5807,1
s000878,motif_strict,expert_reference_upper_bound,83.3539,19.2649,8,0.2312,0.9068,3
s000879,heritage_strict,expert_reference_upper_bound,79.6428,17.3462,8,0.4322,1.361,3
s000880,visual_lenient,expert_reference_upper_bound,79.4372,17.3036,8,0.4351,1.0371,3
s000881,balanced,expert_reference_upper_bound,81.5914,17.5662,8,0.3471,0.9661,2
s000882,construction_strict,expert_reference_upper_bound,83.9408,21.1169,8,0.3551,0.698,3
s000883,motif_strict,expert_reference_upper_bound,87.1285,18.8714,8,0.4716,1.7333,3
s000884,heritage_strict,expert_reference_upper_bound,79.563,18.3201,8,0.4685,1.1236,3
s000885,visual_lenient,expert_reference_upper_bound,81.562,18.2472,8,0.4267,0.5949,2
s000886,balanced,expert_reference_upper_bound,84.9386,19.6661,8,0.2898,0.9107,2
s000887,construction_strict,expert_reference_upper_bound,82.499,20.4952,8,0.5317,1.3267,2
s000888,motif_strict,expert_reference_upper_bound,79.3796,19.3872,8,0.156,1.5472,1
s000889,heritage_strict,expert_reference_upper_bound,81.3561,15.2694,8,0.213,1.0918,1
s000890,visual_lenient,expert_reference_upper_bound,83.0322,22.0085,8,0.4086,1.2586,2
s000891,balanced,expert_reference_upper_bound,86.1229,24.4581,8,0.4508,1.1309,2
s000892,construction_strict,expert_reference_upper_bound,82.8138,23.317,8,0.405,0.9999,2
s000893,motif_strict,expert_reference_upper_bound,79.2725,17.094,8,0.4587,1.0926,1
s000894,heritage_strict,expert_reference_upper_bound,85.2299,22.738,8,0.5288,1.1176,1
s000895,visual_lenient,expert_reference_upper_bound,86.4719,23.0276,8,0.3084,1.334,2
s000896,balanced,expert_reference_upper_bound,86.149,20.4951,8,0.4716,1.7473,1
s000897,construction_strict,expert_reference_upper_bound,83.2246,20.7188,8,0.4377,0.8143,1
s000898,motif_strict,expert_reference_upper_bound,83.5202,19.1948,8,0.5291,1.2473,2
s000899,heritage_strict,expert_reference_upper_bound,83.6696,21.3707,8,0.4634,1.0494,1
s000900,visual_lenient,expert_reference_upper_bound,84.4565,23.0302,8,0.137,1.2827,1
s000901,balanced,expert_reference_upper_bound,80.9231,18.6655,8,0.4931,1.091,2
s000902,construction_strict,expert_reference_upper_bound,81.7204,22.126,8,0.2995,0.7314,2
s000903,motif_strict,expert_reference_upper_bound,85.8498,20.3122,8,0.1778,0.9429,3
s000904,heritage_strict,expert_reference_upper_bound,81.6211,15.4724,8,0.3037,0.9789,3
s000905,visual_lenient,expert_reference_upper_bound,82.3087,20.2572,8,0.3142,1.409,1
s000906,balanced,expert_reference_upper_bound,83.244,21.4006,8,0.4391,1.4359,1
s000907,construction_strict,expert_reference_upper_bound,83.0404,22.2257,8,0.2573,0.7232,1
s000908,motif_strict,expert_reference_upper_bound,80.997,16.179,8,0.266,1.1584,2
s000909,heritage_strict,expert_reference_upper_bound,87.1898,24.6315,8,0.1923,1.5538,2
s000910,visual_lenient,expert_reference_upper_bound,82.4552,17.3687,8,0.4058,0.7797,1
s000911,balanced,expert_reference_upper_bound,87.895,24.7265,8,0.3248,0.6782,3
s000912,construction_strict,expert_reference_upper_bound,89.4778,26.4661,8,0.5015,0.8839,2
s000913,motif_strict,expert_reference_upper_bound,79.5754,17.1727,8,0.5088,1.0804,1
s000914,heritage_strict,expert_reference_upper_bound,83.2416,21.2088,8,0.1755,1.51,3
s000915,visual_lenient,expert_reference_upper_bound,84.302,17.5992,8,0.2802,1.3389,1
s000916,balanced,expert_reference_upper_bound,81.6666,20.5971,8,0.2346,0.9241,3
s000917,construction_strict,expert_reference_upper_bound,84.4759,19.5614,8,0.4473,1.5096,1
s000918,motif_strict,expert_reference_upper_bound,84.751,20.6743,8,0.3024,0.6042,2
s000919,heritage_strict,expert_reference_upper_bound,83.2176,21.4747,8,0.3918,1.4498,1
s000920,visual_lenient,expert_reference_upper_bound,85.897,23.1108,8,0.2773,1.1976,2
s000921,balanced,expert_reference_upper_bound,81.2658,22.9805,8,0.5344,0.7731,1
s000922,construction_strict,expert_reference_upper_bound,84.1854,18.3242,8,0.2347,0.8529,1
s000923,motif_strict,expert_reference_upper_bound,82.0904,17.4921,8,0.1008,1.5763,1
s000924,heritage_strict,expert_reference_upper_bound,88.646,27.6417,8,0.211,1.0019,2
s000925,visual_lenient,expert_reference_upper_bound,85.0819,24.264,8,0.4754,0.7081,2
s000926,balanced,expert_reference_upper_bound,80.3442,18.7327,8,0.4326,1.6375,1
s000927,construction_strict,expert_reference_upper_bound,87.2196,25.6162,8,0.307,0.5957,3
s000928,motif_strict,expert_reference_upper_bound,79.7916,19.996,8,0.2182,0.8642,1
s000929,heritage_strict,expert_reference_upper_bound,83.1762,22.9986,8,0.1914,0.5827,1
s000930,visual_lenient,expert_reference_upper_bound,85.1437,21.4692,8,0.5169,0.761,3
s000931,balanced,expert_reference_upper_bound,86.9939,24.0068,8,0.3578,1.4357,3
s000932,construction_strict,expert_reference_upper_bound,81.389,20.1927,8,0.5004,0.636,1
s000933,motif_strict,expert_reference_upper_bound,82.8203,19.6305,8,0.1699,1.4143,1
s000934,heritage_strict,expert_reference_upper_bound,84.2688,19.9472,8,0.3129,1.223,2
s000935,visual_lenient,expert_reference_upper_bound,83.4952,21.7414,8,0.4388,1.0989,1
s000936,balanced,expert_reference_upper_bound,82.4769,18.3077,8,0.3246,0.5796,1
s000937,construction_strict,expert_reference_upper_bound,81.3714,19.1062,8,0.2868,0.7154,1
s000938,motif_strict,expert_reference_upper_bound,82.9052,18.9427,8,0.5267,0.8882,1
s000939,heritage_strict,expert_reference_upper_bound,85.4405,21.4633,8,0.1076,0.6681,1
s000940,visual_lenient,expert_reference_upper_bound,86.8973,14.2888,8,0.3284,1.5124,1
s000941,balanced,expert_reference_upper_bound,83.7331,19.3669,8,0.1701,0.8858,3
s000942,construction_strict,expert_reference_upper_bound,85.509,22.0671,8,0.3778,1.2826,3
s000943,motif_strict,expert_reference_upper_bound,82.9696,18.0425,8,0.1528,1.5466,2
s000944,heritage_strict,expert_reference_upper_bound,88.366,31.5726,8,0.1156,1.3423,1
s000945,visual_lenient,expert_reference_upper_bound,83.4216,21.4268,8,0.1615,1.5038,1
s000946,balanced,expert_reference_upper_bound,87.3896,25.7728,8,0.4883,1.337,1
s000947,construction_strict,expert_reference_upper_bound,83.2079,20.8011,8,0.4969,0.9714,3
s000948,motif_strict,expert_reference_upper_bound,85.2857,20.6464,8,0.3918,0.8768,1
s000949,heritage_strict,expert_reference_upper_bound,82.2434,20.1089,8,0.2366,0.7085,2
s000950,visual_lenient,expert_reference_upper_bound,88.3541,24.0189,8,0.4133,1.0703,1
s000951,balanced,expert_reference_upper_bound,86.6447,23.4659,8,0.1448,1.6073,2
s000952,construction_strict,expert_reference_upper_bound,85.2957,18.3312,8,0.3005,1.5687,2
s000953,motif_strict,expert_reference_upper_bound,78.083,8.9485,8,0.5027,1.6194,1
s000954,heritage_strict,expert_reference_upper_bound,84.6612,18.2015,8,0.1908,0.8271,1
s000955,visual_lenient,expert_reference_upper_bound,87.5788,19.9924,8,0.5112,0.937,2
s000956,balanced,expert_reference_upper_bound,79.9757,23.7632,8,0.3384,1.618,1
s000957,construction_strict,expert_reference_upper_bound,82.6274,15.8282,8,0.4231,1.4875,2
s000958,motif_strict,expert_reference_upper_bound,75.1901,12.9409,8,0.2749,1.2711,2
s000959,heritage_strict,expert_reference_upper_bound,83.866,23.1066,8,0.4281,1.0806,3
s000960,visual_lenient,expert_reference_upper_bound,77.1964,14.3857,8,0.4449,1.5107,3
s000961,balanced,expert_reference_upper_bound,88.9394,29.0248,8,0.2243,0.7502,3
s000962,construction_strict,expert_reference_upper_bound,80.7114,15.7855,8,0.2344,1.4834,2
s000963,motif_strict,expert_reference_upper_bound,82.0143,14.023,8,0.238,1.1417,3
s000964,heritage_strict,expert_reference_upper_bound,84.2998,23.3473,8,0.4463,1.5158,3
s000965,visual_lenient,expert_reference_upper_bound,83.6533,18.5184,8,0.5351,1.0148,3
s000966,balanced,expert_reference_upper_bound,84.6165,23.3231,8,0.1623,1.2413,3
s000967,construction_strict,expert_reference_upper_bound,82.0411,21.4157,8,0.5495,1.3697,3
s000968,motif_strict,expert_reference_upper_bound,85.4936,22.0992,8,0.1737,0.6346,2
s000969,heritage_strict,expert_reference_upper_bound,78.1268,20.1187,8,0.4747,0.8801,1
s000970,visual_lenient,expert_reference_upper_bound,81.238,16.5215,8,0.5013,1.7008,3
s000971,balanced,expert_reference_upper_bound,82.3237,18.6403,8,0.2084,1.2615,2
s000972,construction_strict,expert_reference_upper_bound,81.9446,22.0524,8,0.475,1.1972,3
s000973,motif_strict,expert_reference_upper_bound,77.0489,6.7994,8,0.4549,0.9392,2
s000974,heritage_strict,expert_reference_upper_bound,82.0804,18.9402,8,0.1566,0.8678,2
s000975,visual_lenient,expert_reference_upper_bound,81.0277,17.5511,8,0.1267,0.6907,1
s000976,balanced,expert_reference_upper_bound,82.6791,22.9369,8,0.4768,0.6743,3
s000977,construction_strict,expert_reference_upper_bound,86.7117,25.3033,8,0.4643,1.6469,3
s000978,motif_strict,expert_reference_upper_bound,78.9396,14.8091,8,0.2492,1.5667,2
s000979,heritage_strict,expert_reference_upper_bound,86.5071,26.2413,8,0.1281,0.7245,2
s000980,visual_lenient,expert_reference_upper_bound,82.8033,18.9391,8,0.4783,1.1596,2
s000981,balanced,expert_reference_upper_bound,85.371,20.0441,8,0.5302,0.9055,1
s000982,construction_strict,expert_reference_upper_bound,86.0109,22.9777,8,0.1193,1.509,2
s000983,motif_strict,expert_reference_upper_bound,84.0036,23.5298,8,0.285,0.7569,1
s000984,heritage_strict,expert_reference_upper_bound,82.747,19.1179,8,0.3182,1.6761,2
s000985,visual_lenient,expert_reference_upper_bound,81.4393,15.7276,8,0.4293,0.6879,3
s000986,balanced,expert_reference_upper_bound,85.1845,24.157,8,0.5162,0.9236,2
s000987,construction_strict,expert_reference_upper_bound,80.2485,18.703,8,0.4252,1.2535,1
s000988,motif_strict,expert_reference_upper_bound,82.0076,20.3051,8,0.5228,0.6742,1
s000989,heritage_strict,expert_reference_upper_bound,82.8911,15.6309,8,0.5356,1.3507,2
s000990,visual_lenient,expert_reference_upper_bound,82.3445,18.0385,8,0.4502,0.649,3
s000991,balanced,expert_reference_upper_bound,82.4244,19.7636,8,0.1586,1.1844,1
s000992,construction_strict,expert_reference_upper_bound,79.5082,10.0405,8,0.1454,1.7081,1
s000993,motif_strict,expert_reference_upper_bound,82.0021,17.1043,8,0.208,1.65,1
s000994,heritage_strict,expert_reference_upper_bound,84.0269,17.3752,8,0.4157,1.3873,1
s000995,visual_lenient,expert_reference_upper_bound,82.5616,17.908,8,0.1601,0.9867,3
s000996,balanced,expert_reference_upper_bound,81.712,16.1194,8,0.1451,1.3629,1
s000997,construction_strict,expert_reference_upper_bound,85.776,23.4941,8,0.505,1.4678,1
s000998,motif_strict,expert_reference_upper_bound,79.676,14.0394,8,0.2869,1.4399,1
s000999,heritage_strict,expert_reference_upper_bound,80.0171,18.1405,8,0.4341,0.7033,1
s001000,visual_lenient,expert_reference_upper_bound,80.6616,12.7926,8,0.2086,0.7614,2
s001001,balanced,expert_reference_upper_bound,83.6988,20.0316,8,0.2342,1.4861,2
s001002,construction_strict,expert_reference_upper_bound,84.8632,24.3083,8,0.1533,1.5359,1
s001003,motif_strict,expert_reference_upper_bound,83.9192,18.3084,8,0.1394,1.042,3
s001004,heritage_strict,expert_reference_upper_bound,83.7338,21.7743,8,0.2424,0.8266,3
s001005,visual_lenient,expert_reference_upper_bound,85.1762,24.0922,8,0.4856,1.4896,2
s001006,balanced,expert_reference_upper_bound,82.6558,21.6977,8,0.356,1.4358,2
s001007,construction_strict,expert_reference_upper_bound,87.9,26.8751,8,0.1571,0.8715,2
s001008,motif_strict,expert_reference_upper_bound,86.0389,27.3793,8,0.544,0.9553,2
s001009,heritage_strict,expert_reference_upper_bound,81.6435,19.6749,8,0.1157,0.9067,2
s001010,visual_lenient,expert_reference_upper_bound,82.7044,19.9477,8,0.3706,0.6586,3
s001011,balanced,expert_reference_upper_bound,85.823,19.9688,8,0.4334,0.7996,2
s001012,construction_strict,expert_reference_upper_bound,75.9631,11.918,8,0.3178,1.1185,3
s001013,motif_strict,expert_reference_upper_bound,84.2684,19.9642,8,0.1772,1.2803,3
s001014,heritage_strict,expert_reference_upper_bound,82.0101,19.5607,8,0.1483,1.0561,1
s001015,visual_lenient,expert_reference_upper_bound,85.1802,13.2649,8,0.1753,0.9314,1
s001016,balanced,expert_reference_upper_bound,80.4796,15.8453,8,0.5283,1.1365,1
s001017,construction_strict,expert_reference_upper_bound,85.8339,24.99,8,0.1345,1.4775,2
s001018,motif_strict,expert_reference_upper_bound,83.8544,17.8006,8,0.1059,1.026,2
s001019,heritage_strict,expert_reference_upper_bound,83.8491,22.2553,8,0.1978,1.5114,3
s001020,visual_lenient,expert_reference_upper_bound,85.4313,24.5201,8,0.4387,0.7419,2
s001021,balanced,expert_reference_upper_bound,80.3187,16.7366,8,0.3671,1.0038,3
s001022,construction_strict,expert_reference_upper_bound,81.8686,19.9524,8,0.4136,1.6412,1
s001023,motif_strict,expert_reference_upper_bound,77.6615,14.6946,8,0.3312,1.5794,3
s001024,heritage_strict,expert_reference_upper_bound,80.5809,21.3121,8,0.2675,0.9382,1
s001025,visual_lenient,expert_reference_upper_bound,81.7301,13.6406,8,0.2058,1.1086,3
s001026,balanced,expert_reference_upper_bound,86.2031,23.7265,8,0.1898,0.717,1
s001027,construction_strict,expert_reference_upper_bound,83.3102,20.0789,8,0.4127,1.5066,3
s001028,motif_strict,expert_reference_upper_bound,80.6164,20.6446,8,0.26,0.7224,1
s001029,heritage_strict,expert_reference_upper_bound,82.1013,18.4359,8,0.2195,1.4272,1
s001030,visual_lenient,expert_reference_upper_bound,84.7538,21.0034,8,0.4227,1.2651,3
s001031,balanced,expert_reference_upper_bound,87.1094,27.3216,8,0.3537,0.9508,3
s001032,construction_strict,expert_reference_upper_bound,86.5305,26.4986,8,0.2753,1.036,3
s001033,motif_strict,expert_reference_upper_bound,82.2998,22.8032,8,0.1611,0.6198,3
s001034,heritage_strict,expert_reference_upper_bound,86.9005,24.9362,8,0.4591,1.2621,1
s001035,visual_lenient,expert_reference_upper_bound,84.9402,22.9231,8,0.3796,0.5896,2
s001036,balanced,expert_reference_upper_bound,82.5302,20.2067,8,0.273,0.6788,3
s001037,construction_strict,expert_reference_upper_bound,85.6446,28.1079,8,0.264,0.708,2
s001038,motif_strict,expert_reference_upper_bound,83.7939,23.1213,8,0.4226,0.9912,2
s001039,heritage_strict,expert_reference_upper_bound,87.24,25.5555,8,0.2446,0.5724,2
s001040,visual_lenient,expert_reference_upper_bound,83.0057,19.0456,8,0.1633,0.6589,3
s001041,balanced,expert_reference_upper_bound,85.9525,20.5154,8,0.4082,1.0714,3
s001042,construction_strict,expert_reference_upper_bound,85.091,22.7768,8,0.4137,1.4044,2
s001043,motif_strict,expert_reference_upper_bound,81.8049,20.9275,8,0.4493,1.6779,2
s001044,heritage_strict,expert_reference_upper_bound,83.9153,20.1965,8,0.521,0.7571,2
s001045,visual_lenient,expert_reference_upper_bound,76.9057,14.9204,8,0.2692,1.0222,2
s001046,balanced,expert_reference_upper_bound,85.1024,22.9672,8,0.1264,0.729,3
s001047,construction_strict,expert_reference_upper_bound,84.9903,15.1019,8,0.4382,1.6407,2
s001048,motif_strict,expert_reference_upper_bound,84.4353,24.9946,8,0.3986,1.0838,2
s001049,heritage_strict,expert_reference_upper_bound,80.001,19.0989,8,0.223,0.8737,3
s001050,visual_lenient,expert_reference_upper_bound,84.9998,21.1573,8,0.1059,1.4065,2
s001051,balanced,expert_reference_upper_bound,82.9428,19.4393,8,0.2897,0.6651,1
s001052,construction_strict,expert_reference_upper_bound,84.3565,21.8859,8,0.2228,1.0131,3
s001053,motif_strict,expert_reference_upper_bound,83.078,23.5973,8,0.2297,0.9524,3
s001054,heritage_strict,expert_reference_upper_bound,85.1954,20.1953,8,0.4898,1.5024,1
s001055,visual_lenient,expert_reference_upper_bound,85.5884,22.6685,8,0.3253,0.6175,2
s001056,balanced,expert_reference_upper_bound,83.5959,20.7327,8,0.1991,1.6985,2
s001057,construction_strict,expert_reference_upper_bound,85.53,24.4155,8,0.2927,0.733,2
s001058,motif_strict,expert_reference_upper_bound,81.2735,21.3053,8,0.4879,1.1242,3
s001059,heritage_strict,expert_reference_upper_bound,79.1512,18.9875,8,0.3878,1.0755,3
s001060,visual_lenient,expert_reference_upper_bound,83.0694,20.6,8,0.1268,0.6952,3
s001061,balanced,expert_reference_upper_bound,83.0774,21.4473,8,0.1027,1.2765,3
s001062,construction_strict,expert_reference_upper_bound,89.1723,26.7371,8,0.3118,0.7051,1
s001063,motif_strict,expert_reference_upper_bound,84.2673,17.1061,8,0.1732,1.3295,1
s001064,heritage_strict,expert_reference_upper_bound,90.1623,29.5102,8,0.3839,0.8149,1
s001065,visual_lenient,expert_reference_upper_bound,82.4919,17.6942,8,0.3278,1.3417,3
s001066,balanced,expert_reference_upper_bound,84.3335,21.6733,8,0.3497,1.4094,1
s001067,construction_strict,expert_reference_upper_bound,78.263,16.2108,8,0.3589,0.8579,2
s001068,motif_strict,expert_reference_upper_bound,82.7376,21.3983,8,0.1322,1.4617,1
s001069,heritage_strict,expert_reference_upper_bound,80.2897,21.4337,8,0.2551,1.1187,2
s001070,visual_lenient,expert_reference_upper_bound,81.7441,16.5865,8,0.2413,1.735,3
s001071,balanced,expert_reference_upper_bound,78.1929,13.4751,8,0.1612,1.2966,2
s001072,construction_strict,expert_reference_upper_bound,83.0059,16.8335,8,0.2731,1.4117,3
s001073,motif_strict,expert_reference_upper_bound,84.2295,24.6082,8,0.1434,0.7338,2
s001074,heritage_strict,expert_reference_upper_bound,86.3269,25.0355,8,0.2878,1.2046,2
s001075,visual_lenient,expert_reference_upper_bound,84.9106,22.002,8,0.3081,1.4647,3
s001076,balanced,expert_reference_upper_bound,85.6869,19.357,8,0.2726,1.4445,2
s001077,construction_strict,expert_reference_upper_bound,83.4348,22.9092,8,0.3039,1.4635,1
s001078,motif_strict,expert_reference_upper_bound,85.281,20.6558,8,0.2951,0.6008,2
s001079,heritage_strict,expert_reference_upper_bound,84.0516,19.1932,8,0.4197,1.4992,2
s001080,visual_lenient,expert_reference_upper_bound,83.3588,16.0389,8,0.5157,1.0648,1
s001081,balanced,expert_reference_upper_bound,81.4861,19.5707,8,0.2397,0.7292,2
s001082,construction_strict,expert_reference_upper_bound,76.8644,16.4152,8,0.1991,1.5962,2
s001083,motif_strict,expert_reference_upper_bound,77.4797,8.7838,8,0.5495,1.4731,1
s001084,heritage_strict,expert_reference_upper_bound,82.5864,19.867,8,0.1128,1.3674,3
s001085,visual_lenient,expert_reference_upper_bound,84.3199,21.0435,8,0.3898,1.5238,2
s001086,balanced,expert_reference_upper_bound,80.855,23.5994,8,0.4263,1.6322,1
s001087,construction_strict,expert_reference_upper_bound,81.3618,16.1389,8,0.1908,1.3438,2
s001088,motif_strict,expert_reference_upper_bound,85.4072,19.6106,8,0.2233,0.8989,2
s001089,heritage_strict,expert_reference_upper_bound,80.5162,20.3033,8,0.2077,0.7522,1
s001090,visual_lenient,expert_reference_upper_bound,84.4369,13.4205,8,0.2368,1.6946,3
s001091,balanced,expert_reference_upper_bound,85.0523,18.4305,8,0.4173,0.9957,1
s001092,construction_strict,expert_reference_upper_bound,81.4905,18.7633,8,0.13,1.1854,1
s001093,motif_strict,expert_reference_upper_bound,84.6768,15.8909,8,0.4505,1.5634,3
s001094,heritage_strict,expert_reference_upper_bound,79.9507,14.1675,8,0.5105,1.076,3
s001095,visual_lenient,expert_reference_upper_bound,83.5938,17.4227,8,0.489,1.5876,2
s001096,balanced,expert_reference_upper_bound,87.6535,23.4488,8,0.4653,1.6005,2
s001097,construction_strict,expert_reference_upper_bound,81.5459,20.6869,8,0.1839,1.2086,3
s001098,motif_strict,expert_reference_upper_bound,84.7901,24.0068,8,0.4946,0.5562,1
s001099,heritage_strict,expert_reference_upper_bound,83.1926,23.285,8,0.4242,0.7587,3
s001100,visual_lenient,expert_reference_upper_bound,83.0524,15.2448,8,0.3384,1.5179,1
s001101,balanced,expert_reference_upper_bound,82.9287,18.7322,8,0.3241,1.692,1
s001102,construction_strict,expert_reference_upper_bound,87.3185,26.1912,8,0.4603,0.712,1
s001103,motif_strict,expert_reference_upper_bound,86.3241,21.6606,8,0.3471,0.5719,1
s001104,heritage_strict,expert_reference_upper_bound,90.0325,26.5886,8,0.5366,0.8386,3
s001105,visual_lenient,expert_reference_upper_bound,80.4219,12.7288,8,0.104,1.0833,1
s001106,balanced,expert_reference_upper_bound,78.9818,12.1545,8,0.5063,1.5671,2
s001107,construction_strict,expert_reference_upper_bound,85.0836,22.8689,8,0.2288,0.592,3
s001108,motif_strict,expert_reference_upper_bound,77.8185,16.9248,8,0.5342,1.3185,1
s001109,heritage_strict,expert_reference_upper_bound,82.4316,21.7155,8,0.3582,1.4366,1
s001110,visual_lenient,expert_reference_upper_bound,85.0037,24.7566,8,0.4197,1.6176,2
s001111,balanced,expert_reference_upper_bound,83.409,19.6957,8,0.3929,0.6345,3
s001112,construction_strict,expert_reference_upper_bound,81.7986,20.9559,8,0.4663,1.2922,3
s001113,motif_strict,expert_reference_upper_bound,81.6301,16.1604,8,0.1029,1.6763,3
s001114,heritage_strict,expert_reference_upper_bound,81.973,21.9506,8,0.3136,1.2454,2
s001115,visual_lenient,expert_reference_upper_bound,83.0863,16.6853,8,0.3525,1.2545,1
s001116,balanced,expert_reference_upper_bound,83.199,22.1724,8,0.2464,1.4355,1
s001117,construction_strict,expert_reference_upper_bound,87.6704,28.2892,8,0.2809,0.778,3
s001118,motif_strict,expert_reference_upper_bound,77.4452,18.2657,8,0.146,0.8143,1
s001119,heritage_strict,expert_reference_upper_bound,81.4176,17.4318,8,0.3107,1.674,1
s001120,visual_lenient,expert_reference_upper_bound,81.3009,10.6455,8,0.5034,1.7476,2
s001121,balanced,expert_reference_upper_bound,82.7484,21.0652,8,0.1588,1.0767,3
s001122,construction_strict,expert_reference_upper_bound,80.8214,20.815,8,0.517,1.1882,1
s001123,motif_strict,expert_reference_upper_bound,82.9491,19.562,8,0.2325,0.7935,2
s001124,heritage_strict,expert_reference_upper_bound,84.7123,22.0095,8,0.344,1.0147,3
s001125,visual_lenient,expert_reference_upper_bound,81.8222,20.5031,8,0.2266,1.0013,1
s001126,balanced,expert_reference_upper_bound,82.7444,17.9512,8,0.2611,1.7382,2
s001127,construction_strict,expert_reference_upper_bound,84.994,22.2955,8,0.1974,1.4075,3
s001128,motif_strict,expert_reference_upper_bound,80.5028,14.6273,8,0.4679,0.9215,1
s001129,heritage_strict,expert_reference_upper_bound,86.0404,22.0717,8,0.1945,0.8975,3
s001130,visual_lenient,expert_reference_upper_bound,83.1098,17.2889,8,0.2432,1.0763,2
s001131,balanced,expert_reference_upper_bound,83.4839,17.8782,8,0.4287,1.2899,3
s001132,construction_strict,expert_reference_upper_bound,86.5681,28.4059,8,0.3604,1.1203,1
s001133,motif_strict,expert_reference_upper_bound,85.624,20.0256,8,0.2185,0.6074,2
s001134,heritage_strict,expert_reference_upper_bound,81.9839,20.7257,8,0.4402,0.7328,3
s001135,visual_lenient,expert_reference_upper_bound,85.5274,21.5578,8,0.3533,1.4445,1
s001136,balanced,expert_reference_upper_bound,84.3325,22.9185,8,0.2504,1.2148,1
s001137,construction_strict,expert_reference_upper_bound,80.8312,21.1948,8,0.1201,1.4221,2
s001138,motif_strict,expert_reference_upper_bound,79.3126,17.0392,8,0.5044,1.5891,3
s001139,heritage_strict,expert_reference_upper_bound,83.804,27.2523,8,0.2061,1.576,1
s001140,visual_lenient,expert_reference_upper_bound,82.2755,19.0315,8,0.4916,0.8278,2
s001141,balanced,expert_reference_upper_bound,86.3185,23.056,8,0.4169,1.0474,1
s001142,construction_strict,expert_reference_upper_bound,84.7394,26.2391,8,0.4104,0.5532,3
s001143,motif_strict,expert_reference_upper_bound,80.6988,17.0721,8,0.542,1.5462,1
s001144,heritage_strict,expert_reference_upper_bound,81.7602,20.8507,8,0.4178,1.5309,3
s001145,visual_lenient,expert_reference_upper_bound,84.3621,24.9378,8,0.4892,0.7403,3
s001146,balanced,expert_reference_upper_bound,84.4891,21.3153,8,0.2838,1.1209,3
s001147,construction_strict,expert_reference_upper_bound,86.6878,23.6885,8,0.2463,1.0322,1
s001148,motif_strict,expert_reference_upper_bound,81.8595,21.6838,8,0.4188,1.5522,2
s001149,heritage_strict,expert_reference_upper_bound,82.067,21.6097,8,0.3486,0.9431,1
s001150,visual_lenient,expert_reference_upper_bound,85.1124,22.4413,8,0.4242,1.361,2
s001151,balanced,expert_reference_upper_bound,86.2223,26.1396,8,0.3736,1.7043,2
s001152,construction_strict,expert_reference_upper_bound,84.7745,19.6511,8,0.381,1.7189,1
s001153,motif_strict,expert_reference_upper_bound,84.0648,19.044,8,0.351,0.6933,3
s001154,heritage_strict,expert_reference_upper_bound,84.3247,17.2198,8,0.5269,0.7177,3
s001155,visual_lenient,expert_reference_upper_bound,83.9493,20.6564,8,0.2296,1.1311,1
s001156,balanced,expert_reference_upper_bound,84.6077,22.0715,8,0.5117,0.8794,2
s001157,construction_strict,expert_reference_upper_bound,83.1764,25.0151,8,0.1838,1.5922,1
s001158,motif_strict,expert_reference_upper_bound,81.8658,18.9523,8,0.2479,1.039,3
s001159,heritage_strict,expert_reference_upper_bound,87.915,25.6291,8,0.1533,0.5703,3
s001160,visual_lenient,expert_reference_upper_bound,79.2425,16.7508,8,0.3942,1.5763,3
s001161,balanced,expert_reference_upper_bound,83.6557,20.0393,8,0.3411,1.1465,2
s001162,construction_strict,expert_reference_upper_bound,80.9098,16.1271,8,0.5158,1.6317,2
s001163,motif_strict,expert_reference_upper_bound,85.4082,22.1867,8,0.3916,1.0911,1
s001164,heritage_strict,expert_reference_upper_bound,85.9932,22.9134,8,0.4801,1.0099,3
s001165,visual_lenient,expert_reference_upper_bound,85.9065,18.5966,8,0.4039,1.2815,2
s001166,balanced,expert_reference_upper_bound,81.5398,22.3541,8,0.2647,1.488,1
s001167,construction_strict,expert_reference_upper_bound,79.8587,17.3925,8,0.5253,1.5728,2
s001168,motif_strict,expert_reference_upper_bound,84.4523,24.2775,8,0.2667,0.7882,1
s001169,heritage_strict,expert_reference_upper_bound,88.9944,27.368,8,0.4621,0.8691,1
s001170,visual_lenient,expert_reference_upper_bound,85.2698,20.8054,8,0.4896,1.1628,1
s001171,balanced,expert_reference_upper_bound,89.2394,28.4851,8,0.2986,0.5901,3
s001172,construction_strict,expert_reference_upper_bound,80.6841,18.6289,8,0.1578,0.9561,3
s001173,motif_strict,expert_reference_upper_bound,88.1538,26.6894,8,0.5366,0.999,1
s001174,heritage_strict,expert_reference_upper_bound,83.3349,18.0378,8,0.3013,1.6456,2
s001175,visual_lenient,expert_reference_upper_bound,83.7535,23.4695,8,0.4994,1.4798,2
s001176,balanced,expert_reference_upper_bound,83.3245,18.629,8,0.1661,1.7338,1
s001177,construction_strict,expert_reference_upper_bound,84.2531,23.4602,8,0.3289,1.7281,1
s001178,motif_strict,expert_reference_upper_bound,80.5822,22.2961,8,0.1309,1.3162,1
s001179,heritage_strict,expert_reference_upper_bound,84.6303,24.1447,8,0.1572,1.1929,3
s001180,visual_lenient,expert_reference_upper_bound,82.9324,20.8472,8,0.2188,1.1268,3
s001181,balanced,expert_reference_upper_bound,78.6429,15.6075,8,0.1674,1.277,3
s001182,construction_strict,expert_reference_upper_bound,85.8583,24.3671,8,0.4996,1.6694,3
s001183,motif_strict,expert_reference_upper_bound,89.3129,25.5448,8,0.1813,0.7823,3
s001184,heritage_strict,expert_reference_upper_bound,83.2799,19.7325,8,0.3148,0.812,3
s001185,visual_lenient,expert_reference_upper_bound,83.8214,20.2325,8,0.3433,1.174,3
s001186,balanced,expert_reference_upper_bound,80.86,18.4642,8,0.5106,0.9067,1
s001187,construction_strict,expert_reference_upper_bound,82.0619,16.8495,8,0.1716,1.4468,1
s001188,motif_strict,expert_reference_upper_bound,84.2901,21.9671,8,0.2616,1.2067,1
s001189,heritage_strict,expert_reference_upper_bound,80.5774,15.9755,8,0.103,1.5025,2
s001190,visual_lenient,expert_reference_upper_bound,82.8214,18.0518,8,0.2822,1.1322,2
s001191,balanced,expert_reference_upper_bound,85.5367,20.7634,8,0.1882,1.5783,2
s001192,construction_strict,expert_reference_upper_bound,86.3143,26.1701,8,0.4857,0.5849,3
s001193,motif_strict,expert_reference_upper_bound,82.9431,24.0189,8,0.446,1.683,2
s001194,heritage_strict,expert_reference_upper_bound,83.44,24.1426,8,0.2417,0.5753,3
s001195,visual_lenient,expert_reference_upper_bound,84.5901,17.8295,8,0.4535,1.1439,3
s001196,balanced,expert_reference_upper_bound,81.6116,15.2442,8,0.301,1.7393,1
s001197,construction_strict,expert_reference_upper_bound,89.7845,27.7934,8,0.5239,1.2561,3
s001198,motif_strict,expert_reference_upper_bound,82.6578,24.9644,8,0.2001,1.0963,1
s001199,heritage_strict,expert_reference_upper_bound,84.1524,25.5584,8,0.4176,0.9325,1
s001200,visual_lenient,expert_reference_upper_bound,85.0894,24.2192,8,0.4116,1.6069,1
s001201,balanced,expert_reference_upper_bound,83.7409,20.4715,8,0.3645,0.8419,1
s001202,construction_strict,expert_reference_upper_bound,83.4506,19.3657,8,0.4787,0.91,1
s001203,motif_strict,expert_reference_upper_bound,83.1349,21.6734,8,0.179,1.7036,1
s001204,heritage_strict,expert_reference_upper_bound,82.0932,13.6387,8,0.2621,1.2836,3
s001205,visual_lenient,expert_reference_upper_bound,84.9112,21.1842,8,0.2461,1.5231,2
s001206,balanced,expert_reference_upper_bound,86.5911,19.5025,8,0.3675,1.0733,3
s001207,construction_strict,expert_reference_upper_bound,79.5564,21.216,8,0.2881,1.358,3
s001208,motif_strict,expert_reference_upper_bound,83.3878,23.1669,8,0.3454,0.7001,1
s001209,heritage_strict,expert_reference_upper_bound,88.5505,28.8349,8,0.3019,0.5935,3
s001210,visual_lenient,expert_reference_upper_bound,85.8482,25.4771,8,0.356,1.7012,1
s001211,balanced,expert_reference_upper_bound,80.542,15.5146,8,0.4673,1.5643,3
s001212,construction_strict,expert_reference_upper_bound,79.644,17.2191,8,0.4018,1.1704,2
s001213,motif_strict,expert_reference_upper_bound,82.4077,22.6374,8,0.4464,1.1566,3
s001214,heritage_strict,expert_reference_upper_bound,83.4979,18.5814,8,0.1801,1.0724,3
s001215,visual_lenient,expert_reference_upper_bound,84.3791,20.7496,8,0.4178,0.8346,1
s001216,balanced,expert_reference_upper_bound,83.0023,16.8299,8,0.292,1.1532,3
s001217,construction_strict,expert_reference_upper_bound,81.672,21.9788,8,0.2135,1.5216,3
s001218,motif_strict,expert_reference_upper_bound,78.9283,14.7454,8,0.548,1.4188,1
s001219,heritage_strict,expert_reference_upper_bound,83.3598,23.8878,8,0.2087,1.4906,1
s001220,visual_lenient,expert_reference_upper_bound,84.319,20.1247,8,0.3106,0.7776,1
s001221,balanced,expert_reference_upper_bound,86.8673,22.9297,8,0.2084,0.7354,2
s001222,construction_strict,expert_reference_upper_bound,86.7289,22.3688,8,0.479,0.9322,2
s001223,motif_strict,expert_reference_upper_bound,82.3999,21.3887,8,0.2834,1.6066,1
s001224,heritage_strict,expert_reference_upper_bound,85.44,23.147,8,0.3593,1.1889,2
s001225,visual_lenient,expert_reference_upper_bound,82.995,16.5114,8,0.511,0.5727,2
s001226,balanced,expert_reference_upper_bound,81.788,16.9535,8,0.3691,1.0543,3
s001227,construction_strict,expert_reference_upper_bound,86.8465,24.7367,8,0.2923,0.7855,3
s001228,motif_strict,expert_reference_upper_bound,80.8941,17.308,8,0.2173,0.6658,2
s001229,heritage_strict,expert_reference_upper_bound,84.8211,23.738,8,0.1902,0.7936,3
s001230,visual_lenient,expert_reference_upper_bound,82.2394,18.5107,8,0.1422,0.7552,1
s001231,balanced,expert_reference_upper_bound,84.195,22.8273,8,0.2534,1.213,1
s001232,construction_strict,expert_reference_upper_bound,88.7594,28.7797,8,0.1091,1.7404,2
s001233,motif_strict,expert_reference_upper_bound,81.4752,20.8459,8,0.1176,1.0938,3
s001234,heritage_strict,expert_reference_upper_bound,85.6788,22.7433,8,0.2219,0.7416,2
s001235,visual_lenient,expert_reference_upper_bound,82.7239,19.7075,8,0.2332,1.38,1
s001236,balanced,expert_reference_upper_bound,80.299,16.8031,8,0.3883,1.3693,1
s001237,construction_strict,expert_reference_upper_bound,87.9874,22.8399,8,0.4451,0.857,3
s001238,motif_strict,expert_reference_upper_bound,83.1645,20.8585,8,0.1922,0.9981,1
s001239,heritage_strict,expert_reference_upper_bound,84.321,18.1816,8,0.2769,0.93,3
s001240,visual_lenient,expert_reference_upper_bound,81.377,23.1821,8,0.4412,1.55,2
s001241,balanced,expert_reference_upper_bound,84.5214,21.5959,8,0.3472,0.9808,2
s001242,construction_strict,expert_reference_upper_bound,86.1742,24.6394,8,0.2051,0.7083,2
s001243,motif_strict,expert_reference_upper_bound,90.6796,23.9301,8,0.3379,1.4848,2
s001244,heritage_strict,expert_reference_upper_bound,82.282,23.5382,8,0.1477,1.5616,3
s001245,visual_lenient,expert_reference_upper_bound,83.5974,17.2626,8,0.5397,1.0893,2
s001246,balanced,expert_reference_upper_bound,83.9265,21.7119,8,0.5363,0.8602,2
s001247,construction_strict,expert_reference_upper_bound,84.1984,25.724,8,0.5382,1.1959,2
s001248,motif_strict,expert_reference_upper_bound,80.8619,19.6808,8,0.2555,1.4445,2
s001249,heritage_strict,expert_reference_upper_bound,86.0351,24.6327,8,0.3326,1.006,2
s001250,visual_lenient,expert_reference_upper_bound,81.3179,14.0301,8,0.5374,1.2571,2
s001251,balanced,expert_reference_upper_bound,84.7035,25.5647,8,0.107,1.567,1
s001252,construction_strict,expert_reference_upper_bound,82.814,16.9584,8,0.4642,1.2826,2
s001253,motif_strict,expert_reference_upper_bound,83.8572,26.5307,8,0.1501,0.846,3
s001254,heritage_strict,expert_reference_upper_bound,85.7528,24.2541,8,0.3092,0.5912,1
s001255,visual_lenient,expert_reference_upper_bound,84.5715,19.3769,8,0.496,1.3204,2
s001256,balanced,expert_reference_upper_bound,82.8823,15.5704,8,0.2855,1.3706,2
s001257,construction_strict,expert_reference_upper_bound,84.5173,25.733,8,0.245,1.4967,3
s001258,motif_strict,expert_reference_upper_bound,84.4036,16.9963,8,0.2542,1.1937,1
s001259,heritage_strict,expert_reference_upper_bound,83.2587,18.9164,8,0.229,1.3592,3
s001260,visual_lenient,expert_reference_upper_bound,80.8168,15.0372,8,0.526,0.7349,3
s001261,balanced,expert_reference_upper_bound,82.768,18.7592,8,0.52,0.8112,3
s001262,construction_strict,expert_reference_upper_bound,79.6666,22.7666,8,0.5072,1.4756,2
s001263,motif_strict,expert_reference_upper_bound,75.5214,12.1569,8,0.4198,0.8013,1
s001264,heritage_strict,expert_reference_upper_bound,83.1476,25.8876,8,0.5027,1.6997,1
s001265,visual_lenient,expert_reference_upper_bound,85.5249,22.8154,8,0.3469,1.0896,2
s001266,balanced,expert_reference_upper_bound,82.3917,18.0756,8,0.2891,1.0579,2
s001267,construction_strict,expert_reference_upper_bound,80.8546,14.9189,8,0.3774,1.2207,2
s001268,motif_strict,expert_reference_upper_bound,81.1373,18.5685,8,0.1744,1.2282,3
s001269,heritage_strict,expert_reference_upper_bound,88.2524,20.7606,8,0.2115,0.7524,1
s001270,visual_lenient,expert_reference_upper_bound,89.1388,28.4873,8,0.1109,0.7173,1
s001271,balanced,expert_reference_upper_bound,79.9823,19.7584,8,0.3602,0.9229,3
s001272,construction_strict,expert_reference_upper_bound,83.2603,21.1618,8,0.1722,1.2012,2
s001273,motif_strict,expert_reference_upper_bound,81.8431,13.9508,8,0.2514,1.2723,2
s001274,heritage_strict,expert_reference_upper_bound,83.3585,19.9062,8,0.3605,0.669,1
s001275,visual_lenient,expert_reference_upper_bound,82.6683,10.9858,8,0.391,1.6199,2
s001276,balanced,expert_reference_upper_bound,82.9652,17.3782,8,0.3663,1.4535,1
s001277,construction_strict,expert_reference_upper_bound,82.8207,18.4749,8,0.2325,0.965,3
s001278,motif_strict,expert_reference_upper_bound,82.5731,22.4866,8,0.2897,1.2137,2
s001279,heritage_strict,expert_reference_upper_bound,84.0914,21.7396,8,0.4237,0.6337,3
s001280,visual_lenient,expert_reference_upper_bound,84.8434,17.7554,8,0.3768,1.2536,1
s001281,balanced,expert_reference_upper_bound,82.6076,20.1608,8,0.5369,1.4787,1
s001282,construction_strict,expert_reference_upper_bound,87.2646,24.3913,8,0.3122,0.6154,2
s001283,motif_strict,expert_reference_upper_bound,84.7566,20.257,8,0.3063,0.908,1
s001284,heritage_strict,expert_reference_upper_bound,81.7357,15.6299,8,0.1609,1.5102,1
s001285,visual_lenient,expert_reference_upper_bound,85.7315,21.4565,8,0.418,1.7368,1
s001286,balanced,expert_reference_upper_bound,85.4518,19.3816,8,0.4015,1.0788,3
s001287,construction_strict,expert_reference_upper_bound,81.7604,17.893,8,0.2962,1.3208,3
s001288,motif_strict,expert_reference_upper_bound,87.9032,23.4144,8,0.4922,1.1088,2
s001289,heritage_strict,expert_reference_upper_bound,84.2307,23.6268,8,0.143,0.702,3
s001290,visual_lenient,expert_reference_upper_bound,83.0438,21.0674,8,0.5347,1.2021,2
s001291,balanced,expert_reference_upper_bound,88.8662,28.5795,8,0.2629,0.5649,2
s001292,construction_strict,expert_reference_upper_bound,82.8506,24.3338,8,0.2031,1.2228,3
s001293,motif_strict,expert_reference_upper_bound,87.7731,27.2743,8,0.2782,1.3141,3
s001294,heritage_strict,expert_reference_upper_bound,85.1016,19.6571,8,0.2695,0.8696,1
s001295,visual_lenient,expert_reference_upper_bound,82.9457,18.2786,8,0.1897,0.582,1
s001296,balanced,expert_reference_upper_bound,84.8832,20.2517,8,0.1939,1.1706,1
s001297,construction_strict,expert_reference_upper_bound,84.2152,20.8405,8,0.482,0.8512,1
s001298,motif_strict,expert_reference_upper_bound,82.7766,14.4648,8,0.2001,1.1516,3
s001299,heritage_strict,expert_reference_upper_bound,83.4358,15.8406,8,0.3687,1.5611,3
s001300,visual_lenient,expert_reference_upper_bound,79.7295,14.8659,8,0.5497,1.6985,2
s001301,balanced,expert_reference_upper_bound,86.8517,22.9655,8,0.3079,1.0736,1
s001302,construction_strict,expert_reference_upper_bound,83.3299,20.0726,8,0.2867,1.2014,3
s001303,motif_strict,expert_reference_upper_bound,85.0558,23.8521,8,0.1308,0.5759,1
s001304,heritage_strict,expert_reference_upper_bound,81.3771,18.3432,8,0.4961,1.4128,1
s001305,visual_lenient,expert_reference_upper_bound,88.4689,25.1981,8,0.5348,1.1101,1
s001306,balanced,expert_reference_upper_bound,89.7455,25.2374,8,0.5231,1.4429,3
s001307,construction_strict,expert_reference_upper_bound,76.8562,10.2453,8,0.1623,1.357,3
s001308,motif_strict,expert_reference_upper_bound,80.3112,18.7476,8,0.2228,1.0436,2
s001309,heritage_strict,expert_reference_upper_bound,82.8689,20.9778,8,0.3177,0.8781,1
s001310,visual_lenient,expert_reference_upper_bound,84.4558,19.9839,8,0.2712,1.0312,3
s001311,balanced,expert_reference_upper_bound,82.3729,20.2119,8,0.5401,1.3375,3
s001312,construction_strict,expert_reference_upper_bound,83.4788,20.4334,8,0.475,0.7841,1
s001313,motif_strict,expert_reference_upper_bound,83.6951,16.0726,8,0.5285,1.364,1
s001314,heritage_strict,expert_reference_upper_bound,83.3383,23.3635,8,0.1418,0.6251,3
s001315,visual_lenient,expert_reference_upper_bound,85.0171,19.9641,8,0.3946,1.2703,1
s001316,balanced,expert_reference_upper_bound,84.951,23.1571,8,0.3418,1.5466,3
s001317,construction_strict,expert_reference_upper_bound,81.4175,22.5036,8,0.3233,1.6188,3
s001318,motif_strict,expert_reference_upper_bound,80.0667,16.8362,8,0.219,1.4231,2
s001319,heritage_strict,expert_reference_upper_bound,83.079,21.6652,8,0.2837,1.1452,2
s001320,visual_lenient,expert_reference_upper_bound,83.6802,19.8078,8,0.3368,1.0814,2
s001321,balanced,expert_reference_upper_bound,85.5459,23.1805,8,0.2641,1.6849,1
s001322,construction_strict,expert_reference_upper_bound,85.8203,22.5536,8,0.2248,1.0211,1
s001323,motif_strict,expert_reference_upper_bound,81.3369,18.8174,8,0.1738,0.6929,3
s001324,heritage_strict,expert_reference_upper_bound,84.1644,25.1965,8,0.4126,1.4032,3
s001325,visual_lenient,expert_reference_upper_bound,84.1653,17.6405,8,0.4586,1.2973,1
s001326,balanced,expert_reference_upper_bound,83.0248,20.5773,8,0.3149,1.0055,2
s001327,construction_strict,expert_reference_upper_bound,81.471,16.1382,8,0.3834,1.0204,1
s001328,motif_strict,expert_reference_upper_bound,81.8321,21.584,8,0.3976,0.6577,3
s001329,heritage_strict,expert_reference_upper_bound,84.8577,21.8255,8,0.5233,0.8978,2
s001330,visual_lenient,expert_reference_upper_bound,81.5653,13.5522,8,0.4331,0.8133,3
s001331,balanced,expert_reference_upper_bound,85.7658,24.0327,8,0.1541,0.706,2
s001332,construction_strict,expert_reference_upper_bound,84.9225,23.5777,8,0.1414,0.6263,3
s001333,motif_strict,expert_reference_upper_bound,84.2022,17.781,8,0.5158,1.035,2
s001334,heritage_strict,expert_reference_upper_bound,85.1236,21.8464,8,0.3794,1.4836,2
s001335,visual_lenient,expert_reference_upper_bound,85.752,18.7315,8,0.1858,0.9489,1
s001336,balanced,expert_reference_upper_bound,89.0979,29.5792,8,0.4478,0.6467,2
s001337,construction_strict,expert_reference_upper_bound,83.4616,23.274,8,0.2542,1.1025,2
s001338,motif_strict,expert_reference_upper_bound,84.884,19.4543,8,0.4649,1.3613,3
s001339,heritage_strict,expert_reference_upper_bound,84.1677,19.6466,8,0.3808,1.1457,2
s001340,visual_lenient,expert_reference_upper_bound,82.4198,22.7154,8,0.4953,1.3394,1
s001341,balanced,expert_reference_upper_bound,81.8618,20.9503,8,0.2659,0.7576,2
s001342,construction_strict,expert_reference_upper_bound,80.981,16.817,8,0.5143,1.4322,2
s001343,motif_strict,expert_reference_upper_bound,84.9425,19.8858,8,0.3335,1.6192,3
s001344,heritage_strict,expert_reference_upper_bound,81.8323,17.9861,8,0.3392,1.6409,2
s001345,visual_lenient,expert_reference_upper_bound,83.0998,18.6207,8,0.1427,0.9162,3
s001346,balanced,expert_reference_upper_bound,81.4962,19.76,8,0.316,1.7189,3
s001347,construction_strict,expert_reference_upper_bound,82.424,22.465,8,0.1802,1.2099,1
s001348,motif_strict,expert_reference_upper_bound,85.0983,23.7567,8,0.2222,0.8039,3
s001349,heritage_strict,expert_reference_upper_bound,82.5574,22.1203,8,0.4554,0.6981,1
s001350,visual_lenient,expert_reference_upper_bound,81.5229,17.8449,8,0.3625,0.9185,2
s001351,balanced,expert_reference_upper_bound,86.4963,24.0864,8,0.2066,0.5793,3
s001352,construction_strict,expert_reference_upper_bound,84.0239,21.3129,8,0.2217,1.3804,2
s001353,motif_strict,expert_reference_upper_bound,79.906,21.4628,8,0.5043,1.3575,3
s001354,heritage_strict,expert_reference_upper_bound,83.6349,19.6699,8,0.3772,0.7414,2
s001355,visual_lenient,expert_reference_upper_bound,80.3051,17.9786,8,0.2995,1.0034,3
s001356,balanced,expert_reference_upper_bound,87.4978,22.5015,8,0.1319,0.5922,2
s001357,construction_strict,expert_reference_upper_bound,80.8026,17.6741,8,0.5294,1.5114,1
s001358,motif_strict,expert_reference_upper_bound,85.9012,21.4184,8,0.3067,1.6192,1
s001359,heritage_strict,expert_reference_upper_bound,82.9697,18.6871,8,0.1873,1.2598,2
s001360,visual_lenient,expert_reference_upper_bound,81.4924,16.981,8,0.1944,1.0013,2
s001361,balanced,expert_reference_upper_bound,82.6929,21.2595,8,0.258,1.2828,3
s001362,construction_strict,expert_reference_upper_bound,86.5966,24.2377,8,0.4566,1.0403,1
s001363,motif_strict,expert_reference_upper_bound,81.0612,14.9413,8,0.1576,1.4349,1
s001364,heritage_strict,expert_reference_upper_bound,82.5661,22.263,8,0.4059,1.2611,1
s001365,visual_lenient,expert_reference_upper_bound,80.6293,18.8059,8,0.1107,0.6932,1
s001366,balanced,expert_reference_upper_bound,86.2946,20.1515,8,0.4891,1.4015,1
s001367,construction_strict,expert_reference_upper_bound,84.5652,17.2915,8,0.2691,1.3939,2
s001368,motif_strict,expert_reference_upper_bound,81.0045,17.0417,8,0.1061,1.591,3
s001369,heritage_strict,expert_reference_upper_bound,78.4985,18.7668,8,0.124,1.6882,2
s001370,visual_lenient,expert_reference_upper_bound,82.7065,21.1931,8,0.1741,1.5591,3
s001371,balanced,expert_reference_upper_bound,85.1777,21.9979,8,0.3511,0.9811,3
s001372,construction_strict,expert_reference_upper_bound,84.4401,21.4377,8,0.3093,0.6904,1
s001373,motif_strict,expert_reference_upper_bound,78.3869,11.4019,8,0.5384,1.6023,1
s001374,heritage_strict,expert_reference_upper_bound,81.4201,15.4283,8,0.4898,1.1243,1
s001375,visual_lenient,expert_reference_upper_bound,85.9771,19.7814,8,0.1555,0.7231,1
s001376,balanced,expert_reference_upper_bound,79.4132,16.7967,8,0.3225,1.0505,3
s001377,construction_strict,expert_reference_upper_bound,86.1717,20.5865,8,0.4509,1.4759,2
s001378,motif_strict,expert_reference_upper_bound,84.1515,19.0841,8,0.4458,0.5527,3
s001379,heritage_strict,expert_reference_upper_bound,82.6411,20.9766,8,0.1653,1.0079,1
s001380,visual_lenient,expert_reference_upper_bound,85.4253,24.485,8,0.2505,1.1107,3
s001381,balanced,expert_reference_upper_bound,84.7122,23.2331,8,0.3771,1.0893,2
s001382,construction_strict,expert_reference_upper_bound,82.5373,19.2135,8,0.3923,1.3312,3
s001383,motif_strict,expert_reference_upper_bound,85.3799,21.031,8,0.3789,1.6568,3
s001384,heritage_strict,expert_reference_upper_bound,84.5283,21.5946,8,0.1554,0.5754,2
s001385,visual_lenient,expert_reference_upper_bound,84.8301,22.7951,8,0.5389,0.6587,3
s001386,balanced,expert_reference_upper_bound,81.7824,17.2508,8,0.1986,1.1324,3
s001387,construction_strict,expert_reference_upper_bound,80.2624,16.6446,8,0.513,0.9493,2
s001388,motif_strict,expert_reference_upper_bound,85.4057,20.8729,8,0.529,1.0397,3
s001389,heritage_strict,expert_reference_upper_bound,80.6576,15.3835,8,0.4692,1.7227,3
s001390,visual_lenient,expert_reference_upper_bound,84.8502,20.5175,8,0.2387,1.3185,3
s001391,balanced,expert_reference_upper_bound,78.0319,12.5004,8,0.4404,1.4904,3
s001392,construction_strict,expert_reference_upper_bound,82.3507,23.2189,8,0.5384,1.2209,3
s001393,motif_strict,expert_reference_upper_bound,81.4034,15.0241,8,0.2224,1.5553,3
s001394,heritage_strict,expert_reference_upper_bound,88.2892,24.3009,8,0.447,0.7132,1
s001395,visual_lenient,expert_reference_upper_bound,83.5751,19.3916,8,0.2541,1.1112,1
s001396,balanced,expert_reference_upper_bound,88.8114,27.5624,8,0.4039,0.8432,1
s001397,construction_strict,expert_reference_upper_bound,84.5769,20.4038,8,0.4286,1.1911,3
s001398,motif_strict,expert_reference_upper_bound,83.9957,21.5318,8,0.536,1.6393,2
s001399,heritage_strict,expert_reference_upper_bound,82.4596,20.7178,8,0.2956,1.2753,1
s001400,visual_lenient,expert_reference_upper_bound,87.1951,23.6054,8,0.3731,1.0765,2
s001401,balanced,expert_reference_upper_bound,86.344,23.3942,8,0.4278,0.7887,1
s001402,construction_strict,expert_reference_upper_bound,81.9998,22.7848,8,0.4528,0.9132,3
s001403,motif_strict,expert_reference_upper_bound,81.9817,19.992,8,0.1195,0.7215,3
s001404,heritage_strict,expert_reference_upper_bound,83.9066,24.8796,8,0.5496,1.5446,2
s001405,visual_lenient,expert_reference_upper_bound,77.0077,8.0952,8,0.4035,1.235,1
s001406,balanced,expert_reference_upper_bound,79.482,16.9957,8,0.4375,1.3659,2
s001407,construction_strict,expert_reference_upper_bound,82.0488,20.8764,8,0.2575,1.4547,3
s001408,motif_strict,expert_reference_upper_bound,82.1948,18.6151,8,0.1998,1.0427,1
s001409,heritage_strict,expert_reference_upper_bound,85.0855,25.1345,8,0.5386,1.5569,2
s001410,visual_lenient,expert_reference_upper_bound,85.7146,21.5558,8,0.1266,1.1939,3
s001411,balanced,expert_reference_upper_bound,83.924,15.3932,8,0.3668,1.537,1
s001412,construction_strict,expert_reference_upper_bound,83.6222,19.4521,8,0.5243,0.8644,1
s001413,motif_strict,expert_reference_upper_bound,87.5855,24.6234,8,0.3596,1.2019,3
s001414,heritage_strict,expert_reference_upper_bound,85.3131,22.4725,8,0.4362,0.6829,1
s001415,visual_lenient,expert_reference_upper_bound,86.7084,22.9276,8,0.4409,0.6902,1
s001416,balanced,expert_reference_upper_bound,85.9246,20.9933,8,0.5255,1.0254,3
s001417,construction_strict,expert_reference_upper_bound,86.676,25.6473,8,0.2429,0.6968,3
s001418,motif_strict,expert_reference_upper_bound,82.2603,20.0854,8,0.4588,0.7842,2
s001419,heritage_strict,expert_reference_upper_bound,82.0757,17.7795,8,0.5039,1.4093,2
s001420,visual_lenient,expert_reference_upper_bound,84.0734,21.3062,8,0.1437,0.6131,3
s001421,balanced,expert_reference_upper_bound,84.4928,19.6838,8,0.2857,0.9653,2
s001422,construction_strict,expert_reference_upper_bound,81.3362,17.7976,8,0.1777,1.7247,2
s001423,motif_strict,expert_reference_upper_bound,80.7461,14.404,8,0.4847,0.9066,3
s001424,heritage_strict,expert_reference_upper_bound,82.4657,23.5361,8,0.2695,0.7089,3
s001425,visual_lenient,expert_reference_upper_bound,86.8807,22.6756,8,0.1032,0.725,2
s001426,balanced,expert_reference_upper_bound,83.4774,17.2157,8,0.2514,1.5044,2
s001427,construction_strict,expert_reference_upper_bound,82.1208,20.3605,8,0.2607,1.719,3
s001428,motif_strict,expert_reference_upper_bound,86.4256,18.9031,8,0.3397,1.4748,3
s001429,heritage_strict,expert_reference_upper_bound,84.1569,18.9434,8,0.4269,0.9298,3
s001430,visual_lenient,expert_reference_upper_bound,83.654,18.2234,8,0.5396,1.1099,2
s001431,balanced,expert_reference_upper_bound,85.4188,24.7932,8,0.5249,1.4388,2
s001432,construction_strict,expert_reference_upper_bound,83.8996,21.5975,8,0.4735,0.794,1
s001433,motif_strict,expert_reference_upper_bound,81.3338,17.6498,8,0.4368,0.9345,2
s001434,heritage_strict,expert_reference_upper_bound,80.6606,19.9457,8,0.4021,1.0656,3
s001435,visual_lenient,expert_reference_upper_bound,81.9274,17.1595,8,0.1495,0.5519,1
s001436,balanced,expert_reference_upper_bound,87.6545,26.7373,8,0.1544,0.8805,2
s001437,construction_strict,expert_reference_upper_bound,86.6248,19.5904,8,0.1192,1.5731,1
s001438,motif_strict,expert_reference_upper_bound,83.0565,20.3922,8,0.1453,0.9973,1
s001439,heritage_strict,expert_reference_upper_bound,84.0563,23.5921,8,0.1772,1.7093,1
s001440,visual_lenient,expert_reference_upper_bound,84.2122,20.897,8,0.3108,0.7243,1
s001441,balanced,expert_reference_upper_bound,85.1292,22.4714,8,0.4011,1.5157,1
s001442,construction_strict,expert_reference_upper_bound,80.8286,17.0626,8,0.548,0.6156,2
s001443,motif_strict,expert_reference_upper_bound,76.2765,15.4042,8,0.539,1.3721,1
s001444,heritage_strict,expert_reference_upper_bound,77.3096,15.6976,8,0.39,1.4011,1
s001445,visual_lenient,expert_reference_upper_bound,87.8957,22.462,8,0.1511,0.7703,1
s001446,balanced,expert_reference_upper_bound,86.7238,25.8842,8,0.3854,0.6219,2
s001447,construction_strict,expert_reference_upper_bound,86.4188,24.8457,8,0.3069,0.5609,2
s001448,motif_strict,expert_reference_upper_bound,81.7341,21.412,8,0.285,1.1825,2
s001449,heritage_strict,expert_reference_upper_bound,82.1926,22.84,8,0.3056,0.9215,1
s001450,visual_lenient,expert_reference_upper_bound,83.3023,23.0516,8,0.3278,0.9343,3
s001451,balanced,expert_reference_upper_bound,82.9469,21.9355,8,0.2246,1.4898,2
s001452,construction_strict,expert_reference_upper_bound,82.4662,22.4753,8,0.1239,1.0878,3
s001453,motif_strict,expert_reference_upper_bound,85.5756,26.1045,8,0.4999,0.621,3
s001454,heritage_strict,expert_reference_upper_bound,82.4509,18.5866,8,0.1615,0.833,2
s001455,visual_lenient,expert_reference_upper_bound,80.8287,21.8212,8,0.1675,1.2264,3
s001456,balanced,expert_reference_upper_bound,78.6189,14.3352,8,0.1856,1.748,3
s001457,construction_strict,expert_reference_upper_bound,82.0714,18.6847,8,0.2607,0.5662,2
s001458,motif_strict,expert_reference_upper_bound,77.2601,13.9556,8,0.1898,0.8245,2
s001459,heritage_strict,expert_reference_upper_bound,79.2454,18.5235,8,0.2577,1.4588,2
s001460,visual_lenient,expert_reference_upper_bound,83.3774,21.9525,8,0.2132,1.3038,3
s001461,balanced,expert_reference_upper_bound,90.1378,24.7445,8,0.2746,0.7886,1
s001462,construction_strict,expert_reference_upper_bound,81.2911,14.4642,8,0.1748,0.8017,2
s001463,motif_strict,expert_reference_upper_bound,81.4623,20.5722,8,0.1732,1.1787,2
s001464,heritage_strict,expert_reference_upper_bound,80.985,17.3896,8,0.2273,1.3769,2
s001465,visual_lenient,expert_reference_upper_bound,85.2178,20.5957,8,0.3213,1.3204,1
s001466,balanced,expert_reference_upper_bound,89.8221,27.8402,8,0.2469,0.5511,1
s001467,construction_strict,expert_reference_upper_bound,86.2467,22.9605,8,0.5158,0.7848,3
s001468,motif_strict,expert_reference_upper_bound,79.6849,19.8665,8,0.16,0.5638,3
s001469,heritage_strict,expert_reference_upper_bound,87.7193,27.3333,8,0.4238,0.9587,2
s001470,visual_lenient,expert_reference_upper_bound,81.0259,15.3818,8,0.2017,1.4122,2
s001471,balanced,expert_reference_upper_bound,81.6105,20.2097,8,0.1964,0.7724,3
s001472,construction_strict,expert_reference_upper_bound,88.4301,23.5882,8,0.1496,1.1131,1
s001473,motif_strict,expert_reference_upper_bound,82.3355,21.9249,8,0.3256,0.6884,1
s001474,heritage_strict,expert_reference_upper_bound,82.607,21.8535,8,0.4954,1.7069,1
s001475,visual_lenient,expert_reference_upper_bound,81.5875,20.4714,8,0.4972,1.1236,2
s001476,balanced,expert_reference_upper_bound,84.9163,17.7586,8,0.3532,1.3548,3
s001477,construction_strict,expert_reference_upper_bound,83.3606,19.8161,8,0.1218,1.1681,3
s001478,motif_strict,expert_reference_upper_bound,83.9521,24.0301,8,0.3064,0.597,2
s001479,heritage_strict,expert_reference_upper_bound,80.1501,14.9932,8,0.1413,1.6558,3
s001480,visual_lenient,expert_reference_upper_bound,81.0571,14.9078,8,0.4615,0.5827,1
s001481,balanced,expert_reference_upper_bound,88.1999,24.8752,8,0.5356,1.2887,2
s001482,construction_strict,expert_reference_upper_bound,86.4207,26.9457,8,0.2878,1.2698,2
s001483,motif_strict,expert_reference_upper_bound,81.9183,10.1874,8,0.2856,1.0079,3
s001484,heritage_strict,expert_reference_upper_bound,81.5649,19.1296,8,0.468,1.3476,1
s001485,visual_lenient,expert_reference_upper_bound,84.5003,20.9494,8,0.5394,0.6722,1
s001486,balanced,expert_reference_upper_bound,79.5649,19.2983,8,0.516,1.5556,1
s001487,construction_strict,expert_reference_upper_bound,82.0198,21.0031,8,0.4821,1.5346,3
s001488,motif_strict,expert_reference_upper_bound,84.8367,24.7682,8,0.371,1.6053,1
s001489,heritage_strict,expert_reference_upper_bound,82.6162,20.946,8,0.3478,1.7364,2
s001490,visual_lenient,expert_reference_upper_bound,84.8139,20.2297,8,0.1991,1.648,2
s001491,balanced,expert_reference_upper_bound,88.4236,27.1257,8,0.2373,0.9347,3
s001492,construction_strict,expert_reference_upper_bound,80.2326,19.791,8,0.4397,0.7297,1
s001493,motif_strict,expert_reference_upper_bound,82.4303,19.3185,8,0.4303,1.6345,3
s001494,heritage_strict,expert_reference_upper_bound,85.6003,25.1853,8,0.5052,1.3211,3
s001495,visual_lenient,expert_reference_upper_bound,83.3259,20.5945,8,0.4547,0.7712,2
s001496,balanced,expert_reference_upper_bound,86.466,26.7924,8,0.5296,1.4463,2
s001497,construction_strict,expert_reference_upper_bound,89.4636,24.7684,8,0.5288,1.2964,1
s001498,motif_strict,expert_reference_upper_bound,82.7958,18.6592,8,0.5244,1.493,2
s001499,heritage_strict,expert_reference_upper_bound,90.2302,25.0043,8,0.5145,0.9144,1
s001500,visual_lenient,expert_reference_upper_bound,86.3537,23.9457,8,0.2686,0.8776,2
s001501,balanced,expert_reference_upper_bound,81.3888,19.4259,8,0.5147,1.3568,2
s001502,construction_strict,expert_reference_upper_bound,85.935,24.4512,8,0.1984,1.3892,3
s001503,motif_strict,expert_reference_upper_bound,77.7002,8.6662,8,0.3868,1.6825,2
s001504,heritage_strict,expert_reference_upper_bound,83.9235,22.5809,8,0.5121,1.148,1
s001505,visual_lenient,expert_reference_upper_bound,81.583,18.6849,8,0.4083,1.0544,1
s001506,balanced,expert_reference_upper_bound,82.9651,20.2369,8,0.1162,1.654,2
s001507,construction_strict,expert_reference_upper_bound,84.6612,19.6271,8,0.2083,1.075,2
s001508,motif_strict,expert_reference_upper_bound,84.8123,22.5115,8,0.4711,1.0244,3
s001509,heritage_strict,expert_reference_upper_bound,84.1567,21.3377,8,0.2158,0.8861,1
s001510,visual_lenient,expert_reference_upper_bound,86.1828,23.4034,8,0.5296,0.9925,1
s001511,balanced,expert_reference_upper_bound,86.0024,21.6859,8,0.136,1.4365,1
s001512,construction_strict,expert_reference_upper_bound,80.4549,14.9979,8,0.512,1.4542,2
s001513,motif_strict,expert_reference_upper_bound,82.5735,17.5592,8,0.3117,0.7836,1
s001514,heritage_strict,expert_reference_upper_bound,82.711,18.857,8,0.2759,0.8462,1
s001515,visual_lenient,expert_reference_upper_bound,85.1521,24.7182,8,0.3743,0.9188,1
s001516,balanced,expert_reference_upper_bound,80.4017,13.9189,8,0.4278,1.405,1
s001517,construction_strict,expert_reference_upper_bound,80.1945,18.6817,8,0.1349,1.6617,3
s001518,motif_strict,expert_reference_upper_bound,80.4299,19.0514,8,0.1841,1.484,2
s001519,heritage_strict,expert_reference_upper_bound,83.5859,18.9438,8,0.5185,1.0499,3
s001520,visual_lenient,expert_reference_upper_bound,82.0603,14.6342,8,0.1567,1.066,1
s001521,balanced,expert_reference_upper_bound,84.5126,22.2873,8,0.5264,0.6377,3
s001522,construction_strict,expert_reference_upper_bound,81.9261,20.0123,8,0.4604,0.8255,1
s001523,motif_strict,expert_reference_upper_bound,80.6834,14.5652,8,0.3214,1.6472,1
s001524,heritage_strict,expert_reference_upper_bound,83.7117,23.7582,8,0.3282,1.0822,2
s001525,visual_lenient,expert_reference_upper_bound,84.459,20.4168,8,0.4172,1.4754,3
s001526,balanced,expert_reference_upper_bound,85.8525,23.5801,8,0.1801,1.6974,1
s001527,construction_strict,expert_reference_upper_bound,79.4585,13.0699,8,0.4235,1.6351,2
s001528,motif_strict,expert_reference_upper_bound,83.5538,18.358,8,0.4171,1.2046,3
s001529,heritage_strict,expert_reference_upper_bound,85.0976,26.5208,8,0.495,0.7058,3
s001530,visual_lenient,expert_reference_upper_bound,85.4001,16.7915,8,0.4586,1.1228,3
s001531,balanced,expert_reference_upper_bound,85.8654,23.5844,8,0.3981,1.0716,3
s001532,construction_strict,expert_reference_upper_bound,85.686,26.1908,8,0.1109,0.6736,1
s001533,motif_strict,expert_reference_upper_bound,80.1467,18.9223,8,0.3399,0.7007,2
s001534,heritage_strict,expert_reference_upper_bound,85.1532,19.8691,8,0.3534,0.7998,2
s001535,visual_lenient,expert_reference_upper_bound,80.3257,12.6412,8,0.4385,1.2837,3
s001536,balanced,expert_reference_upper_bound,85.7534,24.1263,8,0.1348,1.5534,3
s001537,construction_strict,expert_reference_upper_bound,86.5465,23.8651,8,0.3709,1.2542,1
s001538,motif_strict,expert_reference_upper_bound,81.8806,14.864,8,0.1423,1.3052,2
s001539,heritage_strict,expert_reference_upper_bound,85.9166,22.1503,8,0.3757,1.2899,3
s001540,visual_lenient,expert_reference_upper_bound,82.2822,20.2347,8,0.5062,0.872,1
s001541,balanced,expert_reference_upper_bound,84.6778,19.4094,8,0.3327,1.7323,3
s001542,construction_strict,expert_reference_upper_bound,80.6282,18.3352,8,0.3916,0.5619,1
s001543,motif_strict,expert_reference_upper_bound,81.1434,15.6783,8,0.1787,0.6747,2
s001544,heritage_strict,expert_reference_upper_bound,83.9079,23.5644,8,0.3799,0.6513,3
s001545,visual_lenient,expert_reference_upper_bound,84.7676,17.4398,8,0.4342,1.1075,2
s001546,balanced,expert_reference_upper_bound,82.1765,24.461,8,0.5413,1.27,2
s001547,construction_strict,expert_reference_upper_bound,85.5395,23.5415,8,0.4905,0.8314,2
s001548,motif_strict,expert_reference_upper_bound,82.1003,20.9982,8,0.3117,1.1237,1
s001549,heritage_strict,expert_reference_upper_bound,85.7573,23.4884,8,0.2399,0.825,1
s001550,visual_lenient,expert_reference_upper_bound,84.5375,19.8626,8,0.1208,0.9891,3
s001551,balanced,expert_reference_upper_bound,87.1773,27.6037,8,0.1292,0.5987,1
s001552,construction_strict,expert_reference_upper_bound,83.4887,21.7556,8,0.1702,0.7052,2
s001553,motif_strict,expert_reference_upper_bound,84.9576,24.3021,8,0.2208,0.7944,2
s001554,heritage_strict,expert_reference_upper_bound,83.7481,17.7885,8,0.447,1.0543,2
s001555,visual_lenient,expert_reference_upper_bound,79.5221,15.9381,8,0.4444,1.4717,2
s001556,balanced,expert_reference_upper_bound,85.5263,22.6173,8,0.4273,1.4198,2
s001557,construction_strict,expert_reference_upper_bound,82.5882,20.7994,8,0.2279,1.3974,3
s001558,motif_strict,expert_reference_upper_bound,82.8487,15.6871,8,0.483,1.4889,2
s001559,heritage_strict,expert_reference_upper_bound,83.3179,22.1225,8,0.1508,1.1623,1
s001560,visual_lenient,expert_reference_upper_bound,83.142,17.0643,8,0.5051,1.1362,2
s001561,balanced,expert_reference_upper_bound,90.0506,27.6298,8,0.4813,1.2202,3
s001562,construction_strict,expert_reference_upper_bound,82.7451,14.5313,8,0.3164,1.4748,3
s001563,motif_strict,expert_reference_upper_bound,84.6388,21.3742,8,0.4227,0.872,2
s001564,heritage_strict,expert_reference_upper_bound,84.6132,23.6434,8,0.3961,0.6806,2
s001565,visual_lenient,expert_reference_upper_bound,88.6798,26.8409,8,0.368,0.7807,2
s001566,balanced,expert_reference_upper_bound,79.7699,17.8289,8,0.3095,1.6577,2
s001567,construction_strict,expert_reference_upper_bound,84.3821,22.9845,8,0.1473,0.6999,3
s001568,motif_strict,expert_reference_upper_bound,87.1083,24.3287,8,0.413,1.1189,3
s001569,heritage_strict,expert_reference_upper_bound,83.901,19.5845,8,0.3337,1.7462,2
s001570,visual_lenient,expert_reference_upper_bound,81.5854,20.4461,8,0.2483,1.2954,2
s001571,balanced,expert_reference_upper_bound,83.2932,20.0774,8,0.1892,1.5832,2
s001572,construction_strict,expert_reference_upper_bound,85.2999,21.7573,8,0.5398,0.5714,3
s001573,motif_strict,expert_reference_upper_bound,85.5274,23.7116,8,0.2731,1.1529,1
s001574,heritage_strict,expert_reference_upper_bound,84.0386,24.4792,8,0.2532,0.6843,3
s001575,visual_lenient,expert_reference_upper_bound,86.8958,19.293,8,0.4726,0.8138,3
s001576,balanced,expert_reference_upper_bound,86.319,23.3146,8,0.4993,1.2923,2
s001577,construction_strict,expert_reference_upper_bound,85.5119,23.5263,8,0.427,1.0743,3
s001578,motif_strict,expert_reference_upper_bound,84.0138,18.9653,8,0.4006,0.6952,1
s001579,heritage_strict,expert_reference_upper_bound,83.1119,20.8622,8,0.1307,0.9782,3
s001580,visual_lenient,expert_reference_upper_bound,82.9233,20.7702,8,0.3345,0.9671,2
s001581,balanced,expert_reference_upper_bound,79.1923,16.3057,8,0.2585,1.1874,3
s001582,construction_strict,expert_reference_upper_bound,88.8163,27.2146,8,0.3865,1.2896,1
s001583,motif_strict,expert_reference_upper_bound,85.8422,22.9867,8,0.4147,0.6306,2
s001584,heritage_strict,expert_reference_upper_bound,88.4385,28.0859,8,0.2462,0.5853,2
s001585,visual_lenient,expert_reference_upper_bound,84.8844,20.0613,8,0.1464,1.034,1
s001586,balanced,expert_reference_upper_bound,81.1795,21.1505,8,0.1693,1.0308,3
s001587,construction_strict,expert_reference_upper_bound,80.163,16.423,8,0.3445,1.6753,3
s001588,motif_strict,expert_reference_upper_bound,78.7676,16.8641,8,0.4004,0.7919,2
s001589,heritage_strict,expert_reference_upper_bound,85.6452,22.7972,8,0.4759,0.7972,2
s001590,visual_lenient,expert_reference_upper_bound,84.5008,20.4658,8,0.226,1.1402,3
s001591,balanced,expert_reference_upper_bound,83.3142,17.3897,8,0.3515,0.8285,3
s001592,construction_strict,expert_reference_upper_bound,89.2767,27.8691,8,0.1233,1.3276,1
s001593,motif_strict,expert_reference_upper_bound,84.0282,21.423,8,0.3704,1.0878,1
s001594,heritage_strict,expert_reference_upper_bound,78.1844,20.2109,8,0.5148,1.5069,2
s001595,visual_lenient,expert_reference_upper_bound,82.3032,16.8784,8,0.1865,0.7728,3
s001596,balanced,expert_reference_upper_bound,86.9771,26.4037,8,0.1059,1.3056,2
s001597,construction_strict,expert_reference_upper_bound,91.0416,27.8581,8,0.3755,1.5845,2
s001598,motif_strict,expert_reference_upper_bound,81.5466,16.6885,8,0.1401,1.3868,2
s001599,heritage_strict,expert_reference_upper_bound,83.1178,19.9441,8,0.4568,0.566,2
s001600,visual_lenient,expert_reference_upper_bound,83.843,16.5272,8,0.5229,1.1977,2
s001601,balanced,expert_reference_upper_bound,89.0433,26.5665,8,0.412,1.0235,2
s001602,construction_strict,expert_reference_upper_bound,83.5662,20.4324,8,0.2214,1.69,3
s001603,motif_strict,expert_reference_upper_bound,81.9028,19.6788,8,0.416,0.5706,2
s001604,heritage_strict,expert_reference_upper_bound,80.0961,19.8799,8,0.2843,1.6012,2
s001605,visual_lenient,expert_reference_upper_bound,87.9634,22.5875,8,0.2173,1.1971,2
s001606,balanced,expert_reference_upper_bound,85.9181,27.625,8,0.268,1.2124,3
s001607,construction_strict,expert_reference_upper_bound,84.5571,23.3989,8,0.2692,1.2123,1
s001608,motif_strict,expert_reference_upper_bound,77.5589,13.5873,8,0.2901,1.4768,2
s001609,heritage_strict,expert_reference_upper_bound,79.141,15.9379,8,0.177,0.7061,2
s001610,visual_lenient,expert_reference_upper_bound,85.2485,22.3918,8,0.147,1.5357,3
s001611,balanced,expert_reference_upper_bound,80.3245,17.269,8,0.1934,1.3331,1
s001612,construction_strict,expert_reference_upper_bound,85.8766,24.377,8,0.3041,1.2472,2
s001613,motif_strict,expert_reference_upper_bound,82.7829,16.9976,8,0.1596,1.1696,2
s001614,heritage_strict,expert_reference_upper_bound,81.7986,18.1299,8,0.2849,1.5552,2
s001615,visual_lenient,expert_reference_upper_bound,85.3105,20.9052,8,0.4641,1.1942,3
s001616,balanced,expert_reference_upper_bound,82.3174,20.0722,8,0.3193,1.2296,2
s001617,construction_strict,expert_reference_upper_bound,82.1458,21.1661,8,0.287,1.6177,3
s001618,motif_strict,expert_reference_upper_bound,81.5433,19.2915,8,0.2735,1.0597,2
s001619,heritage_strict,expert_reference_upper_bound,83.2811,23.3983,8,0.1973,0.9865,2
s001620,visual_lenient,expert_reference_upper_bound,80.7739,16.288,8,0.2005,1.1862,1
s001621,balanced,expert_reference_upper_bound,88.3367,27.8887,8,0.3183,0.6735,1
s001622,construction_strict,expert_reference_upper_bound,81.6592,20.9658,8,0.4632,1.633,2
s001623,motif_strict,expert_reference_upper_bound,84.7231,17.727,8,0.5138,1.3905,2
s001624,heritage_strict,expert_reference_upper_bound,83.1932,22.395,8,0.3518,0.6962,2
s001625,visual_lenient,expert_reference_upper_bound,83.7664,20.2744,8,0.4703,1.6306,1
s001626,balanced,expert_reference_upper_bound,84.9803,21.4376,8,0.4978,0.7057,2
s001627,construction_strict,expert_reference_upper_bound,81.7336,17.168,8,0.461,0.9761,1
s001628,motif_strict,expert_reference_upper_bound,80.7754,12.9585,8,0.4175,1.1288,1
s001629,heritage_strict,expert_reference_upper_bound,81.5155,19.1333,8,0.3744,1.6353,3
s001630,visual_lenient,expert_reference_upper_bound,85.2123,23.0464,8,0.4271,0.6208,3
s001631,balanced,expert_reference_upper_bound,83.6686,24.0192,8,0.2836,1.5557,2
s001632,construction_strict,expert_reference_upper_bound,82.5119,17.0292,8,0.1068,1.6748,3
s001633,motif_strict,expert_reference_upper_bound,76.2588,15.1177,8,0.2517,0.9811,1
s001634,heritage_strict,expert_reference_upper_bound,85.0897,22.9145,8,0.1385,0.6736,1
s001635,visual_lenient,expert_reference_upper_bound,81.5067,18.8129,8,0.2609,1.2825,2
s001636,balanced,expert_reference_upper_bound,84.696,21.741,8,0.1745,1.1952,2
s001637,construction_strict,expert_reference_upper_bound,83.2033,22.6623,8,0.2346,1.6745,1
s001638,motif_strict,expert_reference_upper_bound,82.751,20.7958,8,0.3988,1.7308,3
s001639,heritage_strict,expert_reference_upper_bound,80.3684,15.7595,8,0.1433,1.2465,1
s001640,visual_lenient,expert_reference_upper_bound,82.521,18.0611,8,0.2551,0.7825,1
s001641,balanced,expert_reference_upper_bound,84.3079,22.9456,8,0.3035,0.6952,1
s001642,construction_strict,expert_reference_upper_bound,79.9481,17.3936,8,0.4755,1.5286,1
s001643,motif_strict,expert_reference_upper_bound,87.7299,24.9501,8,0.2272,0.6195,1
s001644,heritage_strict,expert_reference_upper_bound,84.6332,22.6495,8,0.2026,0.8749,3
s001645,visual_lenient,expert_reference_upper_bound,84.2849,19.6994,8,0.2926,0.8777,2
s001646,balanced,expert_reference_upper_bound,88.3331,26.6739,8,0.4455,1.5546,2
s001647,construction_strict,expert_reference_upper_bound,86.575,28.142,8,0.1997,1.0893,2
s001648,motif_strict,expert_reference_upper_bound,82.7702,22.4326,8,0.2727,1.3636,1
s001649,heritage_strict,expert_reference_upper_bound,86.3993,24.1066,8,0.3417,1.5949,3
s001650,visual_lenient,expert_reference_upper_bound,83.7788,21.9385,8,0.2087,0.9816,1
s001651,balanced,expert_reference_upper_bound,86.0724,18.8165,8,0.4314,0.5558,1
s001652,construction_strict,expert_reference_upper_bound,78.9877,16.0423,8,0.1253,1.2587,2
s001653,motif_strict,expert_reference_upper_bound,83.4255,21.046,8,0.2841,1.281,3
s001654,heritage_strict,expert_reference_upper_bound,81.8366,20.5638,8,0.5252,1.6106,2
s001655,visual_lenient,expert_reference_upper_bound,86.2241,22.1801,8,0.5393,1.5689,1
s001656,balanced,expert_reference_upper_bound,86.2394,20.902,8,0.1182,0.9808,2
s001657,construction_strict,expert_reference_upper_bound,89.2404,23.4548,8,0.1854,0.7908,2
s001658,motif_strict,expert_reference_upper_bound,85.1609,22.3948,8,0.4016,0.9095,3
s001659,heritage_strict,expert_reference_upper_bound,84.4497,25.1182,8,0.165,1.4033,3
s001660,visual_lenient,expert_reference_upper_bound,83.4651,18.4793,8,0.3349,0.826,3
s001661,balanced,expert_reference_upper_bound,81.0895,18.9816,8,0.1369,0.8474,1
s001662,construction_strict,expert_reference_upper_bound,81.1778,18.0641,8,0.106,0.7499,1
s001663,motif_strict,expert_reference_upper_bound,83.8566,22.8473,8,0.355,0.5838,2
s001664,heritage_strict,expert_reference_upper_bound,78.3987,16.2799,8,0.3601,1.3207,2
s001665,visual_lenient,expert_reference_upper_bound,80.4856,15.7133,8,0.481,1.1286,3
s001666,balanced,expert_reference_upper_bound,85.3148,21.4884,8,0.3969,0.6678,2
s001667,construction_strict,expert_reference_upper_bound,85.59,22.7137,8,0.411,0.8212,1
s001668,motif_strict,expert_reference_upper_bound,78.5214,14.5844,8,0.2356,1.4418,3
s001669,heritage_strict,expert_reference_upper_bound,84.9873,21.1781,8,0.2322,1.2053,1
s001670,visual_lenient,expert_reference_upper_bound,87.4006,24.2114,8,0.3956,0.6235,1
s001671,balanced,expert_reference_upper_bound,84.2997,18.7541,8,0.1509,1.6509,2
s001672,construction_strict,expert_reference_upper_bound,85.3456,25.4496,8,0.4298,1.2716,1
s001673,motif_strict,expert_reference_upper_bound,82.0143,24.9669,8,0.1205,1.3279,1
s001674,heritage_strict,expert_reference_upper_bound,81.2071,21.3796,8,0.4679,0.7456,3
s001675,visual_lenient,expert_reference_upper_bound,81.8314,17.4871,8,0.2256,1.5018,1
s001676,balanced,expert_reference_upper_bound,86.982,22.2019,8,0.5294,1.1717,3
s001677,construction_strict,expert_reference_upper_bound,81.8177,15.3304,8,0.3919,1.2968,2
s001678,motif_strict,expert_reference_upper_bound,83.8337,24.6863,8,0.2295,0.8995,2
s001679,heritage_strict,expert_reference_upper_bound,85.1959,20.7045,8,0.1692,0.948,2
s001680,visual_lenient,expert_reference_upper_bound,82.9985,19.6215,8,0.4151,1.533,2
s001681,balanced,expert_reference_upper_bound,80.5003,18.2708,8,0.1364,1.3286,1
s001682,construction_strict,expert_reference_upper_bound,81.8203,24.6569,8,0.1924,1.5846,2
s001683,motif_strict,expert_reference_upper_bound,84.1126,22.6954,8,0.3048,1.3956,2
s001684,heritage_strict,expert_reference_upper_bound,81.4407,20.2435,8,0.2919,1.4059,3
s001685,visual_lenient,expert_reference_upper_bound,82.5119,17.5356,8,0.3067,0.7312,1
s001686,balanced,expert_reference_upper_bound,82.2105,20.7886,8,0.2155,1.4679,2
s001687,construction_strict,expert_reference_upper_bound,84.3718,24.6722,8,0.4832,1.5859,1
s001688,motif_strict,expert_reference_upper_bound,77.497,17.9375,8,0.5451,1.1008,3
s001689,heritage_strict,expert_reference_upper_bound,88.2561,29.208,8,0.3317,0.799,1
s001690,visual_lenient,expert_reference_upper_bound,84.2403,24.4438,8,0.4134,1.4206,1
s001691,balanced,expert_reference_upper_bound,82.2136,18.4617,8,0.4627,1.303,3
s001692,construction_strict,expert_reference_upper_bound,84.2898,22.0169,8,0.4252,0.8149,1
s001693,motif_strict,expert_reference_upper_bound,82.2719,14.3725,8,0.4901,1.0723,2
s001694,heritage_strict,expert_reference_upper_bound,84.5487,23.173,8,0.369,1.0183,3
s001695,visual_lenient,expert_reference_upper_bound,84.2968,18.1132,8,0.2666,1.6098,3
s001696,balanced,expert_reference_upper_bound,86.2408,21.2661,8,0.3946,1.0909,2
s001697,construction_strict,expert_reference_upper_bound,86.5324,25.9887,8,0.1472,0.6247,3
s001698,motif_strict,expert_reference_upper_bound,82.8704,14.7992,8,0.3893,1.6818,3
s001699,heritage_strict,expert_reference_upper_bound,82.8825,18.8006,8,0.3804,1.0588,1
s001700,visual_lenient,expert_reference_upper_bound,82.0747,17.3796,8,0.4646,1.0583,3
s001701,balanced,expert_reference_upper_bound,81.3264,15.4933,8,0.2784,0.8408,2
s001702,construction_strict,expert_reference_upper_bound,86.4905,23.3453,8,0.4637,1.0035,1
s001703,motif_strict,expert_reference_upper_bound,82.2313,21.1857,8,0.5237,0.5969,1
s001704,heritage_strict,expert_reference_upper_bound,84.9724,21.4232,8,0.365,0.8061,2
s001705,visual_lenient,expert_reference_upper_bound,83.6082,15.9721,8,0.5281,1.6073,1
s001706,balanced,expert_reference_upper_bound,81.5821,16.3745,8,0.5363,0.9012,1
s001707,construction_strict,expert_reference_upper_bound,83.8498,22.3923,8,0.39,1.3092,3
s001708,motif_strict,expert_reference_upper_bound,83.3796,25.1914,8,0.2051,0.7003,2
s001709,heritage_strict,expert_reference_upper_bound,83.5994,21.7587,8,0.2285,1.6418,2
s001710,visual_lenient,expert_reference_upper_bound,83.8364,13.3449,8,0.2522,1.0528,1
s001711,balanced,expert_reference_upper_bound,85.3005,24.0539,8,0.383,0.9637,3
s001712,construction_strict,expert_reference_upper_bound,86.5674,19.8734,8,0.3946,1.7013,1
s001713,motif_strict,expert_reference_upper_bound,79.9914,21.6344,8,0.5097,1.2786,1
s001714,heritage_strict,expert_reference_upper_bound,81.7521,18.5399,8,0.4547,1.4784,2
s001715,visual_lenient,expert_reference_upper_bound,80.8483,15.3737,8,0.1299,1.6516,2
s001716,balanced,expert_reference_upper_bound,86.4378,22.4161,8,0.132,0.6514,2
s001717,construction_strict,expert_reference_upper_bound,82.5637,17.6852,8,0.2928,1.7108,1
s001718,motif_strict,expert_reference_upper_bound,84.7456,20.8446,8,0.2463,1.5332,3
s001719,heritage_strict,expert_reference_upper_bound,83.1046,20.6498,8,0.2282,1.0005,1
s001720,visual_lenient,expert_reference_upper_bound,81.5294,16.3358,8,0.4893,1.0041,1
s001721,balanced,expert_reference_upper_bound,84.994,17.5026,8,0.4712,1.1205,2
s001722,construction_strict,expert_reference_upper_bound,78.647,12.8795,8,0.1184,1.489,3
s001723,motif_strict,expert_reference_upper_bound,79.7821,14.8973,8,0.3491,1.4748,3
s001724,heritage_strict,expert_reference_upper_bound,87.7945,20.395,8,0.3217,1.5062,1
s001725,visual_lenient,expert_reference_upper_bound,86.5474,21.9893,8,0.2988,1.5374,2
s001726,balanced,expert_reference_upper_bound,81.261,19.4618,8,0.2257,1.1926,2
s001727,construction_strict,expert_reference_upper_bound,86.2698,20.6968,8,0.2485,1.3052,1
s001728,motif_strict,expert_reference_upper_bound,80.6668,17.4022,8,0.4574,1.6363,1
s001729,heritage_strict,expert_reference_upper_bound,84.6321,19.465,8,0.4414,0.9212,1
s001730,visual_lenient,expert_reference_upper_bound,81.0663,11.8617,8,0.3716,1.6505,3
s001731,balanced,expert_reference_upper_bound,84.2773,23.5232,8,0.1323,1.156,1
s001732,construction_strict,expert_reference_upper_bound,84.6914,22.9354,8,0.4556,0.6861,3
s001733,motif_strict,expert_reference_upper_bound,79.446,18.0633,8,0.1492,0.734,1
s001734,heritage_strict,expert_reference_upper_bound,86.7987,23.3745,8,0.4747,1.1576,3
s001735,visual_lenient,expert_reference_upper_bound,85.5627,21.2152,8,0.319,0.632,3
s001736,balanced,expert_reference_upper_bound,84.4789,23.2027,8,0.2326,1.5214,2
s001737,construction_strict,expert_reference_upper_bound,84.7674,24.2393,8,0.2701,0.9421,3
s001738,motif_strict,expert_reference_upper_bound,82.071,14.6909,8,0.5109,1.4133,2
s001739,heritage_strict,expert_reference_upper_bound,84.3121,22.5836,8,0.3142,0.7534,2
s001740,visual_lenient,expert_reference_upper_bound,85.6142,25.278,8,0.2643,1.0,1
s001741,balanced,expert_reference_upper_bound,79.1034,13.1569,8,0.4386,1.6856,3
s001742,construction_strict,expert_reference_upper_bound,83.6231,20.8477,8,0.3716,1.5216,2
s001743,motif_strict,expert_reference_upper_bound,82.6192,21.7455,8,0.4412,0.7953,1
s001744,heritage_strict,expert_reference_upper_bound,85.3988,22.2411,8,0.4283,0.8534,1
s001745,visual_lenient,expert_reference_upper_bound,84.756,21.781,8,0.194,0.8889,3
s001746,balanced,expert_reference_upper_bound,83.8573,17.9069,8,0.1189,0.7731,2
s001747,construction_strict,expert_reference_upper_bound,82.0766,19.8117,8,0.276,1.1225,1
s001748,motif_strict,expert_reference_upper_bound,81.0853,16.7553,8,0.2877,1.7395,2
s001749,heritage_strict,expert_reference_upper_bound,81.1323,14.0787,8,0.491,1.133,2
s001750,visual_lenient,expert_reference_upper_bound,84.7661,21.2468,8,0.266,1.0536,2
s001751,balanced,expert_reference_upper_bound,87.7719,23.8029,8,0.3778,1.5566,2
s001752,construction_strict,expert_reference_upper_bound,87.4011,23.7662,8,0.4886,0.6375,1
s001753,motif_strict,expert_reference_upper_bound,83.7691,25.5732,8,0.246,0.5601,3
s001754,heritage_strict,expert_reference_upper_bound,80.7233,18.271,8,0.2365,1.2417,1
s001755,visual_lenient,expert_reference_upper_bound,83.0157,16.6125,8,0.1008,1.3657,3
s001756,balanced,expert_reference_upper_bound,87.8116,24.9922,8,0.2147,0.579,2
s001757,construction_strict,expert_reference_upper_bound,79.8273,13.925,8,0.3917,1.4535,2
s001758,motif_strict,expert_reference_upper_bound,82.4817,20.0731,8,0.2096,1.6499,2
s001759,heritage_strict,expert_reference_upper_bound,85.0154,17.2144,8,0.5282,1.6384,3
s001760,visual_lenient,expert_reference_upper_bound,83.5645,19.0732,8,0.2594,1.7197,1
s001761,balanced,expert_reference_upper_bound,84.7597,22.6311,8,0.4984,0.969,2
s001762,construction_strict,expert_reference_upper_bound,85.5649,23.7278,8,0.4235,1.441,1
s001763,motif_strict,expert_reference_upper_bound,82.6538,23.6925,8,0.4298,1.7306,1
s001764,heritage_strict,expert_reference_upper_bound,84.619,20.3048,8,0.2605,1.2163,3
s001765,visual_lenient,expert_reference_upper_bound,87.6978,22.7009,8,0.2943,0.6541,1
s001766,balanced,expert_reference_upper_bound,84.6261,20.6952,8,0.3353,1.2258,2
s001767,construction_strict,expert_reference_upper_bound,86.8961,23.4763,8,0.1436,0.7186,3
s001768,motif_strict,expert_reference_upper_bound,83.0601,20.3326,8,0.5084,1.4497,1
s001769,heritage_strict,expert_reference_upper_bound,80.292,20.7345,8,0.1947,1.352,1
s001770,visual_lenient,expert_reference_upper_bound,81.496,18.705,8,0.2328,0.6951,3
s001771,balanced,expert_reference_upper_bound,82.4413,21.3023,8,0.4716,1.7127,1
s001772,construction_strict,expert_reference_upper_bound,81.3794,15.891,8,0.405,1.6819,3
s001773,motif_strict,expert_reference_upper_bound,85.2463,17.1581,8,0.1438,1.2274,1
s001774,heritage_strict,expert_reference_upper_bound,81.4407,16.4886,8,0.5226,1.6195,1
s001775,visual_lenient,expert_reference_upper_bound,85.168,17.8127,8,0.1517,1.676,2
s001776,balanced,expert_reference_upper_bound,83.3686,21.0783,8,0.459,0.8656,3
s001777,construction_strict,expert_reference_upper_bound,85.1083,18.8894,8,0.506,1.6692,2
s001778,motif_strict,expert_reference_upper_bound,79.0378,19.2106,8,0.1228,1.2759,1
s001779,heritage_strict,expert_reference_upper_bound,84.6179,20.179,8,0.2992,1.2995,1
s001780,visual_lenient,expert_reference_upper_bound,86.0671,24.0245,8,0.2639,0.9387,2
s001781,balanced,expert_reference_upper_bound,86.3247,26.4458,8,0.2157,1.2333,2
s001782,construction_strict,expert_reference_upper_bound,80.9948,15.8699,8,0.455,1.3329,2
s001783,motif_strict,expert_reference_upper_bound,84.8218,20.6478,8,0.45,0.8505,1
s001784,heritage_strict,expert_reference_upper_bound,87.2064,27.2622,8,0.2199,0.7651,3
s001785,visual_lenient,expert_reference_upper_bound,84.5504,25.3121,8,0.542,1.33,2
s001786,balanced,expert_reference_upper_bound,84.0011,22.586,8,0.1627,1.1818,1
s001787,construction_strict,expert_reference_upper_bound,82.6889,20.581,8,0.1189,0.8341,1
s001788,motif_strict,expert_reference_upper_bound,84.5108,20.4224,8,0.4388,0.8935,1
s001789,heritage_strict,expert_reference_upper_bound,84.2055,19.8495,8,0.2005,0.9882,3
s001790,visual_lenient,expert_reference_upper_bound,83.2091,21.638,8,0.5213,0.8889,3
s001791,balanced,expert_reference_upper_bound,86.0713,26.5366,8,0.3656,0.7359,2
s001792,construction_strict,expert_reference_upper_bound,85.3064,23.5241,8,0.4554,0.5673,1
s001793,motif_strict,expert_reference_upper_bound,82.6486,15.1142,8,0.2268,0.8641,2
s001794,heritage_strict,expert_reference_upper_bound,84.5248,21.1646,8,0.4354,1.3516,1
s001795,visual_lenient,expert_reference_upper_bound,88.4355,23.4849,8,0.324,1.1071,3
s001796,balanced,expert_reference_upper_bound,82.4625,14.8802,8,0.3593,1.5777,1
s001797,construction_strict,expert_reference_upper_bound,82.9496,17.541,8,0.1313,1.2104,3
s001798,motif_strict,expert_reference_upper_bound,82.6393,19.8636,8,0.4094,0.8253,2
s001799,heritage_strict,expert_reference_upper_bound,87.0794,16.9003,8,0.5462,1.4589,2
s001800,visual_lenient,expert_reference_upper_bound,82.6282,14.6466,8,0.4046,1.7452,1
s001801,balanced,expert_reference_upper_bound,87.9627,19.3218,8,0.2978,1.671,1
s001802,construction_strict,expert_reference_upper_bound,84.1369,22.8713,8,0.4154,0.8357,1
s001803,motif_strict,expert_reference_upper_bound,77.7869,12.3919,8,0.13,1.5032,2
s001804,heritage_strict,expert_reference_upper_bound,85.7228,22.7684,8,0.5249,0.8643,1
s001805,visual_lenient,expert_reference_upper_bound,87.0469,19.4549,8,0.4152,0.8138,2
s001806,balanced,expert_reference_upper_bound,85.3457,21.1396,8,0.4399,0.943,1
s001807,construction_strict,expert_reference_upper_bound,83.5504,24.7339,8,0.3137,0.9128,2
s001808,motif_strict,expert_reference_upper_bound,82.0106,20.2047,8,0.2067,1.2143,1
s001809,heritage_strict,expert_reference_upper_bound,82.5487,21.6884,8,0.1721,0.7955,2
s001810,visual_lenient,expert_reference_upper_bound,85.8897,25.3806,8,0.2621,0.8449,3
s001811,balanced,expert_reference_upper_bound,83.8376,17.5539,8,0.4848,0.7022,1
s001812,construction_strict,expert_reference_upper_bound,89.0284,22.8316,8,0.4562,1.1294,2
s001813,motif_strict,expert_reference_upper_bound,80.2467,14.3048,8,0.3898,0.7368,3
s001814,heritage_strict,expert_reference_upper_bound,84.1103,21.657,8,0.4971,1.6941,1
s001815,visual_lenient,expert_reference_upper_bound,80.099,12.3104,8,0.4123,1.3863,1
s001816,balanced,expert_reference_upper_bound,84.3852,23.7057,8,0.369,1.2813,1
s001817,construction_strict,expert_reference_upper_bound,85.1507,18.587,8,0.3054,1.3891,1
s001818,motif_strict,expert_reference_upper_bound,86.1467,21.273,8,0.4697,0.8358,1
s001819,heritage_strict,expert_reference_upper_bound,84.3323,17.9545,8,0.2585,1.4512,3
s001820,visual_lenient,expert_reference_upper_bound,82.4525,15.6881,8,0.1076,1.4286,2
s001821,balanced,expert_reference_upper_bound,87.6585,28.2709,8,0.4179,1.6395,1
s001822,construction_strict,expert_reference_upper_bound,83.2629,21.1143,8,0.2166,0.6859,1
s001823,motif_strict,expert_reference_upper_bound,82.0967,18.2154,8,0.2967,1.6793,1
s001824,heritage_strict,expert_reference_upper_bound,84.9482,22.6293,8,0.3936,1.2221,3
s001825,visual_lenient,expert_reference_upper_bound,82.2986,17.1662,8,0.4184,1.4923,1
s001826,balanced,expert_reference_upper_bound,80.2437,17.7907,8,0.4515,0.7154,3
s001827,construction_strict,expert_reference_upper_bound,83.0566,25.6608,8,0.3736,1.3132,2
s001828,motif_strict,expert_reference_upper_bound,81.6889,20.6533,8,0.1546,0.9162,2
s001829,heritage_strict,expert_reference_upper_bound,77.2571,16.0288,8,0.4158,1.3806,2
s001830,visual_lenient,expert_reference_upper_bound,83.2369,19.4429,8,0.2267,1.6881,1
s001831,balanced,expert_reference_upper_bound,84.7163,22.8297,8,0.515,0.7935,3
s001832,construction_strict,expert_reference_upper_bound,83.0227,16.8177,8,0.2353,1.5202,3
s001833,motif_strict,expert_reference_upper_bound,82.8623,20.8538,8,0.3508,0.9836,2
s001834,heritage_strict,expert_reference_upper_bound,83.8492,22.1436,8,0.2411,1.0282,3
s001835,visual_lenient,expert_reference_upper_bound,81.711,15.9688,8,0.4885,1.1213,3
s001836,balanced,expert_reference_upper_bound,84.8641,20.7301,8,0.3061,0.9919,3
s001837,construction_strict,expert_reference_upper_bound,84.3602,20.6892,8,0.2948,1.0043,1
s001838,motif_strict,expert_reference_upper_bound,88.0214,24.7712,8,0.4013,1.0006,3
s001839,heritage_strict,expert_reference_upper_bound,83.6964,21.9118,8,0.5109,1.336,1
s001840,visual_lenient,expert_reference_upper_bound,83.6808,22.3334,8,0.1484,1.3229,3
s001841,balanced,expert_reference_upper_bound,86.3807,24.9555,8,0.5323,0.7058,1
s001842,construction_strict,expert_reference_upper_bound,83.0877,22.1632,8,0.3432,1.2951,3
s001843,motif_strict,expert_reference_upper_bound,84.0417,19.1912,8,0.2125,0.901,3
s001844,heritage_strict,expert_reference_upper_bound,85.0803,22.8808,8,0.2389,0.9382,3
s001845,visual_lenient,expert_reference_upper_bound,82.6232,21.7379,8,0.278,1.4428,3
s001846,balanced,expert_reference_upper_bound,88.3117,28.8601,8,0.1321,0.5584,1
s001847,construction_strict,expert_reference_upper_bound,82.0217,22.7362,8,0.2193,0.6677,3
s001848,motif_strict,expert_reference_upper_bound,83.6576,20.9968,8,0.277,0.6261,2
s001849,heritage_strict,expert_reference_upper_bound,83.8839,19.5579,8,0.1635,1.3494,2
s001850,visual_lenient,expert_reference_upper_bound,82.0801,18.7679,8,0.2192,0.9324,3
s001851,balanced,expert_reference_upper_bound,83.9874,21.1482,8,0.3573,1.247,3
s001852,construction_strict,expert_reference_upper_bound,83.7243,21.4594,8,0.1258,1.1999,2
s001853,motif_strict,expert_reference_upper_bound,83.1018,17.1346,8,0.237,0.963,2
s001854,heritage_strict,expert_reference_upper_bound,86.4082,27.31,8,0.4429,0.7218,3
s001855,visual_lenient,expert_reference_upper_bound,81.3122,19.0231,8,0.4605,1.3465,1
s001856,balanced,expert_reference_upper_bound,84.3013,22.9234,8,0.2426,1.2205,2
s001857,construction_strict,expert_reference_upper_bound,85.7041,19.6687,8,0.5408,1.5647,1
s001858,motif_strict,expert_reference_upper_bound,86.1509,24.2137,8,0.5217,1.2618,2
s001859,heritage_strict,expert_reference_upper_bound,85.9243,27.1352,8,0.1341,0.771,3
s001860,visual_lenient,expert_reference_upper_bound,85.1579,23.3137,8,0.4695,1.5151,1
s001861,balanced,expert_reference_upper_bound,83.7986,27.9375,8,0.3613,1.5649,2
s001862,construction_strict,expert_reference_upper_bound,87.6937,27.531,8,0.3515,0.7551,1
s001863,motif_strict,expert_reference_upper_bound,88.0782,27.0563,8,0.4964,0.7034,3
s001864,heritage_strict,expert_reference_upper_bound,82.8649,18.8464,8,0.4387,1.7092,3
s001865,visual_lenient,expert_reference_upper_bound,82.7227,20.5773,8,0.4313,0.7118,3
s001866,balanced,expert_reference_upper_bound,89.2953,25.5652,8,0.422,0.7597,2
s001867,construction_strict,expert_reference_upper_bound,79.5181,14.6754,8,0.3261,1.0837,3
s001868,motif_strict,expert_reference_upper_bound,80.1805,13.9813,8,0.1087,0.6196,1
s001869,heritage_strict,expert_reference_upper_bound,88.5563,26.3027,8,0.1988,0.7241,2
s001870,visual_lenient,expert_reference_upper_bound,83.7102,21.8846,8,0.1024,1.6538,3
s001871,balanced,expert_reference_upper_bound,79.6301,16.1669,8,0.5114,1.6194,3
s001872,construction_strict,expert_reference_upper_bound,84.4994,22.1176,8,0.3181,1.5474,1
s001873,motif_strict,expert_reference_upper_bound,82.5683,23.483,8,0.5057,1.5935,2
s001874,heritage_strict,expert_reference_upper_bound,80.3895,14.124,8,0.1383,1.3885,3
s001875,visual_lenient,expert_reference_upper_bound,86.8317,19.5431,8,0.4372,1.343,2
s001876,balanced,expert_reference_upper_bound,84.3007,20.1743,8,0.1558,1.3317,3
s001877,construction_strict,expert_reference_upper_bound,82.8285,21.4599,8,0.4416,0.7486,1
s001878,motif_strict,expert_reference_upper_bound,81.469,18.892,8,0.3664,1.2403,1
s001879,heritage_strict,expert_reference_upper_bound,86.8889,23.1371,8,0.2073,0.7252,2
s001880,visual_lenient,expert_reference_upper_bound,83.0005,18.6367,8,0.1081,0.6981,1
s001881,balanced,expert_reference_upper_bound,81.5456,20.6348,8,0.5272,1.5503,2
s001882,construction_strict,expert_reference_upper_bound,86.2169,23.7606,8,0.2508,0.6989,2
s001883,motif_strict,expert_reference_upper_bound,84.3767,24.9086,8,0.1706,1.0929,3
s001884,heritage_strict,expert_reference_upper_bound,81.904,19.8251,8,0.4584,1.4251,1
s001885,visual_lenient,expert_reference_upper_bound,83.6344,18.7653,8,0.5226,1.1387,1
s001886,balanced,expert_reference_upper_bound,84.1074,21.2466,8,0.4395,0.996,1
s001887,construction_strict,expert_reference_upper_bound,82.298,26.7237,8,0.3281,0.9073,2
s001888,motif_strict,expert_reference_upper_bound,82.6675,21.8401,8,0.183,1.391,1
s001889,heritage_strict,expert_reference_upper_bound,87.768,26.1411,8,0.1439,0.8088,2
s001890,visual_lenient,expert_reference_upper_bound,84.2655,25.1384,8,0.4524,0.8623,1
s001891,balanced,expert_reference_upper_bound,85.2008,22.0856,8,0.1683,0.9138,1
s001892,construction_strict,expert_reference_upper_bound,75.6887,10.3336,8,0.2132,1.3391,3
s001893,motif_strict,expert_reference_upper_bound,85.3041,19.6338,8,0.4438,0.7765,3
s001894,heritage_strict,expert_reference_upper_bound,84.9019,21.3458,8,0.3279,0.9437,2
s001895,visual_lenient,expert_reference_upper_bound,81.1816,16.518,8,0.2385,0.9693,2
s001896,balanced,expert_reference_upper_bound,84.974,26.1325,8,0.5287,0.7292,3
s001897,construction_strict,expert_reference_upper_bound,81.5882,19.1586,8,0.2543,1.4136,2
s001898,motif_strict,expert_reference_upper_bound,85.5877,20.1797,8,0.3484,0.6304,3
s001899,heritage_strict,expert_reference_upper_bound,85.1332,15.5472,8,0.4589,1.744,3
s001900,visual_lenient,expert_reference_upper_bound,86.1294,22.3855,8,0.357,1.5705,1
s001901,balanced,expert_reference_upper_bound,84.2691,21.4658,8,0.2853,0.7445,1
s001902,construction_strict,expert_reference_upper_bound,85.5655,22.5268,8,0.3194,1.7424,2
s001903,motif_strict,expert_reference_upper_bound,81.9493,16.2996,8,0.4215,1.7451,1
s001904,heritage_strict,expert_reference_upper_bound,81.6706,21.9393,8,0.3649,1.2992,3
s001905,visual_lenient,expert_reference_upper_bound,82.7671,16.2392,8,0.1464,1.4402,2
s001906,balanced,expert_reference_upper_bound,81.1363,16.5087,8,0.3491,1.537,3
s001907,construction_strict,expert_reference_upper_bound,84.1673,24.9614,8,0.4129,0.6715,3
s001908,motif_strict,expert_reference_upper_bound,81.1704,20.7251,8,0.3756,0.8836,1
s001909,heritage_strict,expert_reference_upper_bound,84.0719,17.1028,8,0.1323,1.4735,3
s001910,visual_lenient,expert_reference_upper_bound,86.7621,20.3999,8,0.5315,1.0362,3
s001911,balanced,expert_reference_upper_bound,84.135,22.5218,8,0.1321,1.235,2
s001912,construction_strict,expert_reference_upper_bound,85.2945,21.8614,8,0.1666,1.2204,1
s001913,motif_strict,expert_reference_upper_bound,85.6247,24.7028,8,0.389,0.7394,3
s001914,heritage_strict,expert_reference_upper_bound,79.9291,20.5733,8,0.2237,1.5812,1
s001915,visual_lenient,expert_reference_upper_bound,87.7949,24.0386,8,0.5195,0.9048,1
s001916,balanced,expert_reference_upper_bound,86.6883,24.0447,8,0.2032,1.1646,3
s001917,construction_strict,expert_reference_upper_bound,86.3871,22.8033,8,0.477,1.719,3
s001918,motif_strict,expert_reference_upper_bound,81.1126,16.1266,8,0.4458,1.688,1
s001919,heritage_strict,expert_reference_upper_bound,88.4348,28.2956,8,0.1975,0.9828,1
s001920,visual_lenient,expert_reference_upper_bound,80.5192,15.9884,8,0.3301,1.3714,3
s001921,balanced,expert_reference_upper_bound,81.3975,17.3184,8,0.388,1.0029,3
s001922,construction_strict,expert_reference_upper_bound,83.1115,21.7997,8,0.3696,0.9616,3
s001923,motif_strict,expert_reference_upper_bound,85.2003,25.973,8,0.4254,0.7579,2
s001924,heritage_strict,expert_reference_upper_bound,83.3945,21.2321,8,0.4465,0.876,1
s001925,visual_lenient,expert_reference_upper_bound,82.8138,17.0831,8,0.2697,1.1337,3
s001926,balanced,expert_reference_upper_bound,81.4101,20.1057,8,0.2085,0.8242,3
s001927,construction_strict,expert_reference_upper_bound,75.5282,13.698,8,0.4491,1.2898,2
s001928,motif_strict,expert_reference_upper_bound,82.4044,19.5874,8,0.4435,1.4991,2
s001929,heritage_strict,expert_reference_upper_bound,84.4936,18.557,8,0.1553,0.8013,2
s001930,visual_lenient,expert_reference_upper_bound,85.3073,18.162,8,0.4432,1.2987,3
s001931,balanced,expert_reference_upper_bound,87.5619,26.5972,8,0.4141,1.2355,1
s001932,construction_strict,expert_reference_upper_bound,81.8217,17.4085,8,0.4415,1.1983,2
s001933,motif_strict,expert_reference_upper_bound,79.8068,14.4009,8,0.1889,0.9534,1
s001934,heritage_strict,expert_reference_upper_bound,84.1018,23.5577,8,0.481,1.7336,3
s001935,visual_lenient,expert_reference_upper_bound,81.1476,16.5503,8,0.3035,0.6146,2
s001936,balanced,expert_reference_upper_bound,87.6378,26.8333,8,0.3734,0.5733,3
s001937,construction_strict,expert_reference_upper_bound,82.185,18.7181,8,0.1169,1.6365,2
s001938,motif_strict,expert_reference_upper_bound,81.3643,17.6721,8,0.3818,1.0125,1
s001939,heritage_strict,expert_reference_upper_bound,85.4054,25.5253,8,0.1893,0.6976,3
s001940,visual_lenient,expert_reference_upper_bound,85.784,23.1296,8,0.3846,0.9266,3
s001941,balanced,expert_reference_upper_bound,83.4491,16.6678,8,0.3017,1.4153,2
s001942,construction_strict,expert_reference_upper_bound,84.3305,21.6906,8,0.4658,1.2288,1
s001943,motif_strict,expert_reference_upper_bound,85.3656,28.5983,8,0.1432,0.7618,2
s001944,heritage_strict,expert_reference_upper_bound,78.2483,9.8577,8,0.4544,1.7369,2
s001945,visual_lenient,expert_reference_upper_bound,78.3183,12.6939,8,0.328,1.4343,1
s001946,balanced,expert_reference_upper_bound,80.3757,17.525,8,0.1128,1.5296,2
s001947,construction_strict,expert_reference_upper_bound,78.1246,15.6169,8,0.1562,1.3539,3
s001948,motif_strict,expert_reference_upper_bound,76.0925,14.6855,8,0.1882,0.9888,1
s001949,heritage_strict,expert_reference_upper_bound,84.8188,22.0943,8,0.2679,0.7477,1
s001950,visual_lenient,expert_reference_upper_bound,84.4932,18.9207,8,0.2922,1.1952,2
s001951,balanced,expert_reference_upper_bound,85.2889,21.4336,8,0.224,1.2683,2
s001952,construction_strict,expert_reference_upper_bound,81.2278,17.2478,8,0.4997,1.0372,1
s001953,motif_strict,expert_reference_upper_bound,85.4539,25.0229,8,0.4897,0.6043,2
s001954,heritage_strict,expert_reference_upper_bound,86.9681,22.497,8,0.2214,1.0082,1
s001955,visual_lenient,expert_reference_upper_bound,80.9812,17.7856,8,0.1846,1.2365,2
s001956,balanced,expert_reference_upper_bound,84.0213,19.573,8,0.4446,1.7148,3
s001957,construction_strict,expert_reference_upper_bound,85.537,26.7036,8,0.116,0.8858,1
s001958,motif_strict,expert_reference_upper_bound,86.7448,20.8537,8,0.4811,1.1064,2
s001959,heritage_strict,expert_reference_upper_bound,82.1914,19.3271,8,0.2566,1.4437,3
s001960,visual_lenient,expert_reference_upper_bound,83.9772,22.2955,8,0.1474,0.5838,2
s001961,balanced,expert_reference_upper_bound,83.4641,17.0192,8,0.3226,1.348,2
s001962,construction_strict,expert_reference_upper_bound,83.0589,19.0931,8,0.3992,0.9942,1
s001963,motif_strict,expert_reference_upper_bound,82.1231,21.1135,8,0.2072,0.6706,2
s001964,heritage_strict,expert_reference_upper_bound,83.5171,22.0247,8,0.3223,1.697,1
s001965,visual_lenient,expert_reference_upper_bound,82.4178,19.9959,8,0.1065,1.4709,2
s001966,balanced,expert_reference_upper_bound,81.7918,18.165,8,0.1246,1.7143,3
s001967,construction_strict,expert_reference_upper_bound,83.3629,20.6218,8,0.5419,1.0123,1
s001968,motif_strict,expert_reference_upper_bound,81.4678,18.0156,8,0.2467,1.5877,3
s001969,heritage_strict,expert_reference_upper_bound,81.7859,14.7042,8,0.1895,1.2958,3
s001970,visual_lenient,expert_reference_upper_bound,83.3483,14.3463,8,0.1016,1.2371,2
s001971,balanced,expert_reference_upper_bound,87.5157,26.1585,8,0.5461,0.9628,1
s001972,construction_strict,expert_reference_upper_bound,80.9941,16.3459,8,0.2212,0.7169,1
s001973,motif_strict,expert_reference_upper_bound,83.4395,19.1606,8,0.4993,0.8359,2
s001974,heritage_strict,expert_reference_upper_bound,80.7282,17.1476,8,0.421,1.6454,1
s001975,visual_lenient,expert_reference_upper_bound,85.1847,21.9111,8,0.1506,0.7329,2
s001976,balanced,expert_reference_upper_bound,85.0093,25.6906,8,0.4,1.2587,2
s001977,construction_strict,expert_reference_upper_bound,87.8326,23.1164,8,0.3895,0.8721,1
s001978,motif_strict,expert_reference_upper_bound,84.8565,23.1302,8,0.3093,1.3827,3
s001979,heritage_strict,expert_reference_upper_bound,82.0948,15.0059,8,0.1304,1.5239,2
s001980,visual_lenient,expert_reference_upper_bound,81.4997,18.4603,8,0.3583,0.6055,3
s001981,balanced,expert_reference_upper_bound,84.1561,22.8726,8,0.5424,1.0178,3
s001982,construction_strict,expert_reference_upper_bound,82.0903,22.0947,8,0.1917,1.6487,3
s001983,motif_strict,expert_reference_upper_bound,81.8159,20.6021,8,0.5223,1.3582,2
s001984,heritage_strict,expert_reference_upper_bound,82.4852,17.4281,8,0.3631,1.5331,3
s001985,visual_lenient,expert_reference_upper_bound,80.9054,21.5998,8,0.4651,1.3446,1
s001986,balanced,expert_reference_upper_bound,84.9421,24.3522,8,0.2539,1.3142,2
s001987,construction_strict,expert_reference_upper_bound,82.5386,20.4818,8,0.3707,1.2061,3
s001988,motif_strict,expert_reference_upper_bound,83.9486,21.7781,8,0.3173,0.7484,2
s001989,heritage_strict,expert_reference_upper_bound,79.7246,18.6189,8,0.4652,1.3667,2
s001990,visual_lenient,expert_reference_upper_bound,86.1616,22.337,8,0.4972,1.7344,1
s001991,balanced,expert_reference_upper_bound,82.7565,19.6986,8,0.1914,0.8047,2
s001992,construction_strict,expert_reference_upper_bound,79.1957,17.3596,8,0.4735,1.5429,3
s001993,motif_strict,expert_reference_upper_bound,85.198,16.3227,8,0.3042,1.0192,2
s001994,heritage_strict,expert_reference_upper_bound,80.8256,18.1925,8,0.3357,0.8892,2
s001995,visual_lenient,expert_reference_upper_bound,83.756,15.6979,8,0.1889,1.6487,1
s001996,balanced,expert_reference_upper_bound,80.312,18.1402,8,0.131,1.6524,1
s001997,construction_strict,expert_reference_upper_bound,83.8965,20.6931,8,0.3837,1.5464,2
s001998,motif_strict,expert_reference_upper_bound,84.5391,20.1968,8,0.5448,1.2332,3
s001999,heritage_strict,expert_reference_upper_bound,83.7287,25.1753,8,0.5104,1.1189,3
s002000,visual_lenient,expert_reference_upper_bound,85.0435,23.6276,8,0.3913,0.9236,1
s002001,balanced,expert_reference_upper_bound,84.3492,22.2941,8,0.2154,0.819,2
s002002,construction_strict,expert_reference_upper_bound,86.4078,25.4816,8,0.2382,0.8596,1
s002003,motif_strict,expert_reference_upper_bound,79.3975,17.6943,8,0.1494,1.2167,3
s002004,heritage_strict,expert_reference_upper_bound,84.5827,18.9183,8,0.3161,1.3771,3
s002005,visual_lenient,expert_reference_upper_bound,82.3421,19.5608,8,0.1927,1.3468,3
s002006,balanced,expert_reference_upper_bound,86.3771,25.0871,8,0.3566,0.576,3
s002007,construction_strict,expert_reference_upper_bound,86.1251,20.9859,8,0.1391,1.0789,2
s002008,motif_strict,expert_reference_upper_bound,81.4189,19.4303,8,0.2113,1.659,2
s002009,heritage_strict,expert_reference_upper_bound,81.4277,24.2686,8,0.5342,1.4788,1
s002010,visual_lenient,expert_reference_upper_bound,82.8557,18.964,8,0.5217,1.6419,3
s002011,balanced,expert_reference_upper_bound,81.93,21.3321,8,0.1439,1.5333,1
s002012,construction_strict,expert_reference_upper_bound,79.4412,18.1251,8,0.3643,1.1876,1
s002013,motif_strict,expert_reference_upper_bound,78.9332,12.0648,8,0.426,0.7389,3
s002014,heritage_strict,expert_reference_upper_bound,80.2808,21.1113,8,0.4392,0.8209,3
s002015,visual_lenient,expert_reference_upper_bound,80.384,14.8333,8,0.3666,0.9061,3
s002016,balanced,expert_reference_upper_bound,82.5159,18.3457,8,0.1203,0.7817,1
s002017,construction_strict,expert_reference_upper_bound,83.5644,21.1926,8,0.4506,0.6504,1
s002018,motif_strict,expert_reference_upper_bound,79.6595,15.8173,8,0.1106,0.7637,2
s002019,heritage_strict,expert_reference_upper_bound,85.3022,27.0909,8,0.3137,0.9287,1
s002020,visual_lenient,expert_reference_upper_bound,81.9151,21.4761,8,0.5023,0.5796,3
s002021,balanced,expert_reference_upper_bound,79.7264,17.9888,8,0.3812,1.448,2
s002022,construction_strict,expert_reference_upper_bound,85.731,21.8993,8,0.4804,1.1526,3
s002023,motif_strict,expert_reference_upper_bound,82.5158,22.8197,8,0.4105,0.665,3
s002024,heritage_strict,expert_reference_upper_bound,81.8924,20.2524,8,0.5371,1.057,1
s002025,visual_lenient,expert_reference_upper_bound,85.6272,25.0304,8,0.3707,0.723,1
s002026,balanced,expert_reference_upper_bound,85.0844,17.5483,8,0.1954,1.0652,2
s002027,construction_strict,expert_reference_upper_bound,85.5206,22.9062,8,0.1919,1.3435,2
s002028,motif_strict,expert_reference_upper_bound,82.0892,15.1522,8,0.4443,1.7255,2
s002029,heritage_strict,expert_reference_upper_bound,85.2601,21.4281,8,0.4318,0.5503,2
s002030,visual_lenient,expert_reference_upper_bound,85.3053,21.047,8,0.2806,1.3654,3
s002031,balanced,expert_reference_upper_bound,85.7891,24.2596,8,0.4448,0.6234,3
s002032,construction_strict,expert_reference_upper_bound,83.6128,24.2251,8,0.3514,1.1019,1
s002033,motif_strict,expert_reference_upper_bound,83.2901,20.6721,8,0.4705,1.0962,1
s002034,heritage_strict,expert_reference_upper_bound,85.2813,23.6375,8,0.112,0.7583,2
s002035,visual_lenient,expert_reference_upper_bound,88.7298,26.3161,8,0.3177,1.0589,1
s002036,balanced,expert_reference_upper_bound,86.4044,23.359,8,0.1379,1.5853,2
s002037,construction_strict,expert_reference_upper_bound,78.4521,11.0448,8,0.4994,1.2723,2
s002038,motif_strict,expert_reference_upper_bound,88.625,25.3276,8,0.219,1.6065,1
s002039,heritage_strict,expert_reference_upper_bound,81.5452,20.2796,8,0.3115,1.7142,3
s002040,visual_lenient,expert_reference_upper_bound,84.7142,21.9656,8,0.3969,0.6212,3
s002041,balanced,expert_reference_upper_bound,84.1376,20.0057,8,0.1937,0.9742,3
s002042,construction_strict,expert_reference_upper_bound,77.6289,14.9272,8,0.1611,1.4539,2
s002043,motif_strict,expert_reference_upper_bound,80.2585,17.9614,8,0.4433,1.5656,3
s002044,heritage_strict,expert_reference_upper_bound,82.5764,16.9255,8,0.2464,1.6873,2
s002045,visual_lenient,expert_reference_upper_bound,85.7283,21.1288,8,0.2606,1.1219,2
s002046,balanced,expert_reference_upper_bound,84.8843,19.58,8,0.2692,1.4542,2
s002047,construction_strict,expert_reference_upper_bound,84.5983,22.2692,8,0.2092,0.9254,2
s002048,motif_strict,expert_reference_upper_bound,82.3466,17.6065,8,0.1199,1.6579,1
s002049,heritage_strict,expert_reference_upper_bound,79.8946,18.1279,8,0.291,1.6267,2
s002050,visual_lenient,expert_reference_upper_bound,83.9402,17.4769,8,0.2996,1.3938,3
s002051,balanced,expert_reference_upper_bound,84.2667,20.1865,8,0.1151,0.7675,1
s002052,construction_strict,expert_reference_upper_bound,84.3432,17.9299,8,0.5406,1.0544,3
s002053,motif_strict,expert_reference_upper_bound,86.1363,26.9255,8,0.4803,1.1616,2
s002054,heritage_strict,expert_reference_upper_bound,84.5879,23.2111,8,0.1095,1.5681,2
s002055,visual_lenient,expert_reference_upper_bound,81.9254,13.6446,8,0.2971,1.7458,1
s002056,balanced,expert_reference_upper_bound,80.1732,15.717,8,0.2009,0.7818,3
s002057,construction_strict,expert_reference_upper_bound,82.5451,22.6218,8,0.3365,0.8783,2
s002058,motif_strict,expert_reference_upper_bound,79.7572,19.4021,8,0.2436,1.0774,2
s002059,heritage_strict,expert_reference_upper_bound,81.2247,13.5896,8,0.2823,1.7346,1
s002060,visual_lenient,expert_reference_upper_bound,85.1912,15.7987,8,0.1869,1.035,3
s002061,balanced,expert_reference_upper_bound,84.1931,16.6716,8,0.2414,1.5091,2
s002062,construction_strict,expert_reference_upper_bound,83.8512,18.567,8,0.2529,1.5861,1
s002063,motif_strict,expert_reference_upper_bound,84.731,28.232,8,0.4085,1.6246,1
s002064,heritage_strict,expert_reference_upper_bound,77.6945,15.3572,8,0.4503,0.6806,1
s002065,visual_lenient,expert_reference_upper_bound,84.5361,21.2497,8,0.1774,0.757,1
s002066,balanced,expert_reference_upper_bound,84.5194,21.2928,8,0.3158,1.6057,1
s002067,construction_strict,expert_reference_upper_bound,83.2493,20.7177,8,0.2063,1.2936,2
s002068,motif_strict,expert_reference_upper_bound,86.1419,24.9069,8,0.5063,1.1058,1
s002069,heritage_strict,expert_reference_upper_bound,86.0077,24.9731,8,0.1827,0.5827,3
s002070,visual_lenient,expert_reference_upper_bound,80.349,13.2695,8,0.1993,1.7258,3
s002071,balanced,expert_reference_upper_bound,84.6051,19.959,8,0.5134,1.0253,1
s002072,construction_strict,expert_reference_upper_bound,86.0557,25.9173,8,0.2726,1.1933,2
s002073,motif_strict,expert_reference_upper_bound,81.1223,19.2472,8,0.1729,0.8153,1
s002074,heritage_strict,expert_reference_upper_bound,84.6455,22.3784,8,0.4988,0.7085,3
s002075,visual_lenient,expert_reference_upper_bound,88.3021,25.7282,8,0.5085,0.6546,1
s002076,balanced,expert_reference_upper_bound,78.7361,11.3976,8,0.3517,1.248,1
s002077,construction_strict,expert_reference_upper_bound,83.061,19.5508,8,0.4469,0.8464,3
s002078,motif_strict,expert_reference_upper_bound,83.3197,23.854,8,0.1378,1.7257,3
s002079,heritage_strict,expert_reference_upper_bound,87.3692,23.5202,8,0.3061,1.0485,1
s002080,visual_lenient,expert_reference_upper_bound,80.5359,13.5597,8,0.2799,0.9276,2
s002081,balanced,expert_reference_upper_bound,81.5824,17.9367,8,0.2649,1.4978,3
s002082,construction_strict,expert_reference_upper_bound,81.2403,16.8538,8,0.1102,1.498,3
s002083,motif_strict,expert_reference_upper_bound,84.4664,20.8865,8,0.1541,0.6858,1
s002084,heritage_strict,expert_reference_upper_bound,85.4643,23.5907,8,0.2801,0.6277,1
s002085,visual_lenient,expert_reference_upper_bound,84.1849,16.6279,8,0.198,0.7027,2
s002086,balanced,expert_reference_upper_bound,85.7817,21.5051,8,0.3664,1.5895,3
s002087,construction_strict,expert_reference_upper_bound,90.0817,27.0824,8,0.5312,0.5675,2
s002088,motif_strict,expert_reference_upper_bound,86.216,28.3487,8,0.2189,0.756,1
s002089,heritage_strict,expert_reference_upper_bound,86.1455,22.8478,8,0.3068,0.756,1
s002090,visual_lenient,expert_reference_upper_bound,85.3471,22.7241,8,0.2788,0.8208,2
s002091,balanced,expert_reference_upper_bound,84.7779,19.2642,8,0.5179,1.4258,2
s002092,construction_strict,expert_reference_upper_bound,86.6041,24.7549,8,0.5245,0.5617,1
s002093,motif_strict,expert_reference_upper_bound,82.2932,17.234,8,0.1934,0.5815,3
s002094,heritage_strict,expert_reference_upper_bound,81.2677,20.2184,8,0.1203,1.1929,1
s002095,visual_lenient,expert_reference_upper_bound,79.3677,15.8404,8,0.4064,0.9963,2
s002096,balanced,expert_reference_upper_bound,81.2589,19.4268,8,0.5039,1.328,1
s002097,construction_strict,expert_reference_upper_bound,79.4332,17.1107,8,0.1083,0.7053,2
s002098,motif_strict,expert_reference_upper_bound,84.7332,21.3772,8,0.4729,1.3866,1
s002099,heritage_strict,expert_reference_upper_bound,79.4642,13.7398,8,0.3827,1.6114,3
s002100,visual_lenient,expert_reference_upper_bound,86.2278,24.361,8,0.2384,0.6099,2
s002101,balanced,expert_reference_upper_bound,82.1769,19.3815,8,0.2968,1.125,2
s002102,construction_strict,expert_reference_upper_bound,86.677,23.4202,8,0.4578,1.5538,2
s002103,motif_strict,expert_reference_upper_bound,80.4567,16.4433,8,0.4185,0.5714,3
s002104,heritage_strict,expert_reference_upper_bound,86.6741,21.4247,8,0.205,1.0756,3
s002105,visual_lenient,expert_reference_upper_bound,79.7779,19.8671,8,0.4789,1.1465,2
s002106,balanced,expert_reference_upper_bound,80.3091,16.0747,8,0.1579,1.6121,3
s002107,construction_strict,expert_reference_upper_bound,84.8972,22.0629,8,0.3722,1.0115,2
s002108,motif_strict,expert_reference_upper_bound,80.5563,18.738,8,0.2075,1.268,2
s002109,heritage_strict,expert_reference_upper_bound,82.85,19.3347,8,0.3076,1.4079,1
s002110,visual_lenient,expert_reference_upper_bound,82.2591,16.3166,8,0.389,1.2019,2
s002111,balanced,expert_reference_upper_bound,82.9283,23.5668,8,0.2458,1.1644,2
s002112,construction_strict,expert_reference_upper_bound,90.671,27.4898,8,0.5087,0.8148,1
s002113,motif_strict,expert_reference_upper_bound,84.3212,17.3343,8,0.4521,1.7186,3
s002114,heritage_strict,expert_reference_upper_bound,87.5643,27.2028,8,0.2886,1.3582,2
s002115,visual_lenient,expert_reference_upper_bound,81.2646,16.0931,8,0.485,0.732,2
s002116,balanced,expert_reference_upper_bound,82.6526,22.8965,8,0.296,1.7278,2
s002117,construction_strict,expert_reference_upper_bound,81.0439,22.5949,8,0.3667,1.111,2
s002118,motif_strict,expert_reference_upper_bound,81.5445,18.7428,8,0.4754,0.6578,1
s002119,heritage_strict,expert_reference_upper_bound,79.1962,16.0321,8,0.5387,1.4014,3
s002120,visual_lenient,expert_reference_upper_bound,82.7775,15.5259,8,0.1254,1.2549,1
s002121,balanced,expert_reference_upper_bound,83.1638,17.0435,8,0.4356,0.9356,1
s002122,construction_strict,expert_reference_upper_bound,84.893,19.0784,8,0.2079,1.1077,3
s002123,motif_strict,expert_reference_upper_bound,85.1606,22.4341,8,0.4727,1.4559,1
s002124,heritage_strict,expert_reference_upper_bound,88.7115,24.8688,8,0.1249,1.1942,1
s002125,visual_lenient,expert_reference_upper_bound,80.6484,18.6073,8,0.4046,0.8342,1
s002126,balanced,expert_reference_upper_bound,76.1226,10.7583,8,0.1744,1.481,3
s002127,construction_strict,expert_reference_upper_bound,83.23,20.6272,8,0.1194,1.3213,1
s002128,motif_strict,expert_reference_upper_bound,82.5362,23.0006,8,0.4956,0.7777,1
s002129,heritage_strict,expert_reference_upper_bound,81.5912,16.0191,8,0.362,1.0268,3
s002130,visual_lenient,expert_reference_upper_bound,84.0764,19.6165,8,0.1309,1.0948,3
s002131,balanced,expert_reference_upper_bound,83.8999,22.1362,8,0.3758,0.8979,3
s002132,construction_strict,expert_reference_upper_bound,84.4158,21.0753,8,0.1945,1.1208,1
s002133,motif_strict,expert_reference_upper_bound,80.4985,16.8922,8,0.1689,0.8813,2
s002134,heritage_strict,expert_reference_upper_bound,81.1978,12.496,8,0.128,1.451,3
s002135,visual_lenient,expert_reference_upper_bound,81.5757,17.1909,8,0.2189,0.9607,2
s002136,balanced,expert_reference_upper_bound,85.3958,23.4937,8,0.1608,0.8522,2
s002137,construction_strict,expert_reference_upper_bound,83.1651,17.2511,8,0.148,1.4981,2
s002138,motif_strict,expert_reference_upper_bound,82.5334,18.0999,8,0.2677,0.9828,3
s002139,heritage_strict,expert_reference_upper_bound,84.0597,19.4052,8,0.1694,1.6256,2
s002140,visual_lenient,expert_reference_upper_bound,84.2026,20.3059,8,0.2248,0.8596,1
s002141,balanced,expert_reference_upper_bound,86.3566,23.4585,8,0.263,1.4524,2
s002142,construction_strict,expert_reference_upper_bound,81.9014,15.3489,8,0.1471,1.6212,1
s002143,motif_strict,expert_reference_upper_bound,80.7238,19.6232,8,0.4891,0.8556,3
s002144,heritage_strict,expert_reference_upper_bound,79.6897,20.8379,8,0.102,1.1009,2
s002145,visual_lenient,expert_reference_upper_bound,83.8813,16.0299,8,0.3146,1.1296,3
s002146,balanced,expert_reference_upper_bound,84.2072,19.2691,8,0.4118,1.184,2
s002147,construction_strict,expert_reference_upper_bound,87.2275,23.4963,8,0.4213,1.3888,1
s002148,motif_strict,expert_reference_upper_bound,83.2282,22.3302,8,0.5133,0.8719,1
s002149,heritage_strict,expert_reference_upper_bound,78.1672,17.9215,8,0.4467,1.1471,2
s002150,visual_lenient,expert_reference_upper_bound,88.0737,24.3724,8,0.1183,1.2594,1
s002151,balanced,expert_reference_upper_bound,81.0788,14.0354,8,0.4704,1.5896,3
s002152,construction_strict,expert_reference_upper_bound,78.0692,15.2009,8,0.3783,1.4997,1
s002153,motif_strict,expert_reference_upper_bound,85.8068,20.5655,8,0.2213,0.6348,2
s002154,heritage_strict,expert_reference_upper_bound,92.3786,26.7871,8,0.5487,0.9442,2
s002155,visual_lenient,expert_reference_upper_bound,81.3554,17.9286,8,0.4458,1.0293,3
s002156,balanced,expert_reference_upper_bound,84.9411,19.4389,8,0.2995,1.4291,2
s002157,construction_strict,expert_reference_upper_bound,81.5254,15.5179,8,0.529,1.4272,1
s002158,motif_strict,expert_reference_upper_bound,82.6021,20.6035,8,0.3793,0.9483,1
s002159,heritage_strict,expert_reference_upper_bound,87.0862,28.6438,8,0.3074,0.8265,3
s002160,visual_lenient,expert_reference_upper_bound,78.7288,17.5481,8,0.2191,0.9172,3
s002161,balanced,expert_reference_upper_bound,85.3668,25.7846,8,0.4649,1.1383,2
s002162,construction_strict,expert_reference_upper_bound,85.6514,20.1676,8,0.448,1.678,2
s002163,motif_strict,expert_reference_upper_bound,80.0366,23.0639,8,0.3969,0.8277,1
s002164,heritage_strict,expert_reference_upper_bound,80.6236,19.1029,8,0.517,1.2504,2
s002165,visual_lenient,expert_reference_upper_bound,83.8504,20.582,8,0.3275,0.7023,2
s002166,balanced,expert_reference_upper_bound,78.8522,17.0188,8,0.3156,1.5256,1
s002167,construction_strict,expert_reference_upper_bound,88.2915,24.382,8,0.3276,1.1749,1
s002168,motif_strict,expert_reference_upper_bound,83.7276,22.7015,8,0.1252,1.3291,2
s002169,heritage_strict,expert_reference_upper_bound,83.7878,21.8389,8,0.3117,0.569,1
s002170,visual_lenient,expert_reference_upper_bound,83.4382,17.7001,8,0.3986,0.948,3
s002171,balanced,expert_reference_upper_bound,83.1975,24.2304,8,0.5498,1.03,1
s002172,construction_strict,expert_reference_upper_bound,82.4689,15.5622,8,0.1306,1.3779,3
s002173,motif_strict,expert_reference_upper_bound,85.2005,22.0385,8,0.4674,0.7327,2
s002174,heritage_strict,expert_reference_upper_bound,79.9339,10.4463,8,0.4157,1.4144,2
s002175,visual_lenient,expert_reference_upper_bound,87.1004,23.8484,8,0.3064,0.9493,1
s002176,balanced,expert_reference_upper_bound,83.8856,21.0345,8,0.5286,1.2589,3
s002177,construction_strict,expert_reference_upper_bound,85.4106,23.5387,8,0.1291,1.1066,3
s002178,motif_strict,expert_reference_upper_bound,80.789,19.5743,8,0.3862,1.3468,2
s002179,heritage_strict,expert_reference_upper_bound,77.6557,12.8056,8,0.1361,1.0761,2
s002180,visual_lenient,expert_reference_upper_bound,84.9339,22.1971,8,0.3389,1.1564,1
s002181,balanced,expert_reference_upper_bound,81.9883,18.9605,8,0.4944,1.6991,3
s002182,construction_strict,expert_reference_upper_bound,84.8575,20.5324,8,0.2179,1.3132,3
s002183,motif_strict,expert_reference_upper_bound,82.2229,23.1895,8,0.2651,1.705,2
s002184,heritage_strict,expert_reference_upper_bound,82.9776,23.7265,8,0.3515,1.4618,3
s002185,visual_lenient,expert_reference_upper_bound,89.2049,24.918,8,0.5097,0.9852,3
s002186,balanced,expert_reference_upper_bound,83.6793,16.735,8,0.5113,1.4824,2
s002187,construction_strict,expert_reference_upper_bound,87.1319,27.311,8,0.4205,0.8222,1
s002188,motif_strict,expert_reference_upper_bound,85.0832,19.6765,8,0.4693,1.1298,1
s002189,heritage_strict,expert_reference_upper_bound,83.2098,21.9539,8,0.3986,0.8605,1
s002190,visual_lenient,expert_reference_upper_bound,81.9613,19.7218,8,0.3988,0.8129,3
s002191,balanced,expert_reference_upper_bound,78.0242,15.1549,8,0.3258,0.8973,1
s002192,construction_strict,expert_reference_upper_bound,82.551,25.5108,8,0.4543,1.4235,3
s002193,motif_strict,expert_reference_upper_bound,81.225,14.4292,8,0.1404,1.5479,1
s002194,heritage_strict,expert_reference_upper_bound,83.5894,17.5486,8,0.2211,1.3287,2
s002195,visual_lenient,expert_reference_upper_bound,80.9208,16.3663,8,0.1196,1.4151,1
s002196,balanced,expert_reference_upper_bound,81.9765,20.2196,8,0.2662,1.4996,2
s002197,construction_strict,expert_reference_upper_bound,82.5442,23.2324,8,0.2072,1.1025,3
s002198,motif_strict,expert_reference_upper_bound,82.778,24.6934,8,0.3719,1.1819,3
s002199,heritage_strict,expert_reference_upper_bound,79.7536,17.9405,8,0.3347,0.9658,2
s002200,visual_lenient,expert_reference_upper_bound,81.0354,15.7207,8,0.3239,1.406,1
s002201,balanced,expert_reference_upper_bound,85.1953,15.8816,8,0.4257,0.8641,1
s002202,construction_strict,expert_reference_upper_bound,85.7486,24.3362,8,0.3284,1.0117,3
s002203,motif_strict,expert_reference_upper_bound,81.8239,21.4031,8,0.438,1.284,3
s002204,heritage_strict,expert_reference_upper_bound,87.9892,26.3177,8,0.5404,1.1729,2
s002205,visual_lenient,expert_reference_upper_bound,85.0537,20.1328,8,0.1139,0.867,2
s002206,balanced,expert_reference_upper_bound,82.3579,18.2238,8,0.4327,1.2315,1
s002207,construction_strict,expert_reference_upper_bound,85.0493,21.0096,8,0.5225,0.8233,1
s002208,motif_strict,expert_reference_upper_bound,83.9071,19.2535,8,0.3704,0.6892,3
s002209,heritage_strict,expert_reference_upper_bound,87.5632,24.0156,8,0.3652,1.2864,2
s002210,visual_lenient,expert_reference_upper_bound,84.3643,16.8745,8,0.3292,1.5127,3
s002211,balanced,expert_reference_upper_bound,85.1139,19.5292,8,0.1592,0.9031,3
s002212,construction_strict,expert_reference_upper_bound,84.8353,24.2214,8,0.5028,0.9766,3
s002213,motif_strict,expert_reference_upper_bound,79.7756,12.5932,8,0.2857,1.1307,1
s002214,heritage_strict,expert_reference_upper_bound,84.3786,22.123,8,0.422,0.588,1
s002215,visual_lenient,expert_reference_upper_bound,83.8928,18.7764,8,0.1668,1.2113,3
s002216,balanced,expert_reference_upper_bound,82.3528,17.6144,8,0.524,1.351,1
s002217,construction_strict,expert_reference_upper_bound,84.5999,26.1469,8,0.3077,0.5645,1
s002218,motif_strict,expert_reference_upper_bound,81.1241,17.7093,8,0.3201,0.7667,2
s002219,heritage_strict,expert_reference_upper_bound,84.7465,21.2926,8,0.188,1.3345,3
s002220,visual_lenient,expert_reference_upper_bound,86.8377,15.7543,8,0.1937,1.5144,2
s002221,balanced,expert_reference_upper_bound,82.888,17.1802,8,0.3016,1.4779,1
s002222,construction_strict,expert_reference_upper_bound,86.1494,20.1734,8,0.107,1.2301,3
s002223,motif_strict,expert_reference_upper_bound,83.9926,19.8282,8,0.2748,0.7052,3
s002224,heritage_strict,expert_reference_upper_bound,83.9098,20.0524,8,0.4239,1.0407,2
s002225,visual_lenient,expert_reference_upper_bound,88.0619,26.5118,8,0.4801,0.5737,2
s002226,balanced,expert_reference_upper_bound,85.0616,25.1071,8,0.2456,0.907,3
s002227,construction_strict,expert_reference_upper_bound,81.5688,18.8287,8,0.4042,1.577,3
s002228,motif_strict,expert_reference_upper_bound,84.0006,19.5746,8,0.2538,1.098,1
s002229,heritage_strict,expert_reference_upper_bound,84.7045,19.9303,8,0.1831,1.6012,3
s002230,visual_lenient,expert_reference_upper_bound,79.3142,12.633,8,0.4685,0.805,2
s002231,balanced,expert_reference_upper_bound,84.4763,25.0118,8,0.1161,1.3673,1
s002232,construction_strict,expert_reference_upper_bound,78.3396,16.4386,8,0.2328,1.4055,3
s002233,motif_strict,expert_reference_upper_bound,73.6393,14.4883,8,0.4749,1.6491,2
s002234,heritage_strict,expert_reference_upper_bound,83.1408,22.5714,8,0.1859,0.7649,1
s002235,visual_lenient,expert_reference_upper_bound,86.5906,21.1433,8,0.2438,1.4093,2
s002236,balanced,expert_reference_upper_bound,80.4154,15.741,8,0.5082,1.3475,2
s002237,construction_strict,expert_reference_upper_bound,87.9814,27.4471,8,0.2555,1.335,3
s002238,motif_strict,expert_reference_upper_bound,82.3497,21.2943,8,0.5108,0.882,3
s002239,heritage_strict,expert_reference_upper_bound,81.7354,23.1221,8,0.5056,1.2452,3
s002240,visual_lenient,expert_reference_upper_bound,89.5377,18.4616,8,0.4606,1.3959,3
s002241,balanced,expert_reference_upper_bound,81.8937,19.555,8,0.3234,0.9223,1
s002242,construction_strict,expert_reference_upper_bound,82.7186,20.7264,8,0.2627,0.8446,3
s002243,motif_strict,expert_reference_upper_bound,80.5057,18.1146,8,0.3234,1.0409,2
s002244,heritage_strict,expert_reference_upper_bound,77.0287,11.6971,8,0.188,1.3871,2
s002245,visual_lenient,expert_reference_upper_bound,85.8673,23.4312,8,0.5461,1.6744,2
s002246,balanced,expert_reference_upper_bound,83.1854,13.3382,8,0.3006,1.6414,2
s002247,construction_strict,expert_reference_upper_bound,83.295,21.6313,8,0.26,0.5508,1
s002248,motif_strict,expert_reference_upper_bound,82.6851,16.7972,8,0.2608,1.6468,2
s002249,heritage_strict,expert_reference_upper_bound,82.7685,25.023,8,0.3715,0.9892,1
s002250,visual_lenient,expert_reference_upper_bound,80.9832,17.0355,8,0.26,1.5493,1
s002251,balanced,expert_reference_upper_bound,86.711,22.3662,8,0.4522,0.5699,1
s002252,construction_strict,expert_reference_upper_bound,81.0777,16.5782,8,0.5249,0.7209,1
s002253,motif_strict,expert_reference_upper_bound,80.5345,16.0449,8,0.2405,1.2871,3
s002254,heritage_strict,expert_reference_upper_bound,81.1127,18.3532,8,0.1847,0.8588,3
s002255,visual_lenient,expert_reference_upper_bound,86.0011,25.0469,8,0.2137,1.1141,3
s002256,balanced,expert_reference_upper_bound,86.5534,23.3876,8,0.4474,1.5314,1
s002257,construction_strict,expert_reference_upper_bound,83.1859,23.0417,8,0.377,1.4262,2
s002258,motif_strict,expert_reference_upper_bound,80.629,17.4491,8,0.11,1.5406,1
s002259,heritage_strict,expert_reference_upper_bound,82.1052,21.538,8,0.3098,1.0046,2
s002260,visual_lenient,expert_reference_upper_bound,87.9065,25.6231,8,0.3873,0.6761,3
s002261,balanced,expert_reference_upper_bound,84.9365,20.9372,8,0.1374,0.8762,3
s002262,construction_strict,expert_reference_upper_bound,86.0592,24.0509,8,0.3326,1.2708,3
s002263,motif_strict,expert_reference_upper_bound,86.8045,22.5272,8,0.2655,0.9335,1
s002264,heritage_strict,expert_reference_upper_bound,77.2967,14.6677,8,0.3595,1.1881,1
s002265,visual_lenient,expert_reference_upper_bound,78.4528,15.6352,8,0.4463,1.3819,1
s002266,balanced,expert_reference_upper_bound,84.2222,25.7814,8,0.263,1.3325,2
s002267,construction_strict,expert_reference_upper_bound,84.3533,23.9347,8,0.1534,1.0955,2
s002268,motif_strict,expert_reference_upper_bound,83.4501,12.5147,8,0.2862,1.686,3
s002269,heritage_strict,expert_reference_upper_bound,85.7827,18.5124,8,0.3873,1.4894,1
s002270,visual_lenient,expert_reference_upper_bound,87.0151,21.6219,8,0.1876,0.7685,1
s002271,balanced,expert_reference_upper_bound,85.0486,26.8349,8,0.4769,1.1361,3
s002272,construction_strict,expert_reference_upper_bound,80.6526,17.8588,8,0.3336,0.8293,1
s002273,motif_strict,expert_reference_upper_bound,84.8986,21.0452,8,0.4631,1.1341,1
s002274,heritage_strict,expert_reference_upper_bound,84.5542,21.8731,8,0.3406,1.4083,3
s002275,visual_lenient,expert_reference_upper_bound,84.2811,20.9201,8,0.4402,0.5799,3
s002276,balanced,expert_reference_upper_bound,87.4464,23.4796,8,0.1124,1.5209,3
s002277,construction_strict,expert_reference_upper_bound,80.7518,20.07,8,0.3119,1.6573,2
s002278,motif_strict,expert_reference_upper_bound,82.1118,17.5201,8,0.4717,1.5486,3
s002279,heritage_strict,expert_reference_upper_bound,82.2712,16.1776,8,0.2257,1.6557,1
s002280,visual_lenient,expert_reference_upper_bound,79.6653,15.03,8,0.1148,0.8808,3
s002281,balanced,expert_reference_upper_bound,82.4916,20.7885,8,0.5462,1.3926,1
s002282,construction_strict,expert_reference_upper_bound,79.8237,19.6767,8,0.3722,1.6298,3
s002283,motif_strict,expert_reference_upper_bound,83.0888,16.0545,8,0.4374,1.5733,2
s002284,heritage_strict,expert_reference_upper_bound,84.5528,24.1648,8,0.1765,1.6194,2
s002285,visual_lenient,expert_reference_upper_bound,85.973,23.6957,8,0.3922,1.307,2
s002286,balanced,expert_reference_upper_bound,82.3664,21.8808,8,0.1264,0.8576,1
s002287,construction_strict,expert_reference_upper_bound,90.6064,27.6418,8,0.5141,1.7084,1
s002288,motif_strict,expert_reference_upper_bound,84.213,19.0055,8,0.4251,1.1159,3
s002289,heritage_strict,expert_reference_upper_bound,81.4266,17.3883,8,0.1124,1.3437,1
s002290,visual_lenient,expert_reference_upper_bound,79.945,16.9261,8,0.2637,0.9918,1
s002291,balanced,expert_reference_upper_bound,79.8434,17.4074,8,0.4894,1.5402,3
s002292,construction_strict,expert_reference_upper_bound,87.2653,25.3454,8,0.3981,0.829,3
s002293,motif_strict,expert_reference_upper_bound,83.7951,22.2311,8,0.5136,0.893,2
s002294,heritage_strict,expert_reference_upper_bound,83.3116,20.8715,8,0.4529,1.5234,3
s002295,visual_lenient,expert_reference_upper_bound,81.4295,14.8753,8,0.3139,1.6924,2
s002296,balanced,expert_reference_upper_bound,87.1876,24.4703,8,0.5355,1.4667,1
s002297,construction_strict,expert_reference_upper_bound,85.0065,23.3513,8,0.3004,0.6004,1
s002298,motif_strict,expert_reference_upper_bound,81.6454,14.8898,8,0.39,1.5206,1
s002299,heritage_strict,expert_reference_upper_bound,84.8989,22.4738,8,0.1344,0.868,1
s002300,visual_lenient,expert_reference_upper_bound,84.0138,19.7706,8,0.2639,0.5819,1
s002301,balanced,expert_reference_upper_bound,83.3342,21.2154,8,0.2712,1.1092,2
s002302,construction_strict,expert_reference_upper_bound,86.9043,23.5729,8,0.4325,0.6108,3
s002303,motif_strict,expert_reference_upper_bound,83.4961,17.9151,8,0.3813,1.7392,1
s002304,heritage_strict,expert_reference_upper_bound,83.0033,17.494,8,0.53,1.015,2
s002305,visual_lenient,expert_reference_upper_bound,83.3088,19.6229,8,0.3907,1.0797,2
s002306,balanced,expert_reference_upper_bound,84.6945,21.5774,8,0.2277,1.5562,3
s002307,construction_strict,expert_reference_upper_bound,88.5395,21.8057,8,0.4646,0.74,1
s002308,motif_strict,expert_reference_upper_bound,84.3398,22.0947,8,0.544,1.5528,3
s002309,heritage_strict,expert_reference_upper_bound,84.164,22.162,8,0.2087,0.8609,2
s002310,visual_lenient,expert_reference_upper_bound,85.2772,23.9834,8,0.5095,1.4796,3
s002311,balanced,expert_reference_upper_bound,81.8055,19.6528,8,0.1146,0.8465,2
s002312,construction_strict,expert_reference_upper_bound,87.5755,28.3638,8,0.1218,0.8861,1
s002313,motif_strict,expert_reference_upper_bound,81.6366,13.4215,8,0.3672,1.3644,2
s002314,heritage_strict,expert_reference_upper_bound,86.5629,22.8281,8,0.5002,1.4701,1
s002315,visual_lenient,expert_reference_upper_bound,80.0233,17.9134,8,0.3971,1.2894,1
s002316,balanced,expert_reference_upper_bound,80.4116,17.4047,8,0.5233,1.4771,3
s002317,construction_strict,expert_reference_upper_bound,83.7962,21.6933,8,0.3866,0.9513,3
s002318,motif_strict,expert_reference_upper_bound,86.4116,20.8317,8,0.2543,1.1042,3
s002319,heritage_strict,expert_reference_upper_bound,86.5592,24.8818,8,0.4022,0.7986,2
s002320,visual_lenient,expert_reference_upper_bound,85.1505,23.2579,8,0.3514,1.3179,3
s002321,balanced,expert_reference_upper_bound,82.6213,22.9004,8,0.2241,1.7232,2
s002322,construction_strict,expert_reference_upper_bound,83.3124,21.9962,8,0.1749,1.7111,2
s002323,motif_strict,expert_reference_upper_bound,84.1836,19.8455,8,0.1264,1.4604,2
s002324,heritage_strict,expert_reference_upper_bound,86.5131,27.2521,8,0.253,0.6587,1
s002325,visual_lenient,expert_reference_upper_bound,83.4593,22.1024,8,0.184,1.3972,2
s002326,balanced,expert_reference_upper_bound,82.856,19.1259,8,0.456,0.7644,3
s002327,construction_strict,expert_reference_upper_bound,82.0789,20.3208,8,0.3134,0.6587,3
s002328,motif_strict,expert_reference_upper_bound,83.8198,22.4423,8,0.1327,1.4963,2
s002329,heritage_strict,expert_reference_upper_bound,83.006,21.1442,8,0.2151,1.1818,3
s002330,visual_lenient,expert_reference_upper_bound,82.9762,21.1431,8,0.149,0.9933,3
s002331,balanced,expert_reference_upper_bound,82.8891,17.8512,8,0.3819,1.4071,3
s002332,construction_strict,expert_reference_upper_bound,82.8694,18.4524,8,0.1092,1.4833,2
s002333,motif_strict,expert_reference_upper_bound,83.7199,18.8936,8,0.1135,1.6855,2
s002334,heritage_strict,expert_reference_upper_bound,85.018,22.6043,8,0.3594,0.6738,1
s002335,visual_lenient,expert_reference_upper_bound,85.7381,21.326,8,0.1683,0.8953,1
s002336,balanced,expert_reference_upper_bound,85.1394,21.4985,8,0.4077,0.7727,2
s002337,construction_strict,expert_reference_upper_bound,81.1089,23.4674,8,0.4097,1.6507,1
s002338,motif_strict,expert_reference_upper_bound,83.7474,19.8754,8,0.1199,1.1547,1
s002339,heritage_strict,expert_reference_upper_bound,85.8458,23.3123,8,0.3225,0.8443,3
s002340,visual_lenient,expert_reference_upper_bound,83.4681,19.1537,8,0.3913,1.4217,3
s002341,balanced,expert_reference_upper_bound,82.7895,17.9928,8,0.207,0.8864,2
s002342,construction_strict,expert_reference_upper_bound,81.8089,21.7278,8,0.1064,0.9654,1
s002343,motif_strict,expert_reference_upper_bound,81.9782,21.4931,8,0.3254,1.5349,2
s002344,heritage_strict,expert_reference_upper_bound,80.7102,21.6,8,0.1927,0.8957,1
s002345,visual_lenient,expert_reference_upper_bound,83.7682,18.9545,8,0.5429,1.21,1
s002346,balanced,expert_reference_upper_bound,84.818,22.2644,8,0.3128,0.5941,1
s002347,construction_strict,expert_reference_upper_bound,86.9394,22.2529,8,0.5155,0.7738,3
s002348,motif_strict,expert_reference_upper_bound,83.1822,12.7038,8,0.2448,1.3738,2
s002349,heritage_strict,expert_reference_upper_bound,83.3025,21.213,8,0.1357,0.6827,1
s002350,visual_lenient,expert_reference_upper_bound,83.4949,21.5954,8,0.1752,1.3327,3
s002351,balanced,expert_reference_upper_bound,87.0966,21.8889,8,0.2777,1.1462,2
s002352,construction_strict,expert_reference_upper_bound,85.2982,22.3688,8,0.3535,0.9859,2
s002353,motif_strict,expert_reference_upper_bound,86.7728,24.7916,8,0.412,1.2203,3
s002354,heritage_strict,expert_reference_upper_bound,86.3658,17.2122,8,0.5197,1.2331,1
s002355,visual_lenient,expert_reference_upper_bound,84.7764,21.1167,8,0.4159,1.1884,2
s002356,balanced,expert_reference_upper_bound,85.5746,24.3921,8,0.1083,0.5795,3
s002357,construction_strict,expert_reference_upper_bound,82.8891,20.1729,8,0.2651,0.6482,1
s002358,motif_strict,expert_reference_upper_bound,78.8792,17.5715,8,0.3345,0.9959,3
s002359,heritage_strict,expert_reference_upper_bound,83.1648,17.2106,8,0.1473,1.4444,3
s002360,visual_lenient,expert_reference_upper_bound,84.0309,23.3398,8,0.2556,1.5124,3
s002361,balanced,expert_reference_upper_bound,83.0687,19.7079,8,0.1887,1.0854,1
s002362,construction_strict,expert_reference_upper_bound,79.9462,18.338,8,0.4133,1.2543,3
s002363,motif_strict,expert_reference_upper_bound,85.4553,19.1247,8,0.1661,1.4707,2
s002364,heritage_strict,expert_reference_upper_bound,85.4779,23.258,8,0.375,0.7749,2
s002365,visual_lenient,expert_reference_upper_bound,83.7162,22.6835,8,0.3608,0.9507,2
s002366,balanced,expert_reference_upper_bound,83.9592,21.5518,8,0.259,0.9567,2
s002367,construction_strict,expert_reference_upper_bound,86.2144,23.6637,8,0.4904,0.7668,2
s002368,motif_strict,expert_reference_upper_bound,84.3799,26.6612,8,0.4482,1.1595,3
s002369,heritage_strict,expert_reference_upper_bound,80.8338,17.14,8,0.3017,1.544,1
s002370,visual_lenient,expert_reference_upper_bound,83.3129,17.6243,8,0.1757,1.7241,2
s002371,balanced,expert_reference_upper_bound,85.9114,24.8123,8,0.4968,1.3856,1
s002372,construction_strict,expert_reference_upper_bound,86.5746,28.3682,8,0.1812,0.947,3
s002373,motif_strict,expert_reference_upper_bound,86.6119,29.6502,8,0.2551,1.0043,1
s002374,heritage_strict,expert_reference_upper_bound,84.6948,20.0126,8,0.3838,0.5653,2
s002375,visual_lenient,expert_reference_upper_bound,81.6893,16.4403,8,0.1436,0.9626,1
s002376,balanced,expert_reference_upper_bound,81.6202,15.6383,8,0.4877,1.5382,2
s002377,construction_strict,expert_reference_upper_bound,77.0183,13.1378,8,0.1953,1.5323,2
s002378,motif_strict,expert_reference_upper_bound,79.3516,20.177,8,0.2569,1.3561,1
s002379,heritage_strict,expert_reference_upper_bound,88.3773,30.3289,8,0.2991,0.7587,3
s002380,visual_lenient,expert_reference_upper_bound,83.98,21.9545,8,0.4306,1.3029,3
s002381,balanced,expert_reference_upper_bound,83.417,20.8823,8,0.1245,0.8659,3
s002382,construction_strict,expert_reference_upper_bound,84.8507,21.8278,8,0.1599,0.7497,2
s002383,motif_strict,expert_reference_upper_bound,88.3957,24.038,8,0.3871,0.5606,2
s002384,heritage_strict,expert_reference_upper_bound,85.1699,20.3667,8,0.4821,1.0625,1
s002385,visual_lenient,expert_reference_upper_bound,82.1188,21.7285,8,0.2503,1.3213,2
s002386,balanced,expert_reference_upper_bound,82.8577,23.0136,8,0.2692,0.9519,1
s002387,construction_strict,expert_reference_upper_bound,83.0537,19.1792,8,0.3576,1.4877,3
s002388,motif_strict,expert_reference_upper_bound,79.865,17.2665,8,0.3667,1.5555,2
s002389,heritage_strict,expert_reference_upper_bound,80.0574,15.3141,8,0.5354,0.9531,2
s002390,visual_lenient,expert_reference_upper_bound,85.4579,21.7646,8,0.4665,1.3431,3
s002391,balanced,expert_reference_upper_bound,82.2151,19.9926,8,0.1734,1.6385,1
s002392,construction_strict,expert_reference_upper_bound,85.1743,23.6344,8,0.4378,1.589,2
s002393,motif_strict,expert_reference_upper_bound,83.9853,21.0516,8,0.3509,0.6778,2
s002394,heritage_strict,expert_reference_upper_bound,81.1307,17.0095,8,0.2118,1.7375,2
s002395,visual_lenient,expert_reference_upper_bound,85.821,19.6632,8,0.3322,0.6806,2
s002396,balanced,expert_reference_upper_bound,85.9288,24.31,8,0.3948,0.6151,3
s002397,construction_strict,expert_reference_upper_bound,83.3626,21.0725,8,0.5139,0.5508,1
s002398,motif_strict,expert_reference_upper_bound,81.3278,22.3065,8,0.2704,0.6728,1
s002399,heritage_strict,expert_reference_upper_bound,85.8205,26.6546,8,0.153,1.042,1
s002400,visual_lenient,expert_reference_upper_bound,83.4749,21.6236,8,0.118,0.6974,2
s002401,balanced,expert_reference_upper_bound,83.6596,17.5974,8,0.5006,0.7827,1
s002402,construction_strict,expert_reference_upper_bound,87.8414,24.3877,8,0.2387,1.2811,2
s002403,motif_strict,expert_reference_upper_bound,82.4065,21.9462,8,0.3824,0.6921,3
s002404,heritage_strict,expert_reference_upper_bound,79.8573,16.5912,8,0.1637,1.7449,2
s002405,visual_lenient,expert_reference_upper_bound,80.3628,20.143,8,0.5249,1.5644,3
s002406,balanced,expert_reference_upper_bound,84.3913,23.2956,8,0.2403,1.6201,1
s002407,construction_strict,expert_reference_upper_bound,82.7571,18.9089,8,0.3981,1.029,1
s002408,motif_strict,expert_reference_upper_bound,83.9905,25.3915,8,0.5133,1.5344,1
s002409,heritage_strict,expert_reference_upper_bound,81.7421,19.2279,8,0.5233,0.5622,2
s002410,visual_lenient,expert_reference_upper_bound,84.9688,20.9704,8,0.443,1.1849,2
s002411,balanced,expert_reference_upper_bound,86.9693,20.8614,8,0.3481,0.6703,1
s002412,construction_strict,expert_reference_upper_bound,77.0206,12.5638,8,0.3565,1.6141,1
s002413,motif_strict,expert_reference_upper_bound,82.1068,17.691,8,0.27,1.2603,2
s002414,heritage_strict,expert_reference_upper_bound,87.0862,24.684,8,0.2835,0.553,3
s002415,visual_lenient,expert_reference_upper_bound,86.7609,19.815,8,0.4679,1.0225,1
s002416,balanced,expert_reference_upper_bound,85.7943,27.4079,8,0.4954,1.4513,3
s002417,construction_strict,expert_reference_upper_bound,81.5961,16.7265,8,0.1056,1.4624,3
s002418,motif_strict,expert_reference_upper_bound,71.3628,8.6577,8,0.4991,1.6159,1
s002419,heritage_strict,expert_reference_upper_bound,80.1235,14.6078,8,0.2896,1.3659,1
s002420,visual_lenient,expert_reference_upper_bound,82.2686,18.6188,8,0.5477,1.3254,1
s002421,balanced,expert_reference_upper_bound,85.7771,24.8255,8,0.2746,0.6883,1
s002422,construction_strict,expert_reference_upper_bound,84.2751,21.6651,8,0.3748,0.826,2
s002423,motif_strict,expert_reference_upper_bound,80.6637,18.298,8,0.3367,0.7374,1
s002424,heritage_strict,expert_reference_upper_bound,86.028,22.1735,8,0.2851,0.6656,1
s002425,visual_lenient,expert_reference_upper_bound,88.8655,27.8334,8,0.1857,0.5643,2
s002426,balanced,expert_reference_upper_bound,83.2493,22.9778,8,0.5226,0.9332,2
s002427,construction_strict,expert_reference_upper_bound,85.7432,24.2194,8,0.1483,0.5972,3
s002428,motif_strict,expert_reference_upper_bound,86.4566,25.2427,8,0.51,1.0657,3
s002429,heritage_strict,expert_reference_upper_bound,84.039,23.1212,8,0.1569,0.8574,1
s002430,visual_lenient,expert_reference_upper_bound,76.9334,13.1486,8,0.4624,1.7293,3
s002431,balanced,expert_reference_upper_bound,83.8242,19.3165,8,0.4617,1.0534,3
s002432,construction_strict,expert_reference_upper_bound,82.2704,21.2759,8,0.5141,0.8871,2
s002433,motif_strict,expert_reference_upper_bound,76.2847,14.4055,8,0.1415,1.2924,3
s002434,heritage_strict,expert_reference_upper_bound,78.1752,17.4553,8,0.339,1.1906,3
s002435,visual_lenient,expert_reference_upper_bound,82.7541,15.7356,8,0.4502,1.6811,2
s002436,balanced,expert_reference_upper_bound,84.8599,18.7576,8,0.2796,1.3859,3
s002437,construction_strict,expert_reference_upper_bound,81.9109,9.552,8,0.5042,1.5935,1
s002438,motif_strict,expert_reference_upper_bound,84.2765,20.5388,8,0.4123,0.5504,2
s002439,heritage_strict,expert_reference_upper_bound,86.5356,20.873,8,0.2934,0.9659,3
s002440,visual_lenient,expert_reference_upper_bound,83.8308,23.2121,8,0.4066,1.5563,1
s002441,balanced,expert_reference_upper_bound,83.4447,22.2372,8,0.5261,1.5471,3
s002442,construction_strict,expert_reference_upper_bound,80.2137,18.22,8,0.1281,1.7177,2
s002443,motif_strict,expert_reference_upper_bound,81.403,23.0786,8,0.2093,1.1979,3
s002444,heritage_strict,expert_reference_upper_bound,84.1858,18.1041,8,0.3776,0.8585,1
s002445,visual_lenient,expert_reference_upper_bound,84.3138,22.3703,8,0.5106,1.01,2
s002446,balanced,expert_reference_upper_bound,85.3511,22.4307,8,0.2122,1.2843,3
s002447,construction_strict,expert_reference_upper_bound,86.0114,22.7877,8,0.4939,1.0247,3
s002448,motif_strict,expert_reference_upper_bound,78.6775,17.7914,8,0.4701,1.5052,3
s002449,heritage_strict,expert_reference_upper_bound,77.9906,14.3113,8,0.1731,1.2124,3
s002450,visual_lenient,expert_reference_upper_bound,86.8795,18.9491,8,0.1942,1.7438,1
s002451,balanced,expert_reference_upper_bound,80.9364,21.5971,8,0.1673,0.8169,3
s002452,construction_strict,expert_reference_upper_bound,85.2904,23.9253,8,0.1229,0.7918,2
s002453,motif_strict,expert_reference_upper_bound,79.7592,13.4678,8,0.1497,1.0563,1
s002454,heritage_strict,expert_reference_upper_bound,86.5607,21.4029,8,0.5191,1.0357,3
s002455,visual_lenient,expert_reference_upper_bound,84.3828,22.0357,8,0.3535,1.4876,1
s002456,balanced,expert_reference_upper_bound,86.1242,26.6939,8,0.387,1.4425,3
s002457,construction_strict,expert_reference_upper_bound,83.3751,20.275,8,0.3587,1.445,3
s002458,motif_strict,expert_reference_upper_bound,80.0054,20.6153,8,0.4359,1.6544,2
s002459,heritage_strict,expert_reference_upper_bound,82.9528,18.5406,8,0.3439,1.0905,2
s002460,visual_lenient,expert_reference_upper_bound,85.7312,21.8684,8,0.1152,0.9073,2
s002461,balanced,expert_reference_upper_bound,87.0723,22.9696,8,0.1525,0.8437,1
s002462,construction_strict,expert_reference_upper_bound,79.8833,11.6843,8,0.2938,1.5551,1
s002463,motif_strict,expert_reference_upper_bound,88.9527,28.6874,8,0.2635,1.2284,3
s002464,heritage_strict,expert_reference_upper_bound,85.7489,24.2749,8,0.1847,1.4879,3
s002465,visual_lenient,expert_reference_upper_bound,81.9214,19.5874,8,0.4272,1.3526,3
s002466,balanced,expert_reference_upper_bound,86.4391,20.7071,8,0.4998,1.09,1
s002467,construction_strict,expert_reference_upper_bound,82.0728,19.6326,8,0.3818,1.1397,1
s002468,motif_strict,expert_reference_upper_bound,86.3744,21.1503,8,0.3855,0.878,1
s002469,heritage_strict,expert_reference_upper_bound,82.231,16.2783,8,0.2113,1.395,2
s002470,visual_lenient,expert_reference_upper_bound,83.9574,23.2522,8,0.2049,1.621,2
s002471,balanced,expert_reference_upper_bound,80.7898,15.7915,8,0.2323,1.6232,1
s002472,construction_strict,expert_reference_upper_bound,82.5638,22.5085,8,0.2834,1.5944,3
s002473,motif_strict,expert_reference_upper_bound,84.2623,22.5404,8,0.1574,1.2192,3
s002474,heritage_strict,expert_reference_upper_bound,83.7205,21.1497,8,0.4706,0.8786,1
s002475,visual_lenient,expert_reference_upper_bound,82.0893,18.5219,8,0.1758,1.5478,1
s002476,balanced,expert_reference_upper_bound,85.2205,21.3245,8,0.2923,1.1415,3
s002477,construction_strict,expert_reference_upper_bound,82.7886,17.996,8,0.544,1.1003,2
s002478,motif_strict,expert_reference_upper_bound,82.4665,13.4775,8,0.4836,1.1986,3
s002479,heritage_strict,expert_reference_upper_bound,78.9252,18.4416,8,0.3523,1.3202,3
s002480,visual_lenient,expert_reference_upper_bound,87.9949,24.5432,8,0.1484,1.0449,1
s002481,balanced,expert_reference_upper_bound,83.6337,23.5258,8,0.4674,1.3751,1
s002482,construction_strict,expert_reference_upper_bound,86.6103,24.7354,8,0.2095,0.5991,3
s002483,motif_strict,expert_reference_upper_bound,79.883,15.258,8,0.4609,1.0479,1
s002484,heritage_strict,expert_reference_upper_bound,82.9806,24.4044,8,0.4119,1.5533,1
s002485,visual_lenient,expert_reference_upper_bound,81.8208,18.8955,8,0.2169,1.0676,1
s002486,balanced,expert_reference_upper_bound,80.3825,23.0107,8,0.3691,0.7839,1
s002487,construction_strict,expert_reference_upper_bound,82.0576,21.9464,8,0.2719,0.5916,1
s002488,motif_strict,expert_reference_upper_bound,89.0838,25.8226,8,0.5131,1.5332,3
s002489,heritage_strict,expert_reference_upper_bound,85.2815,26.0441,8,0.2536,1.5434,2
s002490,visual_lenient,expert_reference_upper_bound,84.2393,20.8264,8,0.2187,1.0831,1
s002491,balanced,expert_reference_upper_bound,86.4192,24.102,8,0.1839,0.7011,3
s002492,construction_strict,expert_reference_upper_bound,80.9939,18.0582,8,0.2053,1.642,2
s002493,motif_strict,expert_reference_upper_bound,83.4029,17.6178,8,0.4783,1.3278,2
s002494,heritage_strict,expert_reference_upper_bound,80.8907,17.0109,8,0.3604,0.9191,1
s002495,visual_lenient,expert_reference_upper_bound,80.478,17.6883,8,0.5423,0.6597,3
s002496,balanced,expert_reference_upper_bound,84.0797,23.4381,8,0.1859,0.8456,3
s002497,construction_strict,expert_reference_upper_bound,81.5889,20.0056,8,0.2029,1.1364,2
s002498,motif_strict,expert_reference_upper_bound,78.798,17.7159,8,0.332,1.5635,1
s002499,heritage_strict,expert_reference_upper_bound,85.6445,20.8441,8,0.3879,1.3292,1
s002500,visual_lenient,expert_reference_upper_bound,84.1423,18.9403,8,0.429,0.9535,1
s002501,balanced,expert_reference_upper_bound,84.6003,21.7551,8,0.4407,0.6491,3
s002502,construction_strict,expert_reference_upper_bound,85.5753,23.6509,8,0.2682,1.3042,3
s002503,motif_strict,expert_reference_upper_bound,83.3076,17.5546,8,0.5189,0.6121,1
s002504,heritage_strict,expert_reference_upper_bound,83.3089,24.7315,8,0.1076,1.1973,1
s002505,visual_lenient,expert_reference_upper_bound,80.784,15.351,8,0.2857,1.1878,1
s002506,balanced,expert_reference_upper_bound,84.5182,23.063,8,0.5094,1.034,2
s002507,construction_strict,expert_reference_upper_bound,78.0657,17.1795,8,0.4667,1.1617,3
s002508,motif_strict,expert_reference_upper_bound,81.5725,16.4758,8,0.1005,1.7084,1
s002509,heritage_strict,expert_reference_upper_bound,80.0255,17.1748,8,0.2487,1.6443,1
s002510,visual_lenient,expert_reference_upper_bound,84.607,20.1531,8,0.4756,1.0943,3
s002511,balanced,expert_reference_upper_bound,85.2584,21.0662,8,0.4356,1.0417,1
s002512,construction_strict,expert_reference_upper_bound,80.954,20.6962,8,0.4511,1.5256,3
s002513,motif_strict,expert_reference_upper_bound,83.8727,17.8905,8,0.1047,0.7626,2
s002514,heritage_strict,expert_reference_upper_bound,79.5112,11.9328,8,0.4247,0.8016,3
s002515,visual_lenient,expert_reference_upper_bound,84.5817,15.2334,8,0.3174,1.3503,3
s002516,balanced,expert_reference_upper_bound,81.0503,16.0582,8,0.5331,0.6072,3
s002517,construction_strict,expert_reference_upper_bound,85.3692,26.3427,8,0.1385,0.8416,3
s002518,motif_strict,expert_reference_upper_bound,79.9725,20.2883,8,0.349,0.7387,1
s002519,heritage_strict,expert_reference_upper_bound,81.399,19.4397,8,0.2903,0.9872,2
s002520,visual_lenient,expert_reference_upper_bound,82.2499,21.9124,8,0.1848,1.2957,3
s002521,balanced,expert_reference_upper_bound,86.1674,25.7093,8,0.2579,1.6303,1
s002522,construction_strict,expert_reference_upper_bound,87.6234,25.9948,8,0.1633,1.1791,3
s002523,motif_strict,expert_reference_upper_bound,85.5598,17.0774,8,0.2298,1.461,2
s002524,heritage_strict,expert_reference_upper_bound,87.5722,29.4048,8,0.2451,1.1504,3
s002525,visual_lenient,expert_reference_upper_bound,83.6649,22.8189,8,0.1422,1.4446,3
s002526,balanced,expert_reference_upper_bound,79.9006,18.4847,8,0.2584,1.4653,2
s002527,construction_strict,expert_reference_upper_bound,86.2817,23.4593,8,0.2444,0.7368,2
s002528,motif_strict,expert_reference_upper_bound,80.1067,19.6552,8,0.2657,1.485,1
s002529,heritage_strict,expert_reference_upper_bound,78.8867,18.8255,8,0.4321,1.2427,3
s002530,visual_lenient,expert_reference_upper_bound,82.3525,14.855,8,0.3805,1.3603,2
s002531,balanced,expert_reference_upper_bound,84.8049,22.858,8,0.1904,0.6685,2
s002532,construction_strict,expert_reference_upper_bound,83.5796,18.4381,8,0.4825,0.7755,1
s002533,motif_strict,expert_reference_upper_bound,83.4247,15.548,8,0.2739,1.2346,1
s002534,heritage_strict,expert_reference_upper_bound,88.1624,24.8198,8,0.4563,1.4244,1
s002535,visual_lenient,expert_reference_upper_bound,84.9421,17.4391,8,0.329,1.5037,2
s002536,balanced,expert_reference_upper_bound,85.8846,22.4848,8,0.1631,0.7288,3
s002537,construction_strict,expert_reference_upper_bound,84.0401,21.8415,8,0.2949,1.197,3
s002538,motif_strict,expert_reference_upper_bound,89.4035,26.0352,8,0.3125,0.5588,2
s002539,heritage_strict,expert_reference_upper_bound,86.9905,21.6231,8,0.1037,0.7558,1
s002540,visual_lenient,expert_reference_upper_bound,81.0976,16.4563,8,0.3512,0.8836,3
s002541,balanced,expert_reference_upper_bound,85.5002,20.6171,8,0.4685,0.5587,2
s002542,construction_strict,expert_reference_upper_bound,82.3747,21.533,8,0.2627,1.6525,3
s002543,motif_strict,expert_reference_upper_bound,82.9239,18.4371,8,0.2139,0.673,1
s002544,heritage_strict,expert_reference_upper_bound,84.8512,25.0839,8,0.1077,0.602,2
s002545,visual_lenient,expert_reference_upper_bound,82.0419,20.3606,8,0.3428,0.6217,2
s002546,balanced,expert_reference_upper_bound,84.8227,22.1767,8,0.1232,0.6403,1
s002547,construction_strict,expert_reference_upper_bound,81.7887,18.9315,8,0.3622,0.8349,3
s002548,motif_strict,expert_reference_upper_bound,78.6889,18.0035,8,0.2927,1.1791,2
s002549,heritage_strict,expert_reference_upper_bound,82.7391,22.901,8,0.2083,0.8855,3
s002550,visual_lenient,expert_reference_upper_bound,83.0274,18.8215,8,0.4285,0.8605,3
s002551,balanced,expert_reference_upper_bound,85.5477,23.781,8,0.2879,0.8614,2
s002552,construction_strict,expert_reference_upper_bound,85.4403,22.4576,8,0.2941,1.1162,1
s002553,motif_strict,expert_reference_upper_bound,87.0044,24.0658,8,0.102,0.6882,3
s002554,heritage_strict,expert_reference_upper_bound,83.4143,21.9508,8,0.153,0.8197,2
s002555,visual_lenient,expert_reference_upper_bound,84.0955,18.9855,8,0.2788,1.3856,1
s002556,balanced,expert_reference_upper_bound,85.8466,24.4918,8,0.4272,1.6387,1
s002557,construction_strict,expert_reference_upper_bound,83.4381,23.2355,8,0.3202,0.9262,2
s002558,motif_strict,expert_reference_upper_bound,77.7301,14.4478,8,0.4579,0.7637,2
s002559,heritage_strict,expert_reference_upper_bound,81.2317,20.3108,8,0.1319,0.7474,1
s002560,visual_lenient,expert_reference_upper_bound,85.6188,16.8608,8,0.2154,0.7326,3
s002561,balanced,expert_reference_upper_bound,80.3618,9.8459,8,0.2824,1.4857,2
s002562,construction_strict,expert_reference_upper_bound,82.8488,22.9824,8,0.1375,0.7738,1
s002563,motif_strict,expert_reference_upper_bound,82.2727,22.3469,8,0.1278,0.7409,1
s002564,heritage_strict,expert_reference_upper_bound,83.3014,21.7634,8,0.4882,0.8916,3
s002565,visual_lenient,expert_reference_upper_bound,81.9033,18.9185,8,0.2007,1.0942,2
s002566,balanced,expert_reference_upper_bound,78.639,16.8687,8,0.367,0.5817,2
s002567,construction_strict,expert_reference_upper_bound,79.8918,21.8562,8,0.4473,0.8331,3
s002568,motif_strict,expert_reference_upper_bound,85.1855,22.7394,8,0.4562,1.5854,1
s002569,heritage_strict,expert_reference_upper_bound,86.5259,25.0873,8,0.2105,0.6486,2
s002570,visual_lenient,expert_reference_upper_bound,79.4647,16.8918,8,0.5223,1.1226,2
s002571,balanced,expert_reference_upper_bound,86.8961,22.9247,8,0.4181,1.6337,2
s002572,construction_strict,expert_reference_upper_bound,86.7111,22.615,8,0.3479,0.7412,2
s002573,motif_strict,expert_reference_upper_bound,82.4432,17.2015,8,0.333,1.0432,3
s002574,heritage_strict,expert_reference_upper_bound,83.5599,19.6503,8,0.356,0.9475,2
s002575,visual_lenient,expert_reference_upper_bound,80.017,15.6716,8,0.3386,0.8139,1
s002576,balanced,expert_reference_upper_bound,82.8104,15.2139,8,0.2555,1.5509,1
s002577,construction_strict,expert_reference_upper_bound,81.3569,15.6388,8,0.2741,1.672,3
s002578,motif_strict,expert_reference_upper_bound,83.4387,20.8077,8,0.1903,1.1735,3
s002579,heritage_strict,expert_reference_upper_bound,83.841,23.6953,8,0.2511,1.3416,3
s002580,visual_lenient,expert_reference_upper_bound,83.7429,18.8638,8,0.3951,0.6485,1
s002581,balanced,expert_reference_upper_bound,79.9186,15.8046,8,0.5145,1.3598,1
s002582,construction_strict,expert_reference_upper_bound,83.1109,24.0479,8,0.3126,0.8488,3
s002583,motif_strict,expert_reference_upper_bound,82.6923,15.6074,8,0.2897,1.4678,2
s002584,heritage_strict,expert_reference_upper_bound,81.0878,17.9499,8,0.2443,1.1566,2
s002585,visual_lenient,expert_reference_upper_bound,86.6981,24.5635,8,0.4528,0.8709,2
s002586,balanced,expert_reference_upper_bound,87.3106,24.7934,8,0.535,0.7614,1
s002587,construction_strict,expert_reference_upper_bound,87.8906,24.6893,8,0.5175,0.7711,3
s002588,motif_strict,expert_reference_upper_bound,82.176,21.3397,8,0.3475,1.1562,3
s002589,heritage_strict,expert_reference_upper_bound,84.5652,29.1248,8,0.5408,1.6023,1
s002590,visual_lenient,expert_reference_upper_bound,82.9073,17.4058,8,0.3786,1.2332,3
s002591,balanced,expert_reference_upper_bound,84.3825,18.5474,8,0.1217,1.269,2
s002592,construction_strict,expert_reference_upper_bound,83.0765,21.3655,8,0.5208,0.8132,2
s002593,motif_strict,expert_reference_upper_bound,79.4069,19.6236,8,0.3669,1.0751,2
s002594,heritage_strict,expert_reference_upper_bound,81.7257,25.523,8,0.5339,1.6333,3
s002595,visual_lenient,expert_reference_upper_bound,86.1266,17.4048,8,0.4288,1.603,3
s002596,balanced,expert_reference_upper_bound,87.1299,25.0924,8,0.17,1.1123,2
s002597,construction_strict,expert_reference_upper_bound,82.1583,20.4168,8,0.2629,1.086,2
s002598,motif_strict,expert_reference_upper_bound,84.0122,17.5141,8,0.1781,1.3802,2
s002599,heritage_strict,expert_reference_upper_bound,80.5564,18.7243,8,0.3052,1.7367,1
s002600,visual_lenient,expert_reference_upper_bound,79.0622,18.5207,8,0.3517,1.7191,3
s002601,balanced,expert_reference_upper_bound,82.8767,20.8402,8,0.5307,0.6845,2
s002602,construction_strict,expert_reference_upper_bound,84.4304,14.9106,8,0.5482,1.6289,1
s002603,motif_strict,expert_reference_upper_bound,83.9204,20.8973,8,0.3708,0.868,2
s002604,heritage_strict,expert_reference_upper_bound,85.301,24.8037,8,0.4004,1.6525,3
s002605,visual_lenient,expert_reference_upper_bound,83.2277,21.0595,8,0.5061,1.1146,1
s002606,balanced,expert_reference_upper_bound,84.6502,15.2215,8,0.1761,1.6507,2
s002607,construction_strict,expert_reference_upper_bound,80.7335,20.1712,8,0.2446,1.0604,2
s002608,motif_strict,expert_reference_upper_bound,86.0114,18.9224,8,0.4756,1.293,3
s002609,heritage_strict,expert_reference_upper_bound,81.7187,17.7768,8,0.366,0.8067,2
s002610,visual_lenient,expert_reference_upper_bound,81.8906,19.5462,8,0.2714,0.7429,3
s002611,balanced,expert_reference_upper_bound,82.3811,18.0174,8,0.5454,0.7702,2
s002612,construction_strict,expert_reference_upper_bound,80.8211,19.9834,8,0.3187,1.122,3
s002613,motif_strict,expert_reference_upper_bound,81.1641,21.2573,8,0.1839,1.6573,2
s002614,heritage_strict,expert_reference_upper_bound,81.5438,18.5375,8,0.4503,1.5098,1
s002615,visual_lenient,expert_reference_upper_bound,86.2699,24.4904,8,0.2285,1.0681,1
s002616,balanced,expert_reference_upper_bound,83.7507,18.7663,8,0.1859,1.2783,1
s002617,construction_strict,expert_reference_upper_bound,86.9152,24.0769,8,0.1503,1.34,3
s002618,motif_strict,expert_reference_upper_bound,81.6773,17.8184,8,0.5461,1.6047,1
s002619,heritage_strict,expert_reference_upper_bound,84.6409,25.7749,8,0.222,1.5866,3
s002620,visual_lenient,expert_reference_upper_bound,82.8261,17.759,8,0.1036,0.6895,1
s002621,balanced,expert_reference_upper_bound,85.5683,25.0829,8,0.272,1.5428,3
s002622,construction_strict,expert_reference_upper_bound,88.1556,25.8069,8,0.1978,0.766,1
s002623,motif_strict,expert_reference_upper_bound,82.5983,22.9354,8,0.5238,1.4673,1
s002624,heritage_strict,expert_reference_upper_bound,86.8451,24.0183,8,0.2307,0.6525,2
s002625,visual_lenient,expert_reference_upper_bound,85.9505,22.9656,8,0.3968,0.6233,2
s002626,balanced,expert_reference_upper_bound,86.0549,17.3275,8,0.5008,1.5947,3
s002627,construction_strict,expert_reference_upper_bound,87.0099,28.493,8,0.2731,0.9858,3
s002628,motif_strict,expert_reference_upper_bound,80.3187,11.6973,8,0.1767,1.6446,3
s002629,heritage_strict,expert_reference_upper_bound,89.0468,27.2489,8,0.1682,0.7843,1
s002630,visual_lenient,expert_reference_upper_bound,82.1119,12.9598,8,0.184,1.2083,1
s002631,balanced,expert_reference_upper_bound,84.5579,16.9066,8,0.1243,1.2989,3
s002632,construction_strict,expert_reference_upper_bound,81.9185,21.6601,8,0.308,1.5139,3
s002633,motif_strict,expert_reference_upper_bound,84.7985,14.7566,8,0.4662,1.5572,2
s002634,heritage_strict,expert_reference_upper_bound,84.5642,21.7418,8,0.1294,1.2263,3
s002635,visual_lenient,expert_reference_upper_bound,84.0426,18.5858,8,0.2527,1.5348,3
s002636,balanced,expert_reference_upper_bound,86.2964,22.8242,8,0.2646,1.1854,3
s002637,construction_strict,expert_reference_upper_bound,83.6906,18.4744,8,0.3656,1.0804,3
s002638,motif_strict,expert_reference_upper_bound,81.3316,17.6824,8,0.4468,0.7582,3
s002639,heritage_strict,expert_reference_upper_bound,84.5878,23.0061,8,0.4724,0.9558,2
s002640,visual_lenient,expert_reference_upper_bound,81.2589,18.455,8,0.3036,1.0093,2
s002641,balanced,expert_reference_upper_bound,83.73,22.765,8,0.1855,0.8051,2
s002642,construction_strict,expert_reference_upper_bound,81.1184,13.4545,8,0.4237,1.0424,3
s002643,motif_strict,expert_reference_upper_bound,83.6588,17.4428,8,0.3332,0.7444,2
s002644,heritage_strict,expert_reference_upper_bound,79.365,14.2027,8,0.4836,1.6524,3
s002645,visual_lenient,expert_reference_upper_bound,83.7394,19.6882,8,0.3401,0.649,2
s002646,balanced,expert_reference_upper_bound,88.4998,26.6158,8,0.4389,0.9808,1
s002647,construction_strict,expert_reference_upper_bound,84.837,21.7779,8,0.3757,1.2706,2
s002648,motif_strict,expert_reference_upper_bound,85.8821,22.9851,8,0.3705,1.4101,3
s002649,heritage_strict,expert_reference_upper_bound,81.3176,13.1714,8,0.1318,1.3864,1
s002650,visual_lenient,expert_reference_upper_bound,82.0631,14.7647,8,0.5363,1.7333,1
s002651,balanced,expert_reference_upper_bound,86.1246,24.4662,8,0.1634,0.6547,3
s002652,construction_strict,expert_reference_upper_bound,84.706,25.4461,8,0.3725,1.2158,1
s002653,motif_strict,expert_reference_upper_bound,82.6052,19.4763,8,0.5261,1.6244,1
s002654,heritage_strict,expert_reference_upper_bound,83.9865,17.667,8,0.2233,1.0283,3
s002655,visual_lenient,expert_reference_upper_bound,84.8813,21.1919,8,0.5432,1.2161,2
s002656,balanced,expert_reference_upper_bound,84.2417,20.2331,8,0.5066,0.7142,1
s002657,construction_strict,expert_reference_upper_bound,83.6246,16.3111,8,0.1237,1.2203,2
s002658,motif_strict,expert_reference_upper_bound,84.8774,19.0371,8,0.1572,1.615,1
s002659,heritage_strict,expert_reference_upper_bound,86.2006,27.8339,8,0.4956,1.2696,3
s002660,visual_lenient,expert_reference_upper_bound,81.1434,19.6006,8,0.3461,1.0209,1
s002661,balanced,expert_reference_upper_bound,82.951,16.9622,8,0.4678,1.1504,3
s002662,construction_strict,expert_reference_upper_bound,82.5883,22.9121,8,0.1154,1.2337,2
s002663,motif_strict,expert_reference_upper_bound,83.3969,20.7602,8,0.1756,1.2823,3
s002664,heritage_strict,expert_reference_upper_bound,84.6327,20.0422,8,0.2802,0.8721,2
s002665,visual_lenient,expert_reference_upper_bound,83.5165,16.5908,8,0.3152,1.06,1
s002666,balanced,expert_reference_upper_bound,88.1512,26.4508,8,0.1863,0.7259,2
s002667,construction_strict,expert_reference_upper_bound,84.7162,21.8319,8,0.3801,1.1809,1
s002668,motif_strict,expert_reference_upper_bound,83.8023,20.1609,8,0.1496,1.184,3
s002669,heritage_strict,expert_reference_upper_bound,88.9444,28.3362,8,0.4883,1.1589,1
s002670,visual_lenient,expert_reference_upper_bound,79.9449,14.8146,8,0.529,1.7063,1
s002671,balanced,expert_reference_upper_bound,88.5409,26.9889,8,0.2783,1.2304,3
s002672,construction_strict,expert_reference_upper_bound,86.8135,21.8027,8,0.4762,0.8784,1
s002673,motif_strict,expert_reference_upper_bound,85.6326,24.2574,8,0.3245,1.477,2
s002674,heritage_strict,expert_reference_upper_bound,84.2773,21.3485,8,0.4618,0.7706,3
s002675,visual_lenient,expert_reference_upper_bound,85.6702,20.2712,8,0.3511,0.8843,1
s002676,balanced,expert_reference_upper_bound,81.1159,18.7421,8,0.3821,0.8926,3
s002677,construction_strict,expert_reference_upper_bound,84.1972,19.8103,8,0.5073,0.7078,3
s002678,motif_strict,expert_reference_upper_bound,79.0689,22.9719,8,0.3859,0.7076,3
s002679,heritage_strict,expert_reference_upper_bound,90.8035,30.201,8,0.398,0.6564,3
s002680,visual_lenient,expert_reference_upper_bound,79.7324,14.6002,8,0.1181,1.2819,1
s002681,balanced,expert_reference_upper_bound,81.068,16.4507,8,0.3573,1.6039,1
s002682,construction_strict,expert_reference_upper_bound,84.6153,21.5721,8,0.2456,1.1547,1
s002683,motif_strict,expert_reference_upper_bound,81.6855,17.9391,8,0.1911,0.6532,1
s002684,heritage_strict,expert_reference_upper_bound,85.3807,24.7169,8,0.2432,1.2214,2
s002685,visual_lenient,expert_reference_upper_bound,83.4854,19.827,8,0.1796,0.5754,2
s002686,balanced,expert_reference_upper_bound,78.9206,15.2674,8,0.1363,1.6928,3
s002687,construction_strict,expert_reference_upper_bound,81.0619,15.0316,8,0.4436,1.4799,3
s002688,motif_strict,expert_reference_upper_bound,83.7845,21.5689,8,0.261,0.7822,1
s002689,heritage_strict,expert_reference_upper_bound,83.538,19.8857,8,0.1888,1.6302,1
s002690,visual_lenient,expert_reference_upper_bound,82.089,19.1373,8,0.2768,1.0326,1
s002691,balanced,expert_reference_upper_bound,88.179,26.3495,8,0.2767,1.2769,3
s002692,construction_strict,expert_reference_upper_bound,86.0731,24.3905,8,0.4301,0.9279,3
s002693,motif_strict,expert_reference_upper_bound,84.4689,22.5562,8,0.5203,0.9059,2
s002694,heritage_strict,expert_reference_upper_bound,85.1294,20.2723,8,0.2546,1.0128,3
s002695,visual_lenient,expert_reference_upper_bound,80.6972,16.5048,8,0.2798,1.3551,2
s002696,balanced,expert_reference_upper_bound,85.0705,22.4871,8,0.2339,0.6067,3
s002697,construction_strict,expert_reference_upper_bound,82.0414,18.5966,8,0.2611,1.4577,3
s002698,motif_strict,expert_reference_upper_bound,83.257,17.5617,8,0.2254,0.9231,3
s002699,heritage_strict,expert_reference_upper_bound,85.7035,22.3899,8,0.4742,1.6538,1
s002700,visual_lenient,expert_reference_upper_bound,81.0507,14.719,8,0.2928,1.5676,3
s002701,balanced,expert_reference_upper_bound,83.8894,18.0334,8,0.1821,1.7089,3
s002702,construction_strict,expert_reference_upper_bound,78.7698,19.1661,8,0.1513,1.6307,2
s002703,motif_strict,expert_reference_upper_bound,82.5701,20.4991,8,0.1467,0.7973,2
s002704,heritage_strict,expert_reference_upper_bound,87.4789,27.1781,8,0.4629,0.862,1
s002705,visual_lenient,expert_reference_upper_bound,84.2844,22.597,8,0.408,0.5503,2
s002706,balanced,expert_reference_upper_bound,84.5005,18.6566,8,0.4787,1.2228,2
s002707,construction_strict,expert_reference_upper_bound,82.5715,22.1279,8,0.1075,1.5046,1
s002708,motif_strict,expert_reference_upper_bound,85.7968,24.3376,8,0.3529,1.5157,1
s002709,heritage_strict,expert_reference_upper_bound,84.9072,18.1189,8,0.3159,1.4112,1
s002710,visual_lenient,expert_reference_upper_bound,89.0537,27.928,8,0.3767,0.6505,3
s002711,balanced,expert_reference_upper_bound,83.8764,20.5453,8,0.3483,1.4526,1
s002712,construction_strict,expert_reference_upper_bound,83.3902,19.0955,8,0.4365,1.0042,2
s002713,motif_strict,expert_reference_upper_bound,80.5037,18.1872,8,0.3028,1.5486,3
s002714,heritage_strict,expert_reference_upper_bound,83.1436,16.3714,8,0.516,1.0519,2
s002715,visual_lenient,expert_reference_upper_bound,86.6806,23.5389,8,0.1668,1.375,1
s002716,balanced,expert_reference_upper_bound,83.9903,20.0918,8,0.5101,1.652,1
s002717,construction_strict,expert_reference_upper_bound,85.5739,21.3313,8,0.5459,1.0057,1
s002718,motif_strict,expert_reference_upper_bound,78.0029,16.0153,8,0.149,0.8456,3
s002719,heritage_strict,expert_reference_upper_bound,82.3829,22.8704,8,0.2865,1.0113,1
s002720,visual_lenient,expert_reference_upper_bound,81.7653,22.068,8,0.5375,0.5944,2
s002721,balanced,expert_reference_upper_bound,88.0813,23.6479,8,0.5412,0.6758,2
s002722,construction_strict,expert_reference_upper_bound,85.2313,24.5559,8,0.3461,0.5552,3
s002723,motif_strict,expert_reference_upper_bound,81.59,15.7164,8,0.3198,0.7758,3
s002724,heritage_strict,expert_reference_upper_bound,84.5357,22.4116,8,0.5168,0.6708,3
s002725,visual_lenient,expert_reference_upper_bound,85.4323,22.1762,8,0.1719,1.0324,2
s002726,balanced,expert_reference_upper_bound,83.0822,16.886,8,0.2166,1.4207,2
s002727,construction_strict,expert_reference_upper_bound,82.7568,16.2056,8,0.2212,1.1172,2
s002728,motif_strict,expert_reference_upper_bound,88.2016,28.2733,8,0.3684,0.585,1
s002729,heritage_strict,expert_reference_upper_bound,82.4459,22.1267,8,0.2664,0.9794,1
s002730,visual_lenient,expert_reference_upper_bound,81.1132,17.1636,8,0.1551,1.7371,1
s002731,balanced,expert_reference_upper_bound,82.6392,20.7292,8,0.1354,1.3497,3
s002732,construction_strict,expert_reference_upper_bound,85.0105,23.1629,8,0.4999,1.1532,1
s002733,motif_strict,expert_reference_upper_bound,83.9948,20.5739,8,0.2536,1.2868,3
s002734,heritage_strict,expert_reference_upper_bound,86.1369,18.7855,8,0.4872,1.2977,1
s002735,visual_lenient,expert_reference_upper_bound,81.0292,18.4128,8,0.3308,0.6142,2
s002736,balanced,expert_reference_upper_bound,78.7306,11.0308,8,0.1709,1.6621,3
s002737,construction_strict,expert_reference_upper_bound,87.1414,23.606,8,0.1788,1.3505,2
s002738,motif_strict,expert_reference_upper_bound,85.1114,23.7647,8,0.3287,0.6245,1
s002739,heritage_strict,expert_reference_upper_bound,87.5091,23.1108,8,0.4439,1.5804,2
s002740,visual_lenient,expert_reference_upper_bound,82.0062,15.6459,8,0.1443,0.7456,1
s002741,balanced,expert_reference_upper_bound,82.5089,18.6113,8,0.5119,1.01,1
s002742,construction_strict,expert_reference_upper_bound,83.959,24.9301,8,0.5335,0.8422,1
s002743,motif_strict,expert_reference_upper_bound,74.349,4.0714,8,0.5066,1.1815,1
s002744,heritage_strict,expert_reference_upper_bound,80.9732,20.1376,8,0.2007,0.8624,2
s002745,visual_lenient,expert_reference_upper_bound,82.8172,19.8003,8,0.2102,0.5728,1
s002746,balanced,expert_reference_upper_bound,84.353,20.7445,8,0.1106,1.4296,2
s002747,construction_strict,expert_reference_upper_bound,86.6262,26.2156,8,0.2693,1.7095,1
s002748,motif_strict,expert_reference_upper_bound,80.3407,12.5596,8,0.3419,1.5771,3
s002749,heritage_strict,expert_reference_upper_bound,83.6711,22.3331,8,0.1052,1.0867,2
s002750,visual_lenient,expert_reference_upper_bound,76.91,11.6789,8,0.3603,0.9748,1
s002751,balanced,expert_reference_upper_bound,82.535,13.2049,8,0.4761,0.5791,1
s002752,construction_strict,expert_reference_upper_bound,82.3616,26.265,8,0.1505,1.3849,3
s002753,motif_strict,expert_reference_upper_bound,86.1665,23.6517,8,0.3812,1.7251,1
s002754,heritage_strict,expert_reference_upper_bound,83.4638,18.2232,8,0.2648,0.6827,2
s002755,visual_lenient,expert_reference_upper_bound,82.6985,19.6966,8,0.175,0.9827,2
s002756,balanced,expert_reference_upper_bound,84.5863,20.6288,8,0.499,0.9699,3
s002757,construction_strict,expert_reference_upper_bound,81.8752,21.1496,8,0.3411,1.3054,1
s002758,motif_strict,expert_reference_upper_bound,82.8908,15.7009,8,0.2368,1.7117,2
s002759,heritage_strict,expert_reference_upper_bound,84.6646,23.3747,8,0.2802,0.5969,3
s002760,visual_lenient,expert_reference_upper_bound,84.1241,20.3011,8,0.1249,1.1406,3
s002761,balanced,expert_reference_upper_bound,81.8086,20.4164,8,0.1367,1.7369,3
s002762,construction_strict,expert_reference_upper_bound,85.7205,19.4587,8,0.3934,0.67,1
s002763,motif_strict,expert_reference_upper_bound,83.7675,14.443,8,0.1699,1.3613,1
s002764,heritage_strict,expert_reference_upper_bound,76.0248,16.8764,8,0.1229,1.6731,2
s002765,visual_lenient,expert_reference_upper_bound,83.5849,20.5594,8,0.2551,0.8398,1
s002766,balanced,expert_reference_upper_bound,82.5702,14.4719,8,0.5108,1.6567,1
s002767,construction_strict,expert_reference_upper_bound,84.4354,20.2127,8,0.1321,1.6216,1
s002768,motif_strict,expert_reference_upper_bound,82.3279,21.3329,8,0.1979,1.4656,3
s002769,heritage_strict,expert_reference_upper_bound,82.9036,22.3374,8,0.3574,0.6795,3
s002770,visual_lenient,expert_reference_upper_bound,82.7208,23.2575,8,0.1891,1.7179,2
s002771,balanced,expert_reference_upper_bound,86.5739,20.8543,8,0.3384,0.95,2
s002772,construction_strict,expert_reference_upper_bound,86.6016,28.467,8,0.3466,1.2524,2
s002773,motif_strict,expert_reference_upper_bound,80.3137,20.1402,8,0.4142,0.6968,1
s002774,heritage_strict,expert_reference_upper_bound,89.8135,25.5316,8,0.5122,1.0083,2
s002775,visual_lenient,expert_reference_upper_bound,84.939,16.7757,8,0.3917,1.5573,2
s002776,balanced,expert_reference_upper_bound,86.0105,15.6988,8,0.5042,1.0649,3
s002777,construction_strict,expert_reference_upper_bound,81.0764,18.5173,8,0.2413,1.483,3
s002778,motif_strict,expert_reference_upper_bound,82.353,22.2424,8,0.3801,1.5644,3
s002779,heritage_strict,expert_reference_upper_bound,86.0197,25.3211,8,0.3648,0.6375,3
s002780,visual_lenient,expert_reference_upper_bound,85.469,22.6386,8,0.1567,1.6433,3
s002781,balanced,expert_reference_upper_bound,87.8105,24.8847,8,0.2001,0.9533,1
s002782,construction_strict,expert_reference_upper_bound,80.7697,17.9748,8,0.4654,0.8171,3
s002783,motif_strict,expert_reference_upper_bound,79.5467,14.2621,8,0.3547,1.7137,1
s002784,heritage_strict,expert_reference_upper_bound,80.8462,19.885,8,0.4461,0.5803,1
s002785,visual_lenient,expert_reference_upper_bound,83.8835,17.9692,8,0.3988,0.8364,2
s002786,balanced,expert_reference_upper_bound,86.2135,21.9672,8,0.2071,1.5735,2
s002787,construction_strict,expert_reference_upper_bound,79.3095,13.0725,8,0.2666,1.2457,2
s002788,motif_strict,expert_reference_upper_bound,82.5356,20.2248,8,0.5175,0.9663,3
s002789,heritage_strict,expert_reference_upper_bound,85.614,25.4249,8,0.3649,1.0002,2
s002790,visual_lenient,expert_reference_upper_bound,83.1482,21.2519,8,0.3189,1.3204,2
s002791,balanced,expert_reference_upper_bound,80.989,17.3233,8,0.3659,1.2381,2
s002792,construction_strict,expert_reference_upper_bound,83.7574,24.9599,8,0.3113,0.7588,1
s002793,motif_strict,expert_reference_upper_bound,88.3895,21.1309,8,0.4671,0.9157,3
s002794,heritage_strict,expert_reference_upper_bound,78.0535,7.9992,8,0.3633,1.7435,1
s002795,visual_lenient,expert_reference_upper_bound,87.0905,21.6259,8,0.1222,1.252,3
s002796,balanced,expert_reference_upper_bound,82.3196,20.3036,8,0.4376,1.6848,1
s002797,construction_strict,expert_reference_upper_bound,81.6942,20.0251,8,0.2325,0.631,2
s002798,motif_strict,expert_reference_upper_bound,84.7498,20.0359,8,0.1132,0.9504,1
s002799,heritage_strict,expert_reference_upper_bound,87.6347,24.6031,8,0.2106,0.8126,3
s002800,visual_lenient,expert_reference_upper_bound,81.0198,14.8257,8,0.4814,1.3598,2
s002801,balanced,expert_reference_upper_bound,84.7726,20.9504,8,0.1125,0.9079,2
s002802,construction_strict,expert_reference_upper_bound,84.2707,15.8434,8,0.1284,1.3358,3
s002803,motif_strict,expert_reference_upper_bound,80.6928,12.2933,8,0.4052,1.2164,2
s002804,heritage_strict,expert_reference_upper_bound,85.0874,22.342,8,0.1395,1.5496,2
s002805,visual_lenient,expert_reference_upper_bound,81.7417,20.395,8,0.2565,0.8906,2
s002806,balanced,expert_reference_upper_bound,79.3202,14.9134,8,0.1401,1.637,1
s002807,construction_strict,expert_reference_upper_bound,84.7823,18.9708,8,0.4613,0.9134,2
s002808,motif_strict,expert_reference_upper_bound,80.5062,15.7298,8,0.3372,1.3803,3
s002809,heritage_strict,expert_reference_upper_bound,84.3485,18.5397,8,0.379,0.8303,1
s002810,visual_lenient,expert_reference_upper_bound,85.3764,23.2085,8,0.2268,0.6753,1
s002811,balanced,expert_reference_upper_bound,79.884,19.5355,8,0.4142,1.0564,2
s002812,construction_strict,expert_reference_upper_bound,88.4126,26.1629,8,0.328,0.8313,1
s002813,motif_strict,expert_reference_upper_bound,75.7786,8.0501,8,0.444,1.243,2
s002814,heritage_strict,expert_reference_upper_bound,84.6035,23.228,8,0.4366,1.5478,2
s002815,visual_lenient,expert_reference_upper_bound,83.0722,19.1273,8,0.5115,0.6902,1
s002816,balanced,expert_reference_upper_bound,84.3759,23.4037,8,0.1259,0.6492,2
s002817,construction_strict,expert_reference_upper_bound,83.8171,23.2088,8,0.3827,0.7305,1
s002818,motif_strict,expert_reference_upper_bound,81.7864,17.8626,8,0.1359,1.6686,1
s002819,heritage_strict,expert_reference_upper_bound,87.0999,24.6982,8,0.4875,0.8186,3
s002820,visual_lenient,expert_reference_upper_bound,80.2677,15.3179,8,0.3424,0.812,2
s002821,balanced,expert_reference_upper_bound,85.7162,22.2954,8,0.2082,0.6488,1
s002822,construction_strict,expert_reference_upper_bound,85.5213,22.6675,8,0.2183,0.7379,1
s002823,motif_strict,expert_reference_upper_bound,78.8377,19.154,8,0.5408,1.5112,2
s002824,heritage_strict,expert_reference_upper_bound,84.2192,24.625,8,0.1586,1.2579,1
s002825,visual_lenient,expert_reference_upper_bound,82.0509,16.3089,8,0.1936,1.2997,1
s002826,balanced,expert_reference_upper_bound,80.5672,14.788,8,0.261,1.3191,3
s002827,construction_strict,expert_reference_upper_bound,85.0538,21.6242,8,0.4313,1.0128,3
s002828,motif_strict,expert_reference_upper_bound,82.2285,20.7856,8,0.3667,0.6745,3
s002829,heritage_strict,expert_reference_upper_bound,81.2185,17.8612,8,0.4323,0.9674,3
s002830,visual_lenient,expert_reference_upper_bound,83.9863,19.9983,8,0.449,1.6197,1
s002831,balanced,expert_reference_upper_bound,83.8561,21.9394,8,0.4386,1.3411,2
s002832,construction_strict,expert_reference_upper_bound,86.9,26.2539,8,0.5463,1.6757,3
s002833,motif_strict,expert_reference_upper_bound,82.6232,20.7276,8,0.3111,1.4583,3
s002834,heritage_strict,expert_reference_upper_bound,82.1697,17.1105,8,0.1391,1.0935,2
s002835,visual_lenient,expert_reference_upper_bound,85.4543,21.497,8,0.3471,0.6478,1
s002836,balanced,expert_reference_upper_bound,85.3105,21.8268,8,0.5487,0.6658,2
s002837,construction_strict,expert_reference_upper_bound,83.2207,22.5089,8,0.5043,1.5774,2
s002838,motif_strict,expert_reference_upper_bound,79.8652,14.0813,8,0.5291,1.3451,3
s002839,heritage_strict,expert_reference_upper_bound,83.1384,21.807,8,0.3291,0.8574,3
s002840,visual_lenient,expert_reference_upper_bound,84.2976,23.37,8,0.435,0.8242,3
s002841,balanced,expert_reference_upper_bound,81.0855,19.277,8,0.1432,0.6967,3
s002842,construction_strict,expert_reference_upper_bound,86.76,21.8449,8,0.4813,0.6643,2
s002843,motif_strict,expert_reference_upper_bound,85.1211,23.0148,8,0.441,1.3764,2
s002844,heritage_strict,expert_reference_upper_bound,85.1722,21.9475,8,0.3644,0.6471,2
s002845,visual_lenient,expert_reference_upper_bound,85.616,23.9368,8,0.2627,1.011,1
s002846,balanced,expert_reference_upper_bound,84.0252,19.3731,8,0.1033,1.3152,2
s002847,construction_strict,expert_reference_upper_bound,86.347,23.1537,8,0.2472,1.0765,3
s002848,motif_strict,expert_reference_upper_bound,82.9783,20.5685,8,0.2581,0.9445,2
s002849,heritage_strict,expert_reference_upper_bound,84.6293,25.4307,8,0.4164,1.2121,2
s002850,visual_lenient,expert_reference_upper_bound,87.7667,23.5847,8,0.2083,0.7749,1
s002851,balanced,expert_reference_upper_bound,89.085,24.3746,8,0.1126,1.6729,2
s002852,construction_strict,expert_reference_upper_bound,81.7203,19.6274,8,0.2296,1.4329,1
s002853,motif_strict,expert_reference_upper_bound,86.126,20.0341,8,0.3175,1.0464,3
s002854,heritage_strict,expert_reference_upper_bound,80.5966,11.9874,8,0.1942,1.6095,1
s002855,visual_lenient,expert_reference_upper_bound,79.5403,13.9156,8,0.4028,0.679,1
s002856,balanced,expert_reference_upper_bound,80.3891,20.0464,8,0.4818,1.2389,2
s002857,construction_strict,expert_reference_upper_bound,85.0589,21.1589,8,0.1446,1.3537,2
s002858,motif_strict,expert_reference_upper_bound,81.882,20.8763,8,0.4198,0.6885,3
s002859,heritage_strict,expert_reference_upper_bound,85.7469,23.3235,8,0.2048,0.7381,1
s002860,visual_lenient,expert_reference_upper_bound,83.7798,18.1507,8,0.2161,0.6121,1
s002861,balanced,expert_reference_upper_bound,79.8544,22.5975,8,0.181,1.3419,3
s002862,construction_strict,expert_reference_upper_bound,77.4691,15.0756,8,0.4182,1.0885,2
s002863,motif_strict,expert_reference_upper_bound,83.8872,20.8965,8,0.5099,0.7015,2
s002864,heritage_strict,expert_reference_upper_bound,83.7591,19.8023,8,0.2391,1.4153,2
s002865,visual_lenient,expert_reference_upper_bound,85.4938,22.5825,8,0.401,1.2724,3
s002866,balanced,expert_reference_upper_bound,81.2939,19.9893,8,0.173,0.8899,2
s002867,construction_strict,expert_reference_upper_bound,80.559,17.1014,8,0.1966,1.2591,1
s002868,motif_strict,expert_reference_upper_bound,82.6763,19.6783,8,0.1503,0.9897,3
s002869,heritage_strict,expert_reference_upper_bound,80.2663,16.4324,8,0.3865,0.9193,3
s002870,visual_lenient,expert_reference_upper_bound,84.8666,19.3965,8,0.3484,1.5469,3
s002871,balanced,expert_reference_upper_bound,84.4787,21.685,8,0.2579,1.2036,3
s002872,construction_strict,expert_reference_upper_bound,86.8373,24.1424,8,0.2422,0.7542,1
s002873,motif_strict,expert_reference_upper_bound,82.1374,19.7496,8,0.5305,0.8512,2
s002874,heritage_strict,expert_reference_upper_bound,85.402,28.2761,8,0.4823,0.5799,3
s002875,visual_lenient,expert_reference_upper_bound,84.8299,22.2074,8,0.3967,1.3445,2
s002876,balanced,expert_reference_upper_bound,84.6333,19.787,8,0.1105,1.2163,2
s002877,construction_strict,expert_reference_upper_bound,79.6681,13.4364,8,0.5026,1.6783,1
s002878,motif_strict,expert_reference_upper_bound,80.5608,21.481,8,0.4324,1.3589,2
s002879,heritage_strict,expert_reference_upper_bound,84.1264,17.5069,8,0.2209,0.778,1
s002880,visual_lenient,expert_reference_upper_bound,87.4062,21.6083,8,0.2014,0.8575,1
s002881,balanced,expert_reference_upper_bound,83.7049,20.4546,8,0.2258,1.2249,3
s002882,construction_strict,expert_reference_upper_bound,82.4112,22.2122,8,0.2898,1.5958,2
s002883,motif_strict,expert_reference_upper_bound,82.6755,20.8535,8,0.3625,0.917,3
s002884,heritage_strict,expert_reference_upper_bound,83.802,20.8394,8,0.1402,0.855,2
s002885,visual_lenient,expert_reference_upper_bound,81.4756,19.2412,8,0.1704,0.594,2
s002886,balanced,expert_reference_upper_bound,81.2048,18.1391,8,0.418,1.2351,1
s002887,construction_strict,expert_reference_upper_bound,84.801,23.3862,8,0.1971,0.5927,3
s002888,motif_strict,expert_reference_upper_bound,84.8883,21.2327,8,0.2702,0.8723,2
s002889,heritage_strict,expert_reference_upper_bound,80.1313,22.0799,8,0.3299,1.3178,3
s002890,visual_lenient,expert_reference_upper_bound,83.3787,17.0242,8,0.3687,0.8101,3
s002891,balanced,expert_reference_upper_bound,82.4523,19.3535,8,0.494,1.1777,1
s002892,construction_strict,expert_reference_upper_bound,78.4681,11.5911,8,0.3605,1.5593,1
s002893,motif_strict,expert_reference_upper_bound,80.6058,21.5345,8,0.3282,0.7188,1
s002894,heritage_strict,expert_reference_upper_bound,85.9224,23.6714,8,0.2002,1.7352,3
s002895,visual_lenient,expert_reference_upper_bound,88.9967,22.6016,8,0.1161,1.6665,3
s002896,balanced,expert_reference_upper_bound,83.3133,16.523,8,0.5191,1.4269,2
s002897,construction_strict,expert_reference_upper_bound,87.3448,26.3507,8,0.3565,0.9856,3
s002898,motif_strict,expert_reference_upper_bound,83.0335,19.7384,8,0.4265,1.3273,3
s002899,heritage_strict,expert_reference_upper_bound,80.2974,19.4561,8,0.2542,1.1234,3
s002900,visual_lenient,expert_reference_upper_bound,82.3091,21.8894,8,0.1555,1.0805,2
s002901,balanced,expert_reference_upper_bound,87.4558,25.932,8,0.269,0.8284,1
s002902,construction_strict,expert_reference_upper_bound,87.7271,27.6285,8,0.522,0.6455,3
s002903,motif_strict,expert_reference_upper_bound,84.0721,25.7554,8,0.4892,1.6401,3
s002904,heritage_strict,expert_reference_upper_bound,83.3319,16.7976,8,0.4858,1.4105,1
s002905,visual_lenient,expert_reference_upper_bound,81.0985,17.0429,8,0.1456,1.5072,1
s002906,balanced,expert_reference_upper_bound,81.0778,18.0598,8,0.3477,1.4314,1
s002907,construction_strict,expert_reference_upper_bound,86.3107,25.1223,8,0.2863,0.9286,1
s002908,motif_strict,expert_reference_upper_bound,81.8372,19.3781,8,0.4106,1.1608,1
s002909,heritage_strict,expert_reference_upper_bound,88.0168,27.7325,8,0.4775,1.0668,2
s002910,visual_lenient,expert_reference_upper_bound,80.2311,16.2426,8,0.3074,0.8268,1
s002911,balanced,expert_reference_upper_bound,83.7219,20.6549,8,0.5232,0.9676,3
s002912,construction_strict,expert_reference_upper_bound,83.714,18.6354,8,0.1519,1.5073,1
s002913,motif_strict,expert_reference_upper_bound,80.4182,19.6032,8,0.2929,1.7149,2
s002914,heritage_strict,expert_reference_upper_bound,85.2977,19.8143,8,0.3495,0.6881,1
s002915,visual_lenient,expert_reference_upper_bound,79.0713,14.3446,8,0.2992,1.54,3
s002916,balanced,expert_reference_upper_bound,80.1769,15.3369,8,0.1159,1.5653,1
s002917,construction_strict,expert_reference_upper_bound,81.6324,22.1337,8,0.1655,1.4898,3
s002918,motif_strict,expert_reference_upper_bound,84.4314,25.2094,8,0.1719,1.7215,3
s002919,heritage_strict,expert_reference_upper_bound,79.1285,20.1901,8,0.1055,1.0444,3
s002920,visual_lenient,expert_reference_upper_bound,83.0705,24.1629,8,0.2658,1.2707,2
s002921,balanced,expert_reference_upper_bound,82.5237,14.3867,8,0.3837,1.2963,1
s002922,construction_strict,expert_reference_upper_bound,83.3153,20.4838,8,0.5209,1.5302,1
s002923,motif_strict,expert_reference_upper_bound,85.9865,22.8009,8,0.35,0.6687,1
s002924,heritage_strict,expert_reference_upper_bound,82.9604,20.7414,8,0.4089,0.6103,2
s002925,visual_lenient,expert_reference_upper_bound,84.3522,19.0021,8,0.1879,1.0472,2
s002926,balanced,expert_reference_upper_bound,80.8175,19.3822,8,0.4841,1.6703,2
s002927,construction_strict,expert_reference_upper_bound,82.2339,19.8775,8,0.4122,1.4636,2
s002928,motif_strict,expert_reference_upper_bound,81.4339,19.1262,8,0.1889,0.6002,1
s002929,heritage_strict,expert_reference_upper_bound,83.8526,21.0275,8,0.22,0.9889,2
s002930,visual_lenient,expert_reference_upper_bound,86.5841,29.0264,8,0.3324,0.7621,1
s002931,balanced,expert_reference_upper_bound,83.3878,23.8594,8,0.2926,1.0904,2
s002932,construction_strict,expert_reference_upper_bound,85.7942,21.287,8,0.293,1.3811,3
s002933,motif_strict,expert_reference_upper_bound,78.7749,17.8451,8,0.4058,1.5905,3
s002934,heritage_strict,expert_reference_upper_bound,83.6827,20.723,8,0.2421,0.8445,2
s002935,visual_lenient,expert_reference_upper_bound,83.3868,19.3263,8,0.4208,1.215,3
s002936,balanced,expert_reference_upper_bound,81.2642,21.4075,8,0.1892,0.8198,1
s002937,construction_strict,expert_reference_upper_bound,86.5876,22.235,8,0.237,1.2397,1
s002938,motif_strict,expert_reference_upper_bound,84.0307,23.3956,8,0.3168,0.6328,2
s002939,heritage_strict,expert_reference_upper_bound,83.7125,20.9091,8,0.2757,0.847,1
s002940,visual_lenient,expert_reference_upper_bound,87.5749,21.6948,8,0.3086,1.0831,3
s002941,balanced,expert_reference_upper_bound,86.5127,24.111,8,0.288,1.6302,2
s002942,construction_strict,expert_reference_upper_bound,84.5057,19.1261,8,0.5474,1.0887,1
s002943,motif_strict,expert_reference_upper_bound,84.1517,20.4487,8,0.1301,0.627,3
s002944,heritage_strict,expert_reference_upper_bound,87.0212,18.4761,8,0.5444,1.4246,1
s002945,visual_lenient,expert_reference_upper_bound,86.5448,21.6853,8,0.3849,0.5946,1
s002946,balanced,expert_reference_upper_bound,87.0863,26.3255,8,0.4666,1.4799,1
s002947,construction_strict,expert_reference_upper_bound,87.398,24.3745,8,0.2626,0.6468,1
s002948,motif_strict,expert_reference_upper_bound,80.2517,19.1934,8,0.2343,1.0124,1
s002949,heritage_strict,expert_reference_upper_bound,81.665,21.8805,8,0.2993,0.6529,2
s002950,visual_lenient,expert_reference_upper_bound,87.1559,19.5831,8,0.3519,1.2706,1
s002951,balanced,expert_reference_upper_bound,85.5693,24.8513,8,0.1619,0.9303,1
s002952,construction_strict,expert_reference_upper_bound,83.6736,26.2245,8,0.429,0.7069,2
s002953,motif_strict,expert_reference_upper_bound,81.4529,18.491,8,0.4502,1.2262,2
s002954,heritage_strict,expert_reference_upper_bound,84.5764,20.0986,8,0.2743,1.0151,3
s002955,visual_lenient,expert_reference_upper_bound,84.4833,16.9309,8,0.4316,1.6857,3
s002956,balanced,expert_reference_upper_bound,82.2351,21.1897,8,0.2358,1.2764,3
s002957,construction_strict,expert_reference_upper_bound,88.009,29.3445,8,0.5138,1.6837,1
s002958,motif_strict,expert_reference_upper_bound,77.7929,14.84,8,0.2586,0.8648,2
s002959,heritage_strict,expert_reference_upper_bound,86.0098,21.207,8,0.5183,0.7966,3
s002960,visual_lenient,expert_reference_upper_bound,80.8676,19.2248,8,0.2949,0.6542,1
s002961,balanced,expert_reference_upper_bound,78.8074,17.6123,8,0.3702,1.3751,1
s002962,construction_strict,expert_reference_upper_bound,80.8397,18.1145,8,0.4359,0.9981,1
s002963,motif_strict,expert_reference_upper_bound,82.5562,17.0134,8,0.5202,1.2554,1
s002964,heritage_strict,expert_reference_upper_bound,88.4595,26.0066,8,0.5464,1.3266,3
s002965,visual_lenient,expert_reference_upper_bound,81.2145,14.5813,8,0.227,1.6128,1
s002966,balanced,expert_reference_upper_bound,84.3157,20.6529,8,0.1021,1.6153,1
s002967,construction_strict,expert_reference_upper_bound,87.2017,25.0848,8,0.4085,1.4325,2
s002968,motif_strict,expert_reference_upper_bound,82.9981,22.3111,8,0.3478,1.0823,2
s002969,heritage_strict,expert_reference_upper_bound,85.5178,23.0944,8,0.2964,1.4475,1
s002970,visual_lenient,expert_reference_upper_bound,78.5939,14.6734,8,0.1111,1.5551,2
s002971,balanced,expert_reference_upper_bound,84.5297,23.6356,8,0.4802,0.6464,2
s002972,construction_strict,expert_reference_upper_bound,85.8267,25.8608,8,0.2185,0.8712,3
s002973,motif_strict,expert_reference_upper_bound,77.5369,15.8053,8,0.4127,1.6013,1
s002974,heritage_strict,expert_reference_upper_bound,87.6401,25.3373,8,0.1058,0.8071,3
s002975,visual_lenient,expert_reference_upper_bound,82.5886,14.2727,8,0.2656,1.3421,1
s002976,balanced,expert_reference_upper_bound,82.7496,18.7597,8,0.278,1.6024,1
s002977,construction_strict,expert_reference_upper_bound,87.7899,19.3747,8,0.3194,1.6588,2
s002978,motif_strict,expert_reference_upper_bound,78.8759,13.7548,8,0.5032,1.0253,2
s002979,heritage_strict,expert_reference_upper_bound,86.7,21.7669,8,0.2229,0.6291,1
s002980,visual_lenient,expert_reference_upper_bound,84.3942,22.3275,8,0.1415,1.7465,2
s002981,balanced,expert_reference_upper_bound,82.0927,15.0595,8,0.1703,1.4498,2
s002982,construction_strict,expert_reference_upper_bound,82.7892,18.0313,8,0.4586,1.2363,2
s002983,motif_strict,expert_reference_upper_bound,79.9596,19.3245,8,0.3672,0.6518,3
s002984,heritage_strict,expert_reference_upper_bound,80.1806,13.6149,8,0.1138,1.2522,2
s002985,visual_lenient,expert_reference_upper_bound,86.9417,21.3761,8,0.3538,1.5134,2
s002986,balanced,expert_reference_upper_bound,81.8376,14.395,8,0.5403,1.4535,1
s002987,construction_strict,expert_reference_upper_bound,87.3438,25.7534,8,0.2009,0.612,1
s002988,motif_strict,expert_reference_upper_bound,84.271,23.4983,8,0.4117,0.9169,2
s002989,heritage_strict,expert_reference_upper_bound,79.6363,17.3851,8,0.5182,0.9029,1
s002990,visual_lenient,expert_reference_upper_bound,86.6743,24.9274,8,0.1808,0.7215,3
s002991,balanced,expert_reference_upper_bound,86.516,23.9713,8,0.3233,0.7743,2
s002992,construction_strict,expert_reference_upper_bound,81.2237,18.6232,8,0.3408,1.0417,2
s002993,motif_strict,expert_reference_upper_bound,86.5361,21.7451,8,0.3552,0.6875,3
s002994,heritage_strict,expert_reference_upper_bound,81.9507,20.9412,8,0.2214,1.2237,3
s002995,visual_lenient,expert_reference_upper_bound,84.3076,21.8092,8,0.4637,1.2073,3
s002996,balanced,expert_reference_upper_bound,83.8199,20.2914,8,0.2583,1.0319,3
s002997,construction_strict,expert_reference_upper_bound,84.5649,21.7893,8,0.281,1.1368,3
s002998,motif_strict,expert_reference_upper_bound,82.3037,20.3907,8,0.2679,1.0774,3
s002999,heritage_strict,expert_reference_upper_bound,80.8006,15.2582,8,0.1108,0.9606,1
s003000,visual_lenient,expert_reference_upper_bound,83.002,18.4947,8,0.5063,1.7262,2
s003001,balanced,expert_reference_upper_bound,80.0411,18.3088,8,0.237,1.6108,1
s003002,construction_strict,expert_reference_upper_bound,86.3135,23.1387,8,0.2947,1.2368,2
s003003,motif_strict,expert_reference_upper_bound,84.794,23.3017,8,0.5159,0.7102,1
s003004,heritage_strict,expert_reference_upper_bound,79.4944,19.3457,8,0.5269,1.4718,3
s003005,visual_lenient,expert_reference_upper_bound,84.6541,19.8371,8,0.3877,1.0707,2
s003006,balanced,expert_reference_upper_bound,83.6546,22.4981,8,0.2624,0.552,1
s003007,construction_strict,expert_reference_upper_bound,86.4182,24.0874,8,0.2131,1.019,1
s003008,motif_strict,expert_reference_upper_bound,83.8064,14.9447,8,0.4936,1.2263,1
s003009,heritage_strict,expert_reference_upper_bound,81.8409,16.4976,8,0.4595,0.9747,1
s003010,visual_lenient,expert_reference_upper_bound,84.6413,18.4556,8,0.1792,1.1727,3
s003011,balanced,expert_reference_upper_bound,86.7309,24.4676,8,0.2149,0.7182,1
s003012,construction_strict,expert_reference_upper_bound,81.6078,19.7162,8,0.1049,0.8707,1
s003013,motif_strict,expert_reference_upper_bound,79.51,7.9742,8,0.4887,1.5786,3
s003014,heritage_strict,expert_reference_upper_bound,81.7357,19.3096,8,0.305,1.0894,1
s003015,visual_lenient,expert_reference_upper_bound,87.315,23.0634,8,0.4651,1.2999,2
s003016,balanced,expert_reference_upper_bound,88.3397,25.3944,8,0.4339,1.5106,2
s003017,construction_strict,expert_reference_upper_bound,80.2927,13.9586,8,0.4777,1.3695,1
s003018,motif_strict,expert_reference_upper_bound,83.2351,22.2735,8,0.3656,1.1387,1
s003019,heritage_strict,expert_reference_upper_bound,79.5196,12.4458,8,0.4076,1.2879,1
s003020,visual_lenient,expert_reference_upper_bound,84.6695,23.7099,8,0.3252,0.9854,2
s003021,balanced,expert_reference_upper_bound,81.5053,19.1035,8,0.4981,0.8999,3
s003022,construction_strict,expert_reference_upper_bound,81.2725,14.9507,8,0.1914,1.2448,1
s003023,motif_strict,expert_reference_upper_bound,85.4304,22.7295,8,0.1531,1.3267,1
s003024,heritage_strict,expert_reference_upper_bound,78.8824,18.2965,8,0.3753,1.3666,1
s003025,visual_lenient,expert_reference_upper_bound,82.8628,17.1004,8,0.4678,1.2432,3
s003026,balanced,expert_reference_upper_bound,83.3247,22.2163,8,0.4532,0.9214,3
s003027,construction_strict,expert_reference_upper_bound,86.6717,24.6643,8,0.41,1.321,2
s003028,motif_strict,expert_reference_upper_bound,80.0312,17.7393,8,0.2158,0.773,3
s003029,heritage_strict,expert_reference_upper_bound,81.1984,17.367,8,0.5051,1.6853,2
s003030,visual_lenient,expert_reference_upper_bound,81.6469,16.5594,8,0.1104,0.8748,3
s003031,balanced,expert_reference_upper_bound,84.6514,21.4003,8,0.4727,0.577,2
s003032,construction_strict,expert_reference_upper_bound,83.7728,22.6051,8,0.3307,1.332,2
s003033,motif_strict,expert_reference_upper_bound,83.5995,21.6509,8,0.351,0.8727,1
s003034,heritage_strict,expert_reference_upper_bound,84.2437,21.2268,8,0.3593,1.2488,1
s003035,visual_lenient,expert_reference_upper_bound,87.2787,19.7969,8,0.306,0.9044,1
s003036,balanced,expert_reference_upper_bound,84.5939,18.6365,8,0.2323,1.6261,3
s003037,construction_strict,expert_reference_upper_bound,83.8304,27.1263,8,0.1229,1.031,1
s003038,motif_strict,expert_reference_upper_bound,82.05,18.62,8,0.1662,1.2765,3
s003039,heritage_strict,expert_reference_upper_bound,81.6834,16.9398,8,0.2024,1.6066,1
s003040,visual_lenient,expert_reference_upper_bound,83.9071,16.7358,8,0.5012,1.3549,1
s003041,balanced,expert_reference_upper_bound,84.8858,19.6183,8,0.5233,1.4957,1
s003042,construction_strict,expert_reference_upper_bound,81.6683,14.6966,8,0.3658,1.1278,3
s003043,motif_strict,expert_reference_upper_bound,85.7986,26.0436,8,0.3358,0.5872,2
s003044,heritage_strict,expert_reference_upper_bound,80.5496,17.0755,8,0.3609,1.4154,2
s003045,visual_lenient,expert_reference_upper_bound,87.5625,22.9535,8,0.1804,1.4258,3
s003046,balanced,expert_reference_upper_bound,76.0781,10.5815,8,0.5063,1.3592,3
s003047,construction_strict,expert_reference_upper_bound,79.9719,15.0687,8,0.523,1.6736,3
s003048,motif_strict,expert_reference_upper_bound,83.9747,25.541,8,0.4154,0.7011,2
s003049,heritage_strict,expert_reference_upper_bound,82.0522,22.0144,8,0.4482,1.3357,1
s003050,visual_lenient,expert_reference_upper_bound,83.9914,20.9738,8,0.4333,0.5588,3
s003051,balanced,expert_reference_upper_bound,86.1847,24.1447,8,0.2888,0.7586,1
s003052,construction_strict,expert_reference_upper_bound,85.9146,23.5972,8,0.5357,0.6272,1
s003053,motif_strict,expert_reference_upper_bound,82.1131,19.7605,8,0.199,1.0044,1
s003054,heritage_strict,expert_reference_upper_bound,86.9276,27.3185,8,0.4283,1.6061,2
s003055,visual_lenient,expert_reference_upper_bound,82.1626,18.2711,8,0.2423,0.9242,1
s003056,balanced,expert_reference_upper_bound,82.255,18.4407,8,0.326,1.4619,1
s003057,construction_strict,expert_reference_upper_bound,84.3098,21.3,8,0.5343,1.4412,2
s003058,motif_strict,expert_reference_upper_bound,83.8409,18.9128,8,0.4421,1.1631,2
s003059,heritage_strict,expert_reference_upper_bound,82.2065,18.4096,8,0.247,1.4865,3
s003060,visual_lenient,expert_reference_upper_bound,79.9455,16.9646,8,0.1893,1.2939,3
s003061,balanced,expert_reference_upper_bound,87.3777,22.9927,8,0.5499,1.0587,1
s003062,construction_strict,expert_reference_upper_bound,86.6122,18.635,8,0.4686,1.6869,3
s003063,motif_strict,expert_reference_upper_bound,82.7285,21.4584,8,0.4923,0.7222,3
s003064,heritage_strict,expert_reference_upper_bound,81.4421,19.3095,8,0.4,1.7279,3
s003065,visual_lenient,expert_reference_upper_bound,86.2569,22.6975,8,0.4201,1.127,3
s003066,balanced,expert_reference_upper_bound,86.2358,22.122,8,0.3241,0.7225,2
s003067,construction_strict,expert_reference_upper_bound,83.5267,18.6497,8,0.4746,0.9081,2
s003068,motif_strict,expert_reference_upper_bound,87.0479,24.97,8,0.2725,1.7047,1
s003069,heritage_strict,expert_reference_upper_bound,83.6395,18.1151,8,0.3408,1.1471,1
s003070,visual_lenient,expert_reference_upper_bound,84.2028,18.001,8,0.4875,0.6921,2
s003071,balanced,expert_reference_upper_bound,81.2759,21.4715,8,0.1425,1.6774,1
s003072,construction_strict,expert_reference_upper_bound,80.4387,16.1955,8,0.1282,1.284,2
s003073,motif_strict,expert_reference_upper_bound,79.1306,18.2384,8,0.5129,1.5524,1
s003074,heritage_strict,expert_reference_upper_bound,74.6059,11.7161,8,0.5226,1.4001,3
s003075,visual_lenient,expert_reference_upper_bound,85.3672,22.0962,8,0.3369,0.6427,2
s003076,balanced,expert_reference_upper_bound,84.9776,26.4817,8,0.2266,0.8401,1
s003077,construction_strict,expert_reference_upper_bound,83.3369,23.4191,8,0.1064,1.7494,1
s003078,motif_strict,expert_reference_upper_bound,81.4217,19.982,8,0.5242,0.6394,1
s003079,heritage_strict,expert_reference_upper_bound,82.6894,16.1307,8,0.1972,0.9903,1
s003080,visual_lenient,expert_reference_upper_bound,83.3283,20.3362,8,0.1202,1.0453,1
s003081,balanced,expert_reference_upper_bound,85.396,21.6564,8,0.4296,1.2519,2
s003082,construction_strict,expert_reference_upper_bound,81.174,15.8466,8,0.4016,1.6546,1
s003083,motif_strict,expert_reference_upper_bound,80.8777,18.9141,8,0.2924,1.1133,2
s003084,heritage_strict,expert_reference_upper_bound,85.2119,27.2558,8,0.284,1.3871,2
s003085,visual_lenient,expert_reference_upper_bound,87.3918,17.7931,8,0.3702,0.9123,3
s003086,balanced,expert_reference_upper_bound,86.4352,20.9974,8,0.3257,1.3689,1
s003087,construction_strict,expert_reference_upper_bound,82.993,18.8193,8,0.385,0.6226,3
s003088,motif_strict,expert_reference_upper_bound,77.4146,14.1107,8,0.3075,1.5272,2
s003089,heritage_strict,expert_reference_upper_bound,85.8349,18.9571,8,0.425,1.3642,1
s003090,visual_lenient,expert_reference_upper_bound,79.0678,14.9112,8,0.4233,1.5892,3
s003091,balanced,expert_reference_upper_bound,82.0624,13.2071,8,0.1513,1.2661,3
s003092,construction_strict,expert_reference_upper_bound,83.0082,18.0124,8,0.4641,1.5536,3
s003093,motif_strict,expert_reference_upper_bound,84.5931,20.3134,8,0.2324,0.8764,3
s003094,heritage_strict,expert_reference_upper_bound,82.9852,18.7068,8,0.4854,1.7103,1
s003095,visual_lenient,expert_reference_upper_bound,85.2011,22.1842,8,0.1552,0.7689,3
s003096,balanced,expert_reference_upper_bound,82.3284,18.8025,8,0.1588,1.2813,1
s003097,construction_strict,expert_reference_upper_bound,86.6407,28.1003,8,0.4642,1.2445,3
s003098,motif_strict,expert_reference_upper_bound,85.2946,18.457,8,0.2282,1.6523,2
s003099,heritage_strict,expert_reference_upper_bound,88.774,26.7239,8,0.3121,0.6783,3
s003100,visual_lenient,expert_reference_upper_bound,85.0895,20.387,8,0.455,1.0169,3
s003101,balanced,expert_reference_upper_bound,78.8915,15.3276,8,0.4512,0.7496,2
s003102,construction_strict,expert_reference_upper_bound,81.4288,20.3722,8,0.5429,1.7214,2
s003103,motif_strict,expert_reference_upper_bound,78.5028,13.903,8,0.2399,1.6337,3
s003104,heritage_strict,expert_reference_upper_bound,89.2264,27.6005,8,0.4891,1.3901,1
s003105,visual_lenient,expert_reference_upper_bound,86.2616,24.9088,8,0.4336,0.9183,1
s003106,balanced,expert_reference_upper_bound,86.0455,22.5639,8,0.2088,1.388,1
s003107,construction_strict,expert_reference_upper_bound,86.2017,25.5175,8,0.1143,0.6303,2
s003108,motif_strict,expert_reference_upper_bound,86.9767,23.3088,8,0.5032,0.6313,1
s003109,heritage_strict,expert_reference_upper_bound,85.8085,25.2364,8,0.1995,0.5675,2
s003110,visual_lenient,expert_reference_upper_bound,78.4381,17.9088,8,0.4638,1.2037,1
s003111,balanced,expert_reference_upper_bound,89.4824,28.211,8,0.5469,0.9617,2
s003112,construction_strict,expert_reference_upper_bound,84.2658,21.4915,8,0.1065,1.3723,2
s003113,motif_strict,expert_reference_upper_bound,89.6984,24.758,8,0.3822,1.1286,3
s003114,heritage_strict,expert_reference_upper_bound,83.8516,19.8636,8,0.5398,1.4793,2
s003115,visual_lenient,expert_reference_upper_bound,82.4888,17.9997,8,0.5414,0.9996,2
s003116,balanced,expert_reference_upper_bound,84.1654,19.4597,8,0.1329,1.2913,2
s003117,construction_strict,expert_reference_upper_bound,84.7901,25.1652,8,0.3712,1.2682,1
s003118,motif_strict,expert_reference_upper_bound,81.8325,20.1264,8,0.1808,1.6516,2
s003119,heritage_strict,expert_reference_upper_bound,87.4167,24.2121,8,0.3694,0.5833,2
s003120,visual_lenient,expert_reference_upper_bound,82.0905,20.2171,8,0.1779,1.083,3
s003121,balanced,expert_reference_upper_bound,80.1552,12.7552,8,0.4855,1.4168,3
s003122,construction_strict,expert_reference_upper_bound,85.3066,22.6527,8,0.3731,0.5513,1
s003123,motif_strict,expert_reference_upper_bound,81.0952,18.7505,8,0.4381,1.0798,2
s003124,heritage_strict,expert_reference_upper_bound,78.1032,14.8674,8,0.4518,1.3034,2
s003125,visual_lenient,expert_reference_upper_bound,81.9097,11.3303,8,0.4376,1.6237,2
s003126,balanced,expert_reference_upper_bound,87.3817,24.0095,8,0.4058,1.4958,3
s003127,construction_strict,expert_reference_upper_bound,84.3702,24.0993,8,0.2207,1.3411,2
s003128,motif_strict,expert_reference_upper_bound,84.7742,25.0846,8,0.3639,1.705,2
s003129,heritage_strict,expert_reference_upper_bound,82.152,25.2042,8,0.495,0.9047,1
s003130,visual_lenient,expert_reference_upper_bound,83.0889,18.6168,8,0.356,0.6475,1
s003131,balanced,expert_reference_upper_bound,79.3626,20.2393,8,0.4649,1.6854,1
s003132,construction_strict,expert_reference_upper_bound,80.8526,17.1444,8,0.4287,0.9957,2
s003133,motif_strict,expert_reference_upper_bound,84.2442,22.854,8,0.5185,0.6353,2
s003134,heritage_strict,expert_reference_upper_bound,89.2328,25.5956,8,0.2534,0.9141,3
s003135,visual_lenient,expert_reference_upper_bound,81.8489,16.5595,8,0.1384,1.2334,2
s003136,balanced,expert_reference_upper_bound,86.0764,25.7503,8,0.4278,0.8193,3
s003137,construction_strict,expert_reference_upper_bound,86.56,22.5382,8,0.4056,0.9502,2
s003138,motif_strict,expert_reference_upper_bound,83.4993,20.7728,8,0.3668,1.2261,2
s003139,heritage_strict,expert_reference_upper_bound,85.5657,24.2314,8,0.2673,1.1697,1
s003140,visual_lenient,expert_reference_upper_bound,84.791,19.7283,8,0.1839,1.4331,1
s003141,balanced,expert_reference_upper_bound,83.8941,19.1589,8,0.4173,0.9589,3
s003142,construction_strict,expert_reference_upper_bound,84.4083,21.1111,8,0.3317,0.5755,1
s003143,motif_strict,expert_reference_upper_bound,83.771,17.2295,8,0.3942,1.4211,3
s003144,heritage_strict,expert_reference_upper_bound,83.7033,21.3044,8,0.4249,1.2276,2
s003145,visual_lenient,expert_reference_upper_bound,79.6084,16.0639,8,0.3453,1.3169,3
s003146,balanced,expert_reference_upper_bound,85.2037,15.9509,8,0.2055,0.9804,3
s003147,construction_strict,expert_reference_upper_bound,84.6277,25.124,8,0.3063,0.7815,3
s003148,motif_strict,expert_reference_upper_bound,81.6282,19.1611,8,0.4223,1.4347,1
s003149,heritage_strict,expert_reference_upper_bound,83.9826,14.8859,8,0.4051,1.2256,2
s003150,visual_lenient,expert_reference_upper_bound,82.4086,21.9075,8,0.3106,0.6689,2
s003151,balanced,expert_reference_upper_bound,81.0466,20.6787,8,0.5395,1.4523,2
s003152,construction_strict,expert_reference_upper_bound,84.9525,20.3106,8,0.2042,1.0982,3
s003153,motif_strict,expert_reference_upper_bound,75.6666,9.5792,8,0.2526,1.1161,3
s003154,heritage_strict,expert_reference_upper_bound,87.0734,24.4497,8,0.5242,0.7613,1
s003155,visual_lenient,expert_reference_upper_bound,82.8376,21.7552,8,0.3267,0.9219,3
s003156,balanced,expert_reference_upper_bound,84.1289,22.1145,8,0.3951,0.7408,2
s003157,construction_strict,expert_reference_upper_bound,83.3956,20.463,8,0.1484,0.6572,3
s003158,motif_strict,expert_reference_upper_bound,81.263,21.602,8,0.1789,0.726,3
s003159,heritage_strict,expert_reference_upper_bound,83.037,21.7602,8,0.2344,1.5947,2
s003160,visual_lenient,expert_reference_upper_bound,82.1656,14.7813,8,0.3357,1.6688,2
s003161,balanced,expert_reference_upper_bound,81.4823,18.331,8,0.1221,1.2669,1
s003162,construction_strict,expert_reference_upper_bound,80.2576,20.8697,8,0.3279,1.7176,3
s003163,motif_strict,expert_reference_upper_bound,82.5825,16.0983,8,0.3383,0.9001,2
s003164,heritage_strict,expert_reference_upper_bound,82.2201,20.0755,8,0.4838,0.7989,1
s003165,visual_lenient,expert_reference_upper_bound,87.3568,24.0504,8,0.1722,0.9076,3
s003166,balanced,expert_reference_upper_bound,86.53,25.3346,8,0.3419,1.465,2
s003167,construction_strict,expert_reference_upper_bound,76.172,18.3702,8,0.1592,1.3096,3
s003168,motif_strict,expert_reference_upper_bound,81.8766,16.7147,8,0.5335,1.1006,3
s003169,heritage_strict,expert_reference_upper_bound,82.4035,11.8633,8,0.2244,1.4317,2
s003170,visual_lenient,expert_reference_upper_bound,83.6838,15.9698,8,0.1113,1.4285,3
s003171,balanced,expert_reference_upper_bound,83.571,21.9133,8,0.3229,1.2457,1
s003172,construction_strict,expert_reference_upper_bound,83.4226,21.2438,8,0.2878,1.3602,2
s003173,motif_strict,expert_reference_upper_bound,82.8954,18.3813,8,0.4996,0.921,2
s003174,heritage_strict,expert_reference_upper_bound,82.1781,6.0159,8,0.3907,1.4983,1
s003175,visual_lenient,expert_reference_upper_bound,84.5432,22.1906,8,0.2504,1.3653,2
s003176,balanced,expert_reference_upper_bound,80.5915,18.6863,8,0.2975,1.1485,3
s003177,construction_strict,expert_reference_upper_bound,81.9574,20.5889,8,0.193,0.6335,2
s003178,motif_strict,expert_reference_upper_bound,84.7494,23.1446,8,0.5289,0.5609,3
s003179,heritage_strict,expert_reference_upper_bound,86.5451,26.5177,8,0.4409,1.4614,1
s003180,visual_lenient,expert_reference_upper_bound,87.1458,21.0677,8,0.458,0.9332,1
s003181,balanced,expert_reference_upper_bound,85.755,22.8207,8,0.3765,0.858,3
s003182,construction_strict,expert_reference_upper_bound,84.6851,22.0716,8,0.3811,1.3048,1
s003183,motif_strict,expert_reference_upper_bound,83.5101,21.9657,8,0.3309,1.0214,2
s003184,heritage_strict,expert_reference_upper_bound,82.9591,19.6651,8,0.1034,1.2593,3
s003185,visual_lenient,expert_reference_upper_bound,84.6772,23.0203,8,0.4663,0.6635,3
s003186,balanced,expert_reference_upper_bound,87.3951,25.7938,8,0.3289,1.7014,3
s003187,construction_strict,expert_reference_upper_bound,81.4829,22.3722,8,0.3552,1.5354,1
s003188,motif_strict,expert_reference_upper_bound,83.179,21.1963,8,0.2601,0.7994,2
s003189,heritage_strict,expert_reference_upper_bound,84.6228,23.694,8,0.2252,0.8799,3
s003190,visual_lenient,expert_reference_upper_bound,83.6221,16.4246,8,0.1064,1.2496,1
s003191,balanced,expert_reference_upper_bound,83.8316,22.365,8,0.4611,0.7344,1
s003192,construction_strict,expert_reference_upper_bound,84.7792,23.7781,8,0.1622,1.412,2
s003193,motif_strict,expert_reference_upper_bound,82.2315,21.8314,8,0.343,1.3782,3
s003194,heritage_strict,expert_reference_upper_bound,92.5621,33.9582,8,0.4904,0.7049,2
s003195,visual_lenient,expert_reference_upper_bound,81.2809,16.1675,8,0.5002,1.3837,1
s003196,balanced,expert_reference_upper_bound,80.2236,16.7963,8,0.1004,1.2012,3
s003197,construction_strict,expert_reference_upper_bound,84.2498,18.2056,8,0.4015,1.4743,2
s003198,motif_strict,expert_reference_upper_bound,86.0449,17.6669,8,0.4541,0.9451,2
s003199,heritage_strict,expert_reference_upper_bound,87.3865,26.803,8,0.1699,1.4034,3
s003200,visual_lenient,expert_reference_upper_bound,83.607,18.3016,8,0.4577,1.2492,2
s003201,balanced,expert_reference_upper_bound,86.6434,23.6869,8,0.3527,0.7819,2
s003202,construction_strict,expert_reference_upper_bound,86.7537,26.1844,8,0.5381,0.5766,2
s003203,motif_strict,expert_reference_upper_bound,80.7686,18.5773,8,0.3805,0.5612,1
s003204,heritage_strict,expert_reference_upper_bound,83.2624,19.0002,8,0.1532,1.1408,2
s003205,visual_lenient,expert_reference_upper_bound,84.3632,20.3559,8,0.2518,0.6846,1
s003206,balanced,expert_reference_upper_bound,85.2286,25.8133,8,0.2569,1.5087,2
s003207,construction_strict,expert_reference_upper_bound,82.1105,17.0697,8,0.4942,1.5414,2
s003208,motif_strict,expert_reference_upper_bound,78.7214,10.0609,8,0.3795,0.9661,2
s003209,heritage_strict,expert_reference_upper_bound,80.7969,16.766,8,0.3343,0.9962,3
s003210,visual_lenient,expert_reference_upper_bound,83.9506,16.3113,8,0.41,0.8929,3
s003211,balanced,expert_reference_upper_bound,82.1293,18.9577,8,0.2447,1.2836,1
s003212,construction_strict,expert_reference_upper_bound,82.5531,20.1541,8,0.2126,1.2731,1
s003213,motif_strict,expert_reference_upper_bound,87.2275,24.9787,8,0.3719,1.2487,3
s003214,heritage_strict,expert_reference_upper_bound,81.1334,17.2944,8,0.4937,1.571,3
s003215,visual_lenient,expert_reference_upper_bound,83.849,19.5173,8,0.2955,1.5391,1
s003216,balanced,expert_reference_upper_bound,83.7363,24.3046,8,0.5411,1.5758,1
s003217,construction_strict,expert_reference_upper_bound,82.9917,21.705,8,0.2407,1.2862,3
s003218,motif_strict,expert_reference_upper_bound,83.9856,20.2181,8,0.2016,1.5656,3
s003219,heritage_strict,expert_reference_upper_bound,81.0648,21.0636,8,0.4958,1.5118,1
s003220,visual_lenient,expert_reference_upper_bound,86.0544,21.6454,8,0.2603,0.6531,3
s003221,balanced,expert_reference_upper_bound,87.1594,23.9316,8,0.4289,0.7803,1
s003222,construction_strict,expert_reference_upper_bound,76.8215,17.4014,8,0.354,1.2454,3
s003223,motif_strict,expert_reference_upper_bound,80.7775,13.984,8,0.263,0.975,3
s003224,heritage_strict,expert_reference_upper_bound,85.1766,21.9083,8,0.1861,0.6427,2
s003225,visual_lenient,expert_reference_upper_bound,85.6901,22.6243,8,0.2453,0.8377,3
s003226,balanced,expert_reference_upper_bound,83.5011,17.5251,8,0.4606,0.8334,3
s003227,construction_strict,expert_reference_upper_bound,79.8612,14.5833,8,0.3566,1.6117,1
s003228,motif_strict,expert_reference_upper_bound,84.527,20.1618,8,0.2844,1.0176,2
s003229,heritage_strict,expert_reference_upper_bound,82.4753,18.532,8,0.2324,1.3668,1
s003230,visual_lenient,expert_reference_upper_bound,87.2012,21.2239,8,0.4764,1.6055,3
s003231,balanced,expert_reference_upper_bound,79.6454,16.9087,8,0.1701,1.019,2
s003232,construction_strict,expert_reference_upper_bound,83.313,22.1659,8,0.3073,1.3302,2
s003233,motif_strict,expert_reference_upper_bound,83.2403,20.5723,8,0.1301,0.6935,3
s003234,heritage_strict,expert_reference_upper_bound,84.4082,21.3721,8,0.5324,0.7531,2
s003235,visual_lenient,expert_reference_upper_bound,83.2167,21.6219,8,0.4886,1.1049,1
s003236,balanced,expert_reference_upper_bound,84.5577,21.3227,8,0.2407,1.0517,2
s003237,construction_strict,expert_reference_upper_bound,81.9249,13.9708,8,0.2851,1.7472,1
s003238,motif_strict,expert_reference_upper_bound,84.242,23.0987,8,0.2974,0.9113,3
s003239,heritage_strict,expert_reference_upper_bound,83.134,20.2428,8,0.1344,0.6573,1
s003240,visual_lenient,expert_reference_upper_bound,88.4918,23.5198,8,0.2713,1.3094,2
s003241,balanced,expert_reference_upper_bound,84.6653,21.9799,8,0.3249,1.4756,3
s003242,construction_strict,expert_reference_upper_bound,80.0796,14.3539,8,0.2143,1.2998,2
s003243,motif_strict,expert_reference_upper_bound,85.6726,26.6596,8,0.1329,1.2847,2
s003244,heritage_strict,expert_reference_upper_bound,78.3498,18.9678,8,0.491,1.4399,2
s003245,visual_lenient,expert_reference_upper_bound,86.9067,22.3185,8,0.2632,0.6706,1
s003246,balanced,expert_reference_upper_bound,83.628,20.8374,8,0.2743,0.8979,2
s003247,construction_strict,expert_reference_upper_bound,87.8446,23.3093,8,0.4666,1.2786,2
s003248,motif_strict,expert_reference_upper_bound,87.0829,20.1647,8,0.478,1.3351,1
s003249,heritage_strict,expert_reference_upper_bound,84.2206,23.0902,8,0.2351,1.4509,2
s003250,visual_lenient,expert_reference_upper_bound,80.8158,15.365,8,0.2622,1.2078,1
s003251,balanced,expert_reference_upper_bound,82.771,14.8128,8,0.4393,1.6528,2
s003252,construction_strict,expert_reference_upper_bound,83.0411,21.1855,8,0.4159,1.2642,2
s003253,motif_strict,expert_reference_upper_bound,78.1717,18.5776,8,0.2812,1.2833,3
s003254,heritage_strict,expert_reference_upper_bound,84.8514,24.0913,8,0.3209,0.7883,3
s003255,visual_lenient,expert_reference_upper_bound,83.737,21.4446,8,0.1053,1.4717,3
s003256,balanced,expert_reference_upper_bound,77.2077,13.5671,8,0.1109,1.0758,2
s003257,construction_strict,expert_reference_upper_bound,88.0413,24.3682,8,0.3747,0.9954,3
s003258,motif_strict,expert_reference_upper_bound,81.1753,12.3086,8,0.5299,1.4776,1
s003259,heritage_strict,expert_reference_upper_bound,84.2168,17.992,8,0.4126,1.1746,1
s003260,visual_lenient,expert_reference_upper_bound,81.3976,18.2586,8,0.1341,1.469,2
s003261,balanced,expert_reference_upper_bound,81.7176,19.8403,8,0.1531,1.3978,3
s003262,construction_strict,expert_reference_upper_bound,83.7803,20.5946,8,0.1843,1.7387,3
s003263,motif_strict,expert_reference_upper_bound,84.8821,20.839,8,0.2699,1.4955,2
s003264,heritage_strict,expert_reference_upper_bound,84.1511,18.8243,8,0.5433,1.6196,2
s003265,visual_lenient,expert_reference_upper_bound,84.3764,21.4507,8,0.2989,1.4732,1
s003266,balanced,expert_reference_upper_bound,83.0161,16.599,8,0.3477,0.8476,2
s003267,construction_strict,expert_reference_upper_bound,80.1859,18.8646,8,0.236,0.656,1
s003268,motif_strict,expert_reference_upper_bound,85.0948,26.0049,8,0.1217,0.9538,1
s003269,heritage_strict,expert_reference_upper_bound,87.7989,24.0505,8,0.4436,0.7377,2
s003270,visual_lenient,expert_reference_upper_bound,84.5363,21.9114,8,0.461,0.9678,3
s003271,balanced,expert_reference_upper_bound,85.0642,23.5916,8,0.3057,0.9423,2
s003272,construction_strict,expert_reference_upper_bound,81.3393,20.9218,8,0.1537,1.5661,1
s003273,motif_strict,expert_reference_upper_bound,84.1999,21.7833,8,0.1264,0.6214,1
s003274,heritage_strict,expert_reference_upper_bound,82.535,20.4265,8,0.4925,1.1877,2
s003275,visual_lenient,expert_reference_upper_bound,84.4845,22.157,8,0.2098,0.9711,2
s003276,balanced,expert_reference_upper_bound,81.0688,20.1722,8,0.5132,0.6394,3
s003277,construction_strict,expert_reference_upper_bound,82.5273,23.3238,8,0.3569,0.7745,1
s003278,motif_strict,expert_reference_upper_bound,82.3844,15.4822,8,0.2317,1.406,3
s003279,heritage_strict,expert_reference_upper_bound,83.4861,23.3352,8,0.343,0.9852,3
s003280,visual_lenient,expert_reference_upper_bound,81.3657,17.2609,8,0.2916,0.5844,3
s003281,balanced,expert_reference_upper_bound,81.7932,16.96,8,0.4948,1.3559,1
s003282,construction_strict,expert_reference_upper_bound,82.317,19.5914,8,0.1629,1.1781,1
s003283,motif_strict,expert_reference_upper_bound,81.7733,12.8927,8,0.2915,1.3686,1
s003284,heritage_strict,expert_reference_upper_bound,83.7814,23.0481,8,0.3742,1.4406,2
s003285,visual_lenient,expert_reference_upper_bound,84.7687,21.7592,8,0.4691,1.6555,2
s003286,balanced,expert_reference_upper_bound,88.6972,28.8988,8,0.4696,1.2604,1
s003287,construction_strict,expert_reference_upper_bound,82.414,22.0615,8,0.3232,1.1239,3
s003288,motif_strict,expert_reference_upper_bound,86.2655,22.5047,8,0.3557,1.1891,3
s003289,heritage_strict,expert_reference_upper_bound,87.0125,22.0398,8,0.3834,0.7562,2
s003290,visual_lenient,expert_reference_upper_bound,87.4654,25.1504,8,0.2653,0.6095,3
s003291,balanced,expert_reference_upper_bound,87.4549,24.081,8,0.4162,1.4503,1
s003292,construction_strict,expert_reference_upper_bound,84.8121,19.758,8,0.1997,1.7392,1
s003293,motif_strict,expert_reference_upper_bound,78.8514,16.2806,8,0.1048,1.4251,2
s003294,heritage_strict,expert_reference_upper_bound,84.513,21.4421,8,0.3996,1.6013,1
s003295,visual_lenient,expert_reference_upper_bound,83.9265,18.877,8,0.3405,1.05,1
s003296,balanced,expert_reference_upper_bound,88.6894,20.978,8,0.444,1.0883,1
s003297,construction_strict,expert_reference_upper_bound,82.1189,16.7546,8,0.4215,1.2655,1
s003298,motif_strict,expert_reference_upper_bound,85.3128,22.8978,8,0.5047,1.1794,1
s003299,heritage_strict,expert_reference_upper_bound,79.886,21.8577,8,0.3585,1.4723,2
s003300,visual_lenient,expert_reference_upper_bound,82.2598,24.2976,8,0.2888,1.2633,3
s003301,balanced,expert_reference_upper_bound,79.4318,17.0795,8,0.4201,0.9791,3
s003302,construction_strict,expert_reference_upper_bound,85.328,22.8689,8,0.1467,0.6378,2
s003303,motif_strict,expert_reference_upper_bound,79.1296,13.5516,8,0.3694,0.754,3
s003304,heritage_strict,expert_reference_upper_bound,84.9508,19.356,8,0.4805,1.1809,2
s003305,visual_lenient,expert_reference_upper_bound,89.105,20.0859,8,0.3347,0.8146,1
s003306,balanced,expert_reference_upper_bound,80.477,12.5091,8,0.3873,1.3793,1
s003307,construction_strict,expert_reference_upper_bound,83.2249,18.8859,8,0.5149,1.0389,1
s003308,motif_strict,expert_reference_upper_bound,78.4826,14.7999,8,0.1451,1.0472,3
s003309,heritage_strict,expert_reference_upper_bound,81.8477,14.1614,8,0.2773,1.0512,2
s003310,visual_lenient,expert_reference_upper_bound,83.7017,19.1689,8,0.4834,0.8803,2
s003311,balanced,expert_reference_upper_bound,82.9009,19.1684,8,0.3578,0.9697,3
s003312,construction_strict,expert_reference_upper_bound,82.4603,21.3539,8,0.3104,0.8001,2
s003313,motif_strict,expert_reference_upper_bound,84.1427,23.0671,8,0.204,1.2042,3
s003314,heritage_strict,expert_reference_upper_bound,83.903,21.5323,8,0.3384,1.645,1
s003315,visual_lenient,expert_reference_upper_bound,82.3423,23.0289,8,0.161,1.4793,1
s003316,balanced,expert_reference_upper_bound,87.7371,25.8788,8,0.2781,0.5613,1
s003317,construction_strict,expert_reference_upper_bound,90.0173,26.6374,8,0.4251,0.6577,3
s003318,motif_strict,expert_reference_upper_bound,86.264,26.5361,8,0.4279,0.5504,1
s003319,heritage_strict,expert_reference_upper_bound,83.7342,20.2308,8,0.1545,1.1161,2
s003320,visual_lenient,expert_reference_upper_bound,87.2562,20.1707,8,0.1832,1.3767,2
s003321,balanced,expert_reference_upper_bound,89.8006,26.2274,8,0.2474,0.6288,2
s003322,construction_strict,expert_reference_upper_bound,82.9494,19.2302,8,0.3619,1.3537,2
s003323,motif_strict,expert_reference_upper_bound,84.1508,21.1731,8,0.2536,1.4389,1
s003324,heritage_strict,expert_reference_upper_bound,87.8693,24.8489,8,0.2678,0.6525,2
s003325,visual_lenient,expert_reference_upper_bound,83.1953,18.6943,8,0.162,1.4256,2
s003326,balanced,expert_reference_upper_bound,82.5568,17.3247,8,0.4046,1.599,1
s003327,construction_strict,expert_reference_upper_bound,83.8825,24.4129,8,0.5475,0.6262,1
s003328,motif_strict,expert_reference_upper_bound,83.0689,20.2877,8,0.2765,0.6082,1
s003329,heritage_strict,expert_reference_upper_bound,81.4561,18.7395,8,0.2509,0.7684,2
s003330,visual_lenient,expert_reference_upper_bound,80.7286,15.0667,8,0.3041,0.9763,3
s003331,balanced,expert_reference_upper_bound,84.623,19.5545,8,0.1849,1.3843,2
s003332,construction_strict,expert_reference_upper_bound,82.5774,19.2281,8,0.471,1.5497,2
s003333,motif_strict,expert_reference_upper_bound,82.3024,26.4518,8,0.4168,1.4963,1
s003334,heritage_strict,expert_reference_upper_bound,83.3257,23.2487,8,0.2063,0.6894,2
s003335,visual_lenient,expert_reference_upper_bound,84.9828,23.7384,8,0.3227,0.7293,2
s003336,balanced,expert_reference_upper_bound,87.9034,24.1462,8,0.5454,1.2223,1
s003337,construction_strict,expert_reference_upper_bound,88.5802,25.0948,8,0.5346,1.0806,3
s003338,motif_strict,expert_reference_upper_bound,86.33,22.4957,8,0.3433,1.0637,2
s003339,heritage_strict,expert_reference_upper_bound,82.4365,15.629,8,0.3793,1.271,1
s003340,visual_lenient,expert_reference_upper_bound,81.5191,14.7327,8,0.525,1.6465,1
s003341,balanced,expert_reference_upper_bound,86.8356,23.5213,8,0.2628,0.5737,2
s003342,construction_strict,expert_reference_upper_bound,86.9374,24.252,8,0.1747,1.3895,3
s003343,motif_strict,expert_reference_upper_bound,84.1916,21.752,8,0.2542,1.668,3
s003344,heritage_strict,expert_reference_upper_bound,80.047,18.9738,8,0.4543,1.0871,2
s003345,visual_lenient,expert_reference_upper_bound,81.7007,21.2482,8,0.4593,1.1955,3
s003346,balanced,expert_reference_upper_bound,80.2459,15.5322,8,0.2419,1.1098,1
s003347,construction_strict,expert_reference_upper_bound,86.5697,24.3273,8,0.4306,0.947,1
s003348,motif_strict,expert_reference_upper_bound,84.7429,21.2425,8,0.2953,1.5712,1
s003349,heritage_strict,expert_reference_upper_bound,84.4288,24.1918,8,0.4265,1.1748,2
s003350,visual_lenient,expert_reference_upper_bound,80.8895,19.1308,8,0.169,1.35,1
s003351,balanced,expert_reference_upper_bound,87.9614,26.0361,8,0.2737,1.4953,2
s003352,construction_strict,expert_reference_upper_bound,84.5352,24.0419,8,0.3178,0.9919,1
s003353,motif_strict,expert_reference_upper_bound,81.7765,21.3452,8,0.4071,1.6079,1
s003354,heritage_strict,expert_reference_upper_bound,88.2276,30.743,8,0.4715,1.276,1
s003355,visual_lenient,expert_reference_upper_bound,86.9786,23.7127,8,0.3215,1.2864,1
s003356,balanced,expert_reference_upper_bound,79.8204,18.6199,8,0.3554,1.6642,1
s003357,construction_strict,expert_reference_upper_bound,83.4149,19.2655,8,0.1942,1.6739,1
s003358,motif_strict,expert_reference_upper_bound,85.5943,24.1006,8,0.3615,1.274,3
s003359,heritage_strict,expert_reference_upper_bound,89.2308,23.8414,8,0.1159,0.9268,1
s003360,visual_lenient,expert_reference_upper_bound,81.5664,15.7924,8,0.2702,1.3907,1
s003361,balanced,expert_reference_upper_bound,85.962,24.0531,8,0.4953,1.4066,1
s003362,construction_strict,expert_reference_upper_bound,82.8648,22.8432,8,0.2917,1.1391,2
s003363,motif_strict,expert_reference_upper_bound,85.7395,22.1199,8,0.2315,1.322,3
s003364,heritage_strict,expert_reference_upper_bound,82.9232,18.5446,8,0.4851,1.2784,3
s003365,visual_lenient,expert_reference_upper_bound,79.4361,18.1303,8,0.3254,1.6249,1
s003366,balanced,expert_reference_upper_bound,88.1005,29.1291,8,0.1212,0.6072,3
s003367,construction_strict,expert_reference_upper_bound,80.4324,16.5471,8,0.4443,1.3274,2
s003368,motif_strict,expert_reference_upper_bound,83.1747,18.3351,8,0.3999,1.4627,2
s003369,heritage_strict,expert_reference_upper_bound,83.2268,20.2883,8,0.3186,0.7963,3
s003370,visual_lenient,expert_reference_upper_bound,82.8389,20.7921,8,0.334,1.2526,1
s003371,balanced,expert_reference_upper_bound,81.9481,22.2286,8,0.2335,1.338,3
s003372,construction_strict,expert_reference_upper_bound,80.9346,19.9052,8,0.107,1.7401,2
s003373,motif_strict,expert_reference_upper_bound,83.9707,19.7216,8,0.1599,1.3847,3
s003374,heritage_strict,expert_reference_upper_bound,82.3386,18.8357,8,0.4034,0.6211,2
s003375,visual_lenient,expert_reference_upper_bound,80.262,15.7325,8,0.5305,0.6905,2
s003376,balanced,expert_reference_upper_bound,82.783,22.3719,8,0.1729,1.4987,1
s003377,construction_strict,expert_reference_upper_bound,83.6033,20.3042,8,0.1226,0.557,3
s003378,motif_strict,expert_reference_upper_bound,82.6223,15.157,8,0.1258,1.5998,2
s003379,heritage_strict,expert_reference_upper_bound,78.1232,19.7521,8,0.1099,1.0719,1
s003380,visual_lenient,expert_reference_upper_bound,81.6468,20.8247,8,0.2341,0.6277,3
s003381,balanced,expert_reference_upper_bound,87.8412,28.9436,8,0.3284,1.5672,1
s003382,construction_strict,expert_reference_upper_bound,79.2414,21.2966,8,0.3767,1.2707,3
s003383,motif_strict,expert_reference_upper_bound,83.8403,23.6417,8,0.2202,0.9171,2
s003384,heritage_strict,expert_reference_upper_bound,84.7483,22.1889,8,0.446,0.9781,3
s003385,visual_lenient,expert_reference_upper_bound,83.5239,20.8401,8,0.1268,1.0008,1
s003386,balanced,expert_reference_upper_bound,86.2561,23.7618,8,0.1355,0.8172,1
s003387,construction_strict,expert_reference_upper_bound,79.5134,22.0036,8,0.4631,1.1529,2
s003388,motif_strict,expert_reference_upper_bound,88.0014,26.1088,8,0.117,0.8068,3
s003389,heritage_strict,expert_reference_upper_bound,86.8249,21.6511,8,0.2367,0.9521,3
s003390,visual_lenient,expert_reference_upper_bound,80.8369,14.6999,8,0.4144,1.6807,3
s003391,balanced,expert_reference_upper_bound,88.724,24.2688,8,0.5487,1.0348,2
s003392,construction_strict,expert_reference_upper_bound,76.6641,12.4104,8,0.4945,1.7046,3
s003393,motif_strict,expert_reference_upper_bound,84.6894,19.1241,8,0.2676,1.0459,2
s003394,heritage_strict,expert_reference_upper_bound,84.6067,18.0226,8,0.3591,0.9811,2
s003395,visual_lenient,expert_reference_upper_bound,82.7466,20.0235,8,0.239,1.3305,2
s003396,balanced,expert_reference_upper_bound,83.5486,19.5249,8,0.2337,1.2524,1
s003397,construction_strict,expert_reference_upper_bound,82.6376,23.756,8,0.4676,1.7313,1
s003398,motif_strict,expert_reference_upper_bound,81.3747,22.619,8,0.4105,1.4095,1
s003399,heritage_strict,expert_reference_upper_bound,83.1399,20.6879,8,0.1548,1.2187,2
s003400,visual_lenient,expert_reference_upper_bound,87.7497,26.0923,8,0.3035,1.3285,3
s003401,balanced,expert_reference_upper_bound,85.3266,23.5833,8,0.4869,1.4426,1
s003402,construction_strict,expert_reference_upper_bound,83.693,20.7197,8,0.2313,1.0131,3
s003403,motif_strict,expert_reference_upper_bound,81.2618,20.0722,8,0.1218,1.1301,1
s003404,heritage_strict,expert_reference_upper_bound,80.4547,18.6116,8,0.1198,0.6191,1
s003405,visual_lenient,expert_reference_upper_bound,84.3305,20.7374,8,0.3578,1.0795,2
s003406,balanced,expert_reference_upper_bound,83.9716,21.0234,8,0.3956,0.9756,2
s003407,construction_strict,expert_reference_upper_bound,81.5132,19.6708,8,0.4562,1.2405,1
s003408,motif_strict,expert_reference_upper_bound,85.0504,25.2283,8,0.1781,0.8285,1
s003409,heritage_strict,expert_reference_upper_bound,86.1199,22.1947,8,0.5237,1.0288,2
s003410,visual_lenient,expert_reference_upper_bound,84.457,20.8642,8,0.2635,1.6776,2
s003411,balanced,expert_reference_upper_bound,85.7159,23.5754,8,0.2269,0.5938,3
s003412,construction_strict,expert_reference_upper_bound,80.5886,21.239,8,0.3925,1.5856,2
s003413,motif_strict,expert_reference_upper_bound,79.9433,12.2896,8,0.3423,1.2736,3
s003414,heritage_strict,expert_reference_upper_bound,85.9679,30.2854,8,0.4293,1.6284,1
s003415,visual_lenient,expert_reference_upper_bound,76.7901,8.9683,8,0.1736,1.0519,2
s003416,balanced,expert_reference_upper_bound,83.7324,18.4828,8,0.4664,1.0308,2
s003417,construction_strict,expert_reference_upper_bound,87.3481,27.1866,8,0.1087,0.6162,1
s003418,motif_strict,expert_reference_upper_bound,89.3474,25.6047,8,0.3487,0.7563,1
s003419,heritage_strict,expert_reference_upper_bound,85.8203,23.92,8,0.2573,0.8659,2
s003420,visual_lenient,expert_reference_upper_bound,87.2285,26.1767,8,0.2709,1.5241,1
s003421,balanced,expert_reference_upper_bound,85.693,21.3695,8,0.2003,1.5794,2
s003422,construction_strict,expert_reference_upper_bound,86.8348,26.867,8,0.1806,0.5573,3
s003423,motif_strict,expert_reference_upper_bound,81.3012,18.1546,8,0.3262,1.205,1
s003424,heritage_strict,expert_reference_upper_bound,84.2554,18.0655,8,0.3189,0.6652,1
s003425,visual_lenient,expert_reference_upper_bound,89.5027,24.4371,8,0.337,1.2726,3
s003426,balanced,expert_reference_upper_bound,83.5004,19.9261,8,0.1314,1.2363,1
s003427,construction_strict,expert_reference_upper_bound,82.334,20.7608,8,0.1664,0.9974,1
s003428,motif_strict,expert_reference_upper_bound,87.0041,23.1629,8,0.5297,0.6902,2
s003429,heritage_strict,expert_reference_upper_bound,84.7893,21.7968,8,0.1053,0.6792,2
s003430,visual_lenient,expert_reference_upper_bound,83.6644,17.0569,8,0.5336,1.0817,2
s003431,balanced,expert_reference_upper_bound,81.0549,14.5501,8,0.2369,1.745,3
s003432,construction_strict,expert_reference_upper_bound,83.5658,23.1218,8,0.5184,1.222,2
s003433,motif_strict,expert_reference_upper_bound,83.0234,19.4743,8,0.1237,1.3678,1
s003434,heritage_strict,expert_reference_upper_bound,85.0843,21.8121,8,0.4606,0.7024,3
s003435,visual_lenient,expert_reference_upper_bound,84.9572,17.4329,8,0.308,1.4772,3
s003436,balanced,expert_reference_upper_bound,81.4545,18.4732,8,0.1549,1.1766,1
s003437,construction_strict,expert_reference_upper_bound,80.4404,16.0144,8,0.5117,1.3894,2
s003438,motif_strict,expert_reference_upper_bound,80.5289,12.4887,8,0.344,1.4416,2
s003439,heritage_strict,expert_reference_upper_bound,86.9151,22.3792,8,0.4071,1.0187,1
s003440,visual_lenient,expert_reference_upper_bound,82.7159,22.001,8,0.1399,1.1426,2
s003441,balanced,expert_reference_upper_bound,83.993,17.2065,8,0.3842,0.9956,2
s003442,construction_strict,expert_reference_upper_bound,82.351,21.9681,8,0.2785,1.1158,3
s003443,motif_strict,expert_reference_upper_bound,80.1494,12.5018,8,0.5263,0.9595,2
s003444,heritage_strict,expert_reference_upper_bound,79.0624,12.7828,8,0.3034,1.5895,2
s003445,visual_lenient,expert_reference_upper_bound,82.0099,14.5104,8,0.3768,1.2779,2
s003446,balanced,expert_reference_upper_bound,86.3438,25.9158,8,0.1051,0.599,2
s003447,construction_strict,expert_reference_upper_bound,83.355,22.4615,8,0.3889,1.212,2
s003448,motif_strict,expert_reference_upper_bound,82.4011,19.8888,8,0.1284,1.1314,3
s003449,heritage_strict,expert_reference_upper_bound,83.9291,17.9125,8,0.2307,0.9769,3
s003450,visual_lenient,expert_reference_upper_bound,85.6711,20.1436,8,0.472,0.5959,3
s003451,balanced,expert_reference_upper_bound,82.4328,17.8003,8,0.1787,1.0935,1
s003452,construction_strict,expert_reference_upper_bound,83.0737,19.7878,8,0.1925,1.1579,3
s003453,motif_strict,expert_reference_upper_bound,83.7121,22.3259,8,0.535,1.5807,1
s003454,heritage_strict,expert_reference_upper_bound,82.5155,17.6359,8,0.2689,1.7453,1
s003455,visual_lenient,expert_reference_upper_bound,84.193,21.8875,8,0.3864,0.6793,1
s003456,balanced,expert_reference_upper_bound,83.8936,19.7458,8,0.2268,1.3696,2
s003457,construction_strict,expert_reference_upper_bound,78.9939,18.877,8,0.1086,1.5273,1
s003458,motif_strict,expert_reference_upper_bound,83.7328,14.6025,8,0.3034,1.7074,2
s003459,heritage_strict,expert_reference_upper_bound,83.1438,18.9707,8,0.1761,1.5041,2
s003460,visual_lenient,expert_reference_upper_bound,78.7187,19.7641,8,0.4212,1.6954,3
s003461,balanced,expert_reference_upper_bound,84.9457,21.8389,8,0.2582,0.8184,2
s003462,construction_strict,expert_reference_upper_bound,81.3922,19.2753,8,0.263,1.743,1
s003463,motif_strict,expert_reference_upper_bound,83.2995,19.7496,8,0.1921,1.4415,1
s003464,heritage_strict,expert_reference_upper_bound,89.2462,21.1894,8,0.364,1.3271,3
s003465,visual_lenient,expert_reference_upper_bound,79.0526,14.6581,8,0.5093,1.0009,1
s003466,balanced,expert_reference_upper_bound,85.2451,22.7622,8,0.1215,0.6268,2
s003467,construction_strict,expert_reference_upper_bound,84.8401,26.3752,8,0.176,0.8891,1
s003468,motif_strict,expert_reference_upper_bound,83.0345,20.1332,8,0.3122,1.0606,2
s003469,heritage_strict,expert_reference_upper_bound,77.7866,18.594,8,0.3285,1.2679,1
s003470,visual_lenient,expert_reference_upper_bound,85.4347,22.3651,8,0.5449,1.0303,1
s003471,balanced,expert_reference_upper_bound,83.3666,15.1668,8,0.4472,1.4803,2
s003472,construction_strict,expert_reference_upper_bound,80.4624,17.7952,8,0.4781,0.7529,1
s003473,motif_strict,expert_reference_upper_bound,88.2086,24.1239,8,0.4404,0.74,2
s003474,heritage_strict,expert_reference_upper_bound,85.5612,21.0746,8,0.3846,0.9174,3
s003475,visual_lenient,expert_reference_upper_bound,83.991,22.8422,8,0.4119,0.8252,3
s003476,balanced,expert_reference_upper_bound,83.7837,21.7105,8,0.2375,0.6503,1
s003477,construction_strict,expert_reference_upper_bound,82.9801,16.9062,8,0.5472,0.961,2
s003478,motif_strict,expert_reference_upper_bound,81.6046,19.047,8,0.4793,1.2152,3
s003479,heritage_strict,expert_reference_upper_bound,80.1997,16.1036,8,0.2777,1.5796,1
s003480,visual_lenient,expert_reference_upper_bound,88.0537,22.5961,8,0.4923,0.9094,3
s003481,balanced,expert_reference_upper_bound,85.3647,20.8645,8,0.3723,1.1892,1
s003482,construction_strict,expert_reference_upper_bound,84.9979,24.1721,8,0.2143,1.5189,3
s003483,motif_strict,expert_reference_upper_bound,80.8786,12.4442,8,0.3867,0.8215,1
s003484,heritage_strict,expert_reference_upper_bound,80.8434,18.6302,8,0.5067,1.4512,3
s003485,visual_lenient,expert_reference_upper_bound,84.8275,20.6609,8,0.4333,1.2329,2
s003486,balanced,expert_reference_upper_bound,86.2886,24.3294,8,0.4954,0.5581,3
s003487,construction_strict,expert_reference_upper_bound,81.7079,20.5795,8,0.5044,1.6226,2
s003488,motif_strict,expert_reference_upper_bound,83.5581,21.9582,8,0.1549,1.3942,3
s003489,heritage_strict,expert_reference_upper_bound,84.5826,22.5645,8,0.5127,1.0686,2
s003490,visual_lenient,expert_reference_upper_bound,84.0676,22.7358,8,0.3987,1.116,3
s003491,balanced,expert_reference_upper_bound,86.9587,28.3079,8,0.3159,1.6812,2
s003492,construction_strict,expert_reference_upper_bound,83.4764,20.8067,8,0.3724,0.7201,2
s003493,motif_strict,expert_reference_upper_bound,81.2157,10.8369,8,0.2112,1.6057,2
s003494,heritage_strict,expert_reference_upper_bound,80.9098,19.005,8,0.1718,1.1128,1
s003495,visual_lenient,expert_reference_upper_bound,77.9504,8.426,8,0.3004,1.5131,2
s003496,balanced,expert_reference_upper_bound,87.5855,24.2969,8,0.232,0.8167,3
s003497,construction_strict,expert_reference_upper_bound,85.3969,24.1095,8,0.2692,1.6584,2
s003498,motif_strict,expert_reference_upper_bound,79.8536,18.7886,8,0.51,1.4067,1
s003499,heritage_strict,expert_reference_upper_bound,83.9801,22.6181,8,0.3953,1.5318,3
s003500,visual_lenient,expert_reference_upper_bound,85.4596,20.1118,8,0.4127,1.0168,1
s003501,balanced,expert_reference_upper_bound,84.7907,20.7299,8,0.4516,0.8575,2
s003502,construction_strict,expert_reference_upper_bound,85.8172,19.9637,8,0.1235,1.4636,1
s003503,motif_strict,expert_reference_upper_bound,84.8429,17.6722,8,0.2679,0.7648,1
s003504,heritage_strict,expert_reference_upper_bound,82.8052,23.1608,8,0.1437,1.6677,3
s003505,visual_lenient,expert_reference_upper_bound,80.9108,15.7113,8,0.2041,1.2933,1
s003506,balanced,expert_reference_upper_bound,87.5807,26.5998,8,0.3914,1.2696,2
s003507,construction_strict,expert_reference_upper_bound,83.6925,20.9216,8,0.1213,0.9486,3
s003508,motif_strict,expert_reference_upper_bound,82.4451,16.2711,8,0.2191,1.6717,3
s003509,heritage_strict,expert_reference_upper_bound,79.5415,17.257,8,0.143,1.7186,2
s003510,visual_lenient,expert_reference_upper_bound,84.0299,16.4728,8,0.2301,1.3445,1
s003511,balanced,expert_reference_upper_bound,86.5285,20.6531,8,0.3858,1.5412,1
s003512,construction_strict,expert_reference_upper_bound,82.3702,20.2648,8,0.5079,1.4834,3
s003513,motif_strict,expert_reference_upper_bound,78.7971,13.3251,8,0.3075,0.7867,1
s003514,heritage_strict,expert_reference_upper_bound,85.6136,21.5957,8,0.3515,1.4334,2
s003515,visual_lenient,expert_reference_upper_bound,84.4135,18.9271,8,0.3038,1.3058,2
s003516,balanced,expert_reference_upper_bound,80.0634,14.9922,8,0.3677,1.5829,3
s003517,construction_strict,expert_reference_upper_bound,83.2395,22.0951,8,0.2241,1.5775,3
s003518,motif_strict,expert_reference_upper_bound,89.1325,26.8376,8,0.2816,0.5586,1
s003519,heritage_strict,expert_reference_upper_bound,81.932,18.4268,8,0.3678,1.188,2
s003520,visual_lenient,expert_reference_upper_bound,81.2076,16.0289,8,0.1012,0.7834,1
s003521,balanced,expert_reference_upper_bound,85.6557,24.9379,8,0.5067,1.1548,2
s003522,construction_strict,expert_reference_upper_bound,81.2967,12.3538,8,0.5337,1.4405,1
s003523,motif_strict,expert_reference_upper_bound,88.4482,23.1274,8,0.3898,1.6857,1
s003524,heritage_strict,expert_reference_upper_bound,84.1677,20.7658,8,0.2551,0.5714,2
s003525,visual_lenient,expert_reference_upper_bound,82.1838,20.2939,8,0.1357,1.3723,2
s003526,balanced,expert_reference_upper_bound,82.4725,21.1537,8,0.4744,1.7024,1
s003527,construction_strict,expert_reference_upper_bound,85.0691,23.1621,8,0.1484,0.787,3
s003528,motif_strict,expert_reference_upper_bound,78.8954,15.0015,8,0.2122,1.2741,3
s003529,heritage_strict,expert_reference_upper_bound,86.8979,21.892,8,0.1993,1.7336,3
s003530,visual_lenient,expert_reference_upper_bound,82.4399,12.3712,8,0.2325,1.5996,1
s003531,balanced,expert_reference_upper_bound,83.5141,21.0683,8,0.1605,0.6684,3
s003532,construction_strict,expert_reference_upper_bound,81.7677,23.9974,8,0.4694,1.5154,3
s003533,motif_strict,expert_reference_upper_bound,81.8271,18.2583,8,0.2095,0.5781,3
s003534,heritage_strict,expert_reference_upper_bound,80.8937,16.1877,8,0.4887,1.6721,3
s003535,visual_lenient,expert_reference_upper_bound,86.4313,20.2315,8,0.1259,0.7963,2
s003536,balanced,expert_reference_upper_bound,83.7807,20.892,8,0.138,0.7292,1
s003537,construction_strict,expert_reference_upper_bound,80.0393,19.8207,8,0.2853,0.8879,1
s003538,motif_strict,expert_reference_upper_bound,82.5015,21.7423,8,0.154,0.7919,1
s003539,heritage_strict,expert_reference_upper_bound,80.4667,13.4999,8,0.3945,1.2137,2
s003540,visual_lenient,expert_reference_upper_bound,79.8939,18.2247,8,0.2282,1.4554,3
s003541,balanced,expert_reference_upper_bound,82.0001,19.524,8,0.5152,1.5679,2
s003542,construction_strict,expert_reference_upper_bound,80.5889,15.6128,8,0.1542,1.5336,3
s003543,motif_strict,expert_reference_upper_bound,82.7643,19.7442,8,0.4791,0.7703,2
s003544,heritage_strict,expert_reference_upper_bound,87.4245,27.4994,8,0.5109,1.0034,2
s003545,visual_lenient,expert_reference_upper_bound,85.1474,23.0082,8,0.4178,1.4068,2
s003546,balanced,expert_reference_upper_bound,86.3764,23.6942,8,0.4624,0.7606,1
s003547,construction_strict,expert_reference_upper_bound,80.6077,18.1119,8,0.3987,1.1868,1
s003548,motif_strict,expert_reference_upper_bound,76.7922,14.5268,8,0.1036,0.6825,3
s003549,heritage_strict,expert_reference_upper_bound,84.4766,22.1433,8,0.1634,0.5606,1
s003550,visual_lenient,expert_reference_upper_bound,88.5937,23.181,8,0.5224,1.3505,3
s003551,balanced,expert_reference_upper_bound,87.5027,26.713,8,0.4138,0.9514,1
s003552,construction_strict,expert_reference_upper_bound,86.6334,25.798,8,0.414,1.3777,2
s003553,motif_strict,expert_reference_upper_bound,85.8538,21.2809,8,0.1938,0.9544,3
s003554,heritage_strict,expert_reference_upper_bound,85.3944,20.9674,8,0.4706,1.1372,1
s003555,visual_lenient,expert_reference_upper_bound,82.6349,18.4257,8,0.3219,1.3581,2
s003556,balanced,expert_reference_upper_bound,86.2156,23.0525,8,0.1173,0.9208,1
s003557,construction_strict,expert_reference_upper_bound,80.6885,17.0564,8,0.1532,1.354,3
s003558,motif_strict,expert_reference_upper_bound,84.7051,22.1225,8,0.2973,1.218,3
s003559,heritage_strict,expert_reference_upper_bound,83.8374,19.0449,8,0.3018,1.4159,1
s003560,visual_lenient,expert_reference_upper_bound,84.4899,20.3987,8,0.3445,0.5737,1
s003561,balanced,expert_reference_upper_bound,82.3909,19.0021,8,0.2717,0.6808,2
s003562,construction_strict,expert_reference_upper_bound,88.1831,27.2261,8,0.2963,0.7528,2
s003563,motif_strict,expert_reference_upper_bound,80.2966,18.3991,8,0.4249,1.4938,3
s003564,heritage_strict,expert_reference_upper_bound,82.4009,18.4761,8,0.4375,0.8479,3
s003565,visual_lenient,expert_reference_upper_bound,84.5585,16.5784,8,0.2478,1.0697,1
s003566,balanced,expert_reference_upper_bound,78.3448,17.1756,8,0.3174,1.4544,3
s003567,construction_strict,expert_reference_upper_bound,80.8526,17.58,8,0.1383,0.9597,1
s003568,motif_strict,expert_reference_upper_bound,87.1476,23.2777,8,0.4359,1.5801,3
s003569,heritage_strict,expert_reference_upper_bound,81.4992,17.7331,8,0.4216,0.8724,3
s003570,visual_lenient,expert_reference_upper_bound,82.2876,18.8402,8,0.157,1.4132,1
s003571,balanced,expert_reference_upper_bound,84.8548,20.0914,8,0.411,1.2735,3
s003572,construction_strict,expert_reference_upper_bound,79.8451,18.6292,8,0.3737,1.2654,3
s003573,motif_strict,expert_reference_upper_bound,75.251,8.1192,8,0.4579,1.5796,3
s003574,heritage_strict,expert_reference_upper_bound,83.5049,18.3621,8,0.3983,0.996,2
s003575,visual_lenient,expert_reference_upper_bound,82.7679,20.6436,8,0.2472,1.4717,1
s003576,balanced,expert_reference_upper_bound,86.8831,22.9849,8,0.2931,0.7973,3
s003577,construction_strict,expert_reference_upper_bound,84.9,24.1898,8,0.3509,1.1575,3
s003578,motif_strict,expert_reference_upper_bound,82.2374,20.4619,8,0.2872,1.7154,2
s003579,heritage_strict,expert_reference_upper_bound,82.857,16.0483,8,0.3448,1.0894,1
s003580,visual_lenient,expert_reference_upper_bound,84.5698,22.7041,8,0.3041,1.4516,1
s003581,balanced,expert_reference_upper_bound,83.6363,19.1551,8,0.3813,1.7058,3
s003582,construction_strict,expert_reference_upper_bound,84.588,24.187,8,0.4952,1.3954,1
s003583,motif_strict,expert_reference_upper_bound,82.0679,17.1219,8,0.2174,1.6021,3
s003584,heritage_strict,expert_reference_upper_bound,84.8829,23.5348,8,0.1224,0.5798,3
s003585,visual_lenient,expert_reference_upper_bound,84.3341,18.9578,8,0.2485,0.8451,2
s003586,balanced,expert_reference_upper_bound,83.7209,19.8836,8,0.2567,0.803,3
s003587,construction_strict,expert_reference_upper_bound,82.7841,24.2675,8,0.3446,0.6028,2
s003588,motif_strict,expert_reference_upper_bound,86.6526,26.1057,8,0.4402,0.7323,1
s003589,heritage_strict,expert_reference_upper_bound,82.7169,18.6493,8,0.1539,0.8977,2
s003590,visual_lenient,expert_reference_upper_bound,83.3929,23.2382,8,0.1292,0.8459,3
s003591,balanced,expert_reference_upper_bound,81.0109,25.0344,8,0.1488,1.7053,2
s003592,construction_strict,expert_reference_upper_bound,83.132,21.7189,8,0.2017,1.2592,2
s003593,motif_strict,expert_reference_upper_bound,81.4795,11.5619,8,0.1945,1.6462,2
s003594,heritage_strict,expert_reference_upper_bound,78.2431,16.328,8,0.1937,1.6416,2
s003595,visual_lenient,expert_reference_upper_bound,82.0881,15.7967,8,0.2807,1.5596,3
s003596,balanced,expert_reference_upper_bound,82.2784,15.7151,8,0.2026,1.1405,3
s003597,construction_strict,expert_reference_upper_bound,85.2673,24.4817,8,0.3722,1.2423,1
s003598,motif_strict,expert_reference_upper_bound,82.0864,18.094,8,0.1988,1.685,1
s003599,heritage_strict,expert_reference_upper_bound,79.8788,15.3248,8,0.4461,1.211,1
s003600,visual_lenient,expert_reference_upper_bound,84.2474,22.3568,8,0.1043,1.174,1
s003601,balanced,expert_reference_upper_bound,87.3369,26.1762,8,0.3432,0.8388,3
s003602,construction_strict,expert_reference_upper_bound,85.2688,20.9328,8,0.4432,0.7709,1
s003603,motif_strict,expert_reference_upper_bound,84.9055,22.3825,8,0.1854,0.6177,3
s003604,heritage_strict,expert_reference_upper_bound,82.2649,17.5158,8,0.2851,1.5729,2
s003605,visual_lenient,expert_reference_upper_bound,81.028,13.1973,8,0.2643,1.6752,2
s003606,balanced,expert_reference_upper_bound,84.725,18.8461,8,0.1515,1.492,2
s003607,construction_strict,expert_reference_upper_bound,85.7142,24.4045,8,0.3176,0.9411,2
s003608,motif_strict,expert_reference_upper_bound,86.0664,25.6035,8,0.4792,0.6512,1
s003609,heritage_strict,expert_reference_upper_bound,83.0488,20.6553,8,0.2103,1.6436,2
s003610,visual_lenient,expert_reference_upper_bound,79.2592,17.6921,8,0.1149,1.7192,3
s003611,balanced,expert_reference_upper_bound,83.975,21.7201,8,0.3594,0.7767,1
s003612,construction_strict,expert_reference_upper_bound,84.6057,24.1287,8,0.3165,1.2362,3
s003613,motif_strict,expert_reference_upper_bound,84.1448,22.7882,8,0.2232,0.5816,1
s003614,heritage_strict,expert_reference_upper_bound,82.9872,20.4645,8,0.4744,1.0427,2
s003615,visual_lenient,expert_reference_upper_bound,86.0833,22.5134,8,0.186,0.5926,3
s003616,balanced,expert_reference_upper_bound,87.3696,29.6053,8,0.2826,1.5033,1
s003617,construction_strict,expert_reference_upper_bound,81.1305,22.4266,8,0.2311,0.6861,3
s003618,motif_strict,expert_reference_upper_bound,81.4492,16.8964,8,0.4516,0.7843,2
s003619,heritage_strict,expert_reference_upper_bound,82.9107,21.6915,8,0.2666,1.7155,2
s003620,visual_lenient,expert_reference_upper_bound,77.6104,11.9272,8,0.3042,1.1349,1
s003621,balanced,expert_reference_upper_bound,87.4547,25.3098,8,0.1562,1.5653,3
s003622,construction_strict,expert_reference_upper_bound,82.102,19.7537,8,0.3882,1.1666,1
s003623,motif_strict,expert_reference_upper_bound,80.2079,18.2266,8,0.1241,1.2981,2
s003624,heritage_strict,expert_reference_upper_bound,81.8996,17.61,8,0.2095,1.0846,2
s003625,visual_lenient,expert_reference_upper_bound,78.8917,14.4026,8,0.4552,1.2954,1
s003626,balanced,expert_reference_upper_bound,78.5762,16.4763,8,0.2642,1.6257,1
s003627,construction_strict,expert_reference_upper_bound,84.4011,22.0967,8,0.4977,1.1526,1
s003628,motif_strict,expert_reference_upper_bound,87.9584,22.0938,8,0.1241,1.2,3
s003629,heritage_strict,expert_reference_upper_bound,85.9281,25.6727,8,0.4592,1.1907,1
s003630,visual_lenient,expert_reference_upper_bound,83.1564,19.7217,8,0.2257,0.7561,3
s003631,balanced,expert_reference_upper_bound,82.0279,16.6055,8,0.1042,1.5127,2
s003632,construction_strict,expert_reference_upper_bound,85.1536,20.1444,8,0.472,0.6888,3
s003633,motif_strict,expert_reference_upper_bound,83.3695,25.1915,8,0.4343,1.2967,1
s003634,heritage_strict,expert_reference_upper_bound,87.0103,27.8212,8,0.4473,1.2713,3
s003635,visual_lenient,expert_reference_upper_bound,82.0641,19.8106,8,0.1344,1.6145,1
s003636,balanced,expert_reference_upper_bound,88.7554,26.6529,8,0.3323,1.1004,3
s003637,construction_strict,expert_reference_upper_bound,78.4575,13.3212,8,0.2759,1.2225,1
s003638,motif_strict,expert_reference_upper_bound,84.9571,17.8588,8,0.1014,1.1442,3
s003639,heritage_strict,expert_reference_upper_bound,87.1717,25.5223,8,0.2206,1.3998,2
s003640,visual_lenient,expert_reference_upper_bound,83.1483,19.4563,8,0.2862,1.2828,1
s003641,balanced,expert_reference_upper_bound,86.0102,24.4116,8,0.2916,0.5952,3
s003642,construction_strict,expert_reference_upper_bound,89.0911,27.39,8,0.5237,0.6471,2
s003643,motif_strict,expert_reference_upper_bound,86.9099,24.6835,8,0.4822,1.0784,1
s003644,heritage_strict,expert_reference_upper_bound,86.6664,22.8579,8,0.5265,1.6185,2
s003645,visual_lenient,expert_reference_upper_bound,80.2205,16.5971,8,0.4787,0.6814,2
s003646,balanced,expert_reference_upper_bound,84.8425,22.7834,8,0.302,1.5839,1
s003647,construction_strict,expert_reference_upper_bound,88.3331,27.4969,8,0.17,0.6163,3
s003648,motif_strict,expert_reference_upper_bound,78.5202,14.2313,8,0.2917,0.5631,1
s003649,heritage_strict,expert_reference_upper_bound,83.837,21.1477,8,0.1768,0.9505,3
s003650,visual_lenient,expert_reference_upper_bound,81.9259,17.6992,8,0.469,0.7471,3
s003651,balanced,expert_reference_upper_bound,88.6453,27.311,8,0.2419,1.1575,1
s003652,construction_strict,expert_reference_upper_bound,85.0735,16.6646,8,0.1461,0.8136,2
s003653,motif_strict,expert_reference_upper_bound,87.2397,23.6134,8,0.1658,1.7433,3
s003654,heritage_strict,expert_reference_upper_bound,83.2102,20.6374,8,0.3337,1.0458,1
s003655,visual_lenient,expert_reference_upper_bound,83.7544,20.9191,8,0.2427,1.509,1
s003656,balanced,expert_reference_upper_bound,82.3431,21.1655,8,0.3316,1.5759,2
s003657,construction_strict,expert_reference_upper_bound,84.3225,22.2317,8,0.3354,1.5461,2
s003658,motif_strict,expert_reference_upper_bound,81.9201,15.6238,8,0.1297,1.0243,1
s003659,heritage_strict,expert_reference_upper_bound,84.7857,22.327,8,0.3846,1.5836,3
s003660,visual_lenient,expert_reference_upper_bound,84.9615,19.4245,8,0.1964,1.7092,1
s003661,balanced,expert_reference_upper_bound,86.3405,25.2446,8,0.25,0.5928,1
s003662,construction_strict,expert_reference_upper_bound,86.8317,25.0843,8,0.1991,1.6898,2
s003663,motif_strict,expert_reference_upper_bound,81.0093,18.9668,8,0.248,1.054,1
s003664,heritage_strict,expert_reference_upper_bound,84.6564,22.7666,8,0.1581,0.9397,2
s003665,visual_lenient,expert_reference_upper_bound,81.9834,16.8316,8,0.4739,1.562,2
s003666,balanced,expert_reference_upper_bound,79.3836,13.0279,8,0.3892,1.2614,3
s003667,construction_strict,expert_reference_upper_bound,86.1829,20.784,8,0.4336,0.6192,1
s003668,motif_strict,expert_reference_upper_bound,85.5307,19.222,8,0.4046,1.6514,2
s003669,heritage_strict,expert_reference_upper_bound,81.8456,16.2097,8,0.529,0.7432,3
s003670,visual_lenient,expert_reference_upper_bound,88.0072,24.2114,8,0.3546,0.5905,3
s003671,balanced,expert_reference_upper_bound,83.7057,20.0392,8,0.4744,0.8863,2
s003672,construction_strict,expert_reference_upper_bound,84.9932,22.923,8,0.2104,1.169,1
s003673,motif_strict,expert_reference_upper_bound,84.367,23.5868,8,0.2497,1.0586,1
s003674,heritage_strict,expert_reference_upper_bound,83.211,18.3269,8,0.4938,1.0249,2
s003675,visual_lenient,expert_reference_upper_bound,83.7239,19.3504,8,0.1163,0.6212,1
s003676,balanced,expert_reference_upper_bound,78.2915,16.9785,8,0.3274,0.995,3
s003677,construction_strict,expert_reference_upper_bound,83.3226,19.7332,8,0.5016,1.6133,3
s003678,motif_strict,expert_reference_upper_bound,84.4686,24.4254,8,0.4432,0.6404,2
s003679,heritage_strict,expert_reference_upper_bound,84.225,22.469,8,0.108,1.3779,3
s003680,visual_lenient,expert_reference_upper_bound,81.7746,11.8072,8,0.1468,1.366,1
s003681,balanced,expert_reference_upper_bound,83.8347,18.2906,8,0.531,0.9354,1
s003682,construction_strict,expert_reference_upper_bound,86.4579,26.1018,8,0.5492,1.5876,2
s003683,motif_strict,expert_reference_upper_bound,81.0147,21.3208,8,0.3658,0.8066,1
s003684,heritage_strict,expert_reference_upper_bound,79.1268,10.7993,8,0.3164,1.06,3
s003685,visual_lenient,expert_reference_upper_bound,78.9854,16.8629,8,0.534,0.7902,3
s003686,balanced,expert_reference_upper_bound,79.767,19.41,8,0.5154,0.8219,3
s003687,construction_strict,expert_reference_upper_bound,85.31,22.177,8,0.3253,1.3347,2
s003688,motif_strict,expert_reference_upper_bound,82.9776,20.3321,8,0.55,1.1364,1
s003689,heritage_strict,expert_reference_upper_bound,83.2045,20.1145,8,0.4705,0.9383,1
s003690,visual_lenient,expert_reference_upper_bound,77.372,16.5928,8,0.3944,1.5223,1
s003691,balanced,expert_reference_upper_bound,82.5262,20.1777,8,0.3095,1.1072,1
s003692,construction_strict,expert_reference_upper_bound,83.7682,23.0581,8,0.4465,0.7522,2
s003693,motif_strict,expert_reference_upper_bound,82.806,19.2185,8,0.18,1.5986,2
s003694,heritage_strict,expert_reference_upper_bound,83.8429,21.4776,8,0.2517,1.0643,1
s003695,visual_lenient,expert_reference_upper_bound,86.1018,23.3505,8,0.4574,0.6991,2
s003696,balanced,expert_reference_upper_bound,83.9195,23.0769,8,0.3245,1.3417,1
s003697,construction_strict,expert_reference_upper_bound,85.5934,21.6893,8,0.208,1.3138,1
s003698,motif_strict,expert_reference_upper_bound,86.1223,23.1597,8,0.4146,0.7871,2
s003699,heritage_strict,expert_reference_upper_bound,83.7039,17.7517,8,0.1735,1.174,3
s003700,visual_lenient,expert_reference_upper_bound,82.714,18.3673,8,0.2332,1.295,3
s003701,balanced,expert_reference_upper_bound,86.4636,23.7811,8,0.1054,0.9443,3
s003702,construction_strict,expert_reference_upper_bound,85.4808,19.2842,8,0.3849,1.2051,2
s003703,motif_strict,expert_reference_upper_bound,88.84,24.4543,8,0.1796,0.7027,3
s003704,heritage_strict,expert_reference_upper_bound,81.1078,12.5455,8,0.1282,1.4808,2
s003705,visual_lenient,expert_reference_upper_bound,83.8567,21.8226,8,0.1148,0.644,1
s003706,balanced,expert_reference_upper_bound,79.8127,18.4423,8,0.4978,1.6638,2
s003707,construction_strict,expert_reference_upper_bound,84.252,19.7986,8,0.5327,0.6066,3
s003708,motif_strict,expert_reference_upper_bound,79.7374,14.707,8,0.3414,0.7433,1
s003709,heritage_strict,expert_reference_upper_bound,85.2588,24.5386,8,0.2568,0.6387,3
s003710,visual_lenient,expert_reference_upper_bound,84.7413,16.1736,8,0.2357,1.4024,3
s003711,balanced,expert_reference_upper_bound,82.7764,20.4335,8,0.1877,1.2782,1
s003712,construction_strict,expert_reference_upper_bound,84.0799,19.4111,8,0.4586,0.5787,1
s003713,motif_strict,expert_reference_upper_bound,86.0299,24.9421,8,0.2719,0.9472,1
s003714,heritage_strict,expert_reference_upper_bound,84.0136,22.7665,8,0.3644,0.6376,2
s003715,visual_lenient,expert_reference_upper_bound,84.2972,23.6485,8,0.3364,0.9693,3
s003716,balanced,expert_reference_upper_bound,81.5606,18.084,8,0.2394,1.2034,1
s003717,construction_strict,expert_reference_upper_bound,82.5061,22.2583,8,0.211,0.6334,1
s003718,motif_strict,expert_reference_upper_bound,82.2216,17.2104,8,0.3108,1.3883,3
s003719,heritage_strict,expert_reference_upper_bound,83.915,20.1934,8,0.211,1.0944,1
s003720,visual_lenient,expert_reference_upper_bound,86.0922,25.016,8,0.5345,1.4557,2
s003721,balanced,expert_reference_upper_bound,82.6148,22.4783,8,0.3813,0.9296,3
s003722,construction_strict,expert_reference_upper_bound,84.9396,21.1075,8,0.4391,0.6768,2
s003723,motif_strict,expert_reference_upper_bound,81.3268,17.9941,8,0.1456,0.9895,3
s003724,heritage_strict,expert_reference_upper_bound,83.403,21.0642,8,0.273,1.2377,2
s003725,visual_lenient,expert_reference_upper_bound,87.6391,23.1246,8,0.3534,0.8229,2
s003726,balanced,expert_reference_upper_bound,85.6323,27.4473,8,0.1364,0.7094,3
s003727,construction_strict,expert_reference_upper_bound,81.3686,16.5521,8,0.2364,1.2285,3
s003728,motif_strict,expert_reference_upper_bound,81.2648,12.6406,8,0.4483,0.8052,1
s003729,heritage_strict,expert_reference_upper_bound,82.5217,19.9274,8,0.4542,0.7721,3
s003730,visual_lenient,expert_reference_upper_bound,85.0609,17.2766,8,0.5073,1.4121,2
s003731,balanced,expert_reference_upper_bound,83.9378,17.5163,8,0.2705,0.7688,3
s003732,construction_strict,expert_reference_upper_bound,85.0055,25.0544,8,0.3027,0.5806,3
s003733,motif_strict,expert_reference_upper_bound,84.4251,18.3756,8,0.1231,1.7316,2
s003734,heritage_strict,expert_reference_upper_bound,86.4966,25.6349,8,0.4491,1.3929,1
s003735,visual_lenient,expert_reference_upper_bound,84.3157,18.7646,8,0.2096,0.8755,1
s003736,balanced,expert_reference_upper_bound,83.9021,21.2665,8,0.3507,1.2182,2
s003737,construction_strict,expert_reference_upper_bound,84.1697,22.2556,8,0.1176,0.5988,2
s003738,motif_strict,expert_reference_upper_bound,87.6202,25.7059,8,0.2921,0.582,2
s003739,heritage_strict,expert_reference_upper_bound,86.5419,26.1211,8,0.477,0.7482,1
s003740,visual_lenient,expert_reference_upper_bound,79.8871,19.2913,8,0.5104,1.5539,1
s003741,balanced,expert_reference_upper_bound,84.7389,21.3161,8,0.1396,0.72,2
s003742,construction_strict,expert_reference_upper_bound,80.4,21.1126,8,0.3634,1.1658,2
s003743,motif_strict,expert_reference_upper_bound,84.2209,24.5568,8,0.3686,0.8146,3
s003744,heritage_strict,expert_reference_upper_bound,81.0184,16.9264,8,0.1978,1.6015,1
s003745,visual_lenient,expert_reference_upper_bound,82.4467,18.7337,8,0.2698,1.54,2
s003746,balanced,expert_reference_upper_bound,87.8582,22.8909,8,0.3534,1.3463,2
s003747,construction_strict,expert_reference_upper_bound,77.8549,11.5207,8,0.1465,1.4251,2
s003748,motif_strict,expert_reference_upper_bound,83.8006,19.4831,8,0.1441,0.8889,2
s003749,heritage_strict,expert_reference_upper_bound,81.2785,15.3665,8,0.2276,1.4592,1
s003750,visual_lenient,expert_reference_upper_bound,81.095,12.4455,8,0.5251,1.6044,2
s003751,balanced,expert_reference_upper_bound,87.123,25.9152,8,0.5078,0.5559,1
s003752,construction_strict,expert_reference_upper_bound,80.0233,16.8259,8,0.3212,1.6341,1
s003753,motif_strict,expert_reference_upper_bound,85.1276,21.1173,8,0.1926,1.1288,1
s003754,heritage_strict,expert_reference_upper_bound,83.0826,20.9157,8,0.1821,1.319,2
s003755,visual_lenient,expert_reference_upper_bound,83.8756,22.7622,8,0.1881,0.921,2
s003756,balanced,expert_reference_upper_bound,88.328,23.2808,8,0.484,0.7892,1
s003757,construction_strict,expert_reference_upper_bound,78.0376,17.4082,8,0.4828,1.48,1
s003758,motif_strict,expert_reference_upper_bound,79.1753,15.6053,8,0.2988,0.5931,2
s003759,heritage_strict,expert_reference_upper_bound,81.7998,18.4149,8,0.3759,1.5626,3
s003760,visual_lenient,expert_reference_upper_bound,84.7988,24.8571,8,0.4484,1.6098,1
s003761,balanced,expert_reference_upper_bound,84.5358,19.9913,8,0.1354,1.3542,2
s003762,construction_strict,expert_reference_upper_bound,85.2986,27.6838,8,0.1441,1.0849,2
s003763,motif_strict,expert_reference_upper_bound,80.3944,20.9951,8,0.1326,1.4151,2
s003764,heritage_strict,expert_reference_upper_bound,82.1999,20.6476,8,0.3256,1.3319,2
s003765,visual_lenient,expert_reference_upper_bound,81.923,19.1345,8,0.1691,0.8494,1
s003766,balanced,expert_reference_upper_bound,87.5718,24.0345,8,0.4811,1.4753,3
s003767,construction_strict,expert_reference_upper_bound,79.8761,20.0162,8,0.3325,1.3038,3
s003768,motif_strict,expert_reference_upper_bound,80.7047,18.7782,8,0.2642,0.9864,3
s003769,heritage_strict,expert_reference_upper_bound,87.4195,26.0159,8,0.3731,1.1917,2
s003770,visual_lenient,expert_reference_upper_bound,82.1365,15.8086,8,0.2467,1.1889,2
s003771,balanced,expert_reference_upper_bound,81.5687,23.5604,8,0.374,1.6698,1
s003772,construction_strict,expert_reference_upper_bound,86.1733,25.7681,8,0.3277,0.5536,1
s003773,motif_strict,expert_reference_upper_bound,79.9153,17.1662,8,0.141,1.2115,3
s003774,heritage_strict,expert_reference_upper_bound,82.7264,15.918,8,0.248,1.4422,1
s003775,visual_lenient,expert_reference_upper_bound,82.5351,18.6847,8,0.4694,1.2025,2
s003776,balanced,expert_reference_upper_bound,85.7276,25.7347,8,0.2386,1.5658,2
s003777,construction_strict,expert_reference_upper_bound,84.19,22.2754,8,0.2117,0.8678,2
s003778,motif_strict,expert_reference_upper_bound,78.4961,13.3969,8,0.2743,1.2182,3
s003779,heritage_strict,expert_reference_upper_bound,82.1744,18.6356,8,0.1588,1.0126,1
s003780,visual_lenient,expert_reference_upper_bound,80.8766,17.8455,8,0.4138,1.7092,2
s003781,balanced,expert_reference_upper_bound,79.3903,16.9073,8,0.5016,0.6321,1
s003782,construction_strict,expert_reference_upper_bound,86.2904,26.0563,8,0.126,1.532,1
s003783,motif_strict,expert_reference_upper_bound,84.005,23.0934,8,0.1978,1.7109,1
s003784,heritage_strict,expert_reference_upper_bound,84.0407,22.0084,8,0.3017,1.0257,2
s003785,visual_lenient,expert_reference_upper_bound,84.6934,20.6995,8,0.436,0.9265,2
s003786,balanced,expert_reference_upper_bound,83.4323,17.8065,8,0.3366,1.3699,3
s003787,construction_strict,expert_reference_upper_bound,84.2085,16.8232,8,0.3856,1.5497,2
s003788,motif_strict,expert_reference_upper_bound,85.4728,23.5009,8,0.4318,1.1424,2
s003789,heritage_strict,expert_reference_upper_bound,85.718,20.7881,8,0.1207,1.7349,1
s003790,visual_lenient,expert_reference_upper_bound,83.8269,19.5423,8,0.4966,0.9289,2
s003791,balanced,expert_reference_upper_bound,86.074,22.304,8,0.2176,0.6769,1
s003792,construction_strict,expert_reference_upper_bound,83.0683,21.1817,8,0.52,1.4596,3
s003793,motif_strict,expert_reference_upper_bound,83.8596,20.708,8,0.297,0.8738,2
s003794,heritage_strict,expert_reference_upper_bound,86.0567,26.8156,8,0.2354,1.4796,1
s003795,visual_lenient,expert_reference_upper_bound,82.8284,18.6811,8,0.2559,1.0227,1
s003796,balanced,expert_reference_upper_bound,84.7,20.9027,8,0.4913,0.708,3
s003797,construction_strict,expert_reference_upper_bound,81.5932,14.7121,8,0.3615,0.963,1
s003798,motif_strict,expert_reference_upper_bound,80.8966,14.088,8,0.1215,1.3347,2
s003799,heritage_strict,expert_reference_upper_bound,80.2518,18.4313,8,0.3947,0.8374,1
s003800,visual_lenient,expert_reference_upper_bound,85.4685,22.368,8,0.3562,1.1947,1
s003801,balanced,expert_reference_upper_bound,83.4502,19.572,8,0.3881,1.5266,1
s003802,construction_strict,expert_reference_upper_bound,84.9396,23.1692,8,0.5474,1.6446,3
s003803,motif_strict,expert_reference_upper_bound,83.0439,19.0245,8,0.2466,1.3213,2
s003804,heritage_strict,expert_reference_upper_bound,83.6177,19.5408,8,0.4853,0.7018,3
s003805,visual_lenient,expert_reference_upper_bound,84.9702,19.6191,8,0.1267,0.9019,3
s003806,balanced,expert_reference_upper_bound,85.2633,22.7869,8,0.2132,1.0604,2
s003807,construction_strict,expert_reference_upper_bound,86.1158,16.9603,8,0.3955,1.0309,2
s003808,motif_strict,expert_reference_upper_bound,89.2398,26.2332,8,0.1293,0.8601,1
s003809,heritage_strict,expert_reference_upper_bound,87.2083,25.6646,8,0.4032,0.8364,1
s003810,visual_lenient,expert_reference_upper_bound,84.58,20.3972,8,0.3458,1.308,2
s003811,balanced,expert_reference_upper_bound,85.6814,22.4884,8,0.4317,0.9969,2
s003812,construction_strict,expert_reference_upper_bound,84.0128,21.0955,8,0.2173,1.2557,2
s003813,motif_strict,expert_reference_upper_bound,86.4274,23.6004,8,0.4397,1.2182,3
s003814,heritage_strict,expert_reference_upper_bound,81.2684,17.1384,8,0.529,1.13,2
s003815,visual_lenient,expert_reference_upper_bound,86.9951,22.4714,8,0.4066,1.3142,3
s003816,balanced,expert_reference_upper_bound,83.8093,16.71,8,0.3562,1.2476,2
s003817,construction_strict,expert_reference_upper_bound,86.4211,22.9924,8,0.3416,0.7576,3
s003818,motif_strict,expert_reference_upper_bound,81.321,12.0851,8,0.5301,1.1745,1
s003819,heritage_strict,expert_reference_upper_bound,83.3921,22.9642,8,0.3561,1.5137,3
s003820,visual_lenient,expert_reference_upper_bound,78.2217,14.0574,8,0.3761,1.2306,3
s003821,balanced,expert_reference_upper_bound,86.5525,18.5672,8,0.4867,1.6953,3
s003822,construction_strict,expert_reference_upper_bound,84.6659,17.988,8,0.5059,1.4674,1
s003823,motif_strict,expert_reference_upper_bound,82.7527,24.2459,8,0.3736,1.2144,3
s003824,heritage_strict,expert_reference_upper_bound,81.3988,20.1,8,0.1007,1.1759,1
s003825,visual_lenient,expert_reference_upper_bound,87.1587,27.0934,8,0.5361,1.3676,2
s003826,balanced,expert_reference_upper_bound,86.9732,27.3401,8,0.3687,1.5415,1
s003827,construction_strict,expert_reference_upper_bound,80.7086,19.4297,8,0.181,0.6119,2
s003828,motif_strict,expert_reference_upper_bound,82.645,19.7492,8,0.3804,1.7017,2
s003829,heritage_strict,expert_reference_upper_bound,85.7519,24.3002,8,0.1748,0.6009,1
s003830,visual_lenient,expert_reference_upper_bound,87.3238,19.6488,8,0.3072,1.3706,1
s003831,balanced,expert_reference_upper_bound,87.2617,25.5927,8,0.1816,0.6367,3
s003832,construction_strict,expert_reference_upper_bound,87.3674,24.2839,8,0.1621,1.2478,2
s003833,motif_strict,expert_reference_upper_bound,83.1819,18.5073,8,0.2169,0.6652,2
s003834,heritage_strict,expert_reference_upper_bound,86.6939,23.553,8,0.165,0.8206,1
s003835,visual_lenient,expert_reference_upper_bound,87.3125,19.4718,8,0.3968,1.7238,2
s003836,balanced,expert_reference_upper_bound,84.7582,22.4294,8,0.4269,0.6369,2
s003837,construction_strict,expert_reference_upper_bound,81.7785,14.3178,8,0.5202,1.1687,1
s003838,motif_strict,expert_reference_upper_bound,84.0599,22.6593,8,0.1718,0.9046,1
s003839,heritage_strict,expert_reference_upper_bound,84.8404,19.0078,8,0.393,0.7115,3
s003840,visual_lenient,expert_reference_upper_bound,82.0053,18.8145,8,0.3049,1.2707,2
s003841,balanced,expert_reference_upper_bound,83.6442,19.6879,8,0.3564,1.4889,1
s003842,construction_strict,expert_reference_upper_bound,85.7638,21.5913,8,0.2924,1.0438,3
s003843,motif_strict,expert_reference_upper_bound,80.8016,17.2092,8,0.2093,0.7971,1
s003844,heritage_strict,expert_reference_upper_bound,81.9196,19.3821,8,0.4432,1.5276,3
s003845,visual_lenient,expert_reference_upper_bound,81.6809,18.3703,8,0.28,1.5436,2
s003846,balanced,expert_reference_upper_bound,81.0302,20.5472,8,0.1606,1.7072,3
s003847,construction_strict,expert_reference_upper_bound,82.8716,19.1875,8,0.348,1.2359,3
s003848,motif_strict,expert_reference_upper_bound,82.1707,19.6231,8,0.2255,1.7152,1
s003849,heritage_strict,expert_reference_upper_bound,80.1004,18.158,8,0.1545,1.2203,1
s003850,visual_lenient,expert_reference_upper_bound,83.7768,20.3613,8,0.51,1.1694,3
s003851,balanced,expert_reference_upper_bound,81.4167,12.7488,8,0.462,1.4098,3
s003852,construction_strict,expert_reference_upper_bound,86.3195,27.2792,8,0.4625,1.1205,3
s003853,motif_strict,expert_reference_upper_bound,79.854,13.8679,8,0.5405,1.2872,2
s003854,heritage_strict,expert_reference_upper_bound,88.8196,28.9131,8,0.2267,0.5723,2
s003855,visual_lenient,expert_reference_upper_bound,80.2391,16.9686,8,0.5107,0.5715,3
s003856,balanced,expert_reference_upper_bound,85.7664,22.353,8,0.1357,1.6288,2
s003857,construction_strict,expert_reference_upper_bound,83.2086,20.4387,8,0.1932,0.717,2
s003858,motif_strict,expert_reference_upper_bound,79.4578,19.6295,8,0.1588,0.7271,2
s003859,heritage_strict,expert_reference_upper_bound,84.4802,20.9182,8,0.4971,1.3618,3
s003860,visual_lenient,expert_reference_upper_bound,85.1786,20.7476,8,0.1564,0.6424,3
s003861,balanced,expert_reference_upper_bound,84.6838,23.5359,8,0.1112,0.618,1
s003862,construction_strict,expert_reference_upper_bound,85.1576,21.7886,8,0.4667,0.6627,1
s003863,motif_strict,expert_reference_upper_bound,87.347,23.6487,8,0.4851,1.6185,2
s003864,heritage_strict,expert_reference_upper_bound,81.0274,19.4934,8,0.4728,0.7709,1
s003865,visual_lenient,expert_reference_upper_bound,79.3701,15.925,8,0.4351,1.2856,1
s003866,balanced,expert_reference_upper_bound,84.5605,18.6778,8,0.2322,1.5194,2
s003867,construction_strict,expert_reference_upper_bound,87.1558,26.3807,8,0.1556,0.98,1
s003868,motif_strict,expert_reference_upper_bound,84.9033,20.3215,8,0.3696,1.5996,2
s003869,heritage_strict,expert_reference_upper_bound,81.8481,19.2222,8,0.203,0.829,3
s003870,visual_lenient,expert_reference_upper_bound,80.527,17.7377,8,0.4003,1.2096,2
s003871,balanced,expert_reference_upper_bound,85.0569,20.567,8,0.5417,1.2952,2
s003872,construction_strict,expert_reference_upper_bound,82.3115,22.5946,8,0.1031,1.5476,2
s003873,motif_strict,expert_reference_upper_bound,85.4456,23.7472,8,0.1623,1.2744,1
s003874,heritage_strict,expert_reference_upper_bound,83.0918,22.1388,8,0.4307,1.4921,3
s003875,visual_lenient,expert_reference_upper_bound,84.0391,22.5443,8,0.3943,0.7189,2
s003876,balanced,expert_reference_upper_bound,81.9842,17.5981,8,0.2765,0.8328,2
s003877,construction_strict,expert_reference_upper_bound,87.7016,27.0775,8,0.1589,1.3397,2
s003878,motif_strict,expert_reference_upper_bound,80.1793,19.262,8,0.5175,1.5929,1
s003879,heritage_strict,expert_reference_upper_bound,81.5326,17.6776,8,0.3621,1.7007,1
s003880,visual_lenient,expert_reference_upper_bound,83.5617,19.2407,8,0.1685,1.3787,3
s003881,balanced,expert_reference_upper_bound,87.7985,23.3044,8,0.1147,1.0657,1
s003882,construction_strict,expert_reference_upper_bound,85.7057,23.6556,8,0.4401,1.0606,1
s003883,motif_strict,expert_reference_upper_bound,80.1785,17.0683,8,0.2346,0.7815,3
s003884,heritage_strict,expert_reference_upper_bound,84.8766,24.2552,8,0.1645,0.7322,3
s003885,visual_lenient,expert_reference_upper_bound,81.5574,19.4783,8,0.1138,1.1907,2
s003886,balanced,expert_reference_upper_bound,84.3657,20.5348,8,0.4508,0.6468,3
s003887,construction_strict,expert_reference_upper_bound,85.2699,23.2699,8,0.277,1.0138,1
s003888,motif_strict,expert_reference_upper_bound,83.1688,19.1323,8,0.4911,1.6092,3
s003889,heritage_strict,expert_reference_upper_bound,77.3274,15.1617,8,0.4724,1.5021,3
s003890,visual_lenient,expert_reference_upper_bound,81.5509,14.2093,8,0.2945,1.4269,3
s003891,balanced,expert_reference_upper_bound,85.3275,21.2553,8,0.4759,0.7402,1
s003892,construction_strict,expert_reference_upper_bound,87.5876,24.7198,8,0.4694,1.0519,3
s003893,motif_strict,expert_reference_upper_bound,83.6047,21.4031,8,0.3884,0.7317,2
s003894,heritage_strict,expert_reference_upper_bound,79.2902,14.3522,8,0.4709,1.658,1
s003895,visual_lenient,expert_reference_upper_bound,86.3842,23.2125,8,0.5191,1.0698,2
s003896,balanced,expert_reference_upper_bound,81.0844,17.7827,8,0.1097,0.8186,2
s003897,construction_strict,expert_reference_upper_bound,84.6883,22.0597,8,0.5292,0.916,1
s003898,motif_strict,expert_reference_upper_bound,87.9303,26.221,8,0.3456,0.9425,1
s003899,heritage_strict,expert_reference_upper_bound,87.0194,21.6599,8,0.1607,1.0296,1
s003900,visual_lenient,expert_reference_upper_bound,81.1291,16.2411,8,0.4521,1.0756,3
s003901,balanced,expert_reference_upper_bound,83.4533,21.5074,8,0.4602,0.9425,2
s003902,construction_strict,expert_reference_upper_bound,87.0763,26.1803,8,0.3736,0.6124,3
s003903,motif_strict,expert_reference_upper_bound,84.375,18.8119,8,0.1237,1.036,2
s003904,heritage_strict,expert_reference_upper_bound,81.3739,19.4183,8,0.4033,0.7906,3
s003905,visual_lenient,expert_reference_upper_bound,80.8365,19.8709,8,0.1077,0.7009,1
s003906,balanced,expert_reference_upper_bound,85.4654,23.9534,8,0.4584,1.5991,1
s003907,construction_strict,expert_reference_upper_bound,83.5794,19.8777,8,0.5455,1.0819,1
s003908,motif_strict,expert_reference_upper_bound,84.5255,18.5681,8,0.3022,1.4649,1
s003909,heritage_strict,expert_reference_upper_bound,84.6773,24.3597,8,0.3068,1.4187,2
s003910,visual_lenient,expert_reference_upper_bound,83.6953,22.1932,8,0.2036,1.735,2
s003911,balanced,expert_reference_upper_bound,84.606,22.7035,8,0.4588,1.0596,2
s003912,construction_strict,expert_reference_upper_bound,81.4091,16.5184,8,0.1046,1.5514,3
s003913,motif_strict,expert_reference_upper_bound,82.8841,20.6694,8,0.434,1.6252,2
s003914,heritage_strict,expert_reference_upper_bound,80.1881,16.5142,8,0.352,1.5221,1
s003915,visual_lenient,expert_reference_upper_bound,84.5679,22.6734,8,0.4099,1.1978,1
s003916,balanced,expert_reference_upper_bound,81.1607,13.771,8,0.4331,1.3082,2
s003917,construction_strict,expert_reference_upper_bound,81.6345,26.2259,8,0.5069,1.5186,1
s003918,motif_strict,expert_reference_upper_bound,81.8307,21.3022,8,0.3478,0.7085,2
s003919,heritage_strict,expert_reference_upper_bound,85.7564,20.4046,8,0.1424,1.3114,1
s003920,visual_lenient,expert_reference_upper_bound,88.9862,27.7126,8,0.4437,1.4868,3
s003921,balanced,expert_reference_upper_bound,85.0983,17.3252,8,0.3754,0.8949,1
s003922,construction_strict,expert_reference_upper_bound,83.7241,20.4369,8,0.1127,0.989,2
s003923,motif_strict,expert_reference_upper_bound,78.8897,17.7097,8,0.3962,1.3834,1
s003924,heritage_strict,expert_reference_upper_bound,81.7308,18.6923,8,0.2038,1.3942,2
s003925,visual_lenient,expert_reference_upper_bound,85.5157,23.1116,8,0.4911,0.7722,3
s003926,balanced,expert_reference_upper_bound,84.5618,18.2099,8,0.4568,1.2665,3
s003927,construction_strict,expert_reference_upper_bound,86.4478,21.7193,8,0.4238,0.6069,1
s003928,motif_strict,expert_reference_upper_bound,83.6063,23.2749,8,0.4461,0.6263,1
s003929,heritage_strict,expert_reference_upper_bound,85.2994,20.6107,8,0.1689,0.8953,2
s003930,visual_lenient,expert_reference_upper_bound,81.0018,16.8276,8,0.218,0.5751,2
s003931,balanced,expert_reference_upper_bound,84.6414,10.7492,8,0.225,1.5433,3
s003932,construction_strict,expert_reference_upper_bound,81.2726,19.5824,8,0.3426,0.9011,1
s003933,motif_strict,expert_reference_upper_bound,84.8585,20.9247,8,0.2869,1.7338,1
s003934,heritage_strict,expert_reference_upper_bound,83.9903,20.5951,8,0.4142,0.6462,2
s003935,visual_lenient,expert_reference_upper_bound,79.2919,21.361,8,0.4047,1.2657,2
s003936,balanced,expert_reference_upper_bound,85.3553,19.9118,8,0.1392,1.6692,3
s003937,construction_strict,expert_reference_upper_bound,84.9008,23.3327,8,0.2142,1.3436,1
s003938,motif_strict,expert_reference_upper_bound,76.9358,13.7117,8,0.5259,1.0606,1
s003939,heritage_strict,expert_reference_upper_bound,81.0734,21.5474,8,0.1167,0.9531,1
s003940,visual_lenient,expert_reference_upper_bound,80.8351,14.9713,8,0.1459,0.8949,3
s003941,balanced,expert_reference_upper_bound,87.6614,27.8698,8,0.3522,0.9316,1
s003942,construction_strict,expert_reference_upper_bound,86.7807,26.1128,8,0.3319,0.9409,1
s003943,motif_strict,expert_reference_upper_bound,84.8733,19.408,8,0.2948,0.9249,2
s003944,heritage_strict,expert_reference_upper_bound,80.9559,18.1426,8,0.4801,1.4405,1
s003945,visual_lenient,expert_reference_upper_bound,82.6691,20.6244,8,0.1918,0.7353,2
s003946,balanced,expert_reference_upper_bound,86.2946,25.6637,8,0.2446,0.9531,3
s003947,construction_strict,expert_reference_upper_bound,83.4772,22.384,8,0.172,1.0583,1
s003948,motif_strict,expert_reference_upper_bound,85.9228,23.4357,8,0.3075,1.4052,3
s003949,heritage_strict,expert_reference_upper_bound,79.7049,13.2272,8,0.1947,1.3835,2
s003950,visual_lenient,expert_reference_upper_bound,82.8351,20.6789,8,0.1892,1.3874,2
s003951,balanced,expert_reference_upper_bound,88.7461,28.6475,8,0.1633,1.4282,2
s003952,construction_strict,expert_reference_upper_bound,80.4521,16.7263,8,0.1755,0.6499,2
s003953,motif_strict,expert_reference_upper_bound,83.8737,21.7026,8,0.2175,0.5757,1
s003954,heritage_strict,expert_reference_upper_bound,87.3543,23.2339,8,0.1788,0.9844,3
s003955,visual_lenient,expert_reference_upper_bound,82.8666,19.099,8,0.4872,1.3488,1
s003956,balanced,expert_reference_upper_bound,83.7031,20.8635,8,0.4671,0.9913,3
s003957,construction_strict,expert_reference_upper_bound,82.1913,23.4382,8,0.2794,1.1715,2
s003958,motif_strict,expert_reference_upper_bound,78.1823,12.2455,8,0.2468,0.981,2
s003959,heritage_strict,expert_reference_upper_bound,84.342,24.1004,8,0.2965,1.7436,1
s003960,visual_lenient,expert_reference_upper_bound,82.2575,15.9482,8,0.5319,1.5218,3
s003961,balanced,expert_reference_upper_bound,81.481,20.0102,8,0.1548,0.7936,2
s003962,construction_strict,expert_reference_upper_bound,80.0521,22.124,8,0.437,0.8164,1
s003963,motif_strict,expert_reference_upper_bound,78.9636,12.1548,8,0.4937,1.2057,2
s003964,heritage_strict,expert_reference_upper_bound,84.119,24.161,8,0.11,0.6076,1
s003965,visual_lenient,expert_reference_upper_bound,79.9452,16.6442,8,0.3331,1.6361,2
s003966,balanced,expert_reference_upper_bound,84.3506,20.7714,8,0.3136,0.6248,1
s003967,construction_strict,expert_reference_upper_bound,87.6039,23.3969,8,0.4804,0.6635,2
s003968,motif_strict,expert_reference_upper_bound,82.8358,28.2705,8,0.5303,1.6078,3
s003969,heritage_strict,expert_reference_upper_bound,79.2384,10.4647,8,0.5495,1.6963,3
s003970,visual_lenient,expert_reference_upper_bound,84.5449,14.7977,8,0.2162,1.7261,1
s003971,balanced,expert_reference_upper_bound,79.4615,11.0567,8,0.3464,1.7369,1
s003972,construction_strict,expert_reference_upper_bound,85.3425,21.4922,8,0.2914,0.792,1
s003973,motif_strict,expert_reference_upper_bound,84.114,20.5293,8,0.5017,1.2501,3
s003974,heritage_strict,expert_reference_upper_bound,82.5763,20.4778,8,0.274,1.6087,2
s003975,visual_lenient,expert_reference_upper_bound,84.8541,19.8759,8,0.4878,0.797,2
s003976,balanced,expert_reference_upper_bound,85.4781,23.7956,8,0.3895,1.6942,1
s003977,construction_strict,expert_reference_upper_bound,86.3427,23.1823,8,0.1367,0.9801,2
s003978,motif_strict,expert_reference_upper_bound,82.3694,22.2026,8,0.3566,0.6735,2
s003979,heritage_strict,expert_reference_upper_bound,81.0649,16.4923,8,0.275,1.6039,2
s003980,visual_lenient,expert_reference_upper_bound,81.2771,19.7486,8,0.4363,1.2998,2
s003981,balanced,expert_reference_upper_bound,90.7909,24.3828,8,0.1947,1.2414,2
s003982,construction_strict,expert_reference_upper_bound,80.6913,15.1659,8,0.3876,1.3287,1
s003983,motif_strict,expert_reference_upper_bound,83.8685,19.2229,8,0.2219,0.9891,3
s003984,heritage_strict,expert_reference_upper_bound,85.7126,24.8222,8,0.247,0.943,2
s003985,visual_lenient,expert_reference_upper_bound,87.6064,24.6512,8,0.1383,1.7282,2
s003986,balanced,expert_reference_upper_bound,84.3342,18.2411,8,0.1257,1.4956,1
s003987,construction_strict,expert_reference_upper_bound,83.7959,24.0842,8,0.1213,0.8856,2
s003988,motif_strict,expert_reference_upper_bound,83.4845,22.7883,8,0.3968,0.893,3
s003989,heritage_strict,expert_reference_upper_bound,83.6213,18.8337,8,0.1148,0.7743,1
s003990,visual_lenient,expert_reference_upper_bound,83.2534,23.2889,8,0.3164,1.5096,3
s003991,balanced,expert_reference_upper_bound,83.4948,20.4693,8,0.3929,1.2708,2
s003992,construction_strict,expert_reference_upper_bound,86.9682,25.2971,8,0.4606,0.6437,3
s003993,motif_strict,expert_reference_upper_bound,85.5926,20.7495,8,0.3216,1.2914,3
s003994,heritage_strict,expert_reference_upper_bound,82.7853,22.7795,8,0.3552,1.3368,1
s003995,visual_lenient,expert_reference_upper_bound,85.0791,17.9469,8,0.4736,0.6165,2
s003996,balanced,expert_reference_upper_bound,82.6601,22.244,8,0.4266,0.9857,1
s003997,construction_strict,expert_reference_upper_bound,86.9134,25.1702,8,0.2252,0.8082,1
s003998,motif_strict,expert_reference_upper_bound,79.4388,21.0579,8,0.4418,1.6542,3
s003999,heritage_strict,expert_reference_upper_bound,84.3297,20.8493,8,0.3073,0.8311,3
s004000,visual_lenient,expert_reference_upper_bound,84.4766,16.2511,8,0.3522,1.4964,2
s004001,balanced,expert_reference_upper_bound,86.6154,23.4532,8,0.1086,0.5872,1
s004002,construction_strict,expert_reference_upper_bound,82.6583,23.5502,8,0.163,0.7005,2
s004003,motif_strict,expert_reference_upper_bound,77.3926,15.3381,8,0.107,1.0098,3
s004004,heritage_strict,expert_reference_upper_bound,82.7594,20.4026,8,0.1712,1.6355,1
s004005,visual_lenient,expert_reference_upper_bound,85.9845,20.1572,8,0.2555,0.5646,1
s004006,balanced,expert_reference_upper_bound,84.6296,22.3725,8,0.2522,1.332,3
s004007,construction_strict,expert_reference_upper_bound,84.8757,22.4899,8,0.3335,1.716,1
s004008,motif_strict,expert_reference_upper_bound,82.6294,27.5278,8,0.3644,1.5511,1
s004009,heritage_strict,expert_reference_upper_bound,86.0073,16.6971,8,0.4889,1.4091,2
s004010,visual_lenient,expert_reference_upper_bound,81.0596,17.5221,8,0.2768,0.883,2
s004011,balanced,expert_reference_upper_bound,90.3276,28.9458,8,0.4533,0.5745,2
s004012,construction_strict,expert_reference_upper_bound,83.937,22.2464,8,0.411,1.0829,1
s004013,motif_strict,expert_reference_upper_bound,80.2512,13.5871,8,0.4427,0.7856,1
s004014,heritage_strict,expert_reference_upper_bound,86.0684,21.2722,8,0.5348,1.3126,1
s004015,visual_lenient,expert_reference_upper_bound,83.653,17.7768,8,0.5227,1.0816,2
s004016,balanced,expert_reference_upper_bound,77.2348,12.1526,8,0.3332,0.9586,1
s004017,construction_strict,expert_reference_upper_bound,84.6564,24.9344,8,0.1368,0.8096,2
s004018,motif_strict,expert_reference_upper_bound,88.8221,26.1027,8,0.4423,0.7752,1
s004019,heritage_strict,expert_reference_upper_bound,82.9055,19.8706,8,0.5099,1.5058,1
s004020,visual_lenient,expert_reference_upper_bound,89.0869,24.32,8,0.5449,1.2071,1
s004021,balanced,expert_reference_upper_bound,84.8136,25.1251,8,0.1537,0.8701,2
s004022,construction_strict,expert_reference_upper_bound,86.738,22.5277,8,0.5052,0.9113,3
s004023,motif_strict,expert_reference_upper_bound,81.4411,17.0544,8,0.2193,1.3662,1
s004024,heritage_strict,expert_reference_upper_bound,82.7924,19.0454,8,0.3607,0.9572,1
s004025,visual_lenient,expert_reference_upper_bound,88.5463,24.5571,8,0.3342,1.0813,2
s004026,balanced,expert_reference_upper_bound,84.6946,24.7473,8,0.3504,1.42,1
s004027,construction_strict,expert_reference_upper_bound,88.0002,22.8519,8,0.3801,1.5687,3
s004028,motif_strict,expert_reference_upper_bound,83.4955,18.2297,8,0.4226,1.6868,3
s004029,heritage_strict,expert_reference_upper_bound,84.3319,24.4788,8,0.2211,0.9555,3
s004030,visual_lenient,expert_reference_upper_bound,86.014,20.0905,8,0.4322,1.344,2
s004031,balanced,expert_reference_upper_bound,84.0005,22.255,8,0.4622,0.5524,1
s004032,construction_strict,expert_reference_upper_bound,84.3394,28.6588,8,0.1333,1.0868,3
s004033,motif_strict,expert_reference_upper_bound,80.4829,15.6922,8,0.1035,1.7312,2
s004034,heritage_strict,expert_reference_upper_bound,83.8221,21.7227,8,0.1627,1.2888,2
s004035,visual_lenient,expert_reference_upper_bound,80.9644,15.4642,8,0.5313,1.5938,3
s004036,balanced,expert_reference_upper_bound,84.6023,22.883,8,0.1658,1.3863,3
s004037,construction_strict,expert_reference_upper_bound,80.4165,18.1074,8,0.3344,1.3102,3
s004038,motif_strict,expert_reference_upper_bound,85.3618,20.3369,8,0.4814,0.7874,2
s004039,heritage_strict,expert_reference_upper_bound,83.1705,15.1272,8,0.2166,1.2894,2
s004040,visual_lenient,expert_reference_upper_bound,83.164,20.404,8,0.5004,1.5112,2
s004041,balanced,expert_reference_upper_bound,82.568,12.077,8,0.2366,1.7482,3
s004042,construction_strict,expert_reference_upper_bound,83.3643,23.062,8,0.3307,1.7099,1
s004043,motif_strict,expert_reference_upper_bound,80.3264,21.2159,8,0.5274,1.6831,3
s004044,heritage_strict,expert_reference_upper_bound,84.5788,22.3592,8,0.3854,1.6471,2
s004045,visual_lenient,expert_reference_upper_bound,81.6072,20.4505,8,0.1949,1.2502,2
s004046,balanced,expert_reference_upper_bound,87.8986,27.4209,8,0.2724,1.6414,2
s004047,construction_strict,expert_reference_upper_bound,80.5583,17.3376,8,0.3769,1.2255,3
s004048,motif_strict,expert_reference_upper_bound,79.6341,17.7959,8,0.1548,0.9531,2
s004049,heritage_strict,expert_reference_upper_bound,81.9667,16.1146,8,0.2612,0.8471,3
s004050,visual_lenient,expert_reference_upper_bound,86.3735,21.9413,8,0.2768,0.5942,3
s004051,balanced,expert_reference_upper_bound,83.8615,17.6332,8,0.3629,1.4859,3
s004052,construction_strict,expert_reference_upper_bound,83.6494,19.238,8,0.4383,1.5508,3
s004053,motif_strict,expert_reference_upper_bound,86.8212,22.3334,8,0.4397,1.7233,3
s004054,heritage_strict,expert_reference_upper_bound,84.1903,22.4186,8,0.4468,0.6103,3
s004055,visual_lenient,expert_reference_upper_bound,84.967,19.6408,8,0.3557,1.6575,1
s004056,balanced,expert_reference_upper_bound,83.3904,19.2532,8,0.4418,1.5154,3
s004057,construction_strict,expert_reference_upper_bound,82.4612,20.5929,8,0.4716,0.802,3
s004058,motif_strict,expert_reference_upper_bound,81.0679,15.5352,8,0.1446,1.1462,2
s004059,heritage_strict,expert_reference_upper_bound,81.2508,18.0827,8,0.114,0.866,3
s004060,visual_lenient,expert_reference_upper_bound,84.9971,19.2801,8,0.3717,1.2421,2
s004061,balanced,expert_reference_upper_bound,85.8223,25.4343,8,0.4319,1.5015,2
s004062,construction_strict,expert_reference_upper_bound,86.0747,26.6048,8,0.2412,0.7594,2
s004063,motif_strict,expert_reference_upper_bound,87.0758,27.1944,8,0.4172,0.8022,2
s004064,heritage_strict,expert_reference_upper_bound,83.4634,20.835,8,0.2682,0.8967,2
s004065,visual_lenient,expert_reference_upper_bound,85.0825,20.8096,8,0.224,0.9108,2
s004066,balanced,expert_reference_upper_bound,85.6548,25.1213,8,0.4881,0.5603,1
s004067,construction_strict,expert_reference_upper_bound,85.5197,22.4201,8,0.1904,0.679,3
s004068,motif_strict,expert_reference_upper_bound,84.6872,21.3299,8,0.261,1.4335,1
s004069,heritage_strict,expert_reference_upper_bound,82.5979,21.8917,8,0.1403,1.0382,3
s004070,visual_lenient,expert_reference_upper_bound,81.1568,18.1825,8,0.3172,0.8551,2
s004071,balanced,expert_reference_upper_bound,84.9022,21.821,8,0.133,0.9348,1
s004072,construction_strict,expert_reference_upper_bound,83.2573,17.5426,8,0.1681,1.3677,1
s004073,motif_strict,expert_reference_upper_bound,83.0968,15.9079,8,0.197,1.3114,1
s004074,heritage_strict,expert_reference_upper_bound,87.9264,21.7067,8,0.1303,1.549,1
s004075,visual_lenient,expert_reference_upper_bound,83.9753,17.6325,8,0.1868,1.1274,2
s004076,balanced,expert_reference_upper_bound,81.142,12.1766,8,0.2279,1.6777,3
s004077,construction_strict,expert_reference_upper_bound,84.1042,20.322,8,0.3882,1.5557,3
s004078,motif_strict,expert_reference_upper_bound,80.7206,16.3222,8,0.5107,1.4151,2
s004079,heritage_strict,expert_reference_upper_bound,84.6018,24.8877,8,0.4469,1.2994,1
s004080,visual_lenient,expert_reference_upper_bound,84.0085,20.3962,8,0.2112,0.5909,1
s004081,balanced,expert_reference_upper_bound,81.8833,17.708,8,0.2054,0.9451,2
s004082,construction_strict,expert_reference_upper_bound,86.6109,27.8011,8,0.4552,0.9324,2
s004083,motif_strict,expert_reference_upper_bound,86.3679,23.122,8,0.48,1.0692,3
s004084,heritage_strict,expert_reference_upper_bound,80.5969,16.5936,8,0.3594,1.1872,2
s004085,visual_lenient,expert_reference_upper_bound,79.3176,16.3953,8,0.3869,1.7256,2
s004086,balanced,expert_reference_upper_bound,86.0225,20.9509,8,0.1319,0.5905,1
s004087,construction_strict,expert_reference_upper_bound,83.5368,18.9605,8,0.3988,1.0101,1
s004088,motif_strict,expert_reference_upper_bound,83.6486,22.644,8,0.341,0.6406,3
s004089,heritage_strict,expert_reference_upper_bound,83.4073,20.7204,8,0.1141,0.8462,3
s004090,visual_lenient,expert_reference_upper_bound,84.5922,18.4341,8,0.5162,1.6837,3
s004091,balanced,expert_reference_upper_bound,78.556,17.2199,8,0.4346,1.6076,2
s004092,construction_strict,expert_reference_upper_bound,81.1282,18.4655,8,0.134,1.0512,1
s004093,motif_strict,expert_reference_upper_bound,80.7894,14.3846,8,0.1003,1.6275,1
s004094,heritage_strict,expert_reference_upper_bound,84.5031,23.6128,8,0.4418,1.2322,2
s004095,visual_lenient,expert_reference_upper_bound,81.8879,20.1784,8,0.2545,1.2046,3
s004096,balanced,expert_reference_upper_bound,81.8465,18.0982,8,0.2576,0.725,1
s004097,construction_strict,expert_reference_upper_bound,86.671,22.0586,8,0.4104,0.5631,3
s004098,motif_strict,expert_reference_upper_bound,84.419,24.0628,8,0.1623,1.5691,1
s004099,heritage_strict,expert_reference_upper_bound,83.5346,22.3758,8,0.4532,1.4041,2
s004100,visual_lenient,expert_reference_upper_bound,80.3325,14.1373,8,0.2016,1.5569,2
s004101,balanced,expert_reference_upper_bound,84.961,24.4974,8,0.1569,1.1678,2
s004102,construction_strict,expert_reference_upper_bound,84.8545,21.5778,8,0.2974,1.5312,1
s004103,motif_strict,expert_reference_upper_bound,79.9299,17.4785,8,0.341,1.5706,1
s004104,heritage_strict,expert_reference_upper_bound,84.8383,17.614,8,0.4225,1.7453,2
s004105,visual_lenient,expert_reference_upper_bound,85.048,16.7862,8,0.5369,1.2157,3
s004106,balanced,expert_reference_upper_bound,86.7787,24.964,8,0.2625,0.7531,1
s004107,construction_strict,expert_reference_upper_bound,75.011,8.4135,8,0.4744,0.7755,3
s004108,motif_strict,expert_reference_upper_bound,82.8751,18.4923,8,0.1515,0.8391,3
s004109,heritage_strict,expert_reference_upper_bound,85.4299,20.4282,8,0.4131,1.2179,1
s004110,visual_lenient,expert_reference_upper_bound,82.1699,23.1336,8,0.1734,1.1648,1
s004111,balanced,expert_reference_upper_bound,84.2695,19.2269,8,0.1188,1.325,2
s004112,construction_strict,expert_reference_upper_bound,82.9395,20.0847,8,0.4369,1.49,1
s004113,motif_strict,expert_reference_upper_bound,83.9752,13.9229,8,0.145,1.6833,1
s004114,heritage_strict,expert_reference_upper_bound,82.1146,19.3923,8,0.5218,1.4334,2
s004115,visual_lenient,expert_reference_upper_bound,85.7821,17.5584,8,0.3413,1.5349,1
s004116,balanced,expert_reference_upper_bound,87.1836,24.5664,8,0.4806,0.8836,1
s004117,construction_strict,expert_reference_upper_bound,83.3596,18.8697,8,0.2334,1.565,3
s004118,motif_strict,expert_reference_upper_bound,84.2189,19.2854,8,0.491,1.0218,3
s004119,heritage_strict,expert_reference_upper_bound,80.3481,20.461,8,0.3742,0.7884,3
s004120,visual_lenient,expert_reference_upper_bound,78.2875,19.6176,8,0.14,1.3493,3
s004121,balanced,expert_reference_upper_bound,83.1834,15.8315,8,0.3745,1.1555,1
s004122,construction_strict,expert_reference_upper_bound,84.1846,22.7001,8,0.3836,0.7539,3
s004123,motif_strict,expert_reference_upper_bound,80.9374,13.8513,8,0.4569,1.6479,3
s004124,heritage_strict,expert_reference_upper_bound,82.1087,18.3035,8,0.4509,1.0943,3
s004125,visual_lenient,expert_reference_upper_bound,85.6377,20.9089,8,0.2493,1.0092,2
s004126,balanced,expert_reference_upper_bound,79.8354,20.6278,8,0.4064,1.4413,3
s004127,construction_strict,expert_reference_upper_bound,77.0841,14.9175,8,0.4105,1.2895,2
s004128,motif_strict,expert_reference_upper_bound,83.0105,19.0086,8,0.3759,1.5871,3
s004129,heritage_strict,expert_reference_upper_bound,81.9632,19.1303,8,0.1699,1.3449,1
s004130,visual_lenient,expert_reference_upper_bound,83.9982,19.348,8,0.2442,0.8947,1
s004131,balanced,expert_reference_upper_bound,82.8557,19.1198,8,0.2873,0.7443,3
s004132,construction_strict,expert_reference_upper_bound,85.3775,19.674,8,0.2448,1.3522,2
s004133,motif_strict,expert_reference_upper_bound,81.7866,17.5832,8,0.5266,1.2556,1
s004134,heritage_strict,expert_reference_upper_bound,80.1294,16.6761,8,0.4705,1.1071,3
s004135,visual_lenient,expert_reference_upper_bound,82.4423,13.5658,8,0.1762,1.3734,3
s004136,balanced,expert_reference_upper_bound,88.7546,26.0461,8,0.1953,0.5679,2
s004137,construction_strict,expert_reference_upper_bound,83.9734,19.1383,8,0.3511,1.2734,1
s004138,motif_strict,expert_reference_upper_bound,81.8156,19.6935,8,0.3267,1.2102,3
s004139,heritage_strict,expert_reference_upper_bound,84.4847,22.4313,8,0.3705,0.5806,1
s004140,visual_lenient,expert_reference_upper_bound,80.5833,15.4456,8,0.3184,1.2144,2
s004141,balanced,expert_reference_upper_bound,86.2062,24.8662,8,0.1211,1.2293,1
s004142,construction_strict,expert_reference_upper_bound,81.5323,15.4866,8,0.3704,1.67,2
s004143,motif_strict,expert_reference_upper_bound,74.7042,10.7424,8,0.311,1.0783,1
s004144,heritage_strict,expert_reference_upper_bound,82.8551,17.3167,8,0.4492,1.5315,3
s004145,visual_lenient,expert_reference_upper_bound,83.4878,14.4544,8,0.2333,1.7449,2
s004146,balanced,expert_reference_upper_bound,81.1657,18.3233,8,0.3001,1.2208,3
s004147,construction_strict,expert_reference_upper_bound,83.3341,18.826,8,0.1086,1.4158,1
s004148,motif_strict,expert_reference_upper_bound,85.576,20.4734,8,0.1489,1.7376,3
s004149,heritage_strict,expert_reference_upper_bound,78.8989,11.8228,8,0.4738,1.3554,3
s004150,visual_lenient,expert_reference_upper_bound,83.6261,24.0832,8,0.3196,1.3868,3
s004151,balanced,expert_reference_upper_bound,83.199,21.1668,8,0.2173,0.8654,1
s004152,construction_strict,expert_reference_upper_bound,83.4589,19.5873,8,0.1773,0.6624,3
s004153,motif_strict,expert_reference_upper_bound,79.6491,14.6586,8,0.3057,0.7914,3
s004154,heritage_strict,expert_reference_upper_bound,81.2221,18.7153,8,0.2255,1.0535,2
s004155,visual_lenient,expert_reference_upper_bound,79.6552,14.4782,8,0.402,1.1959,2
s004156,balanced,expert_reference_upper_bound,83.8549,23.6852,8,0.4545,0.7633,3
s004157,construction_strict,expert_reference_upper_bound,80.9512,17.8242,8,0.147,1.1986,1
s004158,motif_strict,expert_reference_upper_bound,84.3319,20.106,8,0.1263,1.0797,2
s004159,heritage_strict,expert_reference_upper_bound,77.6784,14.5295,8,0.3681,1.4407,2
s004160,visual_lenient,expert_reference_upper_bound,85.43,23.0021,8,0.1302,0.5887,1
s004161,balanced,expert_reference_upper_bound,81.3165,19.3996,8,0.2224,1.3555,2
s004162,construction_strict,expert_reference_upper_bound,82.5364,21.1667,8,0.1538,1.1583,1
s004163,motif_strict,expert_reference_upper_bound,83.6516,16.7573,8,0.2631,0.8742,2
s004164,heritage_strict,expert_reference_upper_bound,82.7976,22.7616,8,0.4878,0.8785,3
s004165,visual_lenient,expert_reference_upper_bound,88.186,23.2504,8,0.3595,0.7002,3
s004166,balanced,expert_reference_upper_bound,83.9358,15.9787,8,0.3532,1.057,1
s004167,construction_strict,expert_reference_upper_bound,82.8523,14.6604,8,0.4447,1.3767,3
s004168,motif_strict,expert_reference_upper_bound,86.2553,22.9043,8,0.1386,1.2725,1
s004169,heritage_strict,expert_reference_upper_bound,82.5684,18.5948,8,0.4993,1.0954,1
s004170,visual_lenient,expert_reference_upper_bound,83.7283,21.9081,8,0.1015,0.6591,2
s004171,balanced,expert_reference_upper_bound,81.593,22.4111,8,0.2431,1.6954,3
s004172,construction_strict,expert_reference_upper_bound,84.657,22.1469,8,0.1996,0.9035,3
s004173,motif_strict,expert_reference_upper_bound,85.7968,25.92,8,0.423,0.9235,3
s004174,heritage_strict,expert_reference_upper_bound,88.027,20.1568,8,0.1118,1.5614,1
s004175,visual_lenient,expert_reference_upper_bound,81.2735,20.8341,8,0.2332,0.9258,1
s004176,balanced,expert_reference_upper_bound,83.9057,21.4627,8,0.2814,1.6899,1
s004177,construction_strict,expert_reference_upper_bound,86.882,20.5857,8,0.2228,1.3289,1
s004178,motif_strict,expert_reference_upper_bound,89.1255,25.1209,8,0.4532,0.6672,2
s004179,heritage_strict,expert_reference_upper_bound,84.7759,25.4924,8,0.283,1.0774,3
s004180,visual_lenient,expert_reference_upper_bound,83.2758,19.4677,8,0.2751,0.9961,3
s004181,balanced,expert_reference_upper_bound,82.8205,19.0983,8,0.1565,0.6139,2
s004182,construction_strict,expert_reference_upper_bound,78.7906,12.2024,8,0.2707,0.8421,1
s004183,motif_strict,expert_reference_upper_bound,82.2897,15.333,8,0.1851,0.9338,2
s004184,heritage_strict,expert_reference_upper_bound,82.2026,15.9845,8,0.2786,1.0317,3
s004185,visual_lenient,expert_reference_upper_bound,85.4764,22.1967,8,0.5218,0.7106,3
s004186,balanced,expert_reference_upper_bound,84.0722,19.8234,8,0.1354,1.0473,1
s004187,construction_strict,expert_reference_upper_bound,84.5365,21.8762,8,0.4376,1.2931,1
s004188,motif_strict,expert_reference_upper_bound,78.8038,16.4374,8,0.1206,0.6697,1
s004189,heritage_strict,expert_reference_upper_bound,81.9792,18.724,8,0.3349,0.6226,1
s004190,visual_lenient,expert_reference_upper_bound,86.1775,22.342,8,0.3274,1.2041,1
s004191,balanced,expert_reference_upper_bound,79.8083,16.6993,8,0.3192,1.5069,2
s004192,construction_strict,expert_reference_upper_bound,81.1288,20.0959,8,0.3936,1.2994,2
s004193,motif_strict,expert_reference_upper_bound,80.5832,12.793,8,0.4003,1.0402,3
s004194,heritage_strict,expert_reference_upper_bound,82.5306,14.6079,8,0.5416,1.6884,3
s004195,visual_lenient,expert_reference_upper_bound,81.2662,25.4546,8,0.3225,1.7021,1
s004196,balanced,expert_reference_upper_bound,82.334,19.0599,8,0.192,1.3807,1
s004197,construction_strict,expert_reference_upper_bound,84.801,23.1656,8,0.434,0.7996,2
s004198,motif_strict,expert_reference_upper_bound,82.6635,19.1405,8,0.5057,1.2843,1
s004199,heritage_strict,expert_reference_upper_bound,84.437,23.0439,8,0.2229,1.3045,1
s004200,visual_lenient,expert_reference_upper_bound,82.4239,20.0568,8,0.2445,0.9496,1
s004201,balanced,expert_reference_upper_bound,83.0651,19.154,8,0.1058,1.5703,2
s004202,construction_strict,expert_reference_upper_bound,83.9774,18.175,8,0.2246,1.6326,1
s004203,motif_strict,expert_reference_upper_bound,81.8352,14.1721,8,0.1785,0.8415,2
s004204,heritage_strict,expert_reference_upper_bound,85.4811,21.3652,8,0.5013,0.6425,1
s004205,visual_lenient,expert_reference_upper_bound,82.5312,15.309,8,0.115,0.8082,1
s004206,balanced,expert_reference_upper_bound,87.8234,27.0135,8,0.1698,0.7677,2
s004207,construction_strict,expert_reference_upper_bound,81.9643,18.2462,8,0.2256,1.5598,2
s004208,motif_strict,expert_reference_upper_bound,87.8542,24.1018,8,0.3688,1.4764,1
s004209,heritage_strict,expert_reference_upper_bound,84.319,18.017,8,0.4225,1.0907,1
s004210,visual_lenient,expert_reference_upper_bound,77.7797,15.5324,8,0.3631,1.026,2
s004211,balanced,expert_reference_upper_bound,81.6208,18.9534,8,0.1709,0.9439,2
s004212,construction_strict,expert_reference_upper_bound,83.6194,20.1806,8,0.1822,1.5502,3
s004213,motif_strict,expert_reference_upper_bound,77.681,12.4576,8,0.1545,0.9178,3
s004214,heritage_strict,expert_reference_upper_bound,84.9131,19.7714,8,0.4281,0.9051,1
s004215,visual_lenient,expert_reference_upper_bound,87.5022,24.9825,8,0.4104,0.6742,1
s004216,balanced,expert_reference_upper_bound,86.6811,22.8531,8,0.337,1.242,1
s004217,construction_strict,expert_reference_upper_bound,86.1763,25.3149,8,0.3242,0.6342,1
s004218,motif_strict,expert_reference_upper_bound,85.7099,24.2525,8,0.2636,0.8839,3
s004219,heritage_strict,expert_reference_upper_bound,76.4737,15.2114,8,0.3652,0.9784,3
s004220,visual_lenient,expert_reference_upper_bound,86.8821,20.3115,8,0.1578,1.5689,2
s004221,balanced,expert_reference_upper_bound,90.0732,29.6615,8,0.4499,1.3936,2
s004222,construction_strict,expert_reference_upper_bound,87.4824,26.0119,8,0.363,0.7065,2
s004223,motif_strict,expert_reference_upper_bound,80.2922,18.9846,8,0.3774,0.8813,2
s004224,heritage_strict,expert_reference_upper_bound,80.3591,19.0062,8,0.1669,0.6063,3
s004225,visual_lenient,expert_reference_upper_bound,87.0797,20.4422,8,0.2166,1.3457,2
s004226,balanced,expert_reference_upper_bound,84.4128,26.0306,8,0.154,0.8791,1
s004227,construction_strict,expert_reference_upper_bound,83.1195,20.8011,8,0.1127,1.6146,2
s004228,motif_strict,expert_reference_upper_bound,81.3784,16.1397,8,0.2049,1.154,3
s004229,heritage_strict,expert_reference_upper_bound,84.3011,23.4737,8,0.417,1.5845,1
s004230,visual_lenient,expert_reference_upper_bound,86.0952,22.2472,8,0.1654,1.3275,1
s004231,balanced,expert_reference_upper_bound,80.1397,15.7474,8,0.4052,0.7583,1
s004232,construction_strict,expert_reference_upper_bound,80.9173,18.0327,8,0.3309,0.8573,2
s004233,motif_strict,expert_reference_upper_bound,84.2262,26.2248,8,0.1954,0.729,3
s004234,heritage_strict,expert_reference_upper_bound,82.8953,21.7148,8,0.2663,0.5713,3
s004235,visual_lenient,expert_reference_upper_bound,80.418,18.5125,8,0.5496,0.948,3
s004236,balanced,expert_reference_upper_bound,86.7246,26.5244,8,0.1502,1.6594,1
s004237,construction_strict,expert_reference_upper_bound,81.3367,18.3812,8,0.3822,1.3537,3
s004238,motif_strict,expert_reference_upper_bound,83.1557,21.8268,8,0.2276,1.7272,3
s004239,heritage_strict,expert_reference_upper_bound,83.6793,19.7666,8,0.213,1.1707,3
s004240,visual_lenient,expert_reference_upper_bound,83.563,18.6283,8,0.2822,0.8565,1
s004241,balanced,expert_reference_upper_bound,82.5234,20.1209,8,0.329,1.5251,1
s004242,construction_strict,expert_reference_upper_bound,86.4274,21.8191,8,0.4047,1.3247,3
s004243,motif_strict,expert_reference_upper_bound,85.1594,26.4986,8,0.2868,1.2142,2
s004244,heritage_strict,expert_reference_upper_bound,86.1977,21.4936,8,0.519,1.0402,2
s004245,visual_lenient,expert_reference_upper_bound,82.5107,19.8451,8,0.2358,1.4333,2
s004246,balanced,expert_reference_upper_bound,83.5154,19.8153,8,0.409,0.8625,1
s004247,construction_strict,expert_reference_upper_bound,82.842,19.3659,8,0.3678,1.6399,2
s004248,motif_strict,expert_reference_upper_bound,83.3978,22.4499,8,0.3975,1.484,3
s004249,heritage_strict,expert_reference_upper_bound,83.4657,19.3856,8,0.3357,0.5767,2
s004250,visual_lenient,expert_reference_upper_bound,86.1249,29.0749,8,0.2655,1.5957,2
s004251,balanced,expert_reference_upper_bound,84.691,21.6827,8,0.1136,0.885,2
s004252,construction_strict,expert_reference_upper_bound,86.0567,23.2731,8,0.3013,1.0037,3
s004253,motif_strict,expert_reference_upper_bound,80.8789,22.2195,8,0.1003,0.8799,1
s004254,heritage_strict,expert_reference_upper_bound,84.0709,21.892,8,0.3419,0.7321,2
s004255,visual_lenient,expert_reference_upper_bound,83.6307,20.3972,8,0.2462,1.5017,1
s004256,balanced,expert_reference_upper_bound,84.728,23.5592,8,0.1141,1.5247,3
s004257,construction_strict,expert_reference_upper_bound,87.7429,21.4,8,0.3627,0.7948,3
s004258,motif_strict,expert_reference_upper_bound,82.3792,19.6126,8,0.2388,1.0692,2
s004259,heritage_strict,expert_reference_upper_bound,85.087,21.5023,8,0.1819,1.0976,2
s004260,visual_lenient,expert_reference_upper_bound,83.1557,16.4759,8,0.196,1.4495,1
s004261,balanced,expert_reference_upper_bound,85.4288,19.2408,8,0.4239,0.7727,1
s004262,construction_strict,expert_reference_upper_bound,89.2134,28.3066,8,0.4133,0.594,1
s004263,motif_strict,expert_reference_upper_bound,83.7559,20.3488,8,0.1372,1.0137,3
s004264,heritage_strict,expert_reference_upper_bound,84.5271,20.4337,8,0.318,1.6211,3
s004265,visual_lenient,expert_reference_upper_bound,86.7322,28.2744,8,0.1398,0.5766,3
s004266,balanced,expert_reference_upper_bound,82.7646,16.0979,8,0.4699,1.0627,3
s004267,construction_strict,expert_reference_upper_bound,84.1133,22.9525,8,0.4504,0.7094,1
s004268,motif_strict,expert_reference_upper_bound,81.3754,20.5547,8,0.1326,0.9006,1
s004269,heritage_strict,expert_reference_upper_bound,85.6339,25.7443,8,0.3247,1.2379,2
s004270,visual_lenient,expert_reference_upper_bound,81.3982,19.5063,8,0.4559,0.9977,2
s004271,balanced,expert_reference_upper_bound,85.3976,23.5405,8,0.4891,1.0605,3
s004272,construction_strict,expert_reference_upper_bound,81.3234,22.3656,8,0.2122,1.5035,3
s004273,motif_strict,expert_reference_upper_bound,85.2299,20.1434,8,0.2972,0.9539,2
s004274,heritage_strict,expert_reference_upper_bound,84.9944,18.125,8,0.293,1.6219,2
s004275,visual_lenient,expert_reference_upper_bound,83.411,17.1917,8,0.2154,1.3748,2
s004276,balanced,expert_reference_upper_bound,84.963,22.0371,8,0.308,0.9136,2
s004277,construction_strict,expert_reference_upper_bound,83.2045,16.476,8,0.152,0.7143,1
s004278,motif_strict,expert_reference_upper_bound,82.9716,16.5288,8,0.2621,0.8764,3
s004279,heritage_strict,expert_reference_upper_bound,84.0406,21.9418,8,0.4194,0.746,2
s004280,visual_lenient,expert_reference_upper_bound,84.1215,20.5248,8,0.1147,1.0571,1
s004281,balanced,expert_reference_upper_bound,84.4331,23.7646,8,0.2658,1.4393,3
s004282,construction_strict,expert_reference_upper_bound,81.6502,19.9023,8,0.2283,1.4337,3
s004283,motif_strict,expert_reference_upper_bound,82.8141,16.0713,8,0.2468,1.6685,3
s004284,heritage_strict,expert_reference_upper_bound,84.609,24.0616,8,0.3068,1.5001,3
s004285,visual_lenient,expert_reference_upper_bound,83.9976,21.2225,8,0.1352,0.9001,2
s004286,balanced,expert_reference_upper_bound,85.2275,23.1789,8,0.3063,0.7448,1
s004287,construction_strict,expert_reference_upper_bound,83.9323,22.9321,8,0.4638,0.9287,2
s004288,motif_strict,expert_reference_upper_bound,83.2424,21.1767,8,0.2243,1.109,3
s004289,heritage_strict,expert_reference_upper_bound,81.5423,17.3891,8,0.3583,0.9282,3
s004290,visual_lenient,expert_reference_upper_bound,85.233,23.9884,8,0.2968,1.3244,2
s004291,balanced,expert_reference_upper_bound,89.1995,27.9227,8,0.5148,0.6257,3
s004292,construction_strict,expert_reference_upper_bound,85.9232,26.7149,8,0.2741,0.9455,1
s004293,motif_strict,expert_reference_upper_bound,80.5453,19.0161,8,0.4993,0.9628,1
s004294,heritage_strict,expert_reference_upper_bound,84.9727,20.8824,8,0.4164,1.124,3
s004295,visual_lenient,expert_reference_upper_bound,81.0366,17.0064,8,0.2588,0.9757,3
s004296,balanced,expert_reference_upper_bound,83.0431,20.1313,8,0.4065,0.7056,2
s004297,construction_strict,expert_reference_upper_bound,77.9726,14.9594,8,0.1447,1.1379,1
s004298,motif_strict,expert_reference_upper_bound,86.203,17.636,8,0.5484,0.8185,2
s004299,heritage_strict,expert_reference_upper_bound,81.6522,13.6353,8,0.2053,1.5267,2
s004300,visual_lenient,expert_reference_upper_bound,85.1379,18.7501,8,0.4656,1.1345,1
s004301,balanced,expert_reference_upper_bound,85.7029,21.8913,8,0.4243,0.822,3
s004302,construction_strict,expert_reference_upper_bound,82.1587,22.1061,8,0.504,1.1227,1
s004303,motif_strict,expert_reference_upper_bound,86.81,24.2087,8,0.1908,0.9856,1
s004304,heritage_strict,expert_reference_upper_bound,79.7769,15.2363,8,0.1038,1.0669,1
s004305,visual_lenient,expert_reference_upper_bound,86.319,18.8272,8,0.3319,1.3508,3
s004306,balanced,expert_reference_upper_bound,85.8491,21.9438,8,0.1513,0.5864,3
s004307,construction_strict,expert_reference_upper_bound,89.1613,26.7645,8,0.5382,0.691,1
s004308,motif_strict,expert_reference_upper_bound,81.2205,16.2742,8,0.2728,1.4539,2
s004309,heritage_strict,expert_reference_upper_bound,81.17,19.5111,8,0.3328,1.3981,1
s004310,visual_lenient,expert_reference_upper_bound,87.7939,24.5235,8,0.1844,1.5891,2
s004311,balanced,expert_reference_upper_bound,88.2036,25.0261,8,0.5217,1.0967,1
s004312,construction_strict,expert_reference_upper_bound,84.8053,26.3718,8,0.3867,0.7899,1
s004313,motif_strict,expert_reference_upper_bound,85.3886,20.8663,8,0.1939,0.7927,3
s004314,heritage_strict,expert_reference_upper_bound,85.875,22.2303,8,0.2852,0.6494,1
s004315,visual_lenient,expert_reference_upper_bound,82.3884,18.897,8,0.238,0.9465,1
s004316,balanced,expert_reference_upper_bound,87.4302,23.7032,8,0.479,0.749,3
s004317,construction_strict,expert_reference_upper_bound,83.5958,24.3759,8,0.3924,1.3734,1
s004318,motif_strict,expert_reference_upper_bound,85.8827,16.4885,8,0.3986,1.6867,1
s004319,heritage_strict,expert_reference_upper_bound,84.4339,23.9446,8,0.4784,1.5271,3
s004320,visual_lenient,expert_reference_upper_bound,78.3386,12.6342,8,0.2086,1.1898,3
s004321,balanced,expert_reference_upper_bound,86.9692,24.5182,8,0.121,1.5466,2
s004322,construction_strict,expert_reference_upper_bound,82.6905,16.9451,8,0.2457,1.4575,1
s004323,motif_strict,expert_reference_upper_bound,82.0886,14.2414,8,0.5419,1.6975,2
s004324,heritage_strict,expert_reference_upper_bound,82.3335,21.6374,8,0.2233,0.795,1
s004325,visual_lenient,expert_reference_upper_bound,82.4467,18.3199,8,0.244,0.8363,1
s004326,balanced,expert_reference_upper_bound,80.9814,18.0462,8,0.4184,1.0207,2
s004327,construction_strict,expert_reference_upper_bound,88.2782,22.8968,8,0.4779,1.4405,1
s004328,motif_strict,expert_reference_upper_bound,85.5348,22.7488,8,0.283,1.5315,2
s004329,heritage_strict,expert_reference_upper_bound,84.4529,17.9059,8,0.3367,1.4289,3
s004330,visual_lenient,expert_reference_upper_bound,82.2112,17.2236,8,0.1708,0.9637,1
s004331,balanced,expert_reference_upper_bound,81.921,18.6632,8,0.2842,1.2925,2
s004332,construction_strict,expert_reference_upper_bound,87.8917,25.2646,8,0.37,1.066,2
s004333,motif_strict,expert_reference_upper_bound,80.1354,13.4792,8,0.3961,1.0565,1
s004334,heritage_strict,expert_reference_upper_bound,84.0413,17.9277,8,0.3313,1.1282,1
s004335,visual_lenient,expert_reference_upper_bound,85.1755,19.6935,8,0.5103,1.5118,3
s004336,balanced,expert_reference_upper_bound,84.5079,20.1164,8,0.4421,0.9072,1
s004337,construction_strict,expert_reference_upper_bound,77.4606,15.5535,8,0.2137,1.1905,2
s004338,motif_strict,expert_reference_upper_bound,84.3411,21.475,8,0.3457,0.7608,1
s004339,heritage_strict,expert_reference_upper_bound,79.145,20.3569,8,0.2432,0.8216,2
s004340,visual_lenient,expert_reference_upper_bound,87.131,23.928,8,0.3932,1.0507,3
s004341,balanced,expert_reference_upper_bound,87.1184,23.7015,8,0.4936,0.6094,3
s004342,construction_strict,expert_reference_upper_bound,83.3143,24.9774,8,0.4534,0.9215,2
s004343,motif_strict,expert_reference_upper_bound,84.3008,19.9567,8,0.4496,1.6896,1
s004344,heritage_strict,expert_reference_upper_bound,85.774,22.9999,8,0.2211,0.6482,1
s004345,visual_lenient,expert_reference_upper_bound,80.2084,18.0892,8,0.5054,1.0975,1
s004346,balanced,expert_reference_upper_bound,83.4151,18.5061,8,0.2174,1.2863,2
s004347,construction_strict,expert_reference_upper_bound,85.9718,24.6142,8,0.2848,0.5983,3
s004348,motif_strict,expert_reference_upper_bound,80.7441,19.3109,8,0.5201,1.2243,3
s004349,heritage_strict,expert_reference_upper_bound,86.8815,25.6152,8,0.1386,0.6355,2
s004350,visual_lenient,expert_reference_upper_bound,85.0114,22.4951,8,0.2486,0.7283,3
s004351,balanced,expert_reference_upper_bound,83.7109,19.6385,8,0.1554,0.6964,2
s004352,construction_strict,expert_reference_upper_bound,83.3259,17.3728,8,0.474,0.9703,2
s004353,motif_strict,expert_reference_upper_bound,81.9381,15.5414,8,0.2681,0.8084,3
s004354,heritage_strict,expert_reference_upper_bound,87.0353,31.6403,8,0.3902,1.3553,3
s004355,visual_lenient,expert_reference_upper_bound,82.8835,15.4535,8,0.1495,1.7023,3
s004356,balanced,expert_reference_upper_bound,84.4587,20.3274,8,0.4002,1.06,2
s004357,construction_strict,expert_reference_upper_bound,83.8453,18.9794,8,0.2435,1.0419,1
s004358,motif_strict,expert_reference_upper_bound,89.1108,25.0042,8,0.4582,0.73,2
s004359,heritage_strict,expert_reference_upper_bound,82.3776,20.4908,8,0.1679,1.7125,1
s004360,visual_lenient,expert_reference_upper_bound,85.7489,22.1794,8,0.5062,0.8303,2
s004361,balanced,expert_reference_upper_bound,82.9369,19.9078,8,0.298,1.2031,3
s004362,construction_strict,expert_reference_upper_bound,80.3853,13.7356,8,0.4245,1.4744,1
s004363,motif_strict,expert_reference_upper_bound,88.2746,25.5417,8,0.2098,0.8956,3
s004364,heritage_strict,expert_reference_upper_bound,83.7344,18.8458,8,0.4636,1.1527,1
s004365,visual_lenient,expert_reference_upper_bound,79.8017,14.8436,8,0.2193,1.5063,1
s004366,balanced,expert_reference_upper_bound,86.6126,20.2172,8,0.421,1.1559,3
s004367,construction_strict,expert_reference_upper_bound,85.2884,26.5174,8,0.1688,1.2312,1
s004368,motif_strict,expert_reference_upper_bound,83.0785,19.322,8,0.2432,1.7353,1
s004369,heritage_strict,expert_reference_upper_bound,81.3922,20.5436,8,0.3795,1.2499,1
s004370,visual_lenient,expert_reference_upper_bound,83.7766,21.8802,8,0.4237,0.6178,3
s004371,balanced,expert_reference_upper_bound,88.1988,24.6738,8,0.3994,1.3742,3
s004372,construction_strict,expert_reference_upper_bound,83.5208,20.0856,8,0.1633,1.4127,2
s004373,motif_strict,expert_reference_upper_bound,85.084,20.0335,8,0.3655,0.7151,2
s004374,heritage_strict,expert_reference_upper_bound,86.0736,24.2265,8,0.4831,1.3157,2
s004375,visual_lenient,expert_reference_upper_bound,81.3281,16.0236,8,0.4402,0.857,1
s004376,balanced,expert_reference_upper_bound,88.3891,28.4001,8,0.3996,0.8863,1
s004377,construction_strict,expert_reference_upper_bound,85.1537,22.8085,8,0.3914,0.6294,1
s004378,motif_strict,expert_reference_upper_bound,77.5628,9.3938,8,0.5245,1.2631,2
s004379,heritage_strict,expert_reference_upper_bound,84.0774,20.5307,8,0.2543,0.9028,1
s004380,visual_lenient,expert_reference_upper_bound,80.0459,10.9476,8,0.3975,1.449,3
s004381,balanced,expert_reference_upper_bound,81.4592,16.6641,8,0.3699,1.3734,3
s004382,construction_strict,expert_reference_upper_bound,81.4981,16.3836,8,0.4931,0.9725,2
s004383,motif_strict,expert_reference_upper_bound,84.7039,24.6645,8,0.3297,1.242,3
s004384,heritage_strict,expert_reference_upper_bound,89.0435,27.9254,8,0.4873,0.7483,2
s004385,visual_lenient,expert_reference_upper_bound,89.5773,27.6289,8,0.192,0.6085,2
s004386,balanced,expert_reference_upper_bound,82.3055,15.1769,8,0.4823,1.3466,1
s004387,construction_strict,expert_reference_upper_bound,89.6572,28.7362,8,0.3976,0.7922,3
s004388,motif_strict,expert_reference_upper_bound,84.8605,20.7767,8,0.4099,1.364,2
s004389,heritage_strict,expert_reference_upper_bound,84.1022,18.9638,8,0.2608,1.6935,2
s004390,visual_lenient,expert_reference_upper_bound,87.7048,21.7432,8,0.2576,0.8776,1
s004391,balanced,expert_reference_upper_bound,82.964,20.354,8,0.1226,0.6269,1
s004392,construction_strict,expert_reference_upper_bound,85.6824,25.8564,8,0.4348,0.8212,1
s004393,motif_strict,expert_reference_upper_bound,81.8495,16.3727,8,0.3237,0.948,2
s004394,heritage_strict,expert_reference_upper_bound,82.6287,24.2255,8,0.5059,1.194,1
s004395,visual_lenient,expert_reference_upper_bound,88.1165,29.1948,8,0.3938,0.8725,2
s004396,balanced,expert_reference_upper_bound,82.4726,15.9192,8,0.4241,1.2761,1
s004397,construction_strict,expert_reference_upper_bound,79.8812,11.7727,8,0.1395,1.6137,1
s004398,motif_strict,expert_reference_upper_bound,83.3095,21.2926,8,0.3288,0.6743,1
s004399,heritage_strict,expert_reference_upper_bound,85.107,21.8182,8,0.1756,1.5062,1
s004400,visual_lenient,expert_reference_upper_bound,83.9526,19.9768,8,0.3531,0.9731,2
s004401,balanced,expert_reference_upper_bound,80.5299,17.0273,8,0.343,1.3938,3
s004402,construction_strict,expert_reference_upper_bound,88.7956,28.0031,8,0.4265,0.6638,1
s004403,motif_strict,expert_reference_upper_bound,81.129,14.9621,8,0.2266,0.9122,2
s004404,heritage_strict,expert_reference_upper_bound,84.1512,25.1745,8,0.2269,0.9189,1
s004405,visual_lenient,expert_reference_upper_bound,86.1434,24.3623,8,0.4242,0.832,3
s004406,balanced,expert_reference_upper_bound,81.8479,21.9943,8,0.1765,1.1837,3
s004407,construction_strict,expert_reference_upper_bound,84.2291,22.3976,8,0.1189,0.9728,2
s004408,motif_strict,expert_reference_upper_bound,82.4682,18.6247,8,0.4626,0.5575,3
s004409,heritage_strict,expert_reference_upper_bound,84.8054,24.0055,8,0.3426,1.459,1
s004410,visual_lenient,expert_reference_upper_bound,81.5323,20.081,8,0.1862,1.6567,1
s004411,balanced,expert_reference_upper_bound,83.9844,20.9756,8,0.1901,1.3649,3
s004412,construction_strict,expert_reference_upper_bound,82.8498,18.4107,8,0.5111,1.2964,1
s004413,motif_strict,expert_reference_upper_bound,81.9499,20.8034,8,0.5183,1.0157,3
s004414,heritage_strict,expert_reference_upper_bound,86.9305,25.6451,8,0.2211,1.3144,2
s004415,visual_lenient,expert_reference_upper_bound,84.4404,24.1502,8,0.3985,1.4331,1
s004416,balanced,expert_reference_upper_bound,85.0918,19.8278,8,0.1832,1.115,3
s004417,construction_strict,expert_reference_upper_bound,81.8284,23.525,8,0.1717,1.6211,3
s004418,motif_strict,expert_reference_upper_bound,84.5655,23.2584,8,0.1055,0.9604,1
s004419,heritage_strict,expert_reference_upper_bound,89.3996,25.0325,8,0.4894,0.568,2
s004420,visual_lenient,expert_reference_upper_bound,84.4768,24.4986,8,0.3842,1.2528,2
s004421,balanced,expert_reference_upper_bound,83.6422,22.425,8,0.3035,1.2219,1
s004422,construction_strict,expert_reference_upper_bound,81.9056,16.5321,8,0.1381,1.2392,3
s004423,motif_strict,expert_reference_upper_bound,77.6649,17.4101,8,0.38,1.2225,2
s004424,heritage_strict,expert_reference_upper_bound,86.2396,24.0148,8,0.2218,1.4103,1
s004425,visual_lenient,expert_reference_upper_bound,80.0725,14.6197,8,0.2065,0.9449,2
s004426,balanced,expert_reference_upper_bound,81.8637,19.2909,8,0.1826,1.3544,3
s004427,construction_strict,expert_reference_upper_bound,83.7981,18.8456,8,0.406,1.3281,3
s004428,motif_strict,expert_reference_upper_bound,80.8607,16.3592,8,0.5194,0.9725,3
s004429,heritage_strict,expert_reference_upper_bound,78.8348,17.9144,8,0.3413,1.3837,2
s004430,visual_lenient,expert_reference_upper_bound,80.9558,16.7072,8,0.1926,1.0794,1
s004431,balanced,expert_reference_upper_bound,84.5566,13.7439,8,0.1309,1.682,3
s004432,construction_strict,expert_reference_upper_bound,81.4402,20.5371,8,0.4486,0.7475,1
s004433,motif_strict,expert_reference_upper_bound,79.0532,12.1835,8,0.3809,1.0542,1
s004434,heritage_strict,expert_reference_upper_bound,82.5268,18.6595,8,0.3831,0.9994,1
s004435,visual_lenient,expert_reference_upper_bound,82.8391,17.0615,8,0.5318,1.23,2
s004436,balanced,expert_reference_upper_bound,85.7953,24.7315,8,0.1439,1.7285,2
s004437,construction_strict,expert_reference_upper_bound,84.9589,27.0898,8,0.2493,1.448,3
s004438,motif_strict,expert_reference_upper_bound,81.8158,19.3032,8,0.103,0.8686,2
s004439,heritage_strict,expert_reference_upper_bound,85.6088,24.7197,8,0.4771,0.5748,3
s004440,visual_lenient,expert_reference_upper_bound,82.7893,20.9609,8,0.1274,0.8868,2
s004441,balanced,expert_reference_upper_bound,85.0909,24.3761,8,0.385,0.9236,3
s004442,construction_strict,expert_reference_upper_bound,83.9615,21.2165,8,0.3602,1.4235,1
s004443,motif_strict,expert_reference_upper_bound,79.5487,16.6823,8,0.1239,1.035,3
s004444,heritage_strict,expert_reference_upper_bound,83.6799,17.3095,8,0.1993,1.4499,3
s004445,visual_lenient,expert_reference_upper_bound,81.7732,18.2381,8,0.1789,1.0131,3
s004446,balanced,expert_reference_upper_bound,84.8684,21.8064,8,0.1993,1.4624,1
s004447,construction_strict,expert_reference_upper_bound,85.2295,25.2856,8,0.1503,1.6229,3
s004448,motif_strict,expert_reference_upper_bound,81.4671,19.933,8,0.4507,1.0625,2
s004449,heritage_strict,expert_reference_upper_bound,78.3494,16.7159,8,0.1992,1.01,1
s004450,visual_lenient,expert_reference_upper_bound,81.9033,19.1417,8,0.2752,0.6479,1
s004451,balanced,expert_reference_upper_bound,82.9055,20.6636,8,0.1491,1.6179,1
s004452,construction_strict,expert_reference_upper_bound,85.1867,22.2539,8,0.1441,1.2964,2
s004453,motif_strict,expert_reference_upper_bound,83.8069,19.0541,8,0.1636,1.6179,2
s004454,heritage_strict,expert_reference_upper_bound,84.863,25.479,8,0.2252,0.6842,1
s004455,visual_lenient,expert_reference_upper_bound,81.8964,17.2722,8,0.5204,1.6723,1
s004456,balanced,expert_reference_upper_bound,81.67,20.0972,8,0.4317,0.8766,1
s004457,construction_strict,expert_reference_upper_bound,86.2987,24.6623,8,0.4441,0.918,3
s004458,motif_strict,expert_reference_upper_bound,86.5507,23.2246,8,0.5119,1.1241,3
s004459,heritage_strict,expert_reference_upper_bound,79.5567,21.2365,8,0.3287,1.0774,2
s004460,visual_lenient,expert_reference_upper_bound,83.6163,23.302,8,0.1685,0.626,2
s004461,balanced,expert_reference_upper_bound,83.9016,18.4183,8,0.5293,1.0613,3
s004462,construction_strict,expert_reference_upper_bound,79.4533,13.9594,8,0.161,1.1113,1
s004463,motif_strict,expert_reference_upper_bound,78.7831,17.0593,8,0.3768,1.3401,1
s004464,heritage_strict,expert_reference_upper_bound,87.0086,22.7157,8,0.207,0.6434,1
s004465,visual_lenient,expert_reference_upper_bound,84.1424,23.8669,8,0.4008,0.9931,2
s004466,balanced,expert_reference_upper_bound,82.4393,19.2558,8,0.1358,1.6724,1
s004467,construction_strict,expert_reference_upper_bound,87.1033,24.8651,8,0.333,0.805,1
s004468,motif_strict,expert_reference_upper_bound,84.0633,20.0929,8,0.2298,1.483,1
s004469,heritage_strict,expert_reference_upper_bound,81.8567,19.7509,8,0.4314,1.2017,1
s004470,visual_lenient,expert_reference_upper_bound,85.4541,22.9004,8,0.1006,1.4628,1
s004471,balanced,expert_reference_upper_bound,80.2304,19.4998,8,0.4117,0.85,2
s004472,construction_strict,expert_reference_upper_bound,81.888,19.2105,8,0.4753,0.5541,1
s004473,motif_strict,expert_reference_upper_bound,79.5088,17.7715,8,0.4005,1.622,1
s004474,heritage_strict,expert_reference_upper_bound,85.1948,22.306,8,0.5015,0.9866,3
s004475,visual_lenient,expert_reference_upper_bound,83.8763,19.7051,8,0.1519,1.0188,2
s004476,balanced,expert_reference_upper_bound,84.776,19.5652,8,0.1243,0.7538,1
s004477,construction_strict,expert_reference_upper_bound,86.3282,25.9983,8,0.1101,0.9836,1
s004478,motif_strict,expert_reference_upper_bound,83.9445,18.8431,8,0.3752,1.6018,3
s004479,heritage_strict,expert_reference_upper_bound,80.5345,19.513,8,0.5486,0.6906,3
s004480,visual_lenient,expert_reference_upper_bound,82.2691,19.9374,8,0.3327,1.6938,3
s004481,balanced,expert_reference_upper_bound,83.5277,19.9961,8,0.1204,1.2089,3
s004482,construction_strict,expert_reference_upper_bound,84.4654,22.8769,8,0.2317,0.616,3
s004483,motif_strict,expert_reference_upper_bound,84.1579,21.5051,8,0.3262,0.6285,1
s004484,heritage_strict,expert_reference_upper_bound,85.2903,19.6695,8,0.1278,1.1412,2
s004485,visual_lenient,expert_reference_upper_bound,85.0579,21.0414,8,0.1931,0.6518,3
s004486,balanced,expert_reference_upper_bound,87.3838,26.2704,8,0.1437,0.5572,1
s004487,construction_strict,expert_reference_upper_bound,85.3376,19.9666,8,0.526,1.2981,3
s004488,motif_strict,expert_reference_upper_bound,85.8045,25.7003,8,0.4188,1.2382,2
s004489,heritage_strict,expert_reference_upper_bound,85.5918,21.1447,8,0.4917,0.72,2
s004490,visual_lenient,expert_reference_upper_bound,86.9359,25.9878,8,0.1381,0.6296,2
s004491,balanced,expert_reference_upper_bound,84.9939,20.7788,8,0.481,1.2096,1
s004492,construction_strict,expert_reference_upper_bound,85.7208,27.6526,8,0.3436,1.3574,3
s004493,motif_strict,expert_reference_upper_bound,78.7659,17.6816,8,0.3067,0.7483,1
s004494,heritage_strict,expert_reference_upper_bound,88.0644,24.2032,8,0.3912,0.6534,1
s004495,visual_lenient,expert_reference_upper_bound,87.5254,29.7395,8,0.2663,1.3877,1
s004496,balanced,expert_reference_upper_bound,80.9803,18.3111,8,0.2887,1.0825,2
s004497,construction_strict,expert_reference_upper_bound,83.3629,21.9854,8,0.4006,0.9763,1
s004498,motif_strict,expert_reference_upper_bound,85.1951,22.9514,8,0.1137,0.9109,1
s004499,heritage_strict,expert_reference_upper_bound,81.5231,24.1368,8,0.2993,0.5532,3
s004500,visual_lenient,expert_reference_upper_bound,83.4575,21.9729,8,0.5194,1.2718,2
s004501,balanced,expert_reference_upper_bound,85.0357,18.7658,8,0.2557,1.6001,1
s004502,construction_strict,expert_reference_upper_bound,82.4953,19.6581,8,0.2282,1.1854,3
s004503,motif_strict,expert_reference_upper_bound,81.9258,20.3315,8,0.1312,1.3873,2
s004504,heritage_strict,expert_reference_upper_bound,84.0556,19.2666,8,0.1371,0.9711,1
s004505,visual_lenient,expert_reference_upper_bound,86.493,24.1661,8,0.3497,1.4319,3
s004506,balanced,expert_reference_upper_bound,83.1033,19.0341,8,0.2372,0.8243,1
s004507,construction_strict,expert_reference_upper_bound,83.2932,21.9488,8,0.3581,0.9213,3
s004508,motif_strict,expert_reference_upper_bound,78.5627,17.0633,8,0.4012,1.1641,2
s004509,heritage_strict,expert_reference_upper_bound,88.3329,28.1189,8,0.3268,0.8569,2
s004510,visual_lenient,expert_reference_upper_bound,85.6317,22.0306,8,0.1924,0.7131,3
s004511,balanced,expert_reference_upper_bound,85.2242,18.631,8,0.2608,1.0461,2
s004512,construction_strict,expert_reference_upper_bound,83.5751,21.862,8,0.3152,1.1219,1
s004513,motif_strict,expert_reference_upper_bound,84.2557,16.1493,8,0.4053,1.4221,3
s004514,heritage_strict,expert_reference_upper_bound,85.6905,23.143,8,0.2781,1.4236,2
s004515,visual_lenient,expert_reference_upper_bound,86.4935,23.1059,8,0.402,1.2168,1
s004516,balanced,expert_reference_upper_bound,83.1796,22.0865,8,0.1866,1.0089,2
s004517,construction_strict,expert_reference_upper_bound,84.1681,20.0799,8,0.4719,0.8775,2
s004518,motif_strict,expert_reference_upper_bound,79.1784,12.6764,8,0.1072,1.4436,3
s004519,heritage_strict,expert_reference_upper_bound,87.1915,23.4505,8,0.4576,0.891,2
s004520,visual_lenient,expert_reference_upper_bound,86.4832,20.5095,8,0.1644,1.3279,1
s004521,balanced,expert_reference_upper_bound,81.9129,25.8374,8,0.3355,1.017,1
s004522,construction_strict,expert_reference_upper_bound,81.8471,14.7006,8,0.296,1.4616,3
s004523,motif_strict,expert_reference_upper_bound,81.2266,22.5491,8,0.5149,1.4957,3
s004524,heritage_strict,expert_reference_upper_bound,79.1623,9.4573,8,0.3669,1.4857,2
s004525,visual_lenient,expert_reference_upper_bound,81.8243,15.999,8,0.3168,0.5964,3
s004526,balanced,expert_reference_upper_bound,79.6939,18.0449,8,0.484,1.7343,2
s004527,construction_strict,expert_reference_upper_bound,81.5467,15.5187,8,0.3536,1.5833,1
s004528,motif_strict,expert_reference_upper_bound,82.6007,20.9063,8,0.3517,1.0443,1
s004529,heritage_strict,expert_reference_upper_bound,81.29,19.1701,8,0.461,0.6693,3
s004530,visual_lenient,expert_reference_upper_bound,82.8229,14.6356,8,0.5485,0.7857,1
s004531,balanced,expert_reference_upper_bound,83.0318,19.5087,8,0.3264,0.8392,2
s004532,construction_strict,expert_reference_upper_bound,82.2374,20.0861,8,0.2885,1.3176,2
s004533,motif_strict,expert_reference_upper_bound,81.034,20.0671,8,0.1608,1.673,2
s004534,heritage_strict,expert_reference_upper_bound,83.7165,23.5788,8,0.4803,1.4161,2
s004535,visual_lenient,expert_reference_upper_bound,84.2826,17.4751,8,0.3267,1.0169,2
s004536,balanced,expert_reference_upper_bound,83.573,18.4543,8,0.1463,1.0175,2
s004537,construction_strict,expert_reference_upper_bound,84.8153,21.7652,8,0.1297,1.1744,1
s004538,motif_strict,expert_reference_upper_bound,78.8319,19.5617,8,0.3475,1.33,1
s004539,heritage_strict,expert_reference_upper_bound,81.2582,21.3828,8,0.4515,1.6704,2
s004540,visual_lenient,expert_reference_upper_bound,84.1922,20.4642,8,0.4481,1.117,1
s004541,balanced,expert_reference_upper_bound,84.5706,20.035,8,0.2296,0.8779,2
s004542,construction_strict,expert_reference_upper_bound,83.554,20.2584,8,0.5331,0.6526,3
s004543,motif_strict,expert_reference_upper_bound,82.6541,20.3834,8,0.2107,1.4678,1
s004544,heritage_strict,expert_reference_upper_bound,81.6101,19.6534,8,0.2847,0.7348,2
s004545,visual_lenient,expert_reference_upper_bound,82.2761,17.7456,8,0.512,0.6754,2
s004546,balanced,expert_reference_upper_bound,81.5221,19.9179,8,0.1026,1.3152,3
s004547,construction_strict,expert_reference_upper_bound,85.582,20.3082,8,0.376,0.7906,2
s004548,motif_strict,expert_reference_upper_bound,84.6208,19.4282,8,0.4521,0.8461,3
s004549,heritage_strict,expert_reference_upper_bound,82.8544,22.2636,8,0.5153,1.3873,2
s004550,visual_lenient,expert_reference_upper_bound,82.3162,20.4595,8,0.4018,1.0608,2
s004551,balanced,expert_reference_upper_bound,83.3605,22.7708,8,0.1469,1.3333,2
s004552,construction_strict,expert_reference_upper_bound,83.9905,23.3958,8,0.2229,0.674,3
s004553,motif_strict,expert_reference_upper_bound,84.3246,17.3671,8,0.4488,1.2475,2
s004554,heritage_strict,expert_reference_upper_bound,83.1518,17.062,8,0.1434,1.1194,2
s004555,visual_lenient,expert_reference_upper_bound,84.0657,18.3599,8,0.254,1.0786,2
s004556,balanced,expert_reference_upper_bound,86.3996,24.7974,8,0.5067,1.7031,2
s004557,construction_strict,expert_reference_upper_bound,82.847,21.2287,8,0.1904,1.124,3
s004558,motif_strict,expert_reference_upper_bound,84.2499,16.0991,8,0.3698,1.1339,3
s004559,heritage_strict,expert_reference_upper_bound,82.925,19.4413,8,0.4108,1.5922,1
s004560,visual_lenient,expert_reference_upper_bound,85.5295,21.416,8,0.5261,1.0362,2
s004561,balanced,expert_reference_upper_bound,82.0062,18.7896,8,0.2546,1.1616,3
s004562,construction_strict,expert_reference_upper_bound,82.0727,20.5984,8,0.227,0.8442,1
s004563,motif_strict,expert_reference_upper_bound,83.9032,24.1982,8,0.5398,1.0344,3
s004564,heritage_strict,expert_reference_upper_bound,85.2334,20.6737,8,0.319,1.4739,3
s004565,visual_lenient,expert_reference_upper_bound,83.892,16.3842,8,0.423,1.3104,3
s004566,balanced,expert_reference_upper_bound,86.9409,24.0851,8,0.4338,0.6895,1
s004567,construction_strict,expert_reference_upper_bound,86.5529,20.4247,8,0.2165,1.3648,1
s004568,motif_strict,expert_reference_upper_bound,81.6349,22.0827,8,0.5151,1.0732,2
s004569,heritage_strict,expert_reference_upper_bound,83.2431,21.9492,8,0.5111,0.9675,1
s004570,visual_lenient,expert_reference_upper_bound,84.1397,18.4093,8,0.2987,1.3968,1
s004571,balanced,expert_reference_upper_bound,90.5772,24.6837,8,0.4685,0.5882,2
s004572,construction_strict,expert_reference_upper_bound,83.3537,23.5786,8,0.416,0.8417,2
s004573,motif_strict,expert_reference_upper_bound,83.2342,19.1898,8,0.2782,0.8919,1
s004574,heritage_strict,expert_reference_upper_bound,74.4329,14.9106,8,0.3922,1.6373,2
s004575,visual_lenient,expert_reference_upper_bound,87.8857,22.4279,8,0.4937,1.0896,1
s004576,balanced,expert_reference_upper_bound,79.9414,15.6688,8,0.2295,0.9335,3
s004577,construction_strict,expert_reference_upper_bound,82.8521,20.192,8,0.3807,0.8712,3
s004578,motif_strict,expert_reference_upper_bound,80.5695,17.3282,8,0.4663,0.9659,1
s004579,heritage_strict,expert_reference_upper_bound,86.8832,23.965,8,0.4036,1.4223,3
s004580,visual_lenient,expert_reference_upper_bound,86.215,18.5467,8,0.3663,1.2031,1
s004581,balanced,expert_reference_upper_bound,88.6428,21.8271,8,0.4804,1.1281,2
s004582,construction_strict,expert_reference_upper_bound,87.7306,23.7086,8,0.2398,0.8893,1
s004583,motif_strict,expert_reference_upper_bound,77.7388,17.4156,8,0.4463,1.3653,3
s004584,heritage_strict,expert_reference_upper_bound,84.4731,17.2404,8,0.4692,0.7377,1
s004585,visual_lenient,expert_reference_upper_bound,82.8541,13.294,8,0.4068,1.5712,3
s004586,balanced,expert_reference_upper_bound,87.5183,25.1437,8,0.4409,0.7324,2
s004587,construction_strict,expert_reference_upper_bound,83.2561,21.0152,8,0.217,1.4476,1
s004588,motif_strict,expert_reference_upper_bound,80.7982,13.984,8,0.4982,1.4203,1
s004589,heritage_strict,expert_reference_upper_bound,84.0601,25.8169,8,0.3118,1.0567,3
s004590,visual_lenient,expert_reference_upper_bound,82.7305,21.4576,8,0.1466,1.7039,3
s004591,balanced,expert_reference_upper_bound,83.2168,20.4967,8,0.4331,1.4512,2
s004592,construction_strict,expert_reference_upper_bound,88.9678,24.661,8,0.5177,0.5978,3
s004593,motif_strict,expert_reference_upper_bound,77.8859,18.8996,8,0.5085,1.4437,1
s004594,heritage_strict,expert_reference_upper_bound,82.5581,16.7083,8,0.1288,1.4922,1
s004595,visual_lenient,expert_reference_upper_bound,82.4583,16.3173,8,0.2752,1.4528,1
s004596,balanced,expert_reference_upper_bound,83.4463,20.4559,8,0.3674,1.6099,3
s004597,construction_strict,expert_reference_upper_bound,84.617,20.5083,8,0.2937,1.4662,2
s004598,motif_strict,expert_reference_upper_bound,85.5977,23.182,8,0.2406,0.6661,3
s004599,heritage_strict,expert_reference_upper_bound,86.8602,26.2585,8,0.2004,1.4878,2
s004600,visual_lenient,expert_reference_upper_bound,82.8137,20.7712,8,0.4242,1.0189,2
s004601,balanced,expert_reference_upper_bound,80.0338,17.6319,8,0.1716,0.9607,1
s004602,construction_strict,expert_reference_upper_bound,79.8849,17.0844,8,0.4407,1.0452,3
s004603,motif_strict,expert_reference_upper_bound,79.9852,10.9568,8,0.5148,1.5228,1
s004604,heritage_strict,expert_reference_upper_bound,85.4018,24.4231,8,0.4751,0.6221,1
s004605,visual_lenient,expert_reference_upper_bound,86.8313,19.7107,8,0.2593,0.6194,2
s004606,balanced,expert_reference_upper_bound,89.5877,27.569,8,0.2171,0.571,2
s004607,construction_strict,expert_reference_upper_bound,86.2178,25.04,8,0.181,0.9105,3
s004608,motif_strict,expert_reference_upper_bound,83.5893,21.9695,8,0.4248,0.785,2
s004609,heritage_strict,expert_reference_upper_bound,74.6682,10.1562,8,0.4497,1.5873,1
s004610,visual_lenient,expert_reference_upper_bound,84.2753,21.0521,8,0.5046,0.9687,3
s004611,balanced,expert_reference_upper_bound,83.9642,21.4781,8,0.2997,0.7677,3
s004612,construction_strict,expert_reference_upper_bound,86.718,25.4792,8,0.2076,1.2078,1
s004613,motif_strict,expert_reference_upper_bound,77.9908,15.857,8,0.2597,1.0288,2
s004614,heritage_strict,expert_reference_upper_bound,84.1067,16.8052,8,0.1933,1.6379,2
s004615,visual_lenient,expert_reference_upper_bound,83.649,23.5046,8,0.4386,0.7281,3
s004616,balanced,expert_reference_upper_bound,86.6898,19.417,8,0.4886,1.1664,1
s004617,construction_strict,expert_reference_upper_bound,83.299,22.284,8,0.3254,1.315,2
s004618,motif_strict,expert_reference_upper_bound,82.4792,17.9339,8,0.3805,1.3267,2
s004619,heritage_strict,expert_reference_upper_bound,85.76,25.3243,8,0.303,0.8385,2
s004620,visual_lenient,expert_reference_upper_bound,86.2001,23.1406,8,0.5038,0.8076,1
s004621,balanced,expert_reference_upper_bound,85.1407,22.0496,8,0.1539,0.7968,2
s004622,construction_strict,expert_reference_upper_bound,86.4899,20.9576,8,0.2258,0.8013,2
s004623,motif_strict,expert_reference_upper_bound,79.7601,18.9431,8,0.4118,0.9037,1
s004624,heritage_strict,expert_reference_upper_bound,79.5671,16.0624,8,0.2312,1.4942,1
s004625,visual_lenient,expert_reference_upper_bound,83.6639,16.0654,8,0.2595,1.7002,3
s004626,balanced,expert_reference_upper_bound,84.3633,20.4478,8,0.4431,1.6067,3
s004627,construction_strict,expert_reference_upper_bound,87.9185,24.8814,8,0.3997,1.2752,2
s004628,motif_strict,expert_reference_upper_bound,87.0427,25.5692,8,0.4264,0.687,2
s004629,heritage_strict,expert_reference_upper_bound,85.9228,19.271,8,0.4442,0.8957,2
s004630,visual_lenient,expert_reference_upper_bound,84.7293,21.7356,8,0.178,1.5805,3
s004631,balanced,expert_reference_upper_bound,80.3734,18.9969,8,0.1788,1.4662,2
s004632,construction_strict,expert_reference_upper_bound,87.6858,23.9991,8,0.1444,0.6196,2
s004633,motif_strict,expert_reference_upper_bound,81.8472,19.3531,8,0.106,0.7933,1
s004634,heritage_strict,expert_reference_upper_bound,88.0429,28.3565,8,0.3343,0.6651,3
s004635,visual_lenient,expert_reference_upper_bound,81.3962,19.2891,8,0.5124,1.3752,2
s004636,balanced,expert_reference_upper_bound,88.2056,26.328,8,0.128,1.2664,3
s004637,construction_strict,expert_reference_upper_bound,86.7076,25.9483,8,0.2547,0.6815,3
s004638,motif_strict,expert_reference_upper_bound,82.5485,21.9791,8,0.1607,1.5476,1
s004639,heritage_strict,expert_reference_upper_bound,78.61,10.5655,8,0.4529,1.537,3
s004640,visual_lenient,expert_reference_upper_bound,86.1824,20.0459,8,0.3933,0.778,3
s004641,balanced,expert_reference_upper_bound,88.8669,27.1392,8,0.2795,1.1599,1
s004642,construction_strict,expert_reference_upper_bound,76.0103,12.2167,8,0.5348,1.7445,1
s004643,motif_strict,expert_reference_upper_bound,85.1538,22.6481,8,0.1325,1.6843,1
s004644,heritage_strict,expert_reference_upper_bound,85.843,25.626,8,0.2083,0.9074,1
s004645,visual_lenient,expert_reference_upper_bound,82.7129,18.6971,8,0.2579,0.6474,2
s004646,balanced,expert_reference_upper_bound,85.2665,23.9479,8,0.4818,0.5892,1
s004647,construction_strict,expert_reference_upper_bound,82.2516,19.1764,8,0.5027,0.7649,1
s004648,motif_strict,expert_reference_upper_bound,85.5057,24.2509,8,0.4085,0.8574,2
s004649,heritage_strict,expert_reference_upper_bound,84.0542,19.4796,8,0.2419,1.3663,2
s004650,visual_lenient,expert_reference_upper_bound,90.6307,25.9537,8,0.4976,1.0042,3
s004651,balanced,expert_reference_upper_bound,84.7184,18.6397,8,0.1732,1.5364,1
s004652,construction_strict,expert_reference_upper_bound,85.9835,21.2712,8,0.306,1.2757,3
s004653,motif_strict,expert_reference_upper_bound,82.5499,21.6614,8,0.2158,0.5774,2
s004654,heritage_strict,expert_reference_upper_bound,89.4007,18.8329,8,0.2248,1.5618,2
s004655,visual_lenient,expert_reference_upper_bound,84.0236,22.3377,8,0.5469,0.8255,1
s004656,balanced,expert_reference_upper_bound,84.0801,22.4371,8,0.3598,1.6771,3
s004657,construction_strict,expert_reference_upper_bound,82.0979,21.0027,8,0.1579,1.6012,2
s004658,motif_strict,expert_reference_upper_bound,81.9428,16.6869,8,0.4732,1.097,3
s004659,heritage_strict,expert_reference_upper_bound,84.362,26.8144,8,0.3668,1.1691,3
s004660,visual_lenient,expert_reference_upper_bound,84.8217,21.8513,8,0.173,0.6457,2
s004661,balanced,expert_reference_upper_bound,86.7557,22.7898,8,0.3766,0.8292,1
s004662,construction_strict,expert_reference_upper_bound,83.6132,18.0923,8,0.534,1.4433,1
s004663,motif_strict,expert_reference_upper_bound,82.9672,19.7327,8,0.1974,1.2391,3
s004664,heritage_strict,expert_reference_upper_bound,82.7331,19.7664,8,0.2762,1.3899,1
s004665,visual_lenient,expert_reference_upper_bound,82.7778,13.5061,8,0.2137,1.4485,2
s004666,balanced,expert_reference_upper_bound,88.3994,27.3544,8,0.4997,0.6003,3
s004667,construction_strict,expert_reference_upper_bound,83.5554,15.6665,8,0.3461,1.6985,1
s004668,motif_strict,expert_reference_upper_bound,81.9688,16.5511,8,0.3061,0.5926,1
s004669,heritage_strict,expert_reference_upper_bound,88.1884,25.0249,8,0.5013,1.1786,3
s004670,visual_lenient,expert_reference_upper_bound,82.1792,20.3215,8,0.5303,0.6163,3
s004671,balanced,expert_reference_upper_bound,83.3339,20.4509,8,0.4225,0.6715,1
s004672,construction_strict,expert_reference_upper_bound,86.216,26.683,8,0.2838,0.7676,2
s004673,motif_strict,expert_reference_upper_bound,83.1465,19.043,8,0.4386,1.2325,3
s004674,heritage_strict,expert_reference_upper_bound,75.3709,10.4999,8,0.2969,1.3835,1
s004675,visual_lenient,expert_reference_upper_bound,84.1401,16.5331,8,0.1512,1.5844,2
s004676,balanced,expert_reference_upper_bound,84.6905,25.2757,8,0.3337,1.3806,2
s004677,construction_strict,expert_reference_upper_bound,85.8096,25.1102,8,0.3099,1.0498,3
s004678,motif_strict,expert_reference_upper_bound,81.7894,18.9649,8,0.4702,1.4377,3
s004679,heritage_strict,expert_reference_upper_bound,81.4926,20.9468,8,0.3458,0.8808,1
s004680,visual_lenient,expert_reference_upper_bound,84.0217,19.7861,8,0.2999,0.6708,3
s004681,balanced,expert_reference_upper_bound,83.1535,22.7076,8,0.4001,1.0939,3
s004682,construction_strict,expert_reference_upper_bound,85.1171,20.4291,8,0.1455,0.8543,2
s004683,motif_strict,expert_reference_upper_bound,79.5045,10.1245,8,0.4146,1.1565,1
s004684,heritage_strict,expert_reference_upper_bound,81.6026,19.0993,8,0.153,0.9752,1
s004685,visual_lenient,expert_reference_upper_bound,80.9686,19.508,8,0.2658,1.6705,2
s004686,balanced,expert_reference_upper_bound,87.3028,19.3783,8,0.3456,1.619,1
s004687,construction_strict,expert_reference_upper_bound,88.8448,28.6275,8,0.4652,0.5995,1
s004688,motif_strict,expert_reference_upper_bound,82.5477,22.8748,8,0.258,0.7031,3
s004689,heritage_strict,expert_reference_upper_bound,82.6557,16.546,8,0.3342,1.1071,1
s004690,visual_lenient,expert_reference_upper_bound,84.7923,22.4555,8,0.5476,1.293,1
s004691,balanced,expert_reference_upper_bound,83.0818,16.8081,8,0.4869,1.6096,3
s004692,construction_strict,expert_reference_upper_bound,84.6537,25.4426,8,0.2462,1.4713,3
s004693,motif_strict,expert_reference_upper_bound,80.3333,13.4309,8,0.4199,1.2864,3
s004694,heritage_strict,expert_reference_upper_bound,82.5208,17.7423,8,0.2964,0.9461,3
s004695,visual_lenient,expert_reference_upper_bound,84.1447,16.2915,8,0.288,1.3984,1
s004696,balanced,expert_reference_upper_bound,82.3834,18.8293,8,0.1982,1.3958,1
s004697,construction_strict,expert_reference_upper_bound,85.3816,25.6724,8,0.5117,0.5816,3
s004698,motif_strict,expert_reference_upper_bound,83.4071,17.1791,8,0.1154,1.4473,2
s004699,heritage_strict,expert_reference_upper_bound,84.0159,19.8653,8,0.3806,1.0533,1
s004700,visual_lenient,expert_reference_upper_bound,83.7189,18.0725,8,0.1052,0.6866,2
s004701,balanced,expert_reference_upper_bound,84.1666,21.1091,8,0.1523,1.2644,2
s004702,construction_strict,expert_reference_upper_bound,87.7202,25.6989,8,0.2932,0.9045,2
s004703,motif_strict,expert_reference_upper_bound,87.6607,24.8916,8,0.4677,1.6161,1
s004704,heritage_strict,expert_reference_upper_bound,84.1792,20.9258,8,0.4845,0.5842,2
s004705,visual_lenient,expert_reference_upper_bound,87.6083,21.7097,8,0.4179,0.7266,2
s004706,balanced,expert_reference_upper_bound,80.7585,21.3695,8,0.421,0.9925,1
s004707,construction_strict,expert_reference_upper_bound,78.6918,15.7569,8,0.2886,1.6813,1
s004708,motif_strict,expert_reference_upper_bound,81.5372,24.7602,8,0.4524,1.6601,2
s004709,heritage_strict,expert_reference_upper_bound,88.6395,27.6808,8,0.4179,0.7682,3
s004710,visual_lenient,expert_reference_upper_bound,89.5798,27.4132,8,0.302,0.9539,3
s004711,balanced,expert_reference_upper_bound,79.839,15.9398,8,0.4005,0.7837,3
s004712,construction_strict,expert_reference_upper_bound,84.7253,25.0425,8,0.3835,1.6428,3
s004713,motif_strict,expert_reference_upper_bound,80.9854,15.4413,8,0.5358,1.4229,2
s004714,heritage_strict,expert_reference_upper_bound,83.9167,20.2823,8,0.414,1.2319,2
s004715,visual_lenient,expert_reference_upper_bound,86.7249,22.5848,8,0.408,0.9757,3
s004716,balanced,expert_reference_upper_bound,85.7457,18.9448,8,0.518,0.9458,2
s004717,construction_strict,expert_reference_upper_bound,86.1941,24.7233,8,0.4819,0.823,2
s004718,motif_strict,expert_reference_upper_bound,84.6138,24.295,8,0.2303,0.9548,1
s004719,heritage_strict,expert_reference_upper_bound,83.3423,20.5088,8,0.2925,1.1235,3
s004720,visual_lenient,expert_reference_upper_bound,83.2746,15.75,8,0.5053,1.1392,2
s004721,balanced,expert_reference_upper_bound,86.8543,23.94,8,0.1684,0.6369,3
s004722,construction_strict,expert_reference_upper_bound,81.2458,18.2088,8,0.4719,1.6027,3
s004723,motif_strict,expert_reference_upper_bound,78.8085,13.3276,8,0.222,1.5521,2
s004724,heritage_strict,expert_reference_upper_bound,78.0944,15.6935,8,0.2309,1.7058,2
s004725,visual_lenient,expert_reference_upper_bound,83.9455,17.1634,8,0.4333,0.9087,2
s004726,balanced,expert_reference_upper_bound,84.2708,23.1426,8,0.1607,0.7304,1
s004727,construction_strict,expert_reference_upper_bound,85.2837,21.7901,8,0.1351,0.8208,1
s004728,motif_strict,expert_reference_upper_bound,81.48,20.0179,8,0.4069,1.5989,2
s004729,heritage_strict,expert_reference_upper_bound,81.9553,18.1133,8,0.4716,1.0785,1
s004730,visual_lenient,expert_reference_upper_bound,76.5685,10.4046,8,0.29,0.9793,1
s004731,balanced,expert_reference_upper_bound,85.3978,17.2141,8,0.3885,0.8715,1
s004732,construction_strict,expert_reference_upper_bound,81.7973,20.7949,8,0.2698,1.4016,1
s004733,motif_strict,expert_reference_upper_bound,84.3852,18.2396,8,0.3425,0.6648,2
s004734,heritage_strict,expert_reference_upper_bound,78.1698,16.9384,8,0.5403,1.4143,2
s004735,visual_lenient,expert_reference_upper_bound,89.9577,24.9338,8,0.1759,0.5529,3
s004736,balanced,expert_reference_upper_bound,87.7343,23.9758,8,0.3204,1.3804,3
s004737,construction_strict,expert_reference_upper_bound,84.4694,22.4805,8,0.5149,1.3164,2
s004738,motif_strict,expert_reference_upper_bound,83.7668,23.589,8,0.3492,1.3231,1
s004739,heritage_strict,expert_reference_upper_bound,83.8988,22.6491,8,0.1575,1.5238,2
s004740,visual_lenient,expert_reference_upper_bound,83.6047,21.475,8,0.3039,1.4956,3
s004741,balanced,expert_reference_upper_bound,86.9706,23.6773,8,0.4996,1.4239,3
s004742,construction_strict,expert_reference_upper_bound,84.0314,20.5427,8,0.2328,1.1984,2
s004743,motif_strict,expert_reference_upper_bound,81.9037,20.2416,8,0.3425,1.6546,3
s004744,heritage_strict,expert_reference_upper_bound,83.4645,20.9269,8,0.3986,0.7774,2
s004745,visual_lenient,expert_reference_upper_bound,85.0651,20.7313,8,0.4187,0.9027,3
s004746,balanced,expert_reference_upper_bound,84.5919,18.5882,8,0.3765,1.1289,3
s004747,construction_strict,expert_reference_upper_bound,85.2037,23.7126,8,0.3479,0.7125,3
s004748,motif_strict,expert_reference_upper_bound,82.085,20.2799,8,0.3229,0.5991,1
s004749,heritage_strict,expert_reference_upper_bound,84.278,21.7062,8,0.3524,1.1249,3
s004750,visual_lenient,expert_reference_upper_bound,85.5802,19.7893,8,0.3238,1.4224,3
s004751,balanced,expert_reference_upper_bound,80.9144,18.6125,8,0.1699,1.2751,1
s004752,construction_strict,expert_reference_upper_bound,80.9942,16.1719,8,0.4826,0.8009,3
s004753,motif_strict,expert_reference_upper_bound,84.0912,25.352,8,0.1693,1.7227,2
s004754,heritage_strict,expert_reference_upper_bound,86.6487,25.6182,8,0.4057,0.6848,1
s004755,visual_lenient,expert_reference_upper_bound,85.035,18.6516,8,0.3467,1.2087,3
s004756,balanced,expert_reference_upper_bound,80.6879,17.7047,8,0.191,0.9773,1
s004757,construction_strict,expert_reference_upper_bound,86.2305,20.1537,8,0.4155,0.5774,3
s004758,motif_strict,expert_reference_upper_bound,85.9637,23.0636,8,0.2919,1.1345,3
s004759,heritage_strict,expert_reference_upper_bound,82.052,17.2018,8,0.374,0.8014,3
s004760,visual_lenient,expert_reference_upper_bound,82.6539,15.7391,8,0.1833,1.4298,3
s004761,balanced,expert_reference_upper_bound,83.437,20.4495,8,0.3316,0.8865,1
s004762,construction_strict,expert_reference_upper_bound,86.3265,23.5906,8,0.2057,1.5688,3
s004763,motif_strict,expert_reference_upper_bound,86.629,23.6783,8,0.3372,0.5991,3
s004764,heritage_strict,expert_reference_upper_bound,85.9218,24.0096,8,0.395,0.7309,3
s004765,visual_lenient,expert_reference_upper_bound,87.5488,26.3067,8,0.3754,0.5954,1
s004766,balanced,expert_reference_upper_bound,87.3183,23.8636,8,0.262,0.7773,2
s004767,construction_strict,expert_reference_upper_bound,83.5859,20.4557,8,0.4471,0.7648,2
s004768,motif_strict,expert_reference_upper_bound,89.5359,28.5332,8,0.1866,0.6335,3
s004769,heritage_strict,expert_reference_upper_bound,80.7879,17.6388,8,0.5489,0.8138,2
s004770,visual_lenient,expert_reference_upper_bound,76.0324,14.4978,8,0.4179,1.6265,1
s004771,balanced,expert_reference_upper_bound,83.1321,18.644,8,0.5129,0.7301,1
s004772,construction_strict,expert_reference_upper_bound,88.3795,22.3235,8,0.1769,1.4845,2
s004773,motif_strict,expert_reference_upper_bound,84.4683,22.469,8,0.3163,0.7689,1
s004774,heritage_strict,expert_reference_upper_bound,87.2396,26.8846,8,0.3488,0.5945,1
s004775,visual_lenient,expert_reference_upper_bound,81.1248,17.2615,8,0.5402,0.6472,1
s004776,balanced,expert_reference_upper_bound,86.2026,21.0141,8,0.489,0.8173,1
s004777,construction_strict,expert_reference_upper_bound,83.489,20.2271,8,0.1437,1.2131,2
s004778,motif_strict,expert_reference_upper_bound,80.6393,16.4683,8,0.2458,1.1531,1
s004779,heritage_strict,expert_reference_upper_bound,80.8465,20.6538,8,0.5322,1.6016,3
s004780,visual_lenient,expert_reference_upper_bound,79.1182,13.967,8,0.1711,1.6868,2
s004781,balanced,expert_reference_upper_bound,82.4461,19.2829,8,0.516,1.6295,3
s004782,construction_strict,expert_reference_upper_bound,81.3099,23.4877,8,0.2501,1.2641,2
s004783,motif_strict,expert_reference_upper_bound,84.9381,21.9873,8,0.4791,1.0456,1
s004784,heritage_strict,expert_reference_upper_bound,84.747,23.4395,8,0.3098,0.6515,3
s004785,visual_lenient,expert_reference_upper_bound,91.6196,28.6793,8,0.3774,0.7331,2
s004786,balanced,expert_reference_upper_bound,84.0906,19.6476,8,0.4249,0.7963,1
s004787,construction_strict,expert_reference_upper_bound,84.9685,23.1049,8,0.3492,0.6255,1
s004788,motif_strict,expert_reference_upper_bound,83.7258,20.2636,8,0.4997,1.5983,1
s004789,heritage_strict,expert_reference_upper_bound,85.1999,23.988,8,0.2119,0.5691,3
s004790,visual_lenient,expert_reference_upper_bound,83.3906,21.2702,8,0.3404,1.2219,2
s004791,balanced,expert_reference_upper_bound,84.5563,24.9648,8,0.3066,1.0979,1
s004792,construction_strict,expert_reference_upper_bound,81.0819,20.1267,8,0.4901,0.7069,1
s004793,motif_strict,expert_reference_upper_bound,80.1499,21.9729,8,0.1242,1.3758,3
s004794,heritage_strict,expert_reference_upper_bound,86.5168,27.5715,8,0.2308,1.2328,2
s004795,visual_lenient,expert_reference_upper_bound,82.4176,21.4539,8,0.3093,1.1113,2
s004796,balanced,expert_reference_upper_bound,86.5628,21.8367,8,0.1909,1.4062,3
s004797,construction_strict,expert_reference_upper_bound,87.3761,24.1344,8,0.5416,1.3413,1
s004798,motif_strict,expert_reference_upper_bound,86.1836,26.2161,8,0.3405,1.5126,3
s004799,heritage_strict,expert_reference_upper_bound,85.7449,23.1748,8,0.3172,0.8662,2
s004800,visual_lenient,expert_reference_upper_bound,82.3103,20.6759,8,0.4983,0.9129,1
s004801,balanced,expert_reference_upper_bound,83.219,24.5429,8,0.4879,1.46,2
s004802,construction_strict,expert_reference_upper_bound,83.4652,21.1867,8,0.4069,0.8758,2
s004803,motif_strict,expert_reference_upper_bound,85.0425,24.9107,8,0.5341,1.106,1
s004804,heritage_strict,expert_reference_upper_bound,83.3495,22.4837,8,0.4453,0.9221,3
s004805,visual_lenient,expert_reference_upper_bound,87.2833,22.0916,8,0.248,1.4508,2
s004806,balanced,expert_reference_upper_bound,86.0691,22.3985,8,0.4571,0.7166,3
s004807,construction_strict,expert_reference_upper_bound,90.3785,25.5954,8,0.5064,0.664,1
s004808,motif_strict,expert_reference_upper_bound,79.1918,20.6253,8,0.1719,1.6847,2
s004809,heritage_strict,expert_reference_upper_bound,81.7955,19.3042,8,0.3156,1.0578,1
s004810,visual_lenient,expert_reference_upper_bound,84.6227,21.2475,8,0.2338,1.5459,1
s004811,balanced,expert_reference_upper_bound,81.6938,18.6677,8,0.4904,1.3151,2
s004812,construction_strict,expert_reference_upper_bound,83.1847,21.0212,8,0.2562,0.8091,1
s004813,motif_strict,expert_reference_upper_bound,82.4612,20.9802,8,0.2431,0.7716,2
s004814,heritage_strict,expert_reference_upper_bound,81.8233,15.4817,8,0.5379,1.5598,3
s004815,visual_lenient,expert_reference_upper_bound,87.9835,22.0591,8,0.2457,1.3312,3
s004816,balanced,expert_reference_upper_bound,82.1549,23.9262,8,0.3105,0.6766,2
s004817,construction_strict,expert_reference_upper_bound,79.5147,14.0191,8,0.5219,1.5833,2
s004818,motif_strict,expert_reference_upper_bound,82.813,19.8478,8,0.1346,0.9721,3
s004819,heritage_strict,expert_reference_upper_bound,84.3188,20.8499,8,0.4487,1.4099,1
s004820,visual_lenient,expert_reference_upper_bound,88.9353,27.6189,8,0.1937,0.6293,1
s004821,balanced,expert_reference_upper_bound,83.1075,19.1609,8,0.1176,1.1207,2
s004822,construction_strict,expert_reference_upper_bound,83.9015,18.6049,8,0.2135,1.4159,3
s004823,motif_strict,expert_reference_upper_bound,79.6117,9.9148,8,0.3328,1.6097,2
s004824,heritage_strict,expert_reference_upper_bound,81.933,18.2499,8,0.3363,1.1678,3
s004825,visual_lenient,expert_reference_upper_bound,84.2443,22.409,8,0.296,0.8151,1
s004826,balanced,expert_reference_upper_bound,86.296,23.2254,8,0.3611,0.6046,3
s004827,construction_strict,expert_reference_upper_bound,81.5156,19.3212,8,0.1764,1.0259,3
s004828,motif_strict,expert_reference_upper_bound,85.0752,22.649,8,0.2572,1.3874,1
s004829,heritage_strict,expert_reference_upper_bound,80.8061,19.8471,8,0.4853,0.9317,1
s004830,visual_lenient,expert_reference_upper_bound,84.3216,17.3808,8,0.2888,0.6889,2
s004831,balanced,expert_reference_upper_bound,85.6209,20.9891,8,0.1352,1.5797,3
s004832,construction_strict,expert_reference_upper_bound,83.4343,24.1671,8,0.203,1.0214,2
s004833,motif_strict,expert_reference_upper_bound,81.7827,16.8193,8,0.3479,1.4295,1
s004834,heritage_strict,expert_reference_upper_bound,81.1592,11.8728,8,0.4703,1.6984,2
s004835,visual_lenient,expert_reference_upper_bound,82.3735,19.3741,8,0.3266,0.8286,3
s004836,balanced,expert_reference_upper_bound,80.729,20.6147,8,0.2122,1.6124,2
s004837,construction_strict,expert_reference_upper_bound,88.2205,22.5624,8,0.4598,1.0506,1
s004838,motif_strict,expert_reference_upper_bound,82.5177,24.3005,8,0.5453,1.084,3
s004839,heritage_strict,expert_reference_upper_bound,81.332,18.7011,8,0.5393,0.8598,3
s004840,visual_lenient,expert_reference_upper_bound,80.7517,16.6825,8,0.4236,0.9739,3
s004841,balanced,expert_reference_upper_bound,85.3424,23.7247,8,0.3709,0.6229,1
s004842,construction_strict,expert_reference_upper_bound,84.5349,22.4215,8,0.2536,0.8473,1
s004843,motif_strict,expert_reference_upper_bound,82.5575,15.1103,8,0.3721,1.0754,1
s004844,heritage_strict,expert_reference_upper_bound,84.1639,19.2739,8,0.2448,1.6846,2
s004845,visual_lenient,expert_reference_upper_bound,81.2683,17.1765,8,0.3773,0.683,1
s004846,balanced,expert_reference_upper_bound,85.3231,20.5596,8,0.4145,1.661,3
s004847,construction_strict,expert_reference_upper_bound,80.8266,21.4829,8,0.1291,1.4173,3
s004848,motif_strict,expert_reference_upper_bound,83.4423,22.3718,8,0.2286,1.1123,1
s004849,heritage_strict,expert_reference_upper_bound,82.0111,19.5644,8,0.258,1.7469,1
s004850,visual_lenient,expert_reference_upper_bound,82.7709,16.49,8,0.4616,0.9394,1
s004851,balanced,expert_reference_upper_bound,88.6449,26.5827,8,0.431,0.712,2
s004852,construction_strict,expert_reference_upper_bound,86.6585,26.2229,8,0.4458,0.63,2
s004853,motif_strict,expert_reference_upper_bound,80.9552,18.4409,8,0.4125,1.315,2
s004854,heritage_strict,expert_reference_upper_bound,84.861,22.9183,8,0.5498,1.5697,2
s004855,visual_lenient,expert_reference_upper_bound,81.4843,18.6518,8,0.4643,1.701,1
s004856,balanced,expert_reference_upper_bound,83.3031,19.1648,8,0.2859,1.6513,2
s004857,construction_strict,expert_reference_upper_bound,79.431,13.4823,8,0.4439,0.8742,3
s004858,motif_strict,expert_reference_upper_bound,80.9896,21.5152,8,0.5111,0.8732,1
s004859,heritage_strict,expert_reference_upper_bound,86.818,23.9307,8,0.4882,1.0802,2
s004860,visual_lenient,expert_reference_upper_bound,84.4029,12.524,8,0.5238,1.3381,1
s004861,balanced,expert_reference_upper_bound,84.3415,22.8112,8,0.2537,1.7245,1
s004862,construction_strict,expert_reference_upper_bound,88.924,26.961,8,0.2842,0.8589,3
s004863,motif_strict,expert_reference_upper_bound,83.1448,21.2829,8,0.1129,0.6525,2
s004864,heritage_strict,expert_reference_upper_bound,87.8761,30.1974,8,0.292,0.9658,1
s004865,visual_lenient,expert_reference_upper_bound,87.3337,22.817,8,0.138,1.2025,2
s004866,balanced,expert_reference_upper_bound,85.3859,20.5404,8,0.5332,0.8717,1
s004867,construction_strict,expert_reference_upper_bound,86.6715,24.7117,8,0.1339,0.9498,1
s004868,motif_strict,expert_reference_upper_bound,81.0314,22.4599,8,0.3936,1.4885,1
s004869,heritage_strict,expert_reference_upper_bound,84.2026,18.4864,8,0.1913,0.7887,2
s004870,visual_lenient,expert_reference_upper_bound,81.8318,15.1421,8,0.1425,1.2403,2
s004871,balanced,expert_reference_upper_bound,82.8242,21.0673,8,0.1212,1.3948,1
s004872,construction_strict,expert_reference_upper_bound,86.5788,20.8405,8,0.4439,1.1934,2
s004873,motif_strict,expert_reference_upper_bound,81.6987,19.6768,8,0.1934,0.9117,1
s004874,heritage_strict,expert_reference_upper_bound,86.071,24.8403,8,0.2648,0.6356,2
s004875,visual_lenient,expert_reference_upper_bound,83.9155,20.6872,8,0.3474,1.2559,2
s004876,balanced,expert_reference_upper_bound,81.1445,16.7472,8,0.1847,1.3684,2
s004877,construction_strict,expert_reference_upper_bound,81.5954,19.4202,8,0.3477,0.8877,3
s004878,motif_strict,expert_reference_upper_bound,79.2706,12.3582,8,0.2786,1.3756,1
s004879,heritage_strict,expert_reference_upper_bound,81.6998,26.0832,8,0.4082,1.7475,3
s004880,visual_lenient,expert_reference_upper_bound,80.3946,16.2288,8,0.5121,0.7433,2
s004881,balanced,expert_reference_upper_bound,84.0883,24.2565,8,0.2313,0.7162,1
s004882,construction_strict,expert_reference_upper_bound,86.1925,26.1638,8,0.5146,1.2033,1
s004883,motif_strict,expert_reference_upper_bound,82.2218,20.5394,8,0.4196,1.1871,2
s004884,heritage_strict,expert_reference_upper_bound,87.4579,25.788,8,0.25,0.7982,2
s004885,visual_lenient,expert_reference_upper_bound,84.7155,23.6584,8,0.2398,1.5708,2
s004886,balanced,expert_reference_upper_bound,86.7281,25.335,8,0.2267,0.9351,3
s004887,construction_strict,expert_reference_upper_bound,79.8878,15.9131,8,0.1537,1.5318,1
s004888,motif_strict,expert_reference_upper_bound,85.2357,22.5776,8,0.136,1.6219,1
s004889,heritage_strict,expert_reference_upper_bound,85.8021,24.8385,8,0.456,1.486,3
s004890,visual_lenient,expert_reference_upper_bound,85.6448,20.9676,8,0.4324,1.1164,2
s004891,balanced,expert_reference_upper_bound,83.6235,21.7551,8,0.1119,1.0504,3
s004892,construction_strict,expert_reference_upper_bound,87.4597,25.2493,8,0.4208,0.6615,2
s004893,motif_strict,expert_reference_upper_bound,74.7841,15.1572,8,0.5423,1.2784,2
s004894,heritage_strict,expert_reference_upper_bound,79.4345,15.0395,8,0.2881,1.0467,2
s004895,visual_lenient,expert_reference_upper_bound,83.8348,19.501,8,0.1137,1.0501,1
s004896,balanced,expert_reference_upper_bound,82.7525,21.4211,8,0.1113,0.8005,3
s004897,construction_strict,expert_reference_upper_bound,77.2718,13.6071,8,0.3288,1.2974,3
s004898,motif_strict,expert_reference_upper_bound,86.7747,23.9738,8,0.2807,0.948,1
s004899,heritage_strict,expert_reference_upper_bound,80.9098,18.1458,8,0.1669,1.6158,1
s004900,visual_lenient,expert_reference_upper_bound,87.1316,26.9347,8,0.5357,1.5509,1
s004901,balanced,expert_reference_upper_bound,86.4435,23.0804,8,0.3276,0.7532,2
s004902,construction_strict,expert_reference_upper_bound,84.6893,19.4137,8,0.384,1.2781,2
s004903,motif_strict,expert_reference_upper_bound,83.5258,23.688,8,0.3561,0.7076,2
s004904,heritage_strict,expert_reference_upper_bound,79.588,20.1147,8,0.2994,0.8909,3
s004905,visual_lenient,expert_reference_upper_bound,83.2064,17.617,8,0.2467,1.3172,3
s004906,balanced,expert_reference_upper_bound,86.7083,24.673,8,0.1581,1.6164,3
s004907,construction_strict,expert_reference_upper_bound,85.4901,23.9374,8,0.2102,1.5481,1
s004908,motif_strict,expert_reference_upper_bound,84.0218,20.2566,8,0.36,1.1584,2
s004909,heritage_strict,expert_reference_upper_bound,81.3061,15.7606,8,0.346,1.6535,1
s004910,visual_lenient,expert_reference_upper_bound,83.1163,19.5744,8,0.2315,1.3931,2
s004911,balanced,expert_reference_upper_bound,87.8192,23.2218,8,0.2661,0.9214,1
s004912,construction_strict,expert_reference_upper_bound,84.583,21.8637,8,0.1551,1.3906,3
s004913,motif_strict,expert_reference_upper_bound,81.8108,15.9518,8,0.2666,1.1677,2
s004914,heritage_strict,expert_reference_upper_bound,84.3213,20.0567,8,0.5116,0.7739,3
s004915,visual_lenient,expert_reference_upper_bound,84.9251,18.836,8,0.1967,0.6155,2
s004916,balanced,expert_reference_upper_bound,84.4068,22.3515,8,0.5276,0.7751,2
s004917,construction_strict,expert_reference_upper_bound,81.6576,16.2601,8,0.3718,1.0403,3
s004918,motif_strict,expert_reference_upper_bound,85.5418,16.8947,8,0.3125,1.6948,3
s004919,heritage_strict,expert_reference_upper_bound,82.0444,22.9039,8,0.4321,1.4682,1
s004920,visual_lenient,expert_reference_upper_bound,84.4957,18.3481,8,0.2354,1.4367,3
s004921,balanced,expert_reference_upper_bound,86.7792,25.8123,8,0.1077,1.1139,3
s004922,construction_strict,expert_reference_upper_bound,84.7428,18.294,8,0.2762,0.842,3
s004923,motif_strict,expert_reference_upper_bound,86.6174,28.6519,8,0.5488,1.7231,2
s004924,heritage_strict,expert_reference_upper_bound,86.3303,23.8876,8,0.2817,0.5541,1
s004925,visual_lenient,expert_reference_upper_bound,86.6924,20.0391,8,0.4962,1.1235,2
s004926,balanced,expert_reference_upper_bound,86.6398,22.3548,8,0.4145,1.1844,1
s004927,construction_strict,expert_reference_upper_bound,81.4916,23.6323,8,0.2756,1.3094,1
s004928,motif_strict,expert_reference_upper_bound,82.2829,21.8491,8,0.1898,1.7244,2
s004929,heritage_strict,expert_reference_upper_bound,78.3657,15.4153,8,0.1794,0.9703,1
s004930,visual_lenient,expert_reference_upper_bound,79.311,14.436,8,0.1005,0.8073,2
s004931,balanced,expert_reference_upper_bound,90.9968,31.6543,8,0.3214,0.6633,1
s004932,construction_strict,expert_reference_upper_bound,85.4949,24.1501,8,0.1473,0.8896,2
s004933,motif_strict,expert_reference_upper_bound,85.0987,21.3694,8,0.5445,0.5818,2
s004934,heritage_strict,expert_reference_upper_bound,82.4637,20.6775,8,0.4164,0.5897,2
s004935,visual_lenient,expert_reference_upper_bound,82.2636,18.7136,8,0.2558,0.7944,1
s004936,balanced,expert_reference_upper_bound,88.422,23.778,8,0.1464,1.1444,1
s004937,construction_strict,expert_reference_upper_bound,86.4045,28.1043,8,0.2011,0.952,3
s004938,motif_strict,expert_reference_upper_bound,81.7945,16.2548,8,0.3601,1.7023,3
s004939,heritage_strict,expert_reference_upper_bound,81.36,18.6082,8,0.1782,1.6877,2
s004940,visual_lenient,expert_reference_upper_bound,82.7882,17.897,8,0.2391,1.6733,1
s004941,balanced,expert_reference_upper_bound,82.7223,20.1948,8,0.1259,0.9,2
s004942,construction_strict,expert_reference_upper_bound,84.5188,22.193,8,0.397,0.8691,1
s004943,motif_strict,expert_reference_upper_bound,85.3362,19.7501,8,0.4387,1.7362,3
s004944,heritage_strict,expert_reference_upper_bound,79.3273,19.7361,8,0.4966,1.0636,3
s004945,visual_lenient,expert_reference_upper_bound,85.4186,17.5763,8,0.2105,1.5041,1
s004946,balanced,expert_reference_upper_bound,84.1457,19.4061,8,0.2776,0.6829,1
s004947,construction_strict,expert_reference_upper_bound,83.0144,19.961,8,0.4835,1.0766,2
s004948,motif_strict,expert_reference_upper_bound,80.9151,15.5367,8,0.3285,1.1104,1
s004949,heritage_strict,expert_reference_upper_bound,82.8447,22.2875,8,0.3345,1.1333,3
s004950,visual_lenient,expert_reference_upper_bound,83.1646,16.0497,8,0.4077,1.561,2
s004951,balanced,expert_reference_upper_bound,84.0974,19.6732,8,0.4375,0.6762,1
s004952,construction_strict,expert_reference_upper_bound,87.3792,24.5602,8,0.3176,1.2232,3
s004953,motif_strict,expert_reference_upper_bound,81.2096,15.1604,8,0.3192,1.5112,3
s004954,heritage_strict,expert_reference_upper_bound,83.1754,21.2151,8,0.3845,1.7442,2
s004955,visual_lenient,expert_reference_upper_bound,85.1513,20.7452,8,0.3575,0.9157,3
s004956,balanced,expert_reference_upper_bound,81.1919,15.5808,8,0.2467,1.4938,3
s004957,construction_strict,expert_reference_upper_bound,87.778,24.1041,8,0.1966,1.6695,2
s004958,motif_strict,expert_reference_upper_bound,83.3134,19.7631,8,0.4911,1.4897,2
s004959,heritage_strict,expert_reference_upper_bound,84.9297,22.2854,8,0.2371,1.0345,2
s004960,visual_lenient,expert_reference_upper_bound,81.9128,16.3391,8,0.483,1.6083,3
s004961,balanced,expert_reference_upper_bound,81.5644,18.1846,8,0.1658,1.1094,1
s004962,construction_strict,expert_reference_upper_bound,81.9305,20.1525,8,0.4231,1.2847,1
s004963,motif_strict,expert_reference_upper_bound,79.8874,19.4599,8,0.2364,0.9355,1
s004964,heritage_strict,expert_reference_upper_bound,80.2159,16.7651,8,0.2761,1.5137,2
s004965,visual_lenient,expert_reference_upper_bound,81.6153,21.8523,8,0.4399,1.3689,3
s004966,balanced,expert_reference_upper_bound,87.4804,25.5618,8,0.1716,1.029,2
s004967,construction_strict,expert_reference_upper_bound,84.9681,21.7243,8,0.2519,1.7264,3
s004968,motif_strict,expert_reference_upper_bound,85.3553,24.5571,8,0.1955,0.5524,1
s004969,heritage_strict,expert_reference_upper_bound,85.5842,23.8976,8,0.4862,1.1415,2
s004970,visual_lenient,expert_reference_upper_bound,85.9977,22.477,8,0.4619,0.7487,2
s004971,balanced,expert_reference_upper_bound,85.3289,21.8635,8,0.4823,1.6331,2
s004972,construction_strict,expert_reference_upper_bound,81.9478,21.8656,8,0.104,0.5518,3
s004973,motif_strict,expert_reference_upper_bound,85.6117,22.3929,8,0.1833,0.8059,3
s004974,heritage_strict,expert_reference_upper_bound,80.2214,15.6791,8,0.1394,1.142,3
s004975,visual_lenient,expert_reference_upper_bound,89.063,23.381,8,0.2003,1.0029,1
s004976,balanced,expert_reference_upper_bound,84.4101,21.3456,8,0.3397,0.5899,3
s004977,construction_strict,expert_reference_upper_bound,83.2725,24.1701,8,0.4804,1.6512,2
s004978,motif_strict,expert_reference_upper_bound,83.5399,18.2669,8,0.2724,1.2642,3
s004979,heritage_strict,expert_reference_upper_bound,85.1873,23.9754,8,0.5419,0.6753,3
s004980,visual_lenient,expert_reference_upper_bound,84.9065,19.6736,8,0.5267,0.5899,1
s004981,balanced,expert_reference_upper_bound,87.682,28.6175,8,0.3022,1.5599,2
s004982,construction_strict,expert_reference_upper_bound,79.6202,19.1514,8,0.4052,1.1665,1
s004983,motif_strict,expert_reference_upper_bound,84.8002,20.3265,8,0.3226,0.7967,1
s004984,heritage_strict,expert_reference_upper_bound,83.5616,21.5543,8,0.3327,1.4944,2
s004985,visual_lenient,expert_reference_upper_bound,88.9363,24.4931,8,0.3335,1.5451,2
s004986,balanced,expert_reference_upper_bound,84.7505,19.9657,8,0.3831,0.937,2
s004987,construction_strict,expert_reference_upper_bound,83.6449,22.5408,8,0.1361,0.7434,3
s004988,motif_strict,expert_reference_upper_bound,84.9986,21.3918,8,0.5011,0.6714,1
s004989,heritage_strict,expert_reference_upper_bound,84.1465,20.0696,8,0.4821,1.5689,2
s004990,visual_lenient,expert_reference_upper_bound,84.2447,18.0659,8,0.3818,1.229,1
s004991,balanced,expert_reference_upper_bound,85.4077,22.9838,8,0.2207,1.2741,1
s004992,construction_strict,expert_reference_upper_bound,78.6982,12.9879,8,0.5461,1.5275,1
s004993,motif_strict,expert_reference_upper_bound,82.4221,15.0509,8,0.5031,1.4662,1
s004994,heritage_strict,expert_reference_upper_bound,78.7335,15.1975,8,0.4834,1.5502,2
s004995,visual_lenient,expert_reference_upper_bound,82.2759,13.1489,8,0.5396,1.6157,1
s004996,balanced,expert_reference_upper_bound,85.6165,24.2646,8,0.4176,0.861,3
s004997,construction_strict,expert_reference_upper_bound,83.1423,18.9483,8,0.4705,1.085,2
s004998,motif_strict,expert_reference_upper_bound,78.9482,11.9315,8,0.2326,1.6953,2
s004999,heritage_strict,expert_reference_upper_bound,80.1153,16.6387,8,0.4083,1.2271,1
s005000,visual_lenient,expert_reference_upper_bound,78.7251,16.4206,8,0.4249,0.6305,1
s005001,balanced,expert_reference_upper_bound,82.5723,19.9006,8,0.4986,1.4266,1
s005002,construction_strict,expert_reference_upper_bound,86.9592,24.6818,8,0.3235,1.4036,2
s005003,motif_strict,expert_reference_upper_bound,82.3828,21.3918,8,0.5321,1.6717,1
s005004,heritage_strict,expert_reference_upper_bound,81.1484,13.7522,8,0.3033,1.1721,2
s005005,visual_lenient,expert_reference_upper_bound,79.3344,16.3191,8,0.2185,1.3938,2
s005006,balanced,expert_reference_upper_bound,80.8222,16.538,8,0.2525,1.3101,2
s005007,construction_strict,expert_reference_upper_bound,84.1984,22.7051,8,0.2507,0.7756,3
s005008,motif_strict,expert_reference_upper_bound,80.5655,18.4221,8,0.2885,1.1446,1
s005009,heritage_strict,expert_reference_upper_bound,83.6368,17.4198,8,0.2337,1.4675,1
s005010,visual_lenient,expert_reference_upper_bound,85.6773,21.2955,8,0.3102,0.6219,2
s005011,balanced,expert_reference_upper_bound,83.7493,24.5758,8,0.1307,1.0833,2
s005012,construction_strict,expert_reference_upper_bound,82.9118,20.5959,8,0.2635,1.1821,3
s005013,motif_strict,expert_reference_upper_bound,81.4222,14.8074,8,0.4039,1.3142,3
s005014,heritage_strict,expert_reference_upper_bound,87.3956,23.1526,8,0.3013,0.563,2
s005015,visual_lenient,expert_reference_upper_bound,83.8907,19.5448,8,0.3585,1.0219,3
s005016,balanced,expert_reference_upper_bound,84.7719,22.4684,8,0.135,1.4761,1
s005017,construction_strict,expert_reference_upper_bound,87.0831,26.3645,8,0.4993,1.2794,2
s005018,motif_strict,expert_reference_upper_bound,76.6133,11.5543,8,0.3553,1.7459,1
s005019,heritage_strict,expert_reference_upper_bound,84.8959,28.5651,8,0.5398,1.3204,3
s005020,visual_lenient,expert_reference_upper_bound,91.6536,27.647,8,0.1543,1.4928,3
s005021,balanced,expert_reference_upper_bound,82.0818,20.8467,8,0.4935,1.6183,2
s005022,construction_strict,expert_reference_upper_bound,83.7467,22.1067,8,0.2282,1.4729,2
s005023,motif_strict,expert_reference_upper_bound,82.4132,18.2659,8,0.1744,1.527,3
s005024,heritage_strict,expert_reference_upper_bound,83.9749,21.7082,8,0.2016,0.8866,2
s005025,visual_lenient,expert_reference_upper_bound,85.6381,21.7197,8,0.524,1.6043,3
s005026,balanced,expert_reference_upper_bound,83.5324,19.6727,8,0.1175,0.9932,3
s005027,construction_strict,expert_reference_upper_bound,80.1867,17.9042,8,0.2165,0.8068,3
s005028,motif_strict,expert_reference_upper_bound,87.0829,21.6587,8,0.3202,1.6932,2
s005029,heritage_strict,expert_reference_upper_bound,81.3537,20.3082,8,0.2029,1.5466,2
s005030,visual_lenient,expert_reference_upper_bound,85.7429,19.4094,8,0.3747,0.7963,2
s005031,balanced,expert_reference_upper_bound,84.7065,18.6547,8,0.1291,1.5111,3
s005032,construction_strict,expert_reference_upper_bound,84.0492,22.6011,8,0.2041,0.6436,2
s005033,motif_strict,expert_reference_upper_bound,84.6282,19.5279,8,0.2029,1.5816,3
s005034,heritage_strict,expert_reference_upper_bound,84.4068,19.9022,8,0.3142,0.6297,3
s005035,visual_lenient,expert_reference_upper_bound,86.2542,21.2062,8,0.4982,0.8738,3
s005036,balanced,expert_reference_upper_bound,84.1799,20.7177,8,0.4339,0.6835,2
s005037,construction_strict,expert_reference_upper_bound,83.8962,21.2503,8,0.2571,1.3254,3
s005038,motif_strict,expert_reference_upper_bound,79.1947,18.2631,8,0.2863,1.2758,3
s005039,heritage_strict,expert_reference_upper_bound,88.0163,27.9369,8,0.3928,0.9862,1
s005040,visual_lenient,expert_reference_upper_bound,87.3538,25.7605,8,0.1193,0.5754,2
s005041,balanced,expert_reference_upper_bound,83.6012,17.755,8,0.1329,1.5783,1
s005042,construction_strict,expert_reference_upper_bound,84.7353,23.0019,8,0.2402,1.6519,1
s005043,motif_strict,expert_reference_upper_bound,82.4107,17.9463,8,0.1677,1.1919,3
s005044,heritage_strict,expert_reference_upper_bound,85.1566,22.8465,8,0.1071,1.4794,2
s005045,visual_lenient,expert_reference_upper_bound,83.6558,18.7955,8,0.2276,1.3506,1
s005046,balanced,expert_reference_upper_bound,86.5033,27.0747,8,0.2018,1.6023,1
s005047,construction_strict,expert_reference_upper_bound,83.9399,18.501,8,0.5073,1.7121,3
s005048,motif_strict,expert_reference_upper_bound,82.3696,16.2721,8,0.4461,1.3823,2
s005049,heritage_strict,expert_reference_upper_bound,83.1981,14.8224,8,0.4994,1.555,2
s005050,visual_lenient,expert_reference_upper_bound,81.3113,15.9547,8,0.4581,1.2924,3
s005051,balanced,expert_reference_upper_bound,83.5367,23.9903,8,0.1075,1.3391,2
s005052,construction_strict,expert_reference_upper_bound,85.5961,19.374,8,0.2867,0.8768,3
s005053,motif_strict,expert_reference_upper_bound,84.3066,21.4709,8,0.3156,1.5184,3
s005054,heritage_strict,expert_reference_upper_bound,84.4135,20.0547,8,0.2623,1.5256,2
s005055,visual_lenient,expert_reference_upper_bound,85.4938,21.8415,8,0.3053,1.4093,2
s005056,balanced,expert_reference_upper_bound,81.6687,20.5682,8,0.5351,1.2709,2
s005057,construction_strict,expert_reference_upper_bound,86.7795,26.8881,8,0.3417,0.6585,3
s005058,motif_strict,expert_reference_upper_bound,86.6642,26.8011,8,0.3589,1.669,2
s005059,heritage_strict,expert_reference_upper_bound,81.6832,18.611,8,0.2713,1.288,3
s005060,visual_lenient,expert_reference_upper_bound,83.6241,13.4373,8,0.4096,1.6304,1
s005061,balanced,expert_reference_upper_bound,82.1926,17.4639,8,0.4387,1.2011,3
s005062,construction_strict,expert_reference_upper_bound,86.2319,16.5164,8,0.4334,1.3561,1
s005063,motif_strict,expert_reference_upper_bound,81.4559,14.5124,8,0.2016,0.7827,1
s005064,heritage_strict,expert_reference_upper_bound,84.4435,21.5474,8,0.3392,1.2723,3
s005065,visual_lenient,expert_reference_upper_bound,83.9607,21.4404,8,0.3482,0.8226,1
s005066,balanced,expert_reference_upper_bound,90.1236,27.4787,8,0.5216,1.4139,2
s005067,construction_strict,expert_reference_upper_bound,83.5368,21.3836,8,0.3536,0.9655,2
s005068,motif_strict,expert_reference_upper_bound,83.9478,21.8439,8,0.549,0.5733,1
s005069,heritage_strict,expert_reference_upper_bound,83.6735,16.6667,8,0.1136,1.5206,1
s005070,visual_lenient,expert_reference_upper_bound,84.8585,19.0155,8,0.4768,1.7431,2
s005071,balanced,expert_reference_upper_bound,83.9074,22.0773,8,0.4795,0.6739,1
s005072,construction_strict,expert_reference_upper_bound,82.7106,21.3604,8,0.4493,1.1878,3
s005073,motif_strict,expert_reference_upper_bound,83.1236,24.3509,8,0.1036,1.1809,3
s005074,heritage_strict,expert_reference_upper_bound,83.1721,21.7553,8,0.2855,1.3302,2
s005075,visual_lenient,expert_reference_upper_bound,83.3826,17.2006,8,0.5233,1.1358,3
s005076,balanced,expert_reference_upper_bound,82.1363,20.7172,8,0.2649,0.572,2
s005077,construction_strict,expert_reference_upper_bound,83.2831,21.6309,8,0.4618,0.688,3
s005078,motif_strict,expert_reference_upper_bound,80.3429,19.7828,8,0.1291,0.8606,2
s005079,heritage_strict,expert_reference_upper_bound,85.8434,18.7835,8,0.1146,1.3487,1
s005080,visual_lenient,expert_reference_upper_bound,82.8682,21.9684,8,0.4338,1.095,1
s005081,balanced,expert_reference_upper_bound,83.7943,22.8938,8,0.4766,1.5657,3
s005082,construction_strict,expert_reference_upper_bound,85.4947,24.0741,8,0.4569,0.8798,3
s005083,motif_strict,expert_reference_upper_bound,73.9896,11.4205,8,0.1029,1.5682,3
s005084,heritage_strict,expert_reference_upper_bound,84.0954,22.3257,8,0.4966,0.8057,2
s005085,visual_lenient,expert_reference_upper_bound,85.2159,21.1445,8,0.2215,0.6948,1
s005086,balanced,expert_reference_upper_bound,83.8063,20.3477,8,0.3269,0.8031,3
s005087,construction_strict,expert_reference_upper_bound,83.4351,20.2773,8,0.1629,0.6183,1
s005088,motif_strict,expert_reference_upper_bound,80.7785,16.7163,8,0.3069,0.7874,3
s005089,heritage_strict,expert_reference_upper_bound,84.037,20.4407,8,0.2771,1.5901,1
s005090,visual_lenient,expert_reference_upper_bound,85.5091,23.988,8,0.4307,1.4367,2
s005091,balanced,expert_reference_upper_bound,86.4426,25.9386,8,0.1034,0.5627,3
s005092,construction_strict,expert_reference_upper_bound,79.9531,15.5912,8,0.2441,1.44,1
s005093,motif_strict,expert_reference_upper_bound,83.219,19.3728,8,0.187,0.9411,2
s005094,heritage_strict,expert_reference_upper_bound,79.5375,12.6409,8,0.5279,1.5136,1
s005095,visual_lenient,expert_reference_upper_bound,79.5329,18.3817,8,0.4523,1.3945,2
s005096,balanced,expert_reference_upper_bound,84.4612,25.6203,8,0.3758,1.6984,2
s005097,construction_strict,expert_reference_upper_bound,87.4322,18.7368,8,0.1279,1.1695,1
s005098,motif_strict,expert_reference_upper_bound,82.1945,18.2669,8,0.4903,0.8965,1
s005099,heritage_strict,expert_reference_upper_bound,84.7665,23.2363,8,0.3402,0.9731,1
s005100,visual_lenient,expert_reference_upper_bound,83.4615,13.2486,8,0.2593,1.5116,2
s005101,balanced,expert_reference_upper_bound,84.8071,21.4427,8,0.2541,1.6751,3
s005102,construction_strict,expert_reference_upper_bound,87.1097,23.0934,8,0.3959,1.5015,2
s005103,motif_strict,expert_reference_upper_bound,87.094,23.6901,8,0.1328,0.8455,3
s005104,heritage_strict,expert_reference_upper_bound,83.0427,21.7499,8,0.4594,1.5712,2
s005105,visual_lenient,expert_reference_upper_bound,88.0051,25.2786,8,0.5436,0.6996,1
s005106,balanced,expert_reference_upper_bound,81.5076,20.0907,8,0.2968,1.6787,1
s005107,construction_strict,expert_reference_upper_bound,85.8229,24.0299,8,0.229,0.6567,3
s005108,motif_strict,expert_reference_upper_bound,81.7637,23.076,8,0.4564,1.7186,2
s005109,heritage_strict,expert_reference_upper_bound,87.8922,24.1954,8,0.1725,0.6615,3
s005110,visual_lenient,expert_reference_upper_bound,81.3544,18.1333,8,0.4552,1.6359,3
s005111,balanced,expert_reference_upper_bound,82.0389,20.6969,8,0.1518,0.6202,3
s005112,construction_strict,expert_reference_upper_bound,81.5248,19.9725,8,0.2979,1.4833,3
s005113,motif_strict,expert_reference_upper_bound,79.6653,11.1911,8,0.3807,1.272,2
s005114,heritage_strict,expert_reference_upper_bound,82.1773,21.0773,8,0.326,0.6561,1
s005115,visual_lenient,expert_reference_upper_bound,87.5239,21.3029,8,0.4342,1.0136,3
s005116,balanced,expert_reference_upper_bound,80.4993,18.4771,8,0.3089,1.3738,3
s005117,construction_strict,expert_reference_upper_bound,87.5985,23.7194,8,0.3469,1.6933,1
s005118,motif_strict,expert_reference_upper_bound,86.269,23.066,8,0.4986,0.7048,3
s005119,heritage_strict,expert_reference_upper_bound,82.2561,15.7297,8,0.4861,1.546,3
s005120,visual_lenient,expert_reference_upper_bound,82.3489,19.4721,8,0.2707,1.3054,1
s005121,balanced,expert_reference_upper_bound,81.6076,14.841,8,0.3904,1.0711,2
s005122,construction_strict,expert_reference_upper_bound,83.298,20.5907,8,0.1245,1.1281,2
s005123,motif_strict,expert_reference_upper_bound,83.6732,15.8785,8,0.4839,0.907,2
s005124,heritage_strict,expert_reference_upper_bound,86.1442,21.0385,8,0.2704,1.5052,1
s005125,visual_lenient,expert_reference_upper_bound,86.2106,21.9545,8,0.3079,0.8713,1
s005126,balanced,expert_reference_upper_bound,86.6531,23.3373,8,0.4948,0.9301,1
s005127,construction_strict,expert_reference_upper_bound,83.3455,22.2913,8,0.4986,1.2442,3
s005128,motif_strict,expert_reference_upper_bound,79.9527,16.8868,8,0.2739,0.9042,1
s005129,heritage_strict,expert_reference_upper_bound,86.2803,24.2783,8,0.4173,1.5603,2
s005130,visual_lenient,expert_reference_upper_bound,89.6685,25.1167,8,0.3631,0.7422,2
s005131,balanced,expert_reference_upper_bound,82.6478,20.1722,8,0.265,1.1633,3
s005132,construction_strict,expert_reference_upper_bound,80.8571,15.9921,8,0.1857,1.6313,1
s005133,motif_strict,expert_reference_upper_bound,82.5686,20.4021,8,0.1899,1.1184,3
s005134,heritage_strict,expert_reference_upper_bound,86.2781,25.2467,8,0.2351,1.2619,3
s005135,visual_lenient,expert_reference_upper_bound,81.4337,19.1041,8,0.2378,0.6993,1
s005136,balanced,expert_reference_upper_bound,84.4472,25.5821,8,0.4377,1.2482,3
s005137,construction_strict,expert_reference_upper_bound,77.7072,17.0795,8,0.4632,1.1979,1
s005138,motif_strict,expert_reference_upper_bound,79.4405,22.6119,8,0.4866,1.4931,3
s005139,heritage_strict,expert_reference_upper_bound,89.0433,24.2106,8,0.264,1.2127,2
s005140,visual_lenient,expert_reference_upper_bound,85.3428,21.1292,8,0.3144,1.7483,2
s005141,balanced,expert_reference_upper_bound,86.058,21.3338,8,0.3052,1.4923,1
s005142,construction_strict,expert_reference_upper_bound,84.8506,23.5569,8,0.3929,0.7769,2
s005143,motif_strict,expert_reference_upper_bound,81.763,21.2251,8,0.3021,1.4676,2
s005144,heritage_strict,expert_reference_upper_bound,83.5895,21.5245,8,0.4325,1.527,1
s005145,visual_lenient,expert_reference_upper_bound,84.3177,20.4565,8,0.4721,0.977,1
s005146,balanced,expert_reference_upper_bound,88.4572,23.448,8,0.3071,1.5763,3
s005147,construction_strict,expert_reference_upper_bound,82.3428,22.913,8,0.3576,1.4786,1
s005148,motif_strict,expert_reference_upper_bound,81.9294,16.7275,8,0.4497,1.3178,2
s005149,heritage_strict,expert_reference_upper_bound,81.5128,19.5316,8,0.4323,0.9858,1
s005150,visual_lenient,expert_reference_upper_bound,82.8505,18.1627,8,0.454,1.6408,1
s005151,balanced,expert_reference_upper_bound,83.9853,19.585,8,0.299,1.3471,2
s005152,construction_strict,expert_reference_upper_bound,81.41,18.9443,8,0.4116,1.5432,1
s005153,motif_strict,expert_reference_upper_bound,86.6329,22.6646,8,0.1658,1.0439,1
s005154,heritage_strict,expert_reference_upper_bound,84.9206,23.3669,8,0.138,1.5567,1
s005155,visual_lenient,expert_reference_upper_bound,83.6303,15.7723,8,0.4566,0.7823,2
s005156,balanced,expert_reference_upper_bound,81.7104,19.3846,8,0.4036,1.6477,3
s005157,construction_strict,expert_reference_upper_bound,81.7601,19.2698,8,0.2439,0.9542,2
s005158,motif_strict,expert_reference_upper_bound,79.3889,17.4553,8,0.5066,1.4033,1
s005159,heritage_strict,expert_reference_upper_bound,87.0118,26.6191,8,0.258,0.5858,3
s005160,visual_lenient,expert_reference_upper_bound,86.0612,21.6075,8,0.2308,1.5152,3
s005161,balanced,expert_reference_upper_bound,88.0723,23.8336,8,0.514,1.3772,3
s005162,construction_strict,expert_reference_upper_bound,78.9527,14.5856,8,0.5168,1.4644,2
s005163,motif_strict,expert_reference_upper_bound,83.6061,19.5933,8,0.5185,0.9779,1
s005164,heritage_strict,expert_reference_upper_bound,78.4442,15.1719,8,0.3628,0.7511,2
s005165,visual_lenient,expert_reference_upper_bound,87.1452,21.7664,8,0.3407,1.2625,3
s005166,balanced,expert_reference_upper_bound,87.1035,24.726,8,0.3941,0.6455,3
s005167,construction_strict,expert_reference_upper_bound,87.0853,21.0322,8,0.1858,1.1999,2
s005168,motif_strict,expert_reference_upper_bound,86.484,21.7375,8,0.3758,0.8776,3
s005169,heritage_strict,expert_reference_upper_bound,87.3033,22.5362,8,0.1052,1.6202,2
s005170,visual_lenient,expert_reference_upper_bound,86.2634,26.6001,8,0.3217,0.7481,2
s005171,balanced,expert_reference_upper_bound,88.1629,24.4735,8,0.5382,1.1388,3
s005172,construction_strict,expert_reference_upper_bound,85.0082,23.2069,8,0.4826,0.6009,3
s005173,motif_strict,expert_reference_upper_bound,84.6015,18.6822,8,0.5206,1.1786,1
s005174,heritage_strict,expert_reference_upper_bound,83.8767,21.0852,8,0.4563,1.1829,1
s005175,visual_lenient,expert_reference_upper_bound,84.4881,24.413,8,0.2701,1.6268,3
s005176,balanced,expert_reference_upper_bound,82.8889,22.9821,8,0.1942,0.7365,3
s005177,construction_strict,expert_reference_upper_bound,77.1674,9.5107,8,0.5447,1.552,2
s005178,motif_strict,expert_reference_upper_bound,80.9281,15.886,8,0.4477,0.8948,2
s005179,heritage_strict,expert_reference_upper_bound,81.0235,20.3437,8,0.5414,1.6016,2
s005180,visual_lenient,expert_reference_upper_bound,82.6436,12.721,8,0.2948,1.5818,2
s005181,balanced,expert_reference_upper_bound,85.4806,19.4599,8,0.4426,0.9444,3
s005182,construction_strict,expert_reference_upper_bound,87.6217,25.2369,8,0.3781,0.9052,3
s005183,motif_strict,expert_reference_upper_bound,77.9266,12.1728,8,0.4741,0.9895,3
s005184,heritage_strict,expert_reference_upper_bound,80.587,22.0686,8,0.4767,1.1683,1
s005185,visual_lenient,expert_reference_upper_bound,83.322,17.0509,8,0.237,0.8352,3
s005186,balanced,expert_reference_upper_bound,80.3841,20.4183,8,0.4554,1.1499,1
s005187,construction_strict,expert_reference_upper_bound,81.0584,17.6907,8,0.1387,1.1766,3
s005188,motif_strict,expert_reference_upper_bound,83.6753,17.8594,8,0.2442,0.7897,2
s005189,heritage_strict,expert_reference_upper_bound,80.5948,18.469,8,0.2402,0.603,2
s005190,visual_lenient,expert_reference_upper_bound,83.1613,24.0916,8,0.531,0.6436,2
s005191,balanced,expert_reference_upper_bound,83.9781,21.4168,8,0.463,0.9434,2
s005192,construction_strict,expert_reference_upper_bound,83.4333,18.9574,8,0.5,0.7168,3
s005193,motif_strict,expert_reference_upper_bound,87.871,25.0328,8,0.3167,1.068,3
s005194,heritage_strict,expert_reference_upper_bound,80.9473,18.223,8,0.3017,1.2042,3
s005195,visual_lenient,expert_reference_upper_bound,82.6568,21.9948,8,0.3841,1.746,3
s005196,balanced,expert_reference_upper_bound,83.0036,20.4774,8,0.1085,0.7482,1
s005197,construction_strict,expert_reference_upper_bound,84.0918,22.5619,8,0.1135,0.9014,3
s005198,motif_strict,expert_reference_upper_bound,83.5816,21.9156,8,0.1278,0.9644,3
s005199,heritage_strict,expert_reference_upper_bound,82.5805,20.4176,8,0.5382,0.7996,1
s005200,visual_lenient,expert_reference_upper_bound,85.2488,24.405,8,0.3246,1.1285,2
s005201,balanced,expert_reference_upper_bound,90.1182,27.33,8,0.2792,1.4703,3
s005202,construction_strict,expert_reference_upper_bound,82.8385,22.6226,8,0.4257,1.1382,2
s005203,motif_strict,expert_reference_upper_bound,84.4447,21.5825,8,0.2889,1.1192,1
s005204,heritage_strict,expert_reference_upper_bound,86.8269,22.5976,8,0.1569,1.5335,3
s005205,visual_lenient,expert_reference_upper_bound,80.0523,18.445,8,0.1732,1.6464,2
s005206,balanced,expert_reference_upper_bound,85.0091,17.3655,8,0.5146,1.2739,2
s005207,construction_strict,expert_reference_upper_bound,82.8613,16.9439,8,0.4493,1.4536,1
s005208,motif_strict,expert_reference_upper_bound,83.5836,22.2142,8,0.146,1.0506,3
s005209,heritage_strict,expert_reference_upper_bound,80.8332,19.3953,8,0.3405,1.2172,1
s005210,visual_lenient,expert_reference_upper_bound,84.0567,14.9452,8,0.3212,1.0696,1
s005211,balanced,expert_reference_upper_bound,85.238,24.178,8,0.4004,1.2526,1
s005212,construction_strict,expert_reference_upper_bound,83.3099,19.9794,8,0.5194,1.0487,3
s005213,motif_strict,expert_reference_upper_bound,80.4377,17.9434,8,0.3955,0.7378,1
s005214,heritage_strict,expert_reference_upper_bound,82.4347,18.0806,8,0.29,1.2855,3
s005215,visual_lenient,expert_reference_upper_bound,80.8123,23.7381,8,0.3571,1.1822,3
s005216,balanced,expert_reference_upper_bound,86.4696,20.3969,8,0.4536,0.8433,2
s005217,construction_strict,expert_reference_upper_bound,86.0796,26.9941,8,0.1551,0.939,1
s005218,motif_strict,expert_reference_upper_bound,76.2353,14.0355,8,0.3616,1.5072,1
s005219,heritage_strict,expert_reference_upper_bound,80.9502,14.8841,8,0.3265,1.3369,3
s005220,visual_lenient,expert_reference_upper_bound,82.7817,21.9313,8,0.4691,0.5516,2
s005221,balanced,expert_reference_upper_bound,84.6083,18.7992,8,0.3448,1.4967,2
s005222,construction_strict,expert_reference_upper_bound,82.5251,19.1833,8,0.2721,1.2749,3
s005223,motif_strict,expert_reference_upper_bound,83.488,22.0683,8,0.5199,1.0126,3
s005224,heritage_strict,expert_reference_upper_bound,85.9914,24.5838,8,0.375,0.9909,3
s005225,visual_lenient,expert_reference_upper_bound,84.138,19.7485,8,0.1451,0.9145,1
s005226,balanced,expert_reference_upper_bound,86.3064,25.5657,8,0.228,0.9055,2
s005227,construction_strict,expert_reference_upper_bound,79.9792,19.9445,8,0.1076,0.6404,1
s005228,motif_strict,expert_reference_upper_bound,85.4066,22.2198,8,0.1052,0.8852,1
s005229,heritage_strict,expert_reference_upper_bound,83.9284,21.523,8,0.3921,1.0132,1
s005230,visual_lenient,expert_reference_upper_bound,85.6009,20.6334,8,0.2157,0.6066,1
s005231,balanced,expert_reference_upper_bound,88.855,21.6952,8,0.4963,1.1858,2
s005232,construction_strict,expert_reference_upper_bound,83.1359,20.2905,8,0.2356,1.0449,2
s005233,motif_strict,expert_reference_upper_bound,86.0534,22.9711,8,0.5447,1.0929,3
s005234,heritage_strict,expert_reference_upper_bound,82.5468,21.1671,8,0.113,1.0344,1
s005235,visual_lenient,expert_reference_upper_bound,77.9112,12.6444,8,0.4062,1.6036,3
s005236,balanced,expert_reference_upper_bound,82.9068,21.8928,8,0.2867,1.4117,1
s005237,construction_strict,expert_reference_upper_bound,85.7049,27.7868,8,0.3739,0.5828,1
s005238,motif_strict,expert_reference_upper_bound,85.4558,22.2322,8,0.2772,0.914,1
s005239,heritage_strict,expert_reference_upper_bound,76.887,9.4163,8,0.3773,1.6475,1
s005240,visual_lenient,expert_reference_upper_bound,81.3161,14.1502,8,0.4417,1.5902,1
s005241,balanced,expert_reference_upper_bound,87.2115,22.3356,8,0.4754,1.3645,2
s005242,construction_strict,expert_reference_upper_bound,83.859,23.4166,8,0.3142,1.2959,2
s005243,motif_strict,expert_reference_upper_bound,84.4006,21.4126,8,0.3578,0.7428,1
s005244,heritage_strict,expert_reference_upper_bound,83.4175,22.8758,8,0.3608,1.1937,2
s005245,visual_lenient,expert_reference_upper_bound,88.4447,20.8283,8,0.2322,1.7179,3
s005246,balanced,expert_reference_upper_bound,83.5309,21.1975,8,0.1946,0.5529,2
s005247,construction_strict,expert_reference_upper_bound,87.6248,24.0193,8,0.4116,1.5936,1
s005248,motif_strict,expert_reference_upper_bound,85.5866,28.4513,8,0.334,0.5807,3
s005249,heritage_strict,expert_reference_upper_bound,80.4402,16.816,8,0.2867,1.6586,3
s005250,visual_lenient,expert_reference_upper_bound,78.9887,22.1535,8,0.3611,1.7321,1
s005251,balanced,expert_reference_upper_bound,83.9744,19.8928,8,0.2978,1.3497,3
s005252,construction_strict,expert_reference_upper_bound,80.3605,14.6473,8,0.3763,1.1397,3
s005253,motif_strict,expert_reference_upper_bound,77.9933,11.483,8,0.5398,1.7068,1
s005254,heritage_strict,expert_reference_upper_bound,87.0424,25.8444,8,0.2359,1.3962,1
s005255,visual_lenient,expert_reference_upper_bound,85.3296,21.7989,8,0.4383,0.9684,3
s005256,balanced,expert_reference_upper_bound,88.9249,25.2728,8,0.3925,0.9359,1
s005257,construction_strict,expert_reference_upper_bound,81.6267,19.9371,8,0.2494,0.6995,2
s005258,motif_strict,expert_reference_upper_bound,81.7372,14.6254,8,0.3863,1.7476,3
s005259,heritage_strict,expert_reference_upper_bound,78.6862,18.6693,8,0.3868,1.443,1
s005260,visual_lenient,expert_reference_upper_bound,80.2171,17.0263,8,0.4045,0.858,2
s005261,balanced,expert_reference_upper_bound,85.7767,18.5254,8,0.3665,1.5206,3
s005262,construction_strict,expert_reference_upper_bound,83.358,21.163,8,0.3219,0.9766,2
s005263,motif_strict,expert_reference_upper_bound,83.8085,12.1401,8,0.4295,1.5543,2
s005264,heritage_strict,expert_reference_upper_bound,79.6893,18.1769,8,0.3039,1.5446,3
s005265,visual_lenient,expert_reference_upper_bound,82.8875,17.4502,8,0.2544,1.3774,3
s005266,balanced,expert_reference_upper_bound,86.5014,21.7833,8,0.147,1.2887,1
s005267,construction_strict,expert_reference_upper_bound,79.886,13.4515,8,0.5017,1.1319,3
s005268,motif_strict,expert_reference_upper_bound,85.5732,23.2044,8,0.2892,1.3273,1
s005269,heritage_strict,expert_reference_upper_bound,86.5883,26.9375,8,0.5014,1.1144,3
s005270,visual_lenient,expert_reference_upper_bound,85.2662,18.2053,8,0.263,1.0355,3
s005271,balanced,expert_reference_upper_bound,83.9864,23.2749,8,0.4763,0.8032,2
s005272,construction_strict,expert_reference_upper_bound,85.9626,22.5797,8,0.1256,0.7099,1
s005273,motif_strict,expert_reference_upper_bound,81.2374,11.6279,8,0.4989,1.4288,2
s005274,heritage_strict,expert_reference_upper_bound,84.1805,20.4884,8,0.125,0.7102,1
s005275,visual_lenient,expert_reference_upper_bound,84.4643,18.6146,8,0.1486,0.6666,3
s005276,balanced,expert_reference_upper_bound,86.9597,20.1304,8,0.2975,0.7775,1
s005277,construction_strict,expert_reference_upper_bound,83.6885,17.6287,8,0.2446,0.6876,2
s005278,motif_strict,expert_reference_upper_bound,82.2224,14.7171,8,0.1731,1.5211,1
s005279,heritage_strict,expert_reference_upper_bound,80.7904,17.0956,8,0.1351,0.9492,3
s005280,visual_lenient,expert_reference_upper_bound,81.9406,21.6219,8,0.1242,1.1225,1
s005281,balanced,expert_reference_upper_bound,83.5535,21.1539,8,0.2789,1.5532,2
s005282,construction_strict,expert_reference_upper_bound,82.1431,20.2446,8,0.3146,1.1189,1
s005283,motif_strict,expert_reference_upper_bound,83.9616,21.8546,8,0.1336,1.5031,2
s005284,heritage_strict,expert_reference_upper_bound,84.3351,29.7451,8,0.2193,1.7079,2
s005285,visual_lenient,expert_reference_upper_bound,85.0316,26.5407,8,0.5076,1.3695,3
s005286,balanced,expert_reference_upper_bound,83.332,19.2583,8,0.1798,0.6302,1
s005287,construction_strict,expert_reference_upper_bound,81.2898,24.8411,8,0.3923,1.5191,1
s005288,motif_strict,expert_reference_upper_bound,83.3651,18.2342,8,0.4562,0.935,1
s005289,heritage_strict,expert_reference_upper_bound,84.2707,21.7261,8,0.4821,0.8545,3
s005290,visual_lenient,expert_reference_upper_bound,85.1651,22.328,8,0.4413,0.7077,3
s005291,balanced,expert_reference_upper_bound,85.2312,22.1908,8,0.2574,0.9553,2
s005292,construction_strict,expert_reference_upper_bound,89.5589,28.2102,8,0.2667,0.6644,3
s005293,motif_strict,expert_reference_upper_bound,82.4445,17.1287,8,0.1634,1.097,1
s005294,heritage_strict,expert_reference_upper_bound,87.7455,22.5089,8,0.2249,0.8635,2
s005295,visual_lenient,expert_reference_upper_bound,78.7697,14.9086,8,0.3936,1.5656,1
s005296,balanced,expert_reference_upper_bound,82.2528,20.6653,8,0.5155,1.3511,2
s005297,construction_strict,expert_reference_upper_bound,83.9065,24.3613,8,0.468,1.1081,3
s005298,motif_strict,expert_reference_upper_bound,87.5222,17.4753,8,0.5152,1.6431,3
s005299,heritage_strict,expert_reference_upper_bound,86.7847,23.833,8,0.1678,0.6259,2
s005300,visual_lenient,expert_reference_upper_bound,84.3333,23.7872,8,0.3831,1.5034,3
s005301,balanced,expert_reference_upper_bound,81.8242,22.2395,8,0.4167,1.5779,3
s005302,construction_strict,expert_reference_upper_bound,84.9284,22.0631,8,0.1776,0.9643,2
s005303,motif_strict,expert_reference_upper_bound,82.5002,19.527,8,0.358,0.7519,2
s005304,heritage_strict,expert_reference_upper_bound,85.759,25.3655,8,0.5151,0.8276,2
s005305,visual_lenient,expert_reference_upper_bound,87.4152,21.5176,8,0.5142,0.8878,2
s005306,balanced,expert_reference_upper_bound,85.6453,24.6489,8,0.5201,0.7074,1
s005307,construction_strict,expert_reference_upper_bound,86.7058,26.0275,8,0.3242,0.7359,1
s005308,motif_strict,expert_reference_upper_bound,84.3613,23.8545,8,0.3112,0.8821,2
s005309,heritage_strict,expert_reference_upper_bound,84.7982,21.6487,8,0.2625,0.7208,3
s005310,visual_lenient,expert_reference_upper_bound,82.0768,18.7356,8,0.4836,1.1051,1
s005311,balanced,expert_reference_upper_bound,80.5152,17.2532,8,0.4278,1.6975,2
s005312,construction_strict,expert_reference_upper_bound,79.1324,15.3175,8,0.4171,1.184,3
s005313,motif_strict,expert_reference_upper_bound,83.36,22.9915,8,0.316,0.9908,2
s005314,heritage_strict,expert_reference_upper_bound,84.2106,18.7681,8,0.3282,0.9333,2
s005315,visual_lenient,expert_reference_upper_bound,85.1811,12.1957,8,0.1661,1.5998,2
s005316,balanced,expert_reference_upper_bound,84.6289,24.8959,8,0.1184,1.4532,3
s005317,construction_strict,expert_reference_upper_bound,82.6563,18.1172,8,0.2693,0.6222,3
s005318,motif_strict,expert_reference_upper_bound,81.9179,16.3824,8,0.222,1.3496,2
s005319,heritage_strict,expert_reference_upper_bound,85.361,17.2019,8,0.1211,1.1688,2
s005320,visual_lenient,expert_reference_upper_bound,81.7764,17.3471,8,0.3654,0.8457,1
s005321,balanced,expert_reference_upper_bound,82.4982,21.6623,8,0.2618,0.8963,2
s005322,construction_strict,expert_reference_upper_bound,85.5495,20.6241,8,0.201,1.6754,1
s005323,motif_strict,expert_reference_upper_bound,81.5957,17.8098,8,0.3282,0.9186,2
s005324,heritage_strict,expert_reference_upper_bound,84.087,23.7289,8,0.3837,1.102,1
s005325,visual_lenient,expert_reference_upper_bound,89.2355,24.703,8,0.3639,0.7144,1
s005326,balanced,expert_reference_upper_bound,83.6637,21.3545,8,0.3037,0.7159,1
s005327,construction_strict,expert_reference_upper_bound,87.2578,31.4917,8,0.3141,1.1656,3
s005328,motif_strict,expert_reference_upper_bound,82.4042,18.1044,8,0.2492,1.3486,2
s005329,heritage_strict,expert_reference_upper_bound,87.2632,20.1393,8,0.4333,1.3284,1
s005330,visual_lenient,expert_reference_upper_bound,83.756,16.9875,8,0.4965,1.3366,2
s005331,balanced,expert_reference_upper_bound,84.4562,19.0211,8,0.2162,1.4742,1
s005332,construction_strict,expert_reference_upper_bound,86.1896,21.5502,8,0.2823,1.4344,1
s005333,motif_strict,expert_reference_upper_bound,83.5265,17.5295,8,0.1675,1.666,2
s005334,heritage_strict,expert_reference_upper_bound,81.9415,19.2658,8,0.4136,1.6719,1
s005335,visual_lenient,expert_reference_upper_bound,88.2928,24.0142,8,0.4456,0.8776,2
s005336,balanced,expert_reference_upper_bound,85.0229,19.5095,8,0.2144,1.1586,3
s005337,construction_strict,expert_reference_upper_bound,80.0696,17.1919,8,0.4019,1.4277,1
s005338,motif_strict,expert_reference_upper_bound,84.9646,24.0113,8,0.1225,0.5999,2
s005339,heritage_strict,expert_reference_upper_bound,81.6389,20.3362,8,0.2376,1.1924,1
s005340,visual_lenient,expert_reference_upper_bound,79.2887,12.7168,8,0.4324,0.8668,2
s005341,balanced,expert_reference_upper_bound,83.1199,21.0671,8,0.1788,1.6228,3
s005342,construction_strict,expert_reference_upper_bound,84.0786,24.1087,8,0.3731,0.6707,1
s005343,motif_strict,expert_reference_upper_bound,80.6759,20.7917,8,0.4824,1.4499,3
s005344,heritage_strict,expert_reference_upper_bound,83.2721,18.9335,8,0.1005,1.6831,1
s005345,visual_lenient,expert_reference_upper_bound,83.7177,19.868,8,0.5449,1.6813,2
s005346,balanced,expert_reference_upper_bound,85.9298,22.8872,8,0.4556,0.6532,1
s005347,construction_strict,expert_reference_upper_bound,83.0875,22.3452,8,0.2236,1.2187,3
s005348,motif_strict,expert_reference_upper_bound,81.1154,16.526,8,0.1127,0.8275,1
s005349,heritage_strict,expert_reference_upper_bound,81.3099,17.524,8,0.2458,0.5528,1
s005350,visual_lenient,expert_reference_upper_bound,80.6251,14.4705,8,0.495,0.9783,2
s005351,balanced,expert_reference_upper_bound,80.6616,18.9328,8,0.4497,1.1943,1
s005352,construction_strict,expert_reference_upper_bound,91.1967,32.541,8,0.269,1.7228,1
s005353,motif_strict,expert_reference_upper_bound,81.7891,23.5891,8,0.2436,1.1915,1
s005354,heritage_strict,expert_reference_upper_bound,83.0824,20.3943,8,0.4434,1.263,3
s005355,visual_lenient,expert_reference_upper_bound,82.2473,16.9829,8,0.4938,1.001,2
s005356,balanced,expert_reference_upper_bound,84.2123,19.8682,8,0.1004,1.4191,1
s005357,construction_strict,expert_reference_upper_bound,87.5449,23.8188,8,0.3386,0.6683,2
s005358,motif_strict,expert_reference_upper_bound,85.1383,27.7681,8,0.5423,0.9913,3
s005359,heritage_strict,expert_reference_upper_bound,78.078,13.6807,8,0.3783,1.5624,3
s005360,visual_lenient,expert_reference_upper_bound,85.558,21.8366,8,0.4398,1.5597,2
s005361,balanced,expert_reference_upper_bound,82.6754,21.5313,8,0.3484,0.8576,3
s005362,construction_strict,expert_reference_upper_bound,80.0497,14.6209,8,0.2723,1.4125,2
s005363,motif_strict,expert_reference_upper_bound,84.7979,24.7763,8,0.3729,0.6062,2
s005364,heritage_strict,expert_reference_upper_bound,83.3573,19.1397,8,0.472,1.5426,3
s005365,visual_lenient,expert_reference_upper_bound,81.6467,14.3274,8,0.5344,1.4408,3
s005366,balanced,expert_reference_upper_bound,84.2927,22.3553,8,0.19,0.7003,3
s005367,construction_strict,expert_reference_upper_bound,79.9885,18.7522,8,0.4646,0.9695,2
s005368,motif_strict,expert_reference_upper_bound,82.6418,24.5197,8,0.232,1.1356,2
s005369,heritage_strict,expert_reference_upper_bound,80.5909,18.6315,8,0.2365,1.5691,3
s005370,visual_lenient,expert_reference_upper_bound,85.291,20.8653,8,0.4721,0.7956,2
s005371,balanced,expert_reference_upper_bound,82.6032,22.0778,8,0.1526,0.687,1
s005372,construction_strict,expert_reference_upper_bound,83.2485,22.0409,8,0.1533,0.873,3
s005373,motif_strict,expert_reference_upper_bound,83.2376,21.6676,8,0.1706,0.7648,2
s005374,heritage_strict,expert_reference_upper_bound,82.7348,18.7897,8,0.1926,1.0473,1
s005375,visual_lenient,expert_reference_upper_bound,83.9591,22.9714,8,0.4331,1.6733,1
s005376,balanced,expert_reference_upper_bound,83.5437,24.0394,8,0.1457,0.5803,1
s005377,construction_strict,expert_reference_upper_bound,79.5562,18.8646,8,0.1907,1.2297,3
s005378,motif_strict,expert_reference_upper_bound,82.5198,20.4958,8,0.2642,1.5136,2
s005379,heritage_strict,expert_reference_upper_bound,83.6416,22.3834,8,0.1499,1.1768,3
s005380,visual_lenient,expert_reference_upper_bound,90.2273,25.0667,8,0.3483,0.6772,1
s005381,balanced,expert_reference_upper_bound,87.1633,28.2577,8,0.4366,1.084,2
s005382,construction_strict,expert_reference_upper_bound,83.5903,16.8468,8,0.1854,1.3112,1
s005383,motif_strict,expert_reference_upper_bound,83.7677,22.2344,8,0.5325,0.9172,1
s005384,heritage_strict,expert_reference_upper_bound,83.9803,19.5908,8,0.1973,0.7945,1
s005385,visual_lenient,expert_reference_upper_bound,85.7346,21.4108,8,0.5055,0.6281,3
s005386,balanced,expert_reference_upper_bound,87.1801,20.799,8,0.3732,1.0997,3
s005387,construction_strict,expert_reference_upper_bound,76.1626,10.7711,8,0.4452,1.1844,1
s005388,motif_strict,expert_reference_upper_bound,87.2782,23.1212,8,0.4671,1.5722,3
s005389,heritage_strict,expert_reference_upper_bound,84.2361,29.5674,8,0.1569,1.6068,2
s005390,visual_lenient,expert_reference_upper_bound,83.455,22.9719,8,0.2588,1.4817,1
s005391,balanced,expert_reference_upper_bound,84.3017,21.5368,8,0.4963,0.7043,3
s005392,construction_strict,expert_reference_upper_bound,85.7231,19.653,8,0.471,0.6151,2
s005393,motif_strict,expert_reference_upper_bound,81.2919,17.687,8,0.3701,1.3736,3
s005394,heritage_strict,expert_reference_upper_bound,79.1909,17.1076,8,0.2694,1.1234,3
s005395,visual_lenient,expert_reference_upper_bound,80.225,14.1704,8,0.1462,1.2275,1
s005396,balanced,expert_reference_upper_bound,79.7162,16.5252,8,0.1559,0.9579,2
s005397,construction_strict,expert_reference_upper_bound,79.138,17.1992,8,0.3241,1.0569,1
s005398,motif_strict,expert_reference_upper_bound,83.6523,18.0218,8,0.3572,0.7993,2
s005399,heritage_strict,expert_reference_upper_bound,81.0473,19.9461,8,0.4945,1.0964,3
s005400,visual_lenient,expert_reference_upper_bound,88.093,24.5393,8,0.2649,1.4899,1
s005401,balanced,expert_reference_upper_bound,84.4483,21.7403,8,0.2057,0.8728,2
s005402,construction_strict,expert_reference_upper_bound,80.2635,17.4121,8,0.5395,0.7768,2
s005403,motif_strict,expert_reference_upper_bound,81.2469,12.2436,8,0.3733,1.3298,1
s005404,heritage_strict,expert_reference_upper_bound,82.1749,20.1449,8,0.1706,1.639,3
s005405,visual_lenient,expert_reference_upper_bound,84.9221,21.835,8,0.3754,0.8315,3
s005406,balanced,expert_reference_upper_bound,84.4315,22.2659,8,0.2316,0.6408,3
s005407,construction_strict,expert_reference_upper_bound,83.5032,21.8354,8,0.1712,1.202,3
s005408,motif_strict,expert_reference_upper_bound,79.8789,17.4789,8,0.4447,1.1074,2
s005409,heritage_strict,expert_reference_upper_bound,82.2259,18.6386,8,0.1613,1.4632,1
s005410,visual_lenient,expert_reference_upper_bound,87.8514,24.1592,8,0.4652,1.1763,1
s005411,balanced,expert_reference_upper_bound,88.2468,24.9368,8,0.2996,0.7283,2
s005412,construction_strict,expert_reference_upper_bound,84.3729,21.2578,8,0.2873,1.487,1
s005413,motif_strict,expert_reference_upper_bound,87.3705,24.1118,8,0.3236,0.555,2
s005414,heritage_strict,expert_reference_upper_bound,80.4019,19.4544,8,0.1462,0.5517,2
s005415,visual_lenient,expert_reference_upper_bound,86.7393,23.4288,8,0.2394,1.3311,2
s005416,balanced,expert_reference_upper_bound,83.2102,21.7022,8,0.1583,1.0265,3
s005417,construction_strict,expert_reference_upper_bound,76.5753,11.8511,8,0.4245,1.0641,3
s005418,motif_strict,expert_reference_upper_bound,79.8393,18.147,8,0.3665,0.8035,2
s005419,heritage_strict,expert_reference_upper_bound,79.9485,15.9302,8,0.3892,0.9568,2
s005420,visual_lenient,expert_reference_upper_bound,83.8972,18.8787,8,0.2435,0.5979,3
s005421,balanced,expert_reference_upper_bound,80.4623,16.2496,8,0.2449,1.4377,2
s005422,construction_strict,expert_reference_upper_bound,86.8957,22.9004,8,0.4002,0.8499,2
s005423,motif_strict,expert_reference_upper_bound,79.739,17.2019,8,0.1121,1.2272,2
s005424,heritage_strict,expert_reference_upper_bound,85.6363,23.5924,8,0.2176,0.9506,1
s005425,visual_lenient,expert_reference_upper_bound,82.3881,23.1677,8,0.1681,1.7085,3
s005426,balanced,expert_reference_upper_bound,84.5806,18.4761,8,0.467,0.9481,3
s005427,construction_strict,expert_reference_upper_bound,84.5556,22.0622,8,0.1822,1.5382,3
s005428,motif_strict,expert_reference_upper_bound,83.661,18.7448,8,0.371,1.464,1
s005429,heritage_strict,expert_reference_upper_bound,84.6479,22.5833,8,0.3059,0.5803,2
s005430,visual_lenient,expert_reference_upper_bound,81.9674,18.1896,8,0.341,1.6889,2
s005431,balanced,expert_reference_upper_bound,86.3992,24.1463,8,0.5244,0.9044,3
s005432,construction_strict,expert_reference_upper_bound,85.2455,25.47,8,0.4933,1.4278,1
s005433,motif_strict,expert_reference_upper_bound,78.8665,18.2712,8,0.4967,1.1533,3
s005434,heritage_strict,expert_reference_upper_bound,81.7363,20.4269,8,0.4452,0.8042,1
s005435,visual_lenient,expert_reference_upper_bound,81.8615,14.7981,8,0.3982,1.3947,1
s005436,balanced,expert_reference_upper_bound,79.522,17.9068,8,0.532,1.4898,1
s005437,construction_strict,expert_reference_upper_bound,80.7674,22.7099,8,0.5286,1.598,3
s005438,motif_strict,expert_reference_upper_bound,83.8879,19.4066,8,0.1143,1.3737,3
s005439,heritage_strict,expert_reference_upper_bound,83.0539,15.2632,8,0.1751,1.7322,1
s005440,visual_lenient,expert_reference_upper_bound,81.7642,18.4318,8,0.5322,0.9182,2
s005441,balanced,expert_reference_upper_bound,86.3272,22.6952,8,0.3536,0.5703,3
s005442,construction_strict,expert_reference_upper_bound,83.6532,15.5754,8,0.5262,1.1161,1
s005443,motif_strict,expert_reference_upper_bound,82.2595,17.4843,8,0.386,1.3559,2
s005444,heritage_strict,expert_reference_upper_bound,83.5042,19.8162,8,0.223,1.71,3
s005445,visual_lenient,expert_reference_upper_bound,86.6025,20.6941,8,0.2331,0.9577,1
s005446,balanced,expert_reference_upper_bound,83.6282,22.2536,8,0.3558,1.1075,3
s005447,construction_strict,expert_reference_upper_bound,85.3367,23.4508,8,0.3507,1.6435,2
s005448,motif_strict,expert_reference_upper_bound,79.3288,13.3937,8,0.2652,1.6307,1
s005449,heritage_strict,expert_reference_upper_bound,86.5912,25.2298,8,0.3426,0.7457,3
s005450,visual_lenient,expert_reference_upper_bound,82.2336,17.9157,8,0.362,0.8862,2
s005451,balanced,expert_reference_upper_bound,79.4169,19.3182,8,0.197,1.3284,3
s005452,construction_strict,expert_reference_upper_bound,79.3474,17.9495,8,0.2125,1.1809,3
s005453,motif_strict,expert_reference_upper_bound,82.234,17.3214,8,0.1226,0.6704,2
s005454,heritage_strict,expert_reference_upper_bound,81.8085,20.1442,8,0.4139,1.3501,3
s005455,visual_lenient,expert_reference_upper_bound,83.7137,23.0661,8,0.292,1.3893,1
s005456,balanced,expert_reference_upper_bound,80.4794,17.3037,8,0.1669,1.2541,2
s005457,construction_strict,expert_reference_upper_bound,82.3336,15.82,8,0.4238,1.0229,2
s005458,motif_strict,expert_reference_upper_bound,80.8729,14.7046,8,0.2606,0.9951,3
s005459,heritage_strict,expert_reference_upper_bound,81.7147,18.0204,8,0.4149,1.1151,1
s005460,visual_lenient,expert_reference_upper_bound,80.6125,17.5655,8,0.1501,0.8959,1
s005461,balanced,expert_reference_upper_bound,86.6818,25.1632,8,0.1752,1.0306,3
s005462,construction_strict,expert_reference_upper_bound,86.5411,23.7039,8,0.5414,0.8995,3
s005463,motif_strict,expert_reference_upper_bound,80.1248,17.3585,8,0.2933,0.775,3
s005464,heritage_strict,expert_reference_upper_bound,85.4312,20.6469,8,0.4492,1.1622,1
s005465,visual_lenient,expert_reference_upper_bound,81.728,14.8523,8,0.2173,1.7107,3
s005466,balanced,expert_reference_upper_bound,83.9405,20.897,8,0.1507,1.307,1
s005467,construction_strict,expert_reference_upper_bound,82.7258,15.2835,8,0.2525,1.229,2
s005468,motif_strict,expert_reference_upper_bound,82.3562,18.8466,8,0.2129,1.1884,1
s005469,heritage_strict,expert_reference_upper_bound,85.0356,27.0789,8,0.3319,1.3381,3
s005470,visual_lenient,expert_reference_upper_bound,81.9155,15.9304,8,0.2019,0.6952,3
s005471,balanced,expert_reference_upper_bound,85.7981,17.558,8,0.2333,1.153,3
s005472,construction_strict,expert_reference_upper_bound,83.2733,18.5499,8,0.1377,1.3339,1
s005473,motif_strict,expert_reference_upper_bound,84.592,18.4632,8,0.2027,1.4077,2
s005474,heritage_strict,expert_reference_upper_bound,78.0455,14.9853,8,0.2438,1.2283,1
s005475,visual_lenient,expert_reference_upper_bound,83.0037,20.728,8,0.4579,1.7256,1
s005476,balanced,expert_reference_upper_bound,89.6782,28.8542,8,0.1312,0.9321,2
s005477,construction_strict,expert_reference_upper_bound,89.0458,26.7336,8,0.5252,0.6412,2
s005478,motif_strict,expert_reference_upper_bound,76.9221,19.1271,8,0.4965,1.3051,3
s005479,heritage_strict,expert_reference_upper_bound,86.5772,23.7363,8,0.2262,1.5885,3
s005480,visual_lenient,expert_reference_upper_bound,85.2922,18.3467,8,0.1405,1.4858,1
s005481,balanced,expert_reference_upper_bound,79.6516,18.3136,8,0.307,1.2804,3
s005482,construction_strict,expert_reference_upper_bound,86.9059,23.7699,8,0.4784,0.739,1
s005483,motif_strict,expert_reference_upper_bound,80.4322,20.7532,8,0.3763,1.0397,3
s005484,heritage_strict,expert_reference_upper_bound,87.1382,21.7896,8,0.4392,1.2193,2
s005485,visual_lenient,expert_reference_upper_bound,87.8105,21.7885,8,0.1091,0.9628,1
s005486,balanced,expert_reference_upper_bound,83.478,19.067,8,0.4744,1.0868,3
s005487,construction_strict,expert_reference_upper_bound,84.6691,22.4638,8,0.2149,1.1958,3
s005488,motif_strict,expert_reference_upper_bound,81.9664,17.051,8,0.4398,1.5054,2
s005489,heritage_strict,expert_reference_upper_bound,88.7707,28.2782,8,0.1724,0.9322,2
s005490,visual_lenient,expert_reference_upper_bound,87.97,23.1033,8,0.2645,1.0064,2
s005491,balanced,expert_reference_upper_bound,87.9253,27.2396,8,0.3008,0.5765,3
s005492,construction_strict,expert_reference_upper_bound,84.7378,25.1728,8,0.5357,0.8044,1
s005493,motif_strict,expert_reference_upper_bound,81.6739,18.9864,8,0.1416,0.9066,2
s005494,heritage_strict,expert_reference_upper_bound,85.9858,26.8663,8,0.1727,0.579,2
s005495,visual_lenient,expert_reference_upper_bound,82.0366,18.8643,8,0.4808,1.2203,2
s005496,balanced,expert_reference_upper_bound,83.8212,23.6361,8,0.1584,1.5211,2
s005497,construction_strict,expert_reference_upper_bound,78.3897,14.9326,8,0.4792,1.2974,3
s005498,motif_strict,expert_reference_upper_bound,86.1361,25.1436,8,0.4593,1.2819,2
s005499,heritage_strict,expert_reference_upper_bound,81.5907,17.1752,8,0.2667,0.74,1
s005500,visual_lenient,expert_reference_upper_bound,84.1679,24.4048,8,0.1287,1.1444,2
s005501,balanced,expert_reference_upper_bound,82.8191,18.6641,8,0.4078,1.7296,1
s005502,construction_strict,expert_reference_upper_bound,83.2359,23.8169,8,0.2848,1.3443,1
s005503,motif_strict,expert_reference_upper_bound,81.0892,22.0295,8,0.1284,1.7225,1
s005504,heritage_strict,expert_reference_upper_bound,84.5224,21.3821,8,0.4119,0.8964,1
s005505,visual_lenient,expert_reference_upper_bound,82.1543,22.2339,8,0.2969,1.726,3
s005506,balanced,expert_reference_upper_bound,83.2671,17.6964,8,0.4233,1.2351,1
s005507,construction_strict,expert_reference_upper_bound,86.5072,26.6726,8,0.5168,0.9339,1
s005508,motif_strict,expert_reference_upper_bound,89.0482,27.8864,8,0.1528,0.5598,2
s005509,heritage_strict,expert_reference_upper_bound,85.5258,15.8055,8,0.5445,0.8639,2
s005510,visual_lenient,expert_reference_upper_bound,82.0287,17.2754,8,0.3264,1.3443,3
s005511,balanced,expert_reference_upper_bound,83.8532,22.6149,8,0.3829,0.6353,3
s005512,construction_strict,expert_reference_upper_bound,83.0068,19.6955,8,0.1439,1.2456,2
s005513,motif_strict,expert_reference_upper_bound,80.1025,19.5875,8,0.4117,1.4093,3
s005514,heritage_strict,expert_reference_upper_bound,83.8381,20.5637,8,0.1487,0.6017,2
s005515,visual_lenient,expert_reference_upper_bound,80.8658,18.3068,8,0.2181,0.775,3
s005516,balanced,expert_reference_upper_bound,82.6771,21.4053,8,0.5152,0.6452,1
s005517,construction_strict,expert_reference_upper_bound,85.3686,25.0059,8,0.4165,0.6755,3
s005518,motif_strict,expert_reference_upper_bound,76.861,12.5564,8,0.2328,1.1712,1
s005519,heritage_strict,expert_reference_upper_bound,81.0984,17.3518,8,0.4557,1.5882,3
s005520,visual_lenient,expert_reference_upper_bound,86.144,25.4736,8,0.3075,1.3824,1
s005521,balanced,expert_reference_upper_bound,75.9144,15.9063,8,0.1256,1.7147,1
s005522,construction_strict,expert_reference_upper_bound,86.1825,23.149,8,0.4662,1.1694,1
s005523,motif_strict,expert_reference_upper_bound,83.0538,18.5048,8,0.1537,1.5975,2
s005524,heritage_strict,expert_reference_upper_bound,82.7777,13.7622,8,0.2241,1.5107,1
s005525,visual_lenient,expert_reference_upper_bound,82.0868,18.8974,8,0.4023,1.1055,3
s005526,balanced,expert_reference_upper_bound,80.8109,14.3416,8,0.4165,1.4515,2
s005527,construction_strict,expert_reference_upper_bound,86.4418,22.5403,8,0.325,1.4965,2
s005528,motif_strict,expert_reference_upper_bound,84.8819,21.1949,8,0.3096,0.5592,1
s005529,heritage_strict,expert_reference_upper_bound,76.5456,9.4952,8,0.1397,1.2434,3
s005530,visual_lenient,expert_reference_upper_bound,85.9298,22.3591,8,0.4473,1.3971,2
s005531,balanced,expert_reference_upper_bound,85.3704,16.5283,8,0.3878,0.9779,1
s005532,construction_strict,expert_reference_upper_bound,81.7767,17.9257,8,0.4145,0.9784,1
s005533,motif_strict,expert_reference_upper_bound,72.1691,7.6832,8,0.493,1.6361,2
s005534,heritage_strict,expert_reference_upper_bound,82.671,17.6315,8,0.1358,0.6714,2
s005535,visual_lenient,expert_reference_upper_bound,83.9009,23.407,8,0.2414,1.3414,1
s005536,balanced,expert_reference_upper_bound,83.1072,17.5224,8,0.2759,1.3361,2
s005537,construction_strict,expert_reference_upper_bound,77.4227,12.4389,8,0.1487,1.4058,2
s005538,motif_strict,expert_reference_upper_bound,84.2087,21.4411,8,0.3613,0.5735,3
s005539,heritage_strict,expert_reference_upper_bound,80.5027,16.9379,8,0.5063,1.4332,1
s005540,visual_lenient,expert_reference_upper_bound,83.9689,21.3428,8,0.5326,0.7138,2
s005541,balanced,expert_reference_upper_bound,88.1961,24.9133,8,0.1409,1.4461,1
s005542,construction_strict,expert_reference_upper_bound,79.7882,14.6485,8,0.3147,1.6772,3
s005543,motif_strict,expert_reference_upper_bound,77.6558,11.4135,8,0.5081,1.39,3
s005544,heritage_strict,expert_reference_upper_bound,78.69,18.1816,8,0.4019,1.2351,3
s005545,visual_lenient,expert_reference_upper_bound,83.6818,18.1663,8,0.4358,1.5015,3
s005546,balanced,expert_reference_upper_bound,84.0567,22.1003,8,0.3149,1.1658,3
s005547,construction_strict,expert_reference_upper_bound,84.6065,25.2948,8,0.2858,0.7245,2
s005548,motif_strict,expert_reference_upper_bound,82.5003,14.2424,8,0.3456,1.5156,1
s005549,heritage_strict,expert_reference_upper_bound,82.8235,21.8837,8,0.5335,1.0553,3
s005550,visual_lenient,expert_reference_upper_bound,81.7285,15.6921,8,0.3958,1.5722,2
s005551,balanced,expert_reference_upper_bound,84.6792,22.0687,8,0.3167,1.1969,2
s005552,construction_strict,expert_reference_upper_bound,81.777,19.1342,8,0.5048,0.9201,1
s005553,motif_strict,expert_reference_upper_bound,82.4631,15.3531,8,0.2371,1.5987,3
s005554,heritage_strict,expert_reference_upper_bound,82.3171,21.6359,8,0.5017,1.1192,2
s005555,visual_lenient,expert_reference_upper_bound,84.0648,18.6433,8,0.3018,1.321,1
s005556,balanced,expert_reference_upper_bound,84.2561,23.5111,8,0.4345,1.4122,1
s005557,construction_strict,expert_reference_upper_bound,85.1006,24.0576,8,0.1382,0.6073,1
s005558,motif_strict,expert_reference_upper_bound,86.4541,25.6142,8,0.1669,0.6437,1
s005559,heritage_strict,expert_reference_upper_bound,83.6186,21.7965,8,0.2706,1.1758,2
s005560,visual_lenient,expert_reference_upper_bound,83.5756,15.3694,8,0.4716,1.2257,2
s005561,balanced,expert_reference_upper_bound,87.974,24.187,8,0.3453,0.7096,2
s005562,construction_strict,expert_reference_upper_bound,84.1932,25.174,8,0.4372,0.7528,1
s005563,motif_strict,expert_reference_upper_bound,89.5587,27.0355,8,0.5005,0.796,3
s005564,heritage_strict,expert_reference_upper_bound,86.5183,24.6303,8,0.3368,1.0366,3
s005565,visual_lenient,expert_reference_upper_bound,81.3072,18.2866,8,0.3618,1.6805,3
s005566,balanced,expert_reference_upper_bound,83.1935,19.171,8,0.5338,1.1143,2
s005567,construction_strict,expert_reference_upper_bound,81.2614,15.684,8,0.4567,1.7028,1
s005568,motif_strict,expert_reference_upper_bound,87.8934,20.1935,8,0.4736,1.6994,1
s005569,heritage_strict,expert_reference_upper_bound,80.1629,19.9857,8,0.5091,0.8559,3
s005570,visual_lenient,expert_reference_upper_bound,83.5139,18.0294,8,0.1946,1.5915,2
s005571,balanced,expert_reference_upper_bound,86.1497,24.0022,8,0.2976,0.7835,3
s005572,construction_strict,expert_reference_upper_bound,84.4639,23.7444,8,0.156,1.5961,2
s005573,motif_strict,expert_reference_upper_bound,85.6588,23.5095,8,0.2934,0.607,1
s005574,heritage_strict,expert_reference_upper_bound,76.6776,16.4224,8,0.3427,1.51,3
s005575,visual_lenient,expert_reference_upper_bound,82.4159,14.4478,8,0.4979,1.7278,1
s005576,balanced,expert_reference_upper_bound,82.5697,21.0523,8,0.2358,0.7405,2
s005577,construction_strict,expert_reference_upper_bound,82.5492,20.5374,8,0.4343,1.4496,3
s005578,motif_strict,expert_reference_upper_bound,86.0152,28.1683,8,0.4759,0.9482,1
s005579,heritage_strict,expert_reference_upper_bound,83.1517,19.611,8,0.1386,0.6875,2
s005580,visual_lenient,expert_reference_upper_bound,86.4124,24.9907,8,0.3594,1.072,3
s005581,balanced,expert_reference_upper_bound,83.9422,18.0359,8,0.2153,0.8636,1
s005582,construction_strict,expert_reference_upper_bound,81.7611,16.6652,8,0.3648,0.675,3
s005583,motif_strict,expert_reference_upper_bound,81.528,22.1769,8,0.5106,1.6832,1
s005584,heritage_strict,expert_reference_upper_bound,85.1259,23.9553,8,0.1859,0.8655,3
s005585,visual_lenient,expert_reference_upper_bound,77.5747,9.7961,8,0.2987,1.1834,2
s005586,balanced,expert_reference_upper_bound,85.5099,18.1506,8,0.4473,1.2687,1
s005587,construction_strict,expert_reference_upper_bound,84.0006,24.0668,8,0.3395,1.7395,2
s005588,motif_strict,expert_reference_upper_bound,83.843,15.886,8,0.5274,1.1108,2
s005589,heritage_strict,expert_reference_upper_bound,86.598,19.9187,8,0.3248,0.8305,3
s005590,visual_lenient,expert_reference_upper_bound,81.5236,20.9083,8,0.1862,1.319,3
s005591,balanced,expert_reference_upper_bound,86.9264,25.324,8,0.2151,1.2353,3
s005592,construction_strict,expert_reference_upper_bound,79.5989,15.9639,8,0.1003,1.6581,2
s005593,motif_strict,expert_reference_upper_bound,82.3842,16.2498,8,0.1864,0.6935,3
s005594,heritage_strict,expert_reference_upper_bound,78.1318,16.996,8,0.2069,1.663,3
s005595,visual_lenient,expert_reference_upper_bound,86.1952,21.4384,8,0.3436,1.4023,1
s005596,balanced,expert_reference_upper_bound,83.7896,20.5623,8,0.4929,0.8649,2
s005597,construction_strict,expert_reference_upper_bound,79.347,13.4509,8,0.4154,1.7046,3
s005598,motif_strict,expert_reference_upper_bound,87.1782,22.8495,8,0.5402,0.8119,3
s005599,heritage_strict,expert_reference_upper_bound,77.7101,15.3163,8,0.1173,1.0302,1
s005600,visual_lenient,expert_reference_upper_bound,84.4569,17.4178,8,0.1406,0.8703,3
s005601,balanced,expert_reference_upper_bound,87.049,24.1326,8,0.1932,1.0879,3
s005602,construction_strict,expert_reference_upper_bound,79.9859,16.9065,8,0.1534,1.5639,2
s005603,motif_strict,expert_reference_upper_bound,81.921,14.476,8,0.317,1.6491,3
s005604,heritage_strict,expert_reference_upper_bound,79.7479,12.6232,8,0.3726,1.4367,3
s005605,visual_lenient,expert_reference_upper_bound,85.5825,19.5342,8,0.1139,1.5805,1
s005606,balanced,expert_reference_upper_bound,84.8986,22.835,8,0.5197,1.3099,3
s005607,construction_strict,expert_reference_upper_bound,84.2795,23.3011,8,0.2366,1.4942,1
s005608,motif_strict,expert_reference_upper_bound,78.7558,14.5483,8,0.5044,1.6426,2
s005609,heritage_strict,expert_reference_upper_bound,80.9893,20.2484,8,0.2906,0.8531,2
s005610,visual_lenient,expert_reference_upper_bound,84.5344,22.0589,8,0.4307,0.8906,2
s005611,balanced,expert_reference_upper_bound,86.2307,25.3277,8,0.1492,0.5778,3
s005612,construction_strict,expert_reference_upper_bound,83.2494,16.584,8,0.4118,1.0789,2
s005613,motif_strict,expert_reference_upper_bound,77.2091,10.2722,8,0.434,1.3992,2
s005614,heritage_strict,expert_reference_upper_bound,84.7728,23.5136,8,0.2121,0.9337,2
s005615,visual_lenient,expert_reference_upper_bound,77.6764,13.3878,8,0.2261,1.5398,2
s005616,balanced,expert_reference_upper_bound,85.8644,26.0025,8,0.2208,1.2212,1
s005617,construction_strict,expert_reference_upper_bound,87.506,24.1795,8,0.2129,1.0874,1
s005618,motif_strict,expert_reference_upper_bound,82.5235,23.0956,8,0.3326,0.7517,2
s005619,heritage_strict,expert_reference_upper_bound,83.5761,20.6965,8,0.4786,0.9727,1
s005620,visual_lenient,expert_reference_upper_bound,88.0808,24.1583,8,0.4298,1.5194,1
s005621,balanced,expert_reference_upper_bound,81.0629,14.4332,8,0.4954,1.485,3
s005622,construction_strict,expert_reference_upper_bound,85.537,20.5311,8,0.2931,1.6339,2
s005623,motif_strict,expert_reference_upper_bound,82.5295,17.7057,8,0.3856,0.7514,1
s005624,heritage_strict,expert_reference_upper_bound,86.0002,24.4828,8,0.3925,1.4664,3
s005625,visual_lenient,expert_reference_upper_bound,81.8006,16.4632,8,0.1359,1.3492,3
s005626,balanced,expert_reference_upper_bound,80.8914,16.7886,8,0.1334,0.8401,1
s005627,construction_strict,expert_reference_upper_bound,84.322,22.2062,8,0.2256,1.2059,1
s005628,motif_strict,expert_reference_upper_bound,78.9905,21.3416,8,0.4961,1.0322,2
s005629,heritage_strict,expert_reference_upper_bound,82.1036,18.9824,8,0.1377,1.0979,1
s005630,visual_lenient,expert_reference_upper_bound,84.0968,21.782,8,0.1343,0.7357,2
s005631,balanced,expert_reference_upper_bound,84.062,20.1458,8,0.3262,1.1351,1
s005632,construction_strict,expert_reference_upper_bound,89.0654,27.2552,8,0.3466,0.6016,1
s005633,motif_strict,expert_reference_upper_bound,78.5835,16.8324,8,0.4894,0.5547,1
s005634,heritage_strict,expert_reference_upper_bound,77.089,12.5996,8,0.4174,1.6087,1
s005635,visual_lenient,expert_reference_upper_bound,83.0904,19.0581,8,0.2581,0.8659,3
s005636,balanced,expert_reference_upper_bound,88.0132,24.3271,8,0.4915,0.7172,2
s005637,construction_strict,expert_reference_upper_bound,81.6964,14.8041,8,0.489,1.7173,1
s005638,motif_strict,expert_reference_upper_bound,83.0321,19.7214,8,0.2868,1.7075,3
s005639,heritage_strict,expert_reference_upper_bound,84.1475,19.1094,8,0.1838,0.9162,1
s005640,visual_lenient,expert_reference_upper_bound,84.4678,17.9256,8,0.1915,1.2205,3
s005641,balanced,expert_reference_upper_bound,80.1913,17.4259,8,0.2388,1.0617,3
s005642,construction_strict,expert_reference_upper_bound,83.8873,17.8469,8,0.2214,1.6205,3
s005643,motif_strict,expert_reference_upper_bound,78.6496,18.579,8,0.2034,1.2404,2
s005644,heritage_strict,expert_reference_upper_bound,82.9247,20.3268,8,0.3085,1.3298,1
s005645,visual_lenient,expert_reference_upper_bound,86.1679,24.7176,8,0.2709,1.7497,1
s005646,balanced,expert_reference_upper_bound,80.7952,11.9523,8,0.4456,1.6301,3
s005647,construction_strict,expert_reference_upper_bound,84.918,17.4849,8,0.3073,1.4988,1
s005648,motif_strict,expert_reference_upper_bound,82.7754,21.971,8,0.4114,1.1448,1
s005649,heritage_strict,expert_reference_upper_bound,81.1883,17.2495,8,0.3994,0.7559,1
s005650,visual_lenient,expert_reference_upper_bound,83.8062,19.9794,8,0.313,1.4471,3
s005651,balanced,expert_reference_upper_bound,90.4216,28.7744,8,0.3365,0.7077,2
s005652,construction_strict,expert_reference_upper_bound,87.1266,23.2011,8,0.498,0.7461,3
s005653,motif_strict,expert_reference_upper_bound,85.674,24.5602,8,0.1495,1.3968,3
s005654,heritage_strict,expert_reference_upper_bound,81.4926,20.4702,8,0.1544,1.6676,1
s005655,visual_lenient,expert_reference_upper_bound,85.0015,20.7375,8,0.5107,1.3087,1
s005656,balanced,expert_reference_upper_bound,82.4977,22.2788,8,0.3659,1.7445,2
s005657,construction_strict,expert_reference_upper_bound,86.0147,20.4326,8,0.2412,0.7805,2
s005658,motif_strict,expert_reference_upper_bound,85.872,21.8407,8,0.4538,1.1405,2
s005659,heritage_strict,expert_reference_upper_bound,84.3481,22.7589,8,0.2695,0.9219,3
s005660,visual_lenient,expert_reference_upper_bound,86.1515,21.369,8,0.3024,1.1944,1
s005661,balanced,expert_reference_upper_bound,81.9606,22.0502,8,0.3338,1.0528,3
s005662,construction_strict,expert_reference_upper_bound,83.842,20.5665,8,0.4168,1.5599,2
s005663,motif_strict,expert_reference_upper_bound,83.265,17.6174,8,0.1311,0.6248,3
s005664,heritage_strict,expert_reference_upper_bound,84.5391,19.565,8,0.4301,0.9636,3
s005665,visual_lenient,expert_reference_upper_bound,87.3795,23.795,8,0.2329,1.1928,1
s005666,balanced,expert_reference_upper_bound,86.1146,24.7997,8,0.5413,0.8793,2
s005667,construction_strict,expert_reference_upper_bound,80.0297,15.8522,8,0.3624,0.8006,3
s005668,motif_strict,expert_reference_upper_bound,79.8396,19.8892,8,0.1922,0.6071,1
s005669,heritage_strict,expert_reference_upper_bound,82.3973,15.9222,8,0.4609,0.7487,3
s005670,visual_lenient,expert_reference_upper_bound,82.0586,20.6801,8,0.2076,1.5737,3
s005671,balanced,expert_reference_upper_bound,78.9809,16.5915,8,0.4673,1.471,2
s005672,construction_strict,expert_reference_upper_bound,85.2495,19.7388,8,0.2362,1.2453,2
s005673,motif_strict,expert_reference_upper_bound,80.7662,19.1243,8,0.1901,1.3808,1
s005674,heritage_strict,expert_reference_upper_bound,88.5297,27.4123,8,0.3223,1.0921,1
s005675,visual_lenient,expert_reference_upper_bound,84.6688,22.689,8,0.3806,1.6862,3
s005676,balanced,expert_reference_upper_bound,87.0558,23.5638,8,0.5349,0.5611,2
s005677,construction_strict,expert_reference_upper_bound,83.1801,21.0566,8,0.237,1.1709,2
s005678,motif_strict,expert_reference_upper_bound,84.5774,22.3436,8,0.2723,1.6634,1
s005679,heritage_strict,expert_reference_upper_bound,83.7841,21.0683,8,0.2791,1.4583,3
s005680,visual_lenient,expert_reference_upper_bound,83.5457,21.0878,8,0.2444,0.5967,1
s005681,balanced,expert_reference_upper_bound,80.0228,15.155,8,0.1529,1.1557,2
s005682,construction_strict,expert_reference_upper_bound,85.9625,26.7164,8,0.5277,1.4116,3
s005683,motif_strict,expert_reference_upper_bound,81.1964,17.3092,8,0.3478,1.1937,1
s005684,heritage_strict,expert_reference_upper_bound,81.6952,16.8967,8,0.4227,1.585,2
s005685,visual_lenient,expert_reference_upper_bound,78.7435,16.5748,8,0.134,1.3136,3
s005686,balanced,expert_reference_upper_bound,84.2971,19.7777,8,0.3265,1.4524,2
s005687,construction_strict,expert_reference_upper_bound,81.1436,19.3384,8,0.3104,0.7699,1
s005688,motif_strict,expert_reference_upper_bound,79.6123,16.6997,8,0.1876,1.7012,2
s005689,heritage_strict,expert_reference_upper_bound,83.0538,15.1932,8,0.1152,1.503,1
s005690,visual_lenient,expert_reference_upper_bound,81.7266,19.5892,8,0.1069,1.5389,3
s005691,balanced,expert_reference_upper_bound,84.8239,17.0833,8,0.5242,1.16,2
s005692,construction_strict,expert_reference_upper_bound,79.626,18.1918,8,0.4814,1.5047,2
s005693,motif_strict,expert_reference_upper_bound,80.3938,13.4108,8,0.2317,1.7254,3
s005694,heritage_strict,expert_reference_upper_bound,85.7102,24.0036,8,0.3771,0.561,1
s005695,visual_lenient,expert_reference_upper_bound,88.3897,24.563,8,0.4124,0.5634,2
s005696,balanced,expert_reference_upper_bound,82.7842,14.7091,8,0.2816,1.5869,3
s005697,construction_strict,expert_reference_upper_bound,85.7835,26.6104,8,0.5319,0.9631,3
s005698,motif_strict,expert_reference_upper_bound,88.4508,24.2874,8,0.4576,1.3709,3
s005699,heritage_strict,expert_reference_upper_bound,84.6695,22.323,8,0.4895,1.7097,2
s005700,visual_lenient,expert_reference_upper_bound,90.1824,27.5884,8,0.2172,0.9167,3
s005701,balanced,expert_reference_upper_bound,84.655,23.6316,8,0.5048,0.5662,2
s005702,construction_strict,expert_reference_upper_bound,88.465,27.9943,8,0.2385,0.9136,1
s005703,motif_strict,expert_reference_upper_bound,81.3478,19.4679,8,0.4332,1.7467,2
s005704,heritage_strict,expert_reference_upper_bound,80.4735,15.2646,8,0.2889,1.086,1
s005705,visual_lenient,expert_reference_upper_bound,86.4515,19.43,8,0.2938,1.0681,3
s005706,balanced,expert_reference_upper_bound,88.0144,26.5516,8,0.3224,0.9089,2
s005707,construction_strict,expert_reference_upper_bound,81.0177,15.2354,8,0.4315,1.2358,2
s005708,motif_strict,expert_reference_upper_bound,77.6938,12.6015,8,0.4864,1.0691,3
s005709,heritage_strict,expert_reference_upper_bound,82.3575,19.0736,8,0.2319,0.7454,3
s005710,visual_lenient,expert_reference_upper_bound,81.9769,19.8195,8,0.4311,1.0458,2
s005711,balanced,expert_reference_upper_bound,88.3791,28.4872,8,0.4424,1.4441,1
s005712,construction_strict,expert_reference_upper_bound,87.0154,19.8068,8,0.5421,1.2222,3
s005713,motif_strict,expert_reference_upper_bound,87.2802,28.3351,8,0.3446,0.8109,3
s005714,heritage_strict,expert_reference_upper_bound,87.2848,22.3585,8,0.4113,0.7737,3
s005715,visual_lenient,expert_reference_upper_bound,87.6991,27.4199,8,0.2385,0.8699,1
s005716,balanced,expert_reference_upper_bound,84.4557,20.6632,8,0.1543,1.6764,2
s005717,construction_strict,expert_reference_upper_bound,86.8739,24.7792,8,0.3722,0.7877,3
s005718,motif_strict,expert_reference_upper_bound,83.3633,21.8828,8,0.1071,0.6531,1
s005719,heritage_strict,expert_reference_upper_bound,84.6127,23.0118,8,0.2054,0.7656,3
s005720,visual_lenient,expert_reference_upper_bound,82.9553,22.753,8,0.1035,1.2221,3
s005721,balanced,expert_reference_upper_bound,84.2813,19.6272,8,0.264,0.9876,1
s005722,construction_strict,expert_reference_upper_bound,86.6516,23.902,8,0.2565,0.9562,1
s005723,motif_strict,expert_reference_upper_bound,83.8124,25.2087,8,0.1006,0.8175,1
s005724,heritage_strict,expert_reference_upper_bound,80.4099,21.0384,8,0.3932,0.9559,3
s005725,visual_lenient,expert_reference_upper_bound,82.452,17.207,8,0.1863,0.9005,2
s005726,balanced,expert_reference_upper_bound,85.6653,24.703,8,0.325,0.8783,2
s005727,construction_strict,expert_reference_upper_bound,84.0522,18.4415,8,0.3487,1.2665,1
s005728,motif_strict,expert_reference_upper_bound,85.0834,21.2583,8,0.293,1.3528,3
s005729,heritage_strict,expert_reference_upper_bound,80.5577,11.2395,8,0.3198,1.2317,3
s005730,visual_lenient,expert_reference_upper_bound,82.2574,21.6684,8,0.3467,1.7133,1
s005731,balanced,expert_reference_upper_bound,80.4834,18.1568,8,0.3707,1.4402,1
s005732,construction_strict,expert_reference_upper_bound,84.7989,23.4833,8,0.5368,1.3064,2
s005733,motif_strict,expert_reference_upper_bound,81.195,19.6278,8,0.1109,1.0291,2
s005734,heritage_strict,expert_reference_upper_bound,83.6772,21.6206,8,0.4381,1.009,3
s005735,visual_lenient,expert_reference_upper_bound,80.741,19.8495,8,0.4022,0.8062,3
s005736,balanced,expert_reference_upper_bound,83.7584,19.7483,8,0.1097,1.3561,1
s005737,construction_strict,expert_reference_upper_bound,82.1619,20.5407,8,0.2344,1.2375,3
s005738,motif_strict,expert_reference_upper_bound,77.353,14.7677,8,0.4863,0.5648,2
s005739,heritage_strict,expert_reference_upper_bound,84.7578,20.9567,8,0.189,1.5283,1
s005740,visual_lenient,expert_reference_upper_bound,84.8325,20.7699,8,0.2372,0.7784,3
s005741,balanced,expert_reference_upper_bound,82.1587,16.0796,8,0.539,1.3044,3
s005742,construction_strict,expert_reference_upper_bound,83.6088,21.3866,8,0.347,0.5633,1
s005743,motif_strict,expert_reference_upper_bound,80.1705,12.0758,8,0.3494,1.0991,2
s005744,heritage_strict,expert_reference_upper_bound,84.73,22.5311,8,0.2671,0.5653,1
s005745,visual_lenient,expert_reference_upper_bound,86.0056,22.3771,8,0.4476,0.5704,1
s005746,balanced,expert_reference_upper_bound,87.2254,20.111,8,0.3498,0.9298,3
s005747,construction_strict,expert_reference_upper_bound,88.2099,22.3283,8,0.5459,0.853,1
s005748,motif_strict,expert_reference_upper_bound,78.422,12.3645,8,0.3714,1.6507,1
s005749,heritage_strict,expert_reference_upper_bound,85.3771,25.0851,8,0.4247,1.132,2
s005750,visual_lenient,expert_reference_upper_bound,88.8002,23.8558,8,0.5153,1.4255,1
s005751,balanced,expert_reference_upper_bound,80.3493,17.4845,8,0.2576,1.3899,2
s005752,construction_strict,expert_reference_upper_bound,87.3352,24.0404,8,0.3905,1.0379,1
s005753,motif_strict,expert_reference_upper_bound,82.8211,21.0579,8,0.3994,0.9155,2
s005754,heritage_strict,expert_reference_upper_bound,85.0737,22.5358,8,0.1693,1.2706,1
s005755,visual_lenient,expert_reference_upper_bound,83.1063,20.2367,8,0.4415,1.0065,1
s005756,balanced,expert_reference_upper_bound,80.195,18.6876,8,0.4961,1.5472,1
s005757,construction_strict,expert_reference_upper_bound,79.811,17.7727,8,0.4264,0.6455,1
s005758,motif_strict,expert_reference_upper_bound,85.0945,20.5605,8,0.1422,0.9264,1
s005759,heritage_strict,expert_reference_upper_bound,85.6967,24.2506,8,0.1053,0.6061,2
s005760,visual_lenient,expert_reference_upper_bound,84.2361,16.1336,8,0.4357,0.9709,1
s005761,balanced,expert_reference_upper_bound,83.3659,21.1725,8,0.1953,1.4207,1
s005762,construction_strict,expert_reference_upper_bound,83.2912,18.507,8,0.3393,1.0938,1
s005763,motif_strict,expert_reference_upper_bound,85.6576,21.3263,8,0.4465,0.9562,3
s005764,heritage_strict,expert_reference_upper_bound,86.0698,22.2583,8,0.1484,1.2575,2
s005765,visual_lenient,expert_reference_upper_bound,84.6497,15.4856,8,0.4963,1.0958,3
s005766,balanced,expert_reference_upper_bound,83.9651,21.843,8,0.4391,0.7803,2
s005767,construction_strict,expert_reference_upper_bound,86.3051,23.9722,8,0.2089,0.748,1
s005768,motif_strict,expert_reference_upper_bound,79.8745,17.0085,8,0.2595,1.3426,3
s005769,heritage_strict,expert_reference_upper_bound,85.6497,24.2553,8,0.5315,1.7426,2
s005770,visual_lenient,expert_reference_upper_bound,82.5786,23.8946,8,0.3177,1.4344,1
s005771,balanced,expert_reference_upper_bound,78.5163,13.6748,8,0.3665,1.5747,1
s005772,construction_strict,expert_reference_upper_bound,80.5307,18.9353,8,0.4424,1.6608,3
s005773,motif_strict,expert_reference_upper_bound,83.0386,24.2811,8,0.1847,1.242,3
s005774,heritage_strict,expert_reference_upper_bound,85.1351,24.1491,8,0.1383,1.1468,1
s005775,visual_lenient,expert_reference_upper_bound,86.0002,22.8123,8,0.2895,0.7347,1
s005776,balanced,expert_reference_upper_bound,78.1005,15.4709,8,0.1936,1.2283,1
s005777,construction_strict,expert_reference_upper_bound,84.2793,23.443,8,0.2157,1.6317,1
s005778,motif_strict,expert_reference_upper_bound,80.0757,15.3469,8,0.5083,0.657,2
s005779,heritage_strict,expert_reference_upper_bound,84.4644,21.1099,8,0.2196,0.8042,2
s005780,visual_lenient,expert_reference_upper_bound,86.7251,25.9176,8,0.1876,1.5527,3
s005781,balanced,expert_reference_upper_bound,81.0044,22.6265,8,0.2762,1.7027,2
s005782,construction_strict,expert_reference_upper_bound,78.8898,16.1213,8,0.1398,0.7767,2
s005783,motif_strict,expert_reference_upper_bound,85.2819,15.6915,8,0.4104,1.277,2
s005784,heritage_strict,expert_reference_upper_bound,85.2606,20.9932,8,0.4244,1.3217,2
s005785,visual_lenient,expert_reference_upper_bound,84.9521,18.1303,8,0.3583,1.3332,2
s005786,balanced,expert_reference_upper_bound,77.7459,14.8694,8,0.5173,1.3225,3
s005787,construction_strict,expert_reference_upper_bound,85.876,20.688,8,0.1827,1.41,2
s005788,motif_strict,expert_reference_upper_bound,83.2631,23.0989,8,0.2726,1.0136,1
s005789,heritage_strict,expert_reference_upper_bound,88.3605,25.3003,8,0.1898,0.9857,2
s005790,visual_lenient,expert_reference_upper_bound,84.8458,14.9895,8,0.3782,1.6606,1
s005791,balanced,expert_reference_upper_bound,89.9408,29.1143,8,0.2498,1.2398,2
s005792,construction_strict,expert_reference_upper_bound,87.043,21.1912,8,0.3008,1.1695,1
s005793,motif_strict,expert_reference_upper_bound,83.2589,18.3205,8,0.3166,1.5019,3
s005794,heritage_strict,expert_reference_upper_bound,83.1009,22.7297,8,0.3479,0.5998,1
s005795,visual_lenient,expert_reference_upper_bound,83.4122,18.6154,8,0.4143,0.6751,1
s005796,balanced,expert_reference_upper_bound,83.2819,15.3136,8,0.2267,1.5637,3
s005797,construction_strict,expert_reference_upper_bound,79.2545,14.9117,8,0.3825,1.3049,2
s005798,motif_strict,expert_reference_upper_bound,83.6942,17.3957,8,0.2861,0.817,3
s005799,heritage_strict,expert_reference_upper_bound,82.6849,17.0361,8,0.3429,1.568,2
s005800,visual_lenient,expert_reference_upper_bound,87.5857,21.7161,8,0.4732,0.9707,2
s005801,balanced,expert_reference_upper_bound,87.6606,25.1096,8,0.1292,0.6913,3
s005802,construction_strict,expert_reference_upper_bound,87.514,25.3242,8,0.1192,1.0953,1
s005803,motif_strict,expert_reference_upper_bound,80.7892,18.2968,8,0.3062,0.6192,2
s005804,heritage_strict,expert_reference_upper_bound,86.2953,21.2555,8,0.263,1.1717,1
s005805,visual_lenient,expert_reference_upper_bound,83.6115,22.1336,8,0.2919,1.3484,1
s005806,balanced,expert_reference_upper_bound,84.8569,19.4559,8,0.2423,1.5973,2
s005807,construction_strict,expert_reference_upper_bound,83.8866,18.9489,8,0.3909,0.6596,3
s005808,motif_strict,expert_reference_upper_bound,76.7211,16.1813,8,0.3148,1.4414,2
s005809,heritage_strict,expert_reference_upper_bound,85.1939,21.3285,8,0.3223,1.1155,2
s005810,visual_lenient,expert_reference_upper_bound,82.2907,19.8196,8,0.5048,0.9883,2
s005811,balanced,expert_reference_upper_bound,80.9494,12.4409,8,0.4998,1.4172,1
s005812,construction_strict,expert_reference_upper_bound,80.3256,15.3051,8,0.1508,0.9688,2
s005813,motif_strict,expert_reference_upper_bound,80.0298,20.5164,8,0.3615,1.3043,3
s005814,heritage_strict,expert_reference_upper_bound,83.3447,22.8698,8,0.1926,0.8859,3
s005815,visual_lenient,expert_reference_upper_bound,81.3746,16.8308,8,0.4709,1.6905,3
s005816,balanced,expert_reference_upper_bound,81.4536,19.8007,8,0.3617,1.7287,2
s005817,construction_strict,expert_reference_upper_bound,77.8583,15.7787,8,0.1704,0.5614,3
s005818,motif_strict,expert_reference_upper_bound,85.4023,27.4214,8,0.5445,1.3794,3
s005819,heritage_strict,expert_reference_upper_bound,80.4407,12.4609,8,0.4438,1.7063,3
s005820,visual_lenient,expert_reference_upper_bound,86.6764,28.0291,8,0.4305,1.75,3
s005821,balanced,expert_reference_upper_bound,87.6521,24.4554,8,0.1041,1.0273,1
s005822,construction_strict,expert_reference_upper_bound,86.0048,21.9098,8,0.4915,1.5034,3
s005823,motif_strict,expert_reference_upper_bound,82.9672,18.7142,8,0.2581,1.0635,2
s005824,heritage_strict,expert_reference_upper_bound,87.0141,20.0165,8,0.4927,1.3551,3
s005825,visual_lenient,expert_reference_upper_bound,81.1953,14.2075,8,0.1256,1.2854,3
s005826,balanced,expert_reference_upper_bound,83.3345,22.0957,8,0.3978,1.5074,3
s005827,construction_strict,expert_reference_upper_bound,81.5444,13.887,8,0.4361,1.043,1
s005828,motif_strict,expert_reference_upper_bound,82.077,18.7137,8,0.2864,1.0423,2
s005829,heritage_strict,expert_reference_upper_bound,86.4418,28.7537,8,0.4968,1.0118,1
s005830,visual_lenient,expert_reference_upper_bound,87.2439,25.3214,8,0.3662,1.5817,3
s005831,balanced,expert_reference_upper_bound,84.4409,20.351,8,0.1238,1.1691,3
s005832,construction_strict,expert_reference_upper_bound,83.238,21.9192,8,0.189,1.4147,2
s005833,motif_strict,expert_reference_upper_bound,80.1013,16.4663,8,0.3212,1.5276,3
s005834,heritage_strict,expert_reference_upper_bound,82.3511,23.6719,8,0.155,0.8266,3
s005835,visual_lenient,expert_reference_upper_bound,86.0072,24.1644,8,0.2133,0.6136,3
s005836,balanced,expert_reference_upper_bound,85.7398,25.2786,8,0.1818,1.4261,3
s005837,construction_strict,expert_reference_upper_bound,83.5363,20.9054,8,0.3625,1.4664,1
s005838,motif_strict,expert_reference_upper_bound,82.4042,23.4848,8,0.2904,1.1821,3
s005839,heritage_strict,expert_reference_upper_bound,77.2796,16.0081,8,0.104,1.3537,1
s005840,visual_lenient,expert_reference_upper_bound,85.3133,13.3005,8,0.1152,1.5614,2
s005841,balanced,expert_reference_upper_bound,85.4335,23.5597,8,0.3881,0.5608,1
s005842,construction_strict,expert_reference_upper_bound,82.8112,21.3932,8,0.5174,1.6087,2
s005843,motif_strict,expert_reference_upper_bound,87.9168,26.7236,8,0.3979,1.1037,1
s005844,heritage_strict,expert_reference_upper_bound,81.215,19.241,8,0.3592,0.9789,1
s005845,visual_lenient,expert_reference_upper_bound,87.5671,24.148,8,0.4821,0.7901,1
s005846,balanced,expert_reference_upper_bound,85.7473,20.84,8,0.281,1.0654,3
s005847,construction_strict,expert_reference_upper_bound,86.6582,23.092,8,0.5341,0.6087,2
s005848,motif_strict,expert_reference_upper_bound,82.8703,22.9144,8,0.2621,0.7058,1
s005849,heritage_strict,expert_reference_upper_bound,83.2946,15.3617,8,0.4437,1.6243,1
s005850,visual_lenient,expert_reference_upper_bound,81.1349,18.8352,8,0.3414,1.4157,1
s005851,balanced,expert_reference_upper_bound,81.6395,22.6531,8,0.3212,1.7336,2
s005852,construction_strict,expert_reference_upper_bound,86.1133,23.8928,8,0.5062,1.1603,1
s005853,motif_strict,expert_reference_upper_bound,79.4476,11.2876,8,0.1014,1.1099,3
s005854,heritage_strict,expert_reference_upper_bound,83.4219,23.1289,8,0.2146,1.1863,3
s005855,visual_lenient,expert_reference_upper_bound,79.3023,16.3466,8,0.4671,1.5642,2
s005856,balanced,expert_reference_upper_bound,85.0746,20.8067,8,0.1485,0.8349,3
s005857,construction_strict,expert_reference_upper_bound,81.436,20.2738,8,0.3143,0.7172,2
s005858,motif_strict,expert_reference_upper_bound,84.1397,17.7987,8,0.2373,1.1582,3
s005859,heritage_strict,expert_reference_upper_bound,85.6954,21.9002,8,0.4675,1.4512,2
s005860,visual_lenient,expert_reference_upper_bound,81.8197,14.5367,8,0.4419,1.2309,1
s005861,balanced,expert_reference_upper_bound,84.0639,22.0626,8,0.1668,1.4222,3
s005862,construction_strict,expert_reference_upper_bound,84.7274,23.5001,8,0.1107,1.2916,1
s005863,motif_strict,expert_reference_upper_bound,84.2087,20.5303,8,0.4425,1.1842,3
s005864,heritage_strict,expert_reference_upper_bound,82.7891,17.7505,8,0.2093,1.551,3
s005865,visual_lenient,expert_reference_upper_bound,80.6897,20.1437,8,0.4547,1.0674,3
s005866,balanced,expert_reference_upper_bound,83.2391,18.2221,8,0.4073,1.1956,3
s005867,construction_strict,expert_reference_upper_bound,85.1758,23.9325,8,0.3884,0.5675,2
s005868,motif_strict,expert_reference_upper_bound,88.5727,29.9782,8,0.2949,0.7793,3
s005869,heritage_strict,expert_reference_upper_bound,78.6518,16.1174,8,0.3886,1.4049,3
s005870,visual_lenient,expert_reference_upper_bound,82.8776,20.6563,8,0.5449,0.7825,2
s005871,balanced,expert_reference_upper_bound,81.3715,15.4556,8,0.2037,1.6262,3
s005872,construction_strict,expert_reference_upper_bound,89.0886,27.2772,8,0.1969,1.3679,1
s005873,motif_strict,expert_reference_upper_bound,87.5286,23.5872,8,0.1017,0.7925,2
s005874,heritage_strict,expert_reference_upper_bound,79.899,16.1679,8,0.1153,1.3042,2
s005875,visual_lenient,expert_reference_upper_bound,84.9421,22.8519,8,0.4855,1.442,3
s005876,balanced,expert_reference_upper_bound,84.3204,17.529,8,0.2522,1.703,2
s005877,construction_strict,expert_reference_upper_bound,86.8311,23.2997,8,0.2167,1.212,1
s005878,motif_strict,expert_reference_upper_bound,80.189,17.4512,8,0.2927,0.6842,1
s005879,heritage_strict,expert_reference_upper_bound,82.6652,19.3899,8,0.5241,1.4733,3
s005880,visual_lenient,expert_reference_upper_bound,83.0907,19.2391,8,0.1987,1.0227,1
s005881,balanced,expert_reference_upper_bound,80.7112,21.9828,8,0.4674,1.6491,2
s005882,construction_strict,expert_reference_upper_bound,86.3866,24.1047,8,0.3367,1.0563,2
s005883,motif_strict,expert_reference_upper_bound,85.2917,22.7641,8,0.2544,1.0714,1
s005884,heritage_strict,expert_reference_upper_bound,79.6975,19.4907,8,0.2181,1.3256,3
s005885,visual_lenient,expert_reference_upper_bound,85.8379,22.0802,8,0.2272,0.6236,2
s005886,balanced,expert_reference_upper_bound,83.2873,23.8676,8,0.2966,1.7308,2
s005887,construction_strict,expert_reference_upper_bound,84.0727,24.4506,8,0.129,1.4558,2
s005888,motif_strict,expert_reference_upper_bound,81.067,22.195,8,0.302,1.1221,3
s005889,heritage_strict,expert_reference_upper_bound,84.5759,20.4663,8,0.1019,0.6854,1
s005890,visual_lenient,expert_reference_upper_bound,80.8352,15.8887,8,0.2348,0.9318,2
s005891,balanced,expert_reference_upper_bound,84.7524,25.5809,8,0.438,1.7384,2
s005892,construction_strict,expert_reference_upper_bound,83.8993,23.2839,8,0.5218,1.5146,3
s005893,motif_strict,expert_reference_upper_bound,77.4404,10.6893,8,0.2801,1.6533,1
s005894,heritage_strict,expert_reference_upper_bound,78.7196,14.8199,8,0.1199,1.1181,2
s005895,visual_lenient,expert_reference_upper_bound,86.4614,21.3081,8,0.2786,1.2709,3
s005896,balanced,expert_reference_upper_bound,85.1899,24.8797,8,0.3174,0.8912,2
s005897,construction_strict,expert_reference_upper_bound,79.1364,12.4689,8,0.1315,1.6524,3
s005898,motif_strict,expert_reference_upper_bound,81.7497,17.0366,8,0.4725,0.9741,3
s005899,heritage_strict,expert_reference_upper_bound,81.5093,16.5236,8,0.4883,1.1197,2
s005900,visual_lenient,expert_reference_upper_bound,84.0163,17.9961,8,0.3398,1.6827,2
s005901,balanced,expert_reference_upper_bound,84.1481,21.6215,8,0.1716,1.3268,1
s005902,construction_strict,expert_reference_upper_bound,85.5128,20.5422,8,0.5082,1.7057,2
s005903,motif_strict,expert_reference_upper_bound,84.9279,26.4166,8,0.2141,1.6817,3
s005904,heritage_strict,expert_reference_upper_bound,80.6761,17.627,8,0.1955,1.5542,1
s005905,visual_lenient,expert_reference_upper_bound,87.1039,22.4655,8,0.1249,1.3459,3
s005906,balanced,expert_reference_upper_bound,85.0469,25.8612,8,0.2336,1.3059,1
s005907,construction_strict,expert_reference_upper_bound,90.1164,28.5737,8,0.2714,1.0376,1
s005908,motif_strict,expert_reference_upper_bound,80.705,17.0772,8,0.441,1.3512,3
s005909,heritage_strict,expert_reference_upper_bound,86.1192,24.7013,8,0.1905,1.0033,1
s005910,visual_lenient,expert_reference_upper_bound,82.8077,18.6535,8,0.2387,0.8656,1
s005911,balanced,expert_reference_upper_bound,81.9029,15.7388,8,0.1526,1.6927,3
s005912,construction_strict,expert_reference_upper_bound,90.7851,33.8174,8,0.4112,0.7532,3
s005913,motif_strict,expert_reference_upper_bound,87.7908,23.7632,8,0.2627,0.7562,1
s005914,heritage_strict,expert_reference_upper_bound,87.0337,21.6673,8,0.4128,1.1441,1
s005915,visual_lenient,expert_reference_upper_bound,83.0606,16.5227,8,0.4995,0.7224,1
s005916,balanced,expert_reference_upper_bound,81.2476,17.0336,8,0.4465,1.48,2
s005917,construction_strict,expert_reference_upper_bound,94.0038,34.4965,8,0.4084,0.672,2
s005918,motif_strict,expert_reference_upper_bound,85.8798,25.7266,8,0.2204,0.676,2
s005919,heritage_strict,expert_reference_upper_bound,85.865,23.9495,8,0.1773,1.4816,3
s005920,visual_lenient,expert_reference_upper_bound,83.3053,16.6867,8,0.5491,0.6363,2
s005921,balanced,expert_reference_upper_bound,85.7939,20.7798,8,0.2611,1.1506,1
s005922,construction_strict,expert_reference_upper_bound,79.9235,17.525,8,0.449,1.5839,2
s005923,motif_strict,expert_reference_upper_bound,86.8544,25.4944,8,0.3105,0.8293,3
s005924,heritage_strict,expert_reference_upper_bound,85.2898,18.0437,8,0.1773,1.0011,2
s005925,visual_lenient,expert_reference_upper_bound,80.8531,12.2284,8,0.172,1.7303,2
s005926,balanced,expert_reference_upper_bound,79.0269,13.4139,8,0.3832,1.4678,1
s005927,construction_strict,expert_reference_upper_bound,86.4848,24.2067,8,0.3723,1.427,2
s005928,motif_strict,expert_reference_upper_bound,77.567,15.6048,8,0.3691,0.8779,1
s005929,heritage_strict,expert_reference_upper_bound,78.1601,18.7615,8,0.3353,0.9812,3
s005930,visual_lenient,expert_reference_upper_bound,79.2591,16.9034,8,0.2209,0.7051,2
s005931,balanced,expert_reference_upper_bound,83.5972,19.9945,8,0.1428,1.1697,3
s005932,construction_strict,expert_reference_upper_bound,81.3713,22.2243,8,0.2436,0.7028,2
s005933,motif_strict,expert_reference_upper_bound,77.2837,14.5328,8,0.4096,1.4533,1
s005934,heritage_strict,expert_reference_upper_bound,80.9507,14.5005,8,0.3493,1.3604,1
s005935,visual_lenient,expert_reference_upper_bound,81.4328,16.1065,8,0.4415,0.9571,2
s005936,balanced,expert_reference_upper_bound,85.8088,24.8576,8,0.3229,1.7415,2
s005937,construction_strict,expert_reference_upper_bound,85.0814,19.6131,8,0.2459,0.9641,1
s005938,motif_strict,expert_reference_upper_bound,79.852,17.7216,8,0.4844,1.4163,3
s005939,heritage_strict,expert_reference_upper_bound,85.9647,26.6008,8,0.4236,1.0086,1
s005940,visual_lenient,expert_reference_upper_bound,80.001,17.6008,8,0.1662,1.3242,1
s005941,balanced,expert_reference_upper_bound,80.2806,17.6266,8,0.4655,0.6848,2
s005942,construction_strict,expert_reference_upper_bound,88.7736,28.0225,8,0.5107,0.896,1
s005943,motif_strict,expert_reference_upper_bound,80.6247,16.4281,8,0.4937,0.7919,2
s005944,heritage_strict,expert_reference_upper_bound,81.1186,19.2407,8,0.2022,1.3651,2
s005945,visual_lenient,expert_reference_upper_bound,85.9375,20.7097,8,0.3607,1.1178,2
s005946,balanced,expert_reference_upper_bound,85.5224,20.2521,8,0.1912,1.5816,3
s005947,construction_strict,expert_reference_upper_bound,85.3843,24.1582,8,0.4759,1.0362,1
s005948,motif_strict,expert_reference_upper_bound,88.6008,27.5669,8,0.2022,0.7751,3
s005949,heritage_strict,expert_reference_upper_bound,83.4311,22.9479,8,0.131,1.5953,3
s005950,visual_lenient,expert_reference_upper_bound,85.1676,22.9114,8,0.1459,0.7947,2
s005951,balanced,expert_reference_upper_bound,87.7311,22.2635,8,0.1188,1.1138,3
s005952,construction_strict,expert_reference_upper_bound,81.7359,22.2337,8,0.1286,0.6817,1
s005953,motif_strict,expert_reference_upper_bound,84.8728,23.1605,8,0.3732,0.5542,1
s005954,heritage_strict,expert_reference_upper_bound,85.484,21.2293,8,0.2012,1.4532,1
s005955,visual_lenient,expert_reference_upper_bound,85.639,22.4449,8,0.1188,1.3165,1
s005956,balanced,expert_reference_upper_bound,82.5724,20.3093,8,0.3934,0.7683,3
s005957,construction_strict,expert_reference_upper_bound,83.7914,20.3175,8,0.3989,0.8588,1
s005958,motif_strict,expert_reference_upper_bound,79.683,14.1996,8,0.4699,1.3651,2
s005959,heritage_strict,expert_reference_upper_bound,77.2998,13.292,8,0.13,0.8166,1
s005960,visual_lenient,expert_reference_upper_bound,81.1733,14.754,8,0.1674,0.5578,1
s005961,balanced,expert_reference_upper_bound,86.3621,24.731,8,0.2739,0.6871,3
s005962,construction_strict,expert_reference_upper_bound,82.8037,24.0399,8,0.3749,1.0087,1
s005963,motif_strict,expert_reference_upper_bound,85.8068,21.3597,8,0.2983,0.7315,3
s005964,heritage_strict,expert_reference_upper_bound,79.5576,21.6345,8,0.4762,1.3173,3
s005965,visual_lenient,expert_reference_upper_bound,80.4062,16.4837,8,0.377,1.5787,3
s005966,balanced,expert_reference_upper_bound,80.8177,17.4314,8,0.3756,1.0228,1
s005967,construction_strict,expert_reference_upper_bound,85.1107,18.6956,8,0.4089,1.4718,3
s005968,motif_strict,expert_reference_upper_bound,78.7546,21.073,8,0.2335,1.136,1
s005969,heritage_strict,expert_reference_upper_bound,80.6417,14.4187,8,0.2278,0.8312,2
s005970,visual_lenient,expert_reference_upper_bound,83.8279,19.7832,8,0.2818,0.5749,3
s005971,balanced,expert_reference_upper_bound,82.6643,21.992,8,0.4802,1.3308,3
s005972,construction_strict,expert_reference_upper_bound,83.2865,23.4891,8,0.4271,1.6807,3
s005973,motif_strict,expert_reference_upper_bound,80.8321,16.6196,8,0.4809,1.097,1
s005974,heritage_strict,expert_reference_upper_bound,84.0999,24.9355,8,0.3967,0.9949,2
s005975,visual_lenient,expert_reference_upper_bound,78.5044,15.0795,8,0.1894,1.1418,1
s005976,balanced,expert_reference_upper_bound,85.5799,22.8475,8,0.2917,1.5265,2
s005977,construction_strict,expert_reference_upper_bound,88.7478,25.6747,8,0.154,0.6798,2
s005978,motif_strict,expert_reference_upper_bound,82.911,17.6582,8,0.4225,1.5917,3
s005979,heritage_strict,expert_reference_upper_bound,80.4882,13.7412,8,0.2119,1.1176,2
s005980,visual_lenient,expert_reference_upper_bound,83.5825,20.6486,8,0.2842,0.8797,3
s005981,balanced,expert_reference_upper_bound,85.5498,21.9691,8,0.5336,1.3441,3
s005982,construction_strict,expert_reference_upper_bound,82.5856,23.3325,8,0.4344,0.8647,1
s005983,motif_strict,expert_reference_upper_bound,86.6783,21.9336,8,0.4289,1.1089,1
s005984,heritage_strict,expert_reference_upper_bound,74.3837,13.0947,8,0.4541,1.1553,1
s005985,visual_lenient,expert_reference_upper_bound,79.0696,14.9755,8,0.3793,1.655,1
s005986,balanced,expert_reference_upper_bound,83.9522,18.2543,8,0.3331,1.3713,2
s005987,construction_strict,expert_reference_upper_bound,77.4869,18.4598,8,0.5208,1.5862,2
s005988,motif_strict,expert_reference_upper_bound,83.7051,23.2541,8,0.4472,1.4676,1
s005989,heritage_strict,expert_reference_upper_bound,81.6452,23.0292,8,0.2978,0.899,3
s005990,visual_lenient,expert_reference_upper_bound,84.1435,15.8304,8,0.1774,1.1648,3
s005991,balanced,expert_reference_upper_bound,86.1519,24.716,8,0.4632,1.3867,3
s005992,construction_strict,expert_reference_upper_bound,79.7299,19.1316,8,0.4498,1.166,2
s005993,motif_strict,expert_reference_upper_bound,82.8582,21.6281,8,0.4027,0.5567,2
s005994,heritage_strict,expert_reference_upper_bound,79.2621,15.323,8,0.1551,1.1433,3
s005995,visual_lenient,expert_reference_upper_bound,86.5792,14.398,8,0.5409,0.787,3
s005996,balanced,expert_reference_upper_bound,82.2713,14.5149,8,0.443,1.1876,1
s005997,construction_strict,expert_reference_upper_bound,80.9194,21.9508,8,0.2336,0.5842,3
s005998,motif_strict,expert_reference_upper_bound,81.9463,18.1315,8,0.2674,0.7989,3
s005999,heritage_strict,expert_reference_upper_bound,84.3614,20.5643,8,0.4051,0.7031,1
s006000,visual_lenient,expert_reference_upper_bound,83.4859,19.0174,8,0.3744,1.5353,1
