asset_id,split,kind,severity,is_failure,cue_component,cue_silhouette,cue_topology,cue_material,cue_motif,cue_metadata,geometry_only,visual_only,metadata_only,equal_weight,single_threshold,criterion_max_diagnostic
ZG001,calibration,camera_view,0.0,0,0.0,0.0,0.0,0.0,0.0,0.0,0.0,0.0,0.0,0.0,0.0,0.0
ZG001,calibration,background,0.0,0,0.0,0.0,0.0,0.0,0.0,0.0,0.0,0.0,0.0,0.0,0.0,0.0
ZG001,calibration,lighting,0.0,0,0.0,0.0,0.0,0.0,0.0,0.0,0.0,0.0,0.0,0.0,0.0,0.0
ZG001,calibration,compression,0.0,0,0.0,2.806392590554505e-07,0.0,0.0,0.0,0.0,2.806392590554505e-07,2.806392590554505e-07,0.0,4.677320984257508e-08,0.0,2.806392590554505e-07
ZG001,calibration,camera_view,0.2,0,0.0,0.0,0.0,0.0,0.0,0.0,0.0,0.0,0.0,0.0,0.0,0.0
ZG001,calibration,background,0.2,0,0.0,0.0,0.0,0.0,0.0,0.0,0.0,0.0,0.0,0.0,0.0,0.0
ZG001,calibration,lighting,0.2,0,0.0,0.0,0.0,0.0,0.0,0.0,0.0,0.0,0.0,0.0,0.0,0.0
ZG001,calibration,compression,0.2,0,0.0,2.806392590554505e-07,0.0,0.0,0.0,0.0,2.806392590554505e-07,2.806392590554505e-07,0.0,4.677320984257508e-08,0.0,2.806392590554505e-07
ZG001,calibration,camera_view,0.4,0,0.0,0.0,0.0,0.0,0.0,0.0,0.0,0.0,0.0,0.0,0.0,0.0
ZG001,calibration,background,0.4,0,0.0,0.0,0.0,0.0,0.0,0.0,0.0,0.0,0.0,0.0,0.0,0.0
ZG001,calibration,lighting,0.4,0,0.0,0.0,0.0,0.0,0.0,0.0,0.0,0.0,0.0,0.0,0.0,0.0
ZG001,calibration,compression,0.4,0,0.0,1.6470577648774717e-06,0.0,0.0,0.0,0.0,1.6470577648774717e-06,1.6470577648774717e-06,0.0,2.7450962747957863e-07,0.0,1.6470577648774717e-06
ZG001,calibration,camera_view,0.6,0,0.0,0.0,0.0,0.0,0.0,0.0,0.0,0.0,0.0,0.0,0.0,0.0
ZG001,calibration,background,0.6,0,0.0,0.0,0.0,0.0,0.0,0.0,0.0,0.0,0.0,0.0,0.0,0.0
ZG001,calibration,lighting,0.6,0,0.0,0.0,0.0,0.0,0.0,0.0,0.0,0.0,0.0,0.0,0.0,0.0
ZG001,calibration,compression,0.6,0,0.0,1.6470577648774717e-06,0.0,0.0,0.0,0.0,1.6470577648774717e-06,1.6470577648774717e-06,0.0,2.7450962747957863e-07,0.0,1.6470577648774717e-06
ZG001,calibration,camera_view,0.8,0,0.0,0.0,0.0,0.0,0.0,0.0,0.0,0.0,0.0,0.0,0.0,0.0
ZG001,calibration,background,0.8,0,0.0,0.0,0.0,0.0,0.0,0.0,0.0,0.0,0.0,0.0,0.0,0.0
ZG001,calibration,lighting,0.8,0,0.0,0.0,0.0,0.0,0.0,0.0,0.0,0.0,0.0,0.0,0.0,0.0
ZG001,calibration,compression,0.8,0,0.0,3.0446039019230443e-05,0.0,0.0,0.0,0.0,3.0446039019230443e-05,3.0446039019230443e-05,0.0,5.074339836538407e-06,0.0,3.0446039019230443e-05
ZG001,calibration,camera_view,1.0,0,0.0,0.0,0.0,0.0,0.0,0.0,0.0,0.0,0.0,0.0,0.0,0.0
ZG001,calibration,background,1.0,0,0.0,0.0,0.0,0.0,0.0,0.0,0.0,0.0,0.0,0.0,0.0,0.0
ZG001,calibration,lighting,1.0,0,0.0,0.0,0.0,0.0,0.0,0.0,0.0,0.0,0.0,0.0,0.0,0.0
ZG001,calibration,compression,1.0,0,0.0,3.0446039019230443e-05,0.0,0.0,0.0,0.0,3.0446039019230443e-05,3.0446039019230443e-05,0.0,5.074339836538407e-06,0.0,3.0446039019230443e-05
ZG001,calibration,component,0.15,1,0.0899801897612345,0.0,0.17745809500505658,0.0,0.0,0.0,0.17745809500505658,0.0,0.0,0.04457304746104851,0.0,0.17745809500505658
ZG001,calibration,component,0.3,1,0.17704097591492024,0.0,0.3500559137030185,0.0,0.0,0.0,0.3500559137030185,0.0,0.0,0.08784948160298978,1.0,0.3500559137030185
ZG001,calibration,component,0.5,1,0.29246168282765095,0.0,0.5790523319802521,0.0,0.0,0.0,0.5790523319802521,0.0,0.0,0.14525233580131716,1.0,0.5790523319802521
ZG001,calibration,component,0.75,1,0.4296736523824419,0.0,0.8536503619100473,0.0,0.0,0.0,0.8536503619100473,0.0,0.0,0.21388733571541485,1.0,0.8536503619100473
ZG001,calibration,silhouette,0.15,1,0.0,0.12,0.0,0.0,0.0,0.0,0.12,0.12,0.0,0.02,0.0,0.12
ZG001,calibration,silhouette,0.3,1,0.0,0.23999999999999982,0.0,0.0,0.0,0.0,0.23999999999999982,0.23999999999999982,0.0,0.03999999999999997,0.0,0.23999999999999982
ZG001,calibration,silhouette,0.5,1,0.0,0.39999999999999986,0.0,0.0,0.0,0.0,0.39999999999999986,0.39999999999999986,0.0,0.06666666666666664,1.0,0.39999999999999986
ZG001,calibration,silhouette,0.75,1,0.0,0.6,0.0,0.0,0.0,0.0,0.6,0.6,0.0,0.09999999999999999,1.0,0.6
ZG001,calibration,topology,0.15,1,0.14289438014805547,0.0,0.1601542837975893,0.0,0.0,0.0,0.1601542837975893,0.0,0.0,0.05050811065760746,0.0,0.1601542837975893
ZG001,calibration,topology,0.3,1,0.3333333333333333,0.0,0.43564505135225684,0.0,0.0,0.0,0.43564505135225684,0.0,0.0,0.12816306411426504,1.0,0.43564505135225684
ZG001,calibration,topology,0.5,1,0.5,0.0,0.7519322080892801,0.0,0.0,0.0,0.7519322080892801,0.0,0.0,0.20865536801488002,1.0,0.7519322080892801
ZG001,calibration,topology,0.75,1,0.5,0.0,0.7519322080892801,0.0,0.0,0.0,0.7519322080892801,0.0,0.0,0.20865536801488002,1.0,0.7519322080892801
ZG001,calibration,material,0.15,1,0.0,0.0,0.0,0.15,0.0,0.0,0.0,0.15,0.0,0.024999999999999998,0.0,0.15
ZG001,calibration,material,0.3,1,0.0,0.0,0.0,0.3,0.0,0.0,0.0,0.3,0.0,0.049999999999999996,1.0,0.3
ZG001,calibration,material,0.5,1,0.0,0.0,0.0,0.5,0.0,0.0,0.0,0.5,0.0,0.08333333333333333,1.0,0.5
ZG001,calibration,material,0.75,1,0.0,0.0,0.0,0.75,0.0,0.0,0.0,0.75,0.0,0.125,1.0,0.75
ZG001,calibration,motif,0.15,1,0.0,0.0,0.0,0.0,0.15,0.0,0.0,0.15,0.0,0.024999999999999998,0.0,0.15
ZG001,calibration,motif,0.3,1,0.0,0.0,0.0,0.0,0.3,0.0,0.0,0.3,0.0,0.049999999999999996,1.0,0.3
ZG001,calibration,motif,0.5,1,0.0,0.0,0.0,0.0,0.5,0.0,0.0,0.5,0.0,0.08333333333333333,1.0,0.5
ZG001,calibration,motif,0.75,1,0.0,0.0,0.0,0.0,0.75,0.0,0.0,0.75,0.0,0.125,1.0,0.75
ZG001,calibration,metadata,0.15,1,0.0,0.0,0.0,0.0,0.0,0.15,0.0,0.0,0.15,0.024999999999999998,0.0,0.15
ZG001,calibration,metadata,0.3,1,0.0,0.0,0.0,0.0,0.0,0.3,0.0,0.0,0.3,0.049999999999999996,1.0,0.3
ZG001,calibration,metadata,0.5,1,0.0,0.0,0.0,0.0,0.0,0.5,0.0,0.0,0.5,0.08333333333333333,1.0,0.5
ZG001,calibration,metadata,0.75,1,0.0,0.0,0.0,0.0,0.0,0.75,0.0,0.0,0.75,0.125,1.0,0.75
ZG002,calibration,camera_view,0.0,0,0.0,0.0,0.0,0.0,0.0,0.0,0.0,0.0,0.0,0.0,0.0,0.0
ZG002,calibration,background,0.0,0,0.0,0.0,0.0,0.0,0.0,0.0,0.0,0.0,0.0,0.0,0.0,0.0
ZG002,calibration,lighting,0.0,0,0.0,0.0,0.0,0.0,0.0,0.0,0.0,0.0,0.0,0.0,0.0,0.0
ZG002,calibration,compression,0.0,0,0.0,2.8069974369651195e-07,0.0,0.0,0.0,0.0,2.8069974369651195e-07,2.8069974369651195e-07,0.0,4.678329061608533e-08,0.0,2.8069974369651195e-07
ZG002,calibration,camera_view,0.2,0,0.0,0.0,0.0,0.0,0.0,0.0,0.0,0.0,0.0,0.0,0.0,0.0
ZG002,calibration,background,0.2,0,0.0,0.0,0.0,0.0,0.0,0.0,0.0,0.0,0.0,0.0,0.0,0.0
ZG002,calibration,lighting,0.2,0,0.0,0.0,0.0,0.0,0.0,0.0,0.0,0.0,0.0,0.0,0.0,0.0
ZG002,calibration,compression,0.2,0,0.0,2.8069974369651195e-07,0.0,0.0,0.0,0.0,2.8069974369651195e-07,2.8069974369651195e-07,0.0,4.678329061608533e-08,0.0,2.8069974369651195e-07
ZG002,calibration,camera_view,0.4,0,0.0,0.0,0.0,0.0,0.0,0.0,0.0,0.0,0.0,0.0,0.0,0.0
ZG002,calibration,background,0.4,0,0.0,0.0,0.0,0.0,0.0,0.0,0.0,0.0,0.0,0.0,0.0,0.0
ZG002,calibration,lighting,0.4,0,0.0,0.0,0.0,0.0,0.0,0.0,0.0,0.0,0.0,0.0,0.0,0.0
ZG002,calibration,compression,0.4,0,0.0,1.4949726483480665e-07,0.0,0.0,0.0,0.0,1.4949726483480665e-07,1.4949726483480665e-07,0.0,2.4916210805801108e-08,0.0,1.4949726483480665e-07
ZG002,calibration,camera_view,0.6,0,0.0,0.0,0.0,0.0,0.0,0.0,0.0,0.0,0.0,0.0,0.0,0.0
ZG002,calibration,background,0.6,0,0.0,0.0,0.0,0.0,0.0,0.0,0.0,0.0,0.0,0.0,0.0,0.0
ZG002,calibration,lighting,0.6,0,0.0,0.0,0.0,0.0,0.0,0.0,0.0,0.0,0.0,0.0,0.0,0.0
ZG002,calibration,compression,0.6,0,0.0,1.4949726483480665e-07,0.0,0.0,0.0,0.0,1.4949726483480665e-07,1.4949726483480665e-07,0.0,2.4916210805801108e-08,0.0,1.4949726483480665e-07
ZG002,calibration,camera_view,0.8,0,0.0,0.0,0.0,0.0,0.0,0.0,0.0,0.0,0.0,0.0,0.0,0.0
ZG002,calibration,background,0.8,0,0.0,0.0,0.0,0.0,0.0,0.0,0.0,0.0,0.0,0.0,0.0,0.0
ZG002,calibration,lighting,0.8,0,0.0,0.0,0.0,0.0,0.0,0.0,0.0,0.0,0.0,0.0,0.0,0.0
ZG002,calibration,compression,0.8,0,0.0,2.1978115675246907e-05,0.0,0.0,0.0,0.0,2.1978115675246907e-05,2.1978115675246907e-05,0.0,3.663019279207818e-06,0.0,2.1978115675246907e-05
ZG002,calibration,camera_view,1.0,0,0.0,0.0,0.0,0.0,0.0,0.0,0.0,0.0,0.0,0.0,0.0,0.0
ZG002,calibration,background,1.0,0,0.0,0.0,0.0,0.0,0.0,0.0,0.0,0.0,0.0,0.0,0.0,0.0
ZG002,calibration,lighting,1.0,0,0.0,0.0,0.0,0.0,0.0,0.0,0.0,0.0,0.0,0.0,0.0,0.0
ZG002,calibration,compression,1.0,0,0.0,2.1978115675246907e-05,0.0,0.0,0.0,0.0,2.1978115675246907e-05,2.1978115675246907e-05,0.0,3.663019279207818e-06,0.0,2.1978115675246907e-05
ZG002,calibration,component,0.15,1,0.09056501757231684,0.0,0.17844353316221712,0.0,0.0,0.0,0.17844353316221712,0.0,0.0,0.04483475845575566,0.0,0.17844353316221712
ZG002,calibration,component,0.3,1,0.17646661259799945,0.0,0.34912363479226677,0.0,0.0,0.0,0.34912363479226677,0.0,0.0,0.08759837456504438,1.0,0.34912363479226677
ZG002,calibration,component,0.5,1,0.29021357123546904,0.0,0.5753245425716178,0.0,0.0,0.0,0.5753245425716178,0.0,0.0,0.14425635230118114,1.0,0.5753245425716178
ZG002,calibration,component,0.75,1,0.4338334685050014,0.0,0.8605115168471704,0.0,0.0,0.0,0.8605115168471704,0.0,0.0,0.21572416422536198,1.0,0.8605115168471704
ZG002,calibration,silhouette,0.15,1,0.0,0.12000000000000029,0.0,0.0,0.0,0.0,0.12000000000000029,0.12000000000000029,0.0,0.02000000000000005,0.0,0.12000000000000029
ZG002,calibration,silhouette,0.3,1,0.0,0.24000000000000007,0.0,0.0,0.0,0.0,0.24000000000000007,0.24000000000000007,0.0,0.040000000000000015,0.0,0.24000000000000007
ZG002,calibration,silhouette,0.5,1,0.0,0.4000000000000002,0.0,0.0,0.0,0.0,0.4000000000000002,0.4000000000000002,0.0,0.0666666666666667,1.0,0.4000000000000002
ZG002,calibration,silhouette,0.75,1,0.0,0.6000000000000001,0.0,0.0,0.0,0.0,0.6000000000000001,0.6000000000000001,0.0,0.10000000000000002,1.0,0.6000000000000001
ZG002,calibration,topology,0.15,1,0.1428764530954312,0.0,0.16012867701492084,0.0,0.0,0.0,0.16012867701492084,0.0,0.0,0.050500855018392,0.0,0.16012867701492084
ZG002,calibration,topology,0.3,1,0.3333333333333333,0.0,0.4378350855123252,0.0,0.0,0.0,0.4378350855123252,0.0,0.0,0.12852806980760975,1.0,0.4378350855123252
ZG002,calibration,topology,0.5,1,0.5,0.0,0.755323928475155,0.0,0.0,0.0,0.755323928475155,0.0,0.0,0.20922065474585916,1.0,0.755323928475155
ZG002,calibration,topology,0.75,1,0.5,0.0,0.755323928475155,0.0,0.0,0.0,0.755323928475155,0.0,0.0,0.20922065474585916,1.0,0.755323928475155
ZG002,calibration,material,0.15,1,0.0,0.0,0.0,0.15,0.0,0.0,0.0,0.15,0.0,0.024999999999999998,0.0,0.15
ZG002,calibration,material,0.3,1,0.0,0.0,0.0,0.3,0.0,0.0,0.0,0.3,0.0,0.049999999999999996,1.0,0.3
ZG002,calibration,material,0.5,1,0.0,0.0,0.0,0.5,0.0,0.0,0.0,0.5,0.0,0.08333333333333333,1.0,0.5
ZG002,calibration,material,0.75,1,0.0,0.0,0.0,0.75,0.0,0.0,0.0,0.75,0.0,0.125,1.0,0.75
ZG002,calibration,motif,0.15,1,0.0,0.0,0.0,0.0,0.15,0.0,0.0,0.15,0.0,0.024999999999999998,0.0,0.15
ZG002,calibration,motif,0.3,1,0.0,0.0,0.0,0.0,0.3,0.0,0.0,0.3,0.0,0.049999999999999996,1.0,0.3
ZG002,calibration,motif,0.5,1,0.0,0.0,0.0,0.0,0.5,0.0,0.0,0.5,0.0,0.08333333333333333,1.0,0.5
ZG002,calibration,motif,0.75,1,0.0,0.0,0.0,0.0,0.75,0.0,0.0,0.75,0.0,0.125,1.0,0.75
ZG002,calibration,metadata,0.15,1,0.0,0.0,0.0,0.0,0.0,0.15,0.0,0.0,0.15,0.024999999999999998,0.0,0.15
ZG002,calibration,metadata,0.3,1,0.0,0.0,0.0,0.0,0.0,0.3,0.0,0.0,0.3,0.049999999999999996,1.0,0.3
ZG002,calibration,metadata,0.5,1,0.0,0.0,0.0,0.0,0.0,0.5,0.0,0.0,0.5,0.08333333333333333,1.0,0.5
ZG002,calibration,metadata,0.75,1,0.0,0.0,0.0,0.0,0.0,0.75,0.0,0.0,0.75,0.125,1.0,0.75
ZG003,calibration,camera_view,0.0,0,0.0,0.0,0.0,0.0,0.0,0.0,0.0,0.0,0.0,0.0,0.0,0.0
ZG003,calibration,background,0.0,0,0.0,0.0,0.0,0.0,0.0,0.0,0.0,0.0,0.0,0.0,0.0,0.0
ZG003,calibration,lighting,0.0,0,0.0,0.0,0.0,0.0,0.0,0.0,0.0,0.0,0.0,0.0,0.0,0.0
ZG003,calibration,compression,0.0,0,0.0,3.423196818945374e-08,0.0,0.0,0.0,0.0,3.423196818945374e-08,3.423196818945374e-08,0.0,5.705328031575624e-09,0.0,3.423196818945374e-08
ZG003,calibration,camera_view,0.2,0,0.0,0.0,0.0,0.0,0.0,0.0,0.0,0.0,0.0,0.0,0.0,0.0
ZG003,calibration,background,0.2,0,0.0,0.0,0.0,0.0,0.0,0.0,0.0,0.0,0.0,0.0,0.0,0.0
ZG003,calibration,lighting,0.2,0,0.0,0.0,0.0,0.0,0.0,0.0,0.0,0.0,0.0,0.0,0.0,0.0
ZG003,calibration,compression,0.2,0,0.0,3.423196818945374e-08,0.0,0.0,0.0,0.0,3.423196818945374e-08,3.423196818945374e-08,0.0,5.705328031575624e-09,0.0,3.423196818945374e-08
ZG003,calibration,camera_view,0.4,0,0.0,0.0,0.0,0.0,0.0,0.0,0.0,0.0,0.0,0.0,0.0,0.0
ZG003,calibration,background,0.4,0,0.0,0.0,0.0,0.0,0.0,0.0,0.0,0.0,0.0,0.0,0.0,0.0
ZG003,calibration,lighting,0.4,0,0.0,0.0,0.0,0.0,0.0,0.0,0.0,0.0,0.0,0.0,0.0,0.0
ZG003,calibration,compression,0.4,0,0.0,1.5769386756503855e-06,0.0,0.0,0.0,0.0,1.5769386756503855e-06,1.5769386756503855e-06,0.0,2.628231126083976e-07,0.0,1.5769386756503855e-06
ZG003,calibration,camera_view,0.6,0,0.0,0.0,0.0,0.0,0.0,0.0,0.0,0.0,0.0,0.0,0.0,0.0
ZG003,calibration,background,0.6,0,0.0,0.0,0.0,0.0,0.0,0.0,0.0,0.0,0.0,0.0,0.0,0.0
ZG003,calibration,lighting,0.6,0,0.0,0.0,0.0,0.0,0.0,0.0,0.0,0.0,0.0,0.0,0.0,0.0
ZG003,calibration,compression,0.6,0,0.0,1.5769386756503855e-06,0.0,0.0,0.0,0.0,1.5769386756503855e-06,1.5769386756503855e-06,0.0,2.628231126083976e-07,0.0,1.5769386756503855e-06
ZG003,calibration,camera_view,0.8,0,0.0,0.0,0.0,0.0,0.0,0.0,0.0,0.0,0.0,0.0,0.0,0.0
ZG003,calibration,background,0.8,0,0.0,0.0,0.0,0.0,0.0,0.0,0.0,0.0,0.0,0.0,0.0,0.0
ZG003,calibration,lighting,0.8,0,0.0,0.0,0.0,0.0,0.0,0.0,0.0,0.0,0.0,0.0,0.0,0.0
ZG003,calibration,compression,0.8,0,0.0,2.836816361366319e-05,0.0,0.0,0.0,0.0,2.836816361366319e-05,2.836816361366319e-05,0.0,4.728027268943865e-06,0.0,2.836816361366319e-05
ZG003,calibration,camera_view,1.0,0,0.0,0.0,0.0,0.0,0.0,0.0,0.0,0.0,0.0,0.0,0.0,0.0
ZG003,calibration,background,1.0,0,0.0,0.0,0.0,0.0,0.0,0.0,0.0,0.0,0.0,0.0,0.0,0.0
ZG003,calibration,lighting,1.0,0,0.0,0.0,0.0,0.0,0.0,0.0,0.0,0.0,0.0,0.0,0.0,0.0
ZG003,calibration,compression,1.0,0,0.0,2.836816361366319e-05,0.0,0.0,0.0,0.0,2.836816361366319e-05,2.836816361366319e-05,0.0,4.728027268943865e-06,0.0,2.836816361366319e-05
ZG003,calibration,component,0.15,1,0.08977556109725686,0.0,0.17715127667423788,0.0,0.0,0.0,0.17715127667423788,0.0,0.0,0.04448780629524912,0.0,0.17715127667423788
ZG003,calibration,component,0.3,1,0.176830650646112,0.0,0.3496989844816046,0.0,0.0,0.0,0.3496989844816046,0.0,0.0,0.08775493918795275,1.0,0.3496989844816046
ZG003,calibration,component,0.5,1,0.29483110405803675,0.0,0.5831709654620741,0.0,0.0,0.0,0.5831709654620741,0.0,0.0,0.14633367825335183,1.0,0.5831709654620741
ZG003,calibration,component,0.75,1,0.4309113579687146,0.0,0.8557757749617847,0.0,0.0,0.0,0.8557757749617847,0.0,0.0,0.21444785548841652,1.0,0.8557757749617847
ZG003,calibration,silhouette,0.15,1,0.0,0.12000000000000013,0.0,0.0,0.0,0.0,0.12000000000000013,0.12000000000000013,0.0,0.02000000000000002,0.0,0.12000000000000013
ZG003,calibration,silhouette,0.3,1,0.0,0.2400000000000001,0.0,0.0,0.0,0.0,0.2400000000000001,0.2400000000000001,0.0,0.040000000000000015,0.0,0.2400000000000001
ZG003,calibration,silhouette,0.5,1,0.0,0.3999999999999998,0.0,0.0,0.0,0.0,0.3999999999999998,0.3999999999999998,0.0,0.06666666666666664,1.0,0.3999999999999998
ZG003,calibration,silhouette,0.75,1,0.0,0.5999999999999999,0.0,0.0,0.0,0.0,0.5999999999999999,0.5999999999999999,0.0,0.09999999999999998,1.0,0.5999999999999999
ZG003,calibration,topology,0.15,1,0.14288143278168217,0.0,0.1613357865026825,0.0,0.0,0.0,0.1613357865026825,0.0,0.0,0.05070286988072744,0.0,0.1613357865026825
ZG003,calibration,topology,0.3,1,0.33337111766039446,0.0,0.4375063993717534,0.0,0.0,0.0,0.4375063993717534,0.0,0.0,0.12847958617202462,1.0,0.4375063993717534
ZG003,calibration,topology,0.5,1,0.5,0.0,0.7533895751732449,0.0,0.0,0.0,0.7533895751732449,0.0,0.0,0.20889826252887414,1.0,0.7533895751732449
ZG003,calibration,topology,0.75,1,0.5,0.0,0.7533895751732449,0.0,0.0,0.0,0.7533895751732449,0.0,0.0,0.20889826252887414,1.0,0.7533895751732449
ZG003,calibration,material,0.15,1,0.0,0.0,0.0,0.15,0.0,0.0,0.0,0.15,0.0,0.024999999999999998,0.0,0.15
ZG003,calibration,material,0.3,1,0.0,0.0,0.0,0.3,0.0,0.0,0.0,0.3,0.0,0.049999999999999996,1.0,0.3
ZG003,calibration,material,0.5,1,0.0,0.0,0.0,0.5,0.0,0.0,0.0,0.5,0.0,0.08333333333333333,1.0,0.5
ZG003,calibration,material,0.75,1,0.0,0.0,0.0,0.75,0.0,0.0,0.0,0.75,0.0,0.125,1.0,0.75
ZG003,calibration,motif,0.15,1,0.0,0.0,0.0,0.0,0.15,0.0,0.0,0.15,0.0,0.024999999999999998,0.0,0.15
ZG003,calibration,motif,0.3,1,0.0,0.0,0.0,0.0,0.3,0.0,0.0,0.3,0.0,0.049999999999999996,1.0,0.3
ZG003,calibration,motif,0.5,1,0.0,0.0,0.0,0.0,0.5,0.0,0.0,0.5,0.0,0.08333333333333333,1.0,0.5
ZG003,calibration,motif,0.75,1,0.0,0.0,0.0,0.0,0.75,0.0,0.0,0.75,0.0,0.125,1.0,0.75
ZG003,calibration,metadata,0.15,1,0.0,0.0,0.0,0.0,0.0,0.15,0.0,0.0,0.15,0.024999999999999998,0.0,0.15
ZG003,calibration,metadata,0.3,1,0.0,0.0,0.0,0.0,0.0,0.3,0.0,0.0,0.3,0.049999999999999996,1.0,0.3
ZG003,calibration,metadata,0.5,1,0.0,0.0,0.0,0.0,0.0,0.5,0.0,0.0,0.5,0.08333333333333333,1.0,0.5
ZG003,calibration,metadata,0.75,1,0.0,0.0,0.0,0.0,0.0,0.75,0.0,0.0,0.75,0.125,1.0,0.75
ZG004,calibration,camera_view,0.0,0,0.0,0.0,0.0,0.0,0.0,0.0,0.0,0.0,0.0,0.0,0.0,0.0
ZG004,calibration,background,0.0,0,0.0,0.0,0.0,0.0,0.0,0.0,0.0,0.0,0.0,0.0,0.0,0.0
ZG004,calibration,lighting,0.0,0,0.0,0.0,0.0,0.0,0.0,0.0,0.0,0.0,0.0,0.0,0.0,0.0
ZG004,calibration,compression,0.0,0,0.0,1.2792554289645339e-07,0.0,0.0,0.0,0.0,1.2792554289645339e-07,1.2792554289645339e-07,0.0,2.1320923816075565e-08,0.0,1.2792554289645339e-07
ZG004,calibration,camera_view,0.2,0,0.0,0.0,0.0,0.0,0.0,0.0,0.0,0.0,0.0,0.0,0.0,0.0
ZG004,calibration,background,0.2,0,0.0,0.0,0.0,0.0,0.0,0.0,0.0,0.0,0.0,0.0,0.0,0.0
ZG004,calibration,lighting,0.2,0,0.0,0.0,0.0,0.0,0.0,0.0,0.0,0.0,0.0,0.0,0.0,0.0
ZG004,calibration,compression,0.2,0,0.0,1.2792554289645339e-07,0.0,0.0,0.0,0.0,1.2792554289645339e-07,1.2792554289645339e-07,0.0,2.1320923816075565e-08,0.0,1.2792554289645339e-07
ZG004,calibration,camera_view,0.4,0,0.0,0.0,0.0,0.0,0.0,0.0,0.0,0.0,0.0,0.0,0.0,0.0
ZG004,calibration,background,0.4,0,0.0,0.0,0.0,0.0,0.0,0.0,0.0,0.0,0.0,0.0,0.0,0.0
ZG004,calibration,lighting,0.4,0,0.0,0.0,0.0,0.0,0.0,0.0,0.0,0.0,0.0,0.0,0.0,0.0
ZG004,calibration,compression,0.4,0,0.0,3.198498811463166e-07,0.0,0.0,0.0,0.0,3.198498811463166e-07,3.198498811463166e-07,0.0,5.33083135243861e-08,0.0,3.198498811463166e-07
ZG004,calibration,camera_view,0.6,0,0.0,0.0,0.0,0.0,0.0,0.0,0.0,0.0,0.0,0.0,0.0,0.0
ZG004,calibration,background,0.6,0,0.0,0.0,0.0,0.0,0.0,0.0,0.0,0.0,0.0,0.0,0.0,0.0
ZG004,calibration,lighting,0.6,0,0.0,0.0,0.0,0.0,0.0,0.0,0.0,0.0,0.0,0.0,0.0,0.0
ZG004,calibration,compression,0.6,0,0.0,3.198498811463166e-07,0.0,0.0,0.0,0.0,3.198498811463166e-07,3.198498811463166e-07,0.0,5.33083135243861e-08,0.0,3.198498811463166e-07
ZG004,calibration,camera_view,0.8,0,0.0,0.0,0.0,0.0,0.0,0.0,0.0,0.0,0.0,0.0,0.0,0.0
ZG004,calibration,background,0.8,0,0.0,0.0,0.0,0.0,0.0,0.0,0.0,0.0,0.0,0.0,0.0,0.0
ZG004,calibration,lighting,0.8,0,0.0,0.0,0.0,0.0,0.0,0.0,0.0,0.0,0.0,0.0,0.0,0.0
ZG004,calibration,compression,0.8,0,0.0,1.4903228108547164e-05,0.0,0.0,0.0,0.0,1.4903228108547164e-05,1.4903228108547164e-05,0.0,2.4838713514245274e-06,0.0,1.4903228108547164e-05
ZG004,calibration,camera_view,1.0,0,0.0,0.0,0.0,0.0,0.0,0.0,0.0,0.0,0.0,0.0,0.0,0.0
ZG004,calibration,background,1.0,0,0.0,0.0,0.0,0.0,0.0,0.0,0.0,0.0,0.0,0.0,0.0,0.0
ZG004,calibration,lighting,1.0,0,0.0,0.0,0.0,0.0,0.0,0.0,0.0,0.0,0.0,0.0,0.0,0.0
ZG004,calibration,compression,1.0,0,0.0,1.4903228108547164e-05,0.0,0.0,0.0,0.0,1.4903228108547164e-05,1.4903228108547164e-05,0.0,2.4838713514245274e-06,0.0,1.4903228108547164e-05
ZG004,calibration,component,0.15,1,0.09341368919500646,0.0,0.18306393901656254,0.0,0.0,0.0,0.18306393901656254,0.0,0.0,0.04607960470192817,0.0,0.18306393901656254
ZG004,calibration,component,0.3,1,0.18026259147653895,0.0,0.35542319104827347,0.0,0.0,0.0,0.35542319104827347,0.0,0.0,0.08928096375413541,1.0,0.35542319104827347
ZG004,calibration,component,0.5,1,0.29455445544554454,0.0,0.5826343983434745,0.0,0.0,0.0,0.5826343983434745,0.0,0.0,0.14619814229816985,1.0,0.5826343983434745
ZG004,calibration,component,0.75,1,0.43026259147653895,0.0,0.8546737263801791,0.0,0.0,0.0,0.8546737263801791,0.0,0.0,0.2141560529761197,1.0,0.8546737263801791
ZG004,calibration,silhouette,0.15,1,0.0,0.12000000000000008,0.0,0.0,0.0,0.0,0.12000000000000008,0.12000000000000008,0.0,0.020000000000000014,0.0,0.12000000000000008
ZG004,calibration,silhouette,0.3,1,0.0,0.24000000000000002,0.0,0.0,0.0,0.0,0.24000000000000002,0.24000000000000002,0.0,0.04,0.0,0.24000000000000002
ZG004,calibration,silhouette,0.5,1,0.0,0.3999999999999999,0.0,0.0,0.0,0.0,0.3999999999999999,0.3999999999999999,0.0,0.06666666666666665,1.0,0.3999999999999999
ZG004,calibration,silhouette,0.75,1,0.0,0.6,0.0,0.0,0.0,0.0,0.6,0.6,0.0,0.09999999999999999,1.0,0.6
ZG004,calibration,topology,0.15,1,0.14291863969005597,0.0,0.16190507794844283,0.0,0.0,0.0,0.16190507794844283,0.0,0.0,0.0508039529397498,0.0,0.16190507794844283
ZG004,calibration,topology,0.3,1,0.3334050796383986,0.0,0.4379732452344015,0.0,0.0,0.0,0.4379732452344015,0.0,0.0,0.12856305414546668,1.0,0.4379732452344015
ZG004,calibration,topology,0.5,1,0.5,0.0,0.7493932905067808,0.0,0.0,0.0,0.7493932905067808,0.0,0.0,0.20823221508446346,1.0,0.7493932905067808
ZG004,calibration,topology,0.75,1,0.5,0.0,0.7493932905067808,0.0,0.0,0.0,0.7493932905067808,0.0,0.0,0.20823221508446346,1.0,0.7493932905067808
ZG004,calibration,material,0.15,1,0.0,0.0,0.0,0.15,0.0,0.0,0.0,0.15,0.0,0.024999999999999998,0.0,0.15
ZG004,calibration,material,0.3,1,0.0,0.0,0.0,0.3,0.0,0.0,0.0,0.3,0.0,0.049999999999999996,1.0,0.3
ZG004,calibration,material,0.5,1,0.0,0.0,0.0,0.5,0.0,0.0,0.0,0.5,0.0,0.08333333333333333,1.0,0.5
ZG004,calibration,material,0.75,1,0.0,0.0,0.0,0.75,0.0,0.0,0.0,0.75,0.0,0.125,1.0,0.75
ZG004,calibration,motif,0.15,1,0.0,0.0,0.0,0.0,0.15,0.0,0.0,0.15,0.0,0.024999999999999998,0.0,0.15
ZG004,calibration,motif,0.3,1,0.0,0.0,0.0,0.0,0.3,0.0,0.0,0.3,0.0,0.049999999999999996,1.0,0.3
ZG004,calibration,motif,0.5,1,0.0,0.0,0.0,0.0,0.5,0.0,0.0,0.5,0.0,0.08333333333333333,1.0,0.5
ZG004,calibration,motif,0.75,1,0.0,0.0,0.0,0.0,0.75,0.0,0.0,0.75,0.0,0.125,1.0,0.75
ZG004,calibration,metadata,0.15,1,0.0,0.0,0.0,0.0,0.0,0.15,0.0,0.0,0.15,0.024999999999999998,0.0,0.15
ZG004,calibration,metadata,0.3,1,0.0,0.0,0.0,0.0,0.0,0.3,0.0,0.0,0.3,0.049999999999999996,1.0,0.3
ZG004,calibration,metadata,0.5,1,0.0,0.0,0.0,0.0,0.0,0.5,0.0,0.0,0.5,0.08333333333333333,1.0,0.5
ZG004,calibration,metadata,0.75,1,0.0,0.0,0.0,0.0,0.0,0.75,0.0,0.0,0.75,0.125,1.0,0.75
ZG005,calibration,camera_view,0.0,0,0.0,0.0,0.0,0.0,0.0,0.0,0.0,0.0,0.0,0.0,0.0,0.0
ZG005,calibration,background,0.0,0,0.0,0.0,0.0,0.0,0.0,0.0,0.0,0.0,0.0,0.0,0.0,0.0
ZG005,calibration,lighting,0.0,0,0.0,0.0,0.0,0.0,0.0,0.0,0.0,0.0,0.0,0.0,0.0,0.0
ZG005,calibration,compression,0.0,0,0.0,1.2611410788834397e-07,0.0,0.0,0.0,0.0,1.2611410788834397e-07,1.2611410788834397e-07,0.0,2.101901798139066e-08,0.0,1.2611410788834397e-07
ZG005,calibration,camera_view,0.2,0,0.0,0.0,0.0,0.0,0.0,0.0,0.0,0.0,0.0,0.0,0.0,0.0
ZG005,calibration,background,0.2,0,0.0,0.0,0.0,0.0,0.0,0.0,0.0,0.0,0.0,0.0,0.0,0.0
ZG005,calibration,lighting,0.2,0,0.0,0.0,0.0,0.0,0.0,0.0,0.0,0.0,0.0,0.0,0.0,0.0
ZG005,calibration,compression,0.2,0,0.0,1.2611410788834397e-07,0.0,0.0,0.0,0.0,1.2611410788834397e-07,1.2611410788834397e-07,0.0,2.101901798139066e-08,0.0,1.2611410788834397e-07
ZG005,calibration,camera_view,0.4,0,0.0,0.0,0.0,0.0,0.0,0.0,0.0,0.0,0.0,0.0,0.0,0.0
ZG005,calibration,background,0.4,0,0.0,0.0,0.0,0.0,0.0,0.0,0.0,0.0,0.0,0.0,0.0,0.0
ZG005,calibration,lighting,0.4,0,0.0,0.0,0.0,0.0,0.0,0.0,0.0,0.0,0.0,0.0,0.0,0.0
ZG005,calibration,compression,0.4,0,0.0,2.665490910839419e-06,0.0,0.0,0.0,0.0,2.665490910839419e-06,2.665490910839419e-06,0.0,4.4424848513990314e-07,0.0,2.665490910839419e-06
ZG005,calibration,camera_view,0.6,0,0.0,0.0,0.0,0.0,0.0,0.0,0.0,0.0,0.0,0.0,0.0,0.0
ZG005,calibration,background,0.6,0,0.0,0.0,0.0,0.0,0.0,0.0,0.0,0.0,0.0,0.0,0.0,0.0
ZG005,calibration,lighting,0.6,0,0.0,0.0,0.0,0.0,0.0,0.0,0.0,0.0,0.0,0.0,0.0,0.0
ZG005,calibration,compression,0.6,0,0.0,2.665490910839419e-06,0.0,0.0,0.0,0.0,2.665490910839419e-06,2.665490910839419e-06,0.0,4.4424848513990314e-07,0.0,2.665490910839419e-06
ZG005,calibration,camera_view,0.8,0,0.0,0.0,0.0,0.0,0.0,0.0,0.0,0.0,0.0,0.0,0.0,0.0
ZG005,calibration,background,0.8,0,0.0,0.0,0.0,0.0,0.0,0.0,0.0,0.0,0.0,0.0,0.0,0.0
ZG005,calibration,lighting,0.8,0,0.0,0.0,0.0,0.0,0.0,0.0,0.0,0.0,0.0,0.0,0.0,0.0
ZG005,calibration,compression,0.8,0,0.0,2.867018778753912e-05,0.0,0.0,0.0,0.0,2.867018778753912e-05,2.867018778753912e-05,0.0,4.7783646312565205e-06,0.0,2.867018778753912e-05
ZG005,calibration,camera_view,1.0,0,0.0,0.0,0.0,0.0,0.0,0.0,0.0,0.0,0.0,0.0,0.0,0.0
ZG005,calibration,background,1.0,0,0.0,0.0,0.0,0.0,0.0,0.0,0.0,0.0,0.0,0.0,0.0,0.0
ZG005,calibration,lighting,1.0,0,0.0,0.0,0.0,0.0,0.0,0.0,0.0,0.0,0.0,0.0,0.0,0.0
ZG005,calibration,compression,1.0,0,0.0,2.867018778753912e-05,0.0,0.0,0.0,0.0,2.867018778753912e-05,2.867018778753912e-05,0.0,4.7783646312565205e-06,0.0,2.867018778753912e-05
ZG005,calibration,component,0.15,1,0.09589603283173735,0.0,0.18724958647592027,0.0,0.0,0.0,0.18724958647592027,0.0,0.0,0.04719093655127627,0.0,0.18724958647592027
ZG005,calibration,component,0.3,1,0.18372093023255814,0.0,0.36126733131902256,0.0,0.0,0.0,0.36126733131902256,0.0,0.0,0.09083137692526344,1.0,0.36126733131902256
ZG005,calibration,component,0.5,1,0.29192886456908346,0.0,0.578302789421958,0.0,0.0,0.0,0.578302789421958,0.0,0.0,0.14503860899850693,1.0,0.578302789421958
ZG005,calibration,component,0.75,1,0.4283173734610123,0.0,0.8514047433116234,0.0,0.0,0.0,0.8514047433116234,0.0,0.0,0.21328701946210593,1.0,0.8514047433116234
ZG005,calibration,silhouette,0.15,1,0.0,0.11999999999999998,0.0,0.0,0.0,0.0,0.11999999999999998,0.11999999999999998,0.0,0.019999999999999997,0.0,0.11999999999999998
ZG005,calibration,silhouette,0.3,1,0.0,0.2399999999999998,0.0,0.0,0.0,0.0,0.2399999999999998,0.2399999999999998,0.0,0.039999999999999966,0.0,0.2399999999999998
ZG005,calibration,silhouette,0.5,1,0.0,0.39999999999999974,0.0,0.0,0.0,0.0,0.39999999999999974,0.39999999999999974,0.0,0.06666666666666662,1.0,0.39999999999999974
ZG005,calibration,silhouette,0.75,1,0.0,0.6,0.0,0.0,0.0,0.0,0.6,0.6,0.0,0.09999999999999999,1.0,0.6
ZG005,calibration,topology,0.15,1,0.1429548563611491,0.0,0.1634166037581613,0.0,0.0,0.0,0.1634166037581613,0.0,0.0,0.05106191001988506,0.0,0.1634166037581613
ZG005,calibration,topology,0.3,1,0.33337893296853627,0.0,0.4382227537018997,0.0,0.0,0.0,0.4382227537018997,0.0,0.0,0.12860028111173935,1.0,0.4382227537018997
ZG005,calibration,topology,0.5,1,0.5,0.0,0.7583069262109552,0.0,0.0,0.0,0.7583069262109552,0.0,0.0,0.2097178210351592,1.0,0.7583069262109552
ZG005,calibration,topology,0.75,1,0.5,0.0,0.7583069262109552,0.0,0.0,0.0,0.7583069262109552,0.0,0.0,0.2097178210351592,1.0,0.7583069262109552
ZG005,calibration,material,0.15,1,0.0,0.0,0.0,0.15,0.0,0.0,0.0,0.15,0.0,0.024999999999999998,0.0,0.15
ZG005,calibration,material,0.3,1,0.0,0.0,0.0,0.3,0.0,0.0,0.0,0.3,0.0,0.049999999999999996,1.0,0.3
ZG005,calibration,material,0.5,1,0.0,0.0,0.0,0.5,0.0,0.0,0.0,0.5,0.0,0.08333333333333333,1.0,0.5
ZG005,calibration,material,0.75,1,0.0,0.0,0.0,0.75,0.0,0.0,0.0,0.75,0.0,0.125,1.0,0.75
ZG005,calibration,motif,0.15,1,0.0,0.0,0.0,0.0,0.15,0.0,0.0,0.15,0.0,0.024999999999999998,0.0,0.15
ZG005,calibration,motif,0.3,1,0.0,0.0,0.0,0.0,0.3,0.0,0.0,0.3,0.0,0.049999999999999996,1.0,0.3
ZG005,calibration,motif,0.5,1,0.0,0.0,0.0,0.0,0.5,0.0,0.0,0.5,0.0,0.08333333333333333,1.0,0.5
ZG005,calibration,motif,0.75,1,0.0,0.0,0.0,0.0,0.75,0.0,0.0,0.75,0.0,0.125,1.0,0.75
ZG005,calibration,metadata,0.15,1,0.0,0.0,0.0,0.0,0.0,0.15,0.0,0.0,0.15,0.024999999999999998,0.0,0.15
ZG005,calibration,metadata,0.3,1,0.0,0.0,0.0,0.0,0.0,0.3,0.0,0.0,0.3,0.049999999999999996,1.0,0.3
ZG005,calibration,metadata,0.5,1,0.0,0.0,0.0,0.0,0.0,0.5,0.0,0.0,0.5,0.08333333333333333,1.0,0.5
ZG005,calibration,metadata,0.75,1,0.0,0.0,0.0,0.0,0.0,0.75,0.0,0.0,0.75,0.125,1.0,0.75
ZG006,calibration,camera_view,0.0,0,0.0,0.0,0.0,0.0,0.0,0.0,0.0,0.0,0.0,0.0,0.0,0.0
ZG006,calibration,background,0.0,0,0.0,0.0,0.0,0.0,0.0,0.0,0.0,0.0,0.0,0.0,0.0,0.0
ZG006,calibration,lighting,0.0,0,0.0,0.0,0.0,0.0,0.0,0.0,0.0,0.0,0.0,0.0,0.0,0.0
ZG006,calibration,compression,0.0,0,0.0,1.5808368022150058e-07,0.0,0.0,0.0,0.0,1.5808368022150058e-07,1.5808368022150058e-07,0.0,2.6347280036916764e-08,0.0,1.5808368022150058e-07
ZG006,calibration,camera_view,0.2,0,0.0,0.0,0.0,0.0,0.0,0.0,0.0,0.0,0.0,0.0,0.0,0.0
ZG006,calibration,background,0.2,0,0.0,0.0,0.0,0.0,0.0,0.0,0.0,0.0,0.0,0.0,0.0,0.0
ZG006,calibration,lighting,0.2,0,0.0,0.0,0.0,0.0,0.0,0.0,0.0,0.0,0.0,0.0,0.0,0.0
ZG006,calibration,compression,0.2,0,0.0,1.5808368022150058e-07,0.0,0.0,0.0,0.0,1.5808368022150058e-07,1.5808368022150058e-07,0.0,2.6347280036916764e-08,0.0,1.5808368022150058e-07
ZG006,calibration,camera_view,0.4,0,0.0,0.0,0.0,0.0,0.0,0.0,0.0,0.0,0.0,0.0,0.0,0.0
ZG006,calibration,background,0.4,0,0.0,0.0,0.0,0.0,0.0,0.0,0.0,0.0,0.0,0.0,0.0,0.0
ZG006,calibration,lighting,0.4,0,0.0,0.0,0.0,0.0,0.0,0.0,0.0,0.0,0.0,0.0,0.0,0.0
ZG006,calibration,compression,0.4,0,0.0,1.995375554805092e-06,0.0,0.0,0.0,0.0,1.995375554805092e-06,1.995375554805092e-06,0.0,3.325625924675154e-07,0.0,1.995375554805092e-06
ZG006,calibration,camera_view,0.6,0,0.0,0.0,0.0,0.0,0.0,0.0,0.0,0.0,0.0,0.0,0.0,0.0
ZG006,calibration,background,0.6,0,0.0,0.0,0.0,0.0,0.0,0.0,0.0,0.0,0.0,0.0,0.0,0.0
ZG006,calibration,lighting,0.6,0,0.0,0.0,0.0,0.0,0.0,0.0,0.0,0.0,0.0,0.0,0.0,0.0
ZG006,calibration,compression,0.6,0,0.0,1.995375554805092e-06,0.0,0.0,0.0,0.0,1.995375554805092e-06,1.995375554805092e-06,0.0,3.325625924675154e-07,0.0,1.995375554805092e-06
ZG006,calibration,camera_view,0.8,0,0.0,0.0,0.0,0.0,0.0,0.0,0.0,0.0,0.0,0.0,0.0,0.0
ZG006,calibration,background,0.8,0,0.0,0.0,0.0,0.0,0.0,0.0,0.0,0.0,0.0,0.0,0.0,0.0
ZG006,calibration,lighting,0.8,0,0.0,0.0,0.0,0.0,0.0,0.0,0.0,0.0,0.0,0.0,0.0,0.0
ZG006,calibration,compression,0.8,0,0.0,1.9852032639840774e-05,0.0,0.0,0.0,0.0,1.9852032639840774e-05,1.9852032639840774e-05,0.0,3.308672106640129e-06,0.0,1.9852032639840774e-05
ZG006,calibration,camera_view,1.0,0,0.0,0.0,0.0,0.0,0.0,0.0,0.0,0.0,0.0,0.0,0.0,0.0
ZG006,calibration,background,1.0,0,0.0,0.0,0.0,0.0,0.0,0.0,0.0,0.0,0.0,0.0,0.0,0.0
ZG006,calibration,lighting,1.0,0,0.0,0.0,0.0,0.0,0.0,0.0,0.0,0.0,0.0,0.0,0.0,0.0
ZG006,calibration,compression,1.0,0,0.0,1.9852032639840774e-05,0.0,0.0,0.0,0.0,1.9852032639840774e-05,1.9852032639840774e-05,0.0,3.308672106640129e-06,0.0,1.9852032639840774e-05
ZG006,calibration,component,0.15,1,0.08949416342412451,0.0,0.1766643651830485,0.0,0.0,0.0,0.1766643651830485,0.0,0.0,0.04435975476786217,0.0,0.1766643651830485
ZG006,calibration,component,0.3,1,0.17626459143968873,0.0,0.3487620047868175,0.0,0.0,0.0,0.3487620047868175,0.0,0.0,0.08750443270441771,1.0,0.3487620047868175
ZG006,calibration,component,0.5,1,0.2908560311284047,0.0,0.5763901749463043,0.0,0.0,0.0,0.5763901749463043,0.0,0.0,0.14454103434578483,1.0,0.5763901749463043
ZG006,calibration,component,0.75,1,0.42859922178988324,0.0,0.8518402978374777,0.0,0.0,0.0,0.8518402978374777,0.0,0.0,0.21340658660456016,1.0,0.8518402978374777
ZG006,calibration,silhouette,0.15,1,0.0,0.11999999999999993,0.0,0.0,0.0,0.0,0.11999999999999993,0.11999999999999993,0.0,0.019999999999999987,0.0,0.11999999999999993
ZG006,calibration,silhouette,0.3,1,0.0,0.23999999999999985,0.0,0.0,0.0,0.0,0.23999999999999985,0.23999999999999985,0.0,0.03999999999999997,0.0,0.23999999999999985
ZG006,calibration,silhouette,0.5,1,0.0,0.3999999999999997,0.0,0.0,0.0,0.0,0.3999999999999997,0.3999999999999997,0.0,0.06666666666666661,1.0,0.3999999999999997
ZG006,calibration,silhouette,0.75,1,0.0,0.5999999999999998,0.0,0.0,0.0,0.0,0.5999999999999998,0.5999999999999998,0.0,0.09999999999999996,1.0,0.5999999999999998
ZG006,calibration,topology,0.15,1,0.1428988326848249,0.0,0.16220172973604063,0.0,0.0,0.0,0.16220172973604063,0.0,0.0,0.050850093736810924,0.0,0.16220172973604063
ZG006,calibration,topology,0.3,1,0.3333657587548638,0.0,0.43812520003784367,0.0,0.0,0.0,0.43812520003784367,0.0,0.0,0.12858182646545124,1.0,0.43812520003784367
ZG006,calibration,topology,0.5,1,0.5,0.0,0.7540093119503363,0.0,0.0,0.0,0.7540093119503363,0.0,0.0,0.20900155199172268,1.0,0.7540093119503363
ZG006,calibration,topology,0.75,1,0.5,0.0,0.7540093119503363,0.0,0.0,0.0,0.7540093119503363,0.0,0.0,0.20900155199172268,1.0,0.7540093119503363
ZG006,calibration,material,0.15,1,0.0,0.0,0.0,0.15,0.0,0.0,0.0,0.15,0.0,0.024999999999999998,0.0,0.15
ZG006,calibration,material,0.3,1,0.0,0.0,0.0,0.3,0.0,0.0,0.0,0.3,0.0,0.049999999999999996,1.0,0.3
ZG006,calibration,material,0.5,1,0.0,0.0,0.0,0.5,0.0,0.0,0.0,0.5,0.0,0.08333333333333333,1.0,0.5
ZG006,calibration,material,0.75,1,0.0,0.0,0.0,0.75,0.0,0.0,0.0,0.75,0.0,0.125,1.0,0.75
ZG006,calibration,motif,0.15,1,0.0,0.0,0.0,0.0,0.15,0.0,0.0,0.15,0.0,0.024999999999999998,0.0,0.15
ZG006,calibration,motif,0.3,1,0.0,0.0,0.0,0.0,0.3,0.0,0.0,0.3,0.0,0.049999999999999996,1.0,0.3
ZG006,calibration,motif,0.5,1,0.0,0.0,0.0,0.0,0.5,0.0,0.0,0.5,0.0,0.08333333333333333,1.0,0.5
ZG006,calibration,motif,0.75,1,0.0,0.0,0.0,0.0,0.75,0.0,0.0,0.75,0.0,0.125,1.0,0.75
ZG006,calibration,metadata,0.15,1,0.0,0.0,0.0,0.0,0.0,0.15,0.0,0.0,0.15,0.024999999999999998,0.0,0.15
ZG006,calibration,metadata,0.3,1,0.0,0.0,0.0,0.0,0.0,0.3,0.0,0.0,0.3,0.049999999999999996,1.0,0.3
ZG006,calibration,metadata,0.5,1,0.0,0.0,0.0,0.0,0.0,0.5,0.0,0.0,0.5,0.08333333333333333,1.0,0.5
ZG006,calibration,metadata,0.75,1,0.0,0.0,0.0,0.0,0.0,0.75,0.0,0.0,0.75,0.125,1.0,0.75
ZG007,test,camera_view,0.0,0,0.0,0.0,0.0,0.0,0.0,0.0,0.0,0.0,0.0,0.0,0.0,0.0
ZG007,test,background,0.0,0,0.0,0.0,0.0,0.0,0.0,0.0,0.0,0.0,0.0,0.0,0.0,0.0
ZG007,test,lighting,0.0,0,0.0,0.0,0.0,0.0,0.0,0.0,0.0,0.0,0.0,0.0,0.0,0.0
ZG007,test,compression,0.0,0,0.0,6.090678445412445e-08,0.0,0.0,0.0,0.0,6.090678445412445e-08,6.090678445412445e-08,0.0,1.0151130742354074e-08,0.0,6.090678445412445e-08
ZG007,test,camera_view,0.2,0,0.0,0.0,0.0,0.0,0.0,0.0,0.0,0.0,0.0,0.0,0.0,0.0
ZG007,test,background,0.2,0,0.0,0.0,0.0,0.0,0.0,0.0,0.0,0.0,0.0,0.0,0.0,0.0
ZG007,test,lighting,0.2,0,0.0,0.0,0.0,0.0,0.0,0.0,0.0,0.0,0.0,0.0,0.0,0.0
ZG007,test,compression,0.2,0,0.0,6.090678445412445e-08,0.0,0.0,0.0,0.0,6.090678445412445e-08,6.090678445412445e-08,0.0,1.0151130742354074e-08,0.0,6.090678445412445e-08
ZG007,test,camera_view,0.4,0,0.0,0.0,0.0,0.0,0.0,0.0,0.0,0.0,0.0,0.0,0.0,0.0
ZG007,test,background,0.4,0,0.0,0.0,0.0,0.0,0.0,0.0,0.0,0.0,0.0,0.0,0.0,0.0
ZG007,test,lighting,0.4,0,0.0,0.0,0.0,0.0,0.0,0.0,0.0,0.0,0.0,0.0,0.0,0.0
ZG007,test,compression,0.4,0,0.0,2.652063243456578e-07,0.0,0.0,0.0,0.0,2.652063243456578e-07,2.652063243456578e-07,0.0,4.420105405760964e-08,0.0,2.652063243456578e-07
ZG007,test,camera_view,0.6,0,0.0,0.0,0.0,0.0,0.0,0.0,0.0,0.0,0.0,0.0,0.0,0.0
ZG007,test,background,0.6,0,0.0,0.0,0.0,0.0,0.0,0.0,0.0,0.0,0.0,0.0,0.0,0.0
ZG007,test,lighting,0.6,0,0.0,0.0,0.0,0.0,0.0,0.0,0.0,0.0,0.0,0.0,0.0,0.0
ZG007,test,compression,0.6,0,0.0,2.652063243456578e-07,0.0,0.0,0.0,0.0,2.652063243456578e-07,2.652063243456578e-07,0.0,4.420105405760964e-08,0.0,2.652063243456578e-07
ZG007,test,camera_view,0.8,0,0.0,0.0,0.0,0.0,0.0,0.0,0.0,0.0,0.0,0.0,0.0,0.0
ZG007,test,background,0.8,0,0.0,0.0,0.0,0.0,0.0,0.0,0.0,0.0,0.0,0.0,0.0,0.0
ZG007,test,lighting,0.8,0,0.0,0.0,0.0,0.0,0.0,0.0,0.0,0.0,0.0,0.0,0.0,0.0
ZG007,test,compression,0.8,0,0.0,1.3653547656847224e-06,0.0,0.0,0.0,0.0,1.3653547656847224e-06,1.3653547656847224e-06,0.0,2.275591276141204e-07,0.0,1.3653547656847224e-06
ZG007,test,camera_view,1.0,0,0.0,0.0,0.0,0.0,0.0,0.0,0.0,0.0,0.0,0.0,0.0,0.0
ZG007,test,background,1.0,0,0.0,0.0,0.0,0.0,0.0,0.0,0.0,0.0,0.0,0.0,0.0,0.0
ZG007,test,lighting,1.0,0,0.0,0.0,0.0,0.0,0.0,0.0,0.0,0.0,0.0,0.0,0.0,0.0
ZG007,test,compression,1.0,0,0.0,1.3653547656847224e-06,0.0,0.0,0.0,0.0,1.3653547656847224e-06,1.3653547656847224e-06,0.0,2.275591276141204e-07,0.0,1.3653547656847224e-06
ZG007,test,component,0.15,1,0.09057519057519058,0.0,0.17845690951950455,0.0,0.0,0.0,0.17845690951950455,0.0,0.0,0.04483868334911586,0.0,0.17845690951950455
ZG007,test,component,0.3,1,0.17685377685377685,0.0,0.3497615194727258,0.0,0.0,0.0,0.3497615194727258,0.0,0.0,0.08776921605441712,1.0,0.3497615194727258
ZG007,test,component,0.5,1,0.2902979902979903,0.0,0.575452980855772,0.0,0.0,0.0,0.575452980855772,0.0,0.0,0.14429182852562705,1.0,0.575452980855772
ZG007,test,component,0.75,1,0.434026334026334,0.0,0.8608145980399677,0.0,0.0,0.0,0.8608145980399677,0.0,0.0,0.21580682201105028,1.0,0.8608145980399677
ZG007,test,silhouette,0.15,1,0.0,0.11999999999999991,0.0,0.0,0.0,0.0,0.11999999999999991,0.11999999999999991,0.0,0.019999999999999987,0.0,0.11999999999999991
ZG007,test,silhouette,0.3,1,0.0,0.23999999999999982,0.0,0.0,0.0,0.0,0.23999999999999982,0.23999999999999982,0.0,0.03999999999999997,0.0,0.23999999999999982
ZG007,test,silhouette,0.5,1,0.0,0.39999999999999997,0.0,0.0,0.0,0.0,0.39999999999999997,0.39999999999999997,0.0,0.06666666666666667,1.0,0.39999999999999997
ZG007,test,silhouette,0.75,1,0.0,0.6000000000000002,0.0,0.0,0.0,0.0,0.6000000000000002,0.6000000000000002,0.0,0.10000000000000003,1.0,0.6000000000000002
ZG007,test,topology,0.15,1,0.1428967428967429,0.0,0.16325508659348653,0.0,0.0,0.0,0.16325508659348653,0.0,0.0,0.05102530491503824,0.0,0.16325508659348653
ZG007,test,topology,0.3,1,0.3333333333333333,0.0,0.4383492238957211,0.0,0.0,0.0,0.4383492238957211,0.0,0.0,0.12861375953817575,1.0,0.4383492238957211
ZG007,test,topology,0.5,1,0.5,0.0,0.7516236009396159,0.0,0.0,0.0,0.7516236009396159,0.0,0.0,0.20860393348993597,1.0,0.7516236009396159
ZG007,test,topology,0.75,1,0.5,0.0,0.7516236009396159,0.0,0.0,0.0,0.7516236009396159,0.0,0.0,0.20860393348993597,1.0,0.7516236009396159
ZG007,test,material,0.15,1,0.0,0.0,0.0,0.15,0.0,0.0,0.0,0.15,0.0,0.024999999999999998,0.0,0.15
ZG007,test,material,0.3,1,0.0,0.0,0.0,0.3,0.0,0.0,0.0,0.3,0.0,0.049999999999999996,1.0,0.3
ZG007,test,material,0.5,1,0.0,0.0,0.0,0.5,0.0,0.0,0.0,0.5,0.0,0.08333333333333333,1.0,0.5
ZG007,test,material,0.75,1,0.0,0.0,0.0,0.75,0.0,0.0,0.0,0.75,0.0,0.125,1.0,0.75
ZG007,test,motif,0.15,1,0.0,0.0,0.0,0.0,0.15,0.0,0.0,0.15,0.0,0.024999999999999998,0.0,0.15
ZG007,test,motif,0.3,1,0.0,0.0,0.0,0.0,0.3,0.0,0.0,0.3,0.0,0.049999999999999996,1.0,0.3
ZG007,test,motif,0.5,1,0.0,0.0,0.0,0.0,0.5,0.0,0.0,0.5,0.0,0.08333333333333333,1.0,0.5
ZG007,test,motif,0.75,1,0.0,0.0,0.0,0.0,0.75,0.0,0.0,0.75,0.0,0.125,1.0,0.75
ZG007,test,metadata,0.15,1,0.0,0.0,0.0,0.0,0.0,0.15,0.0,0.0,0.15,0.024999999999999998,0.0,0.15
ZG007,test,metadata,0.3,1,0.0,0.0,0.0,0.0,0.0,0.3,0.0,0.0,0.3,0.049999999999999996,1.0,0.3
ZG007,test,metadata,0.5,1,0.0,0.0,0.0,0.0,0.0,0.5,0.0,0.0,0.5,0.08333333333333333,1.0,0.5
ZG007,test,metadata,0.75,1,0.0,0.0,0.0,0.0,0.0,0.75,0.0,0.0,0.75,0.125,1.0,0.75
ZG008,test,camera_view,0.0,0,0.0,0.0,0.0,0.0,0.0,0.0,0.0,0.0,0.0,0.0,0.0,0.0
ZG008,test,background,0.0,0,0.0,0.0,0.0,0.0,0.0,0.0,0.0,0.0,0.0,0.0,0.0,0.0
ZG008,test,lighting,0.0,0,0.0,0.0,0.0,0.0,0.0,0.0,0.0,0.0,0.0,0.0,0.0,0.0
ZG008,test,compression,0.0,0,0.0,4.3125220485937145e-08,0.0,0.0,0.0,0.0,4.3125220485937145e-08,4.3125220485937145e-08,0.0,7.187536747656191e-09,0.0,4.3125220485937145e-08
ZG008,test,camera_view,0.2,0,0.0,0.0,0.0,0.0,0.0,0.0,0.0,0.0,0.0,0.0,0.0,0.0
ZG008,test,background,0.2,0,0.0,0.0,0.0,0.0,0.0,0.0,0.0,0.0,0.0,0.0,0.0,0.0
ZG008,test,lighting,0.2,0,0.0,0.0,0.0,0.0,0.0,0.0,0.0,0.0,0.0,0.0,0.0,0.0
ZG008,test,compression,0.2,0,0.0,4.3125220485937145e-08,0.0,0.0,0.0,0.0,4.3125220485937145e-08,4.3125220485937145e-08,0.0,7.187536747656191e-09,0.0,4.3125220485937145e-08
ZG008,test,camera_view,0.4,0,0.0,0.0,0.0,0.0,0.0,0.0,0.0,0.0,0.0,0.0,0.0,0.0
ZG008,test,background,0.4,0,0.0,0.0,0.0,0.0,0.0,0.0,0.0,0.0,0.0,0.0,0.0,0.0
ZG008,test,lighting,0.4,0,0.0,0.0,0.0,0.0,0.0,0.0,0.0,0.0,0.0,0.0,0.0,0.0
ZG008,test,compression,0.4,0,0.0,7.299434514245015e-07,0.0,0.0,0.0,0.0,7.299434514245015e-07,7.299434514245015e-07,0.0,1.216572419040836e-07,0.0,7.299434514245015e-07
ZG008,test,camera_view,0.6,0,0.0,0.0,0.0,0.0,0.0,0.0,0.0,0.0,0.0,0.0,0.0,0.0
ZG008,test,background,0.6,0,0.0,0.0,0.0,0.0,0.0,0.0,0.0,0.0,0.0,0.0,0.0,0.0
ZG008,test,lighting,0.6,0,0.0,0.0,0.0,0.0,0.0,0.0,0.0,0.0,0.0,0.0,0.0,0.0
ZG008,test,compression,0.6,0,0.0,7.299434514245015e-07,0.0,0.0,0.0,0.0,7.299434514245015e-07,7.299434514245015e-07,0.0,1.216572419040836e-07,0.0,7.299434514245015e-07
ZG008,test,camera_view,0.8,0,0.0,0.0,0.0,0.0,0.0,0.0,0.0,0.0,0.0,0.0,0.0,0.0
ZG008,test,background,0.8,0,0.0,0.0,0.0,0.0,0.0,0.0,0.0,0.0,0.0,0.0,0.0,0.0
ZG008,test,lighting,0.8,0,0.0,0.0,0.0,0.0,0.0,0.0,0.0,0.0,0.0,0.0,0.0,0.0
ZG008,test,compression,0.8,0,0.0,1.3836828603381897e-05,0.0,0.0,0.0,0.0,1.3836828603381897e-05,1.3836828603381897e-05,0.0,2.3061381005636496e-06,0.0,1.3836828603381897e-05
ZG008,test,camera_view,1.0,0,0.0,0.0,0.0,0.0,0.0,0.0,0.0,0.0,0.0,0.0,0.0,0.0
ZG008,test,background,1.0,0,0.0,0.0,0.0,0.0,0.0,0.0,0.0,0.0,0.0,0.0,0.0,0.0
ZG008,test,lighting,1.0,0,0.0,0.0,0.0,0.0,0.0,0.0,0.0,0.0,0.0,0.0,0.0,0.0
ZG008,test,compression,1.0,0,0.0,1.3836828603381897e-05,0.0,0.0,0.0,0.0,1.3836828603381897e-05,1.3836828603381897e-05,0.0,2.3061381005636496e-06,0.0,1.3836828603381897e-05
ZG008,test,component,0.15,1,0.09018446823047142,0.0,0.17780748109951,0.0,0.0,0.0,0.17780748109951,0.0,0.0,0.04466532488833024,0.0,0.17780748109951
ZG008,test,component,0.3,1,0.17729446595308584,0.0,0.3504587354458943,0.0,0.0,0.0,0.3504587354458943,0.0,0.0,0.08795886689983001,1.0,0.3504587354458943
ZG008,test,component,0.5,1,0.2918469596902756,0.0,0.5780316682444011,0.0,0.0,0.0,0.5780316682444011,0.0,0.0,0.1449797713224461,1.0,0.5780316682444011
ZG008,test,component,0.75,1,0.4319631063539057,0.0,0.8575119330003855,0.0,0.0,0.0,0.8575119330003855,0.0,0.0,0.21491250655904856,1.0,0.8575119330003855
ZG008,test,silhouette,0.15,1,0.0,0.12000000000000004,0.0,0.0,0.0,0.0,0.12000000000000004,0.12000000000000004,0.0,0.020000000000000007,0.0,0.12000000000000004
ZG008,test,silhouette,0.3,1,0.0,0.23999999999999974,0.0,0.0,0.0,0.0,0.23999999999999974,0.23999999999999974,0.0,0.03999999999999996,0.0,0.23999999999999974
ZG008,test,silhouette,0.5,1,0.0,0.39999999999999986,0.0,0.0,0.0,0.0,0.39999999999999986,0.39999999999999986,0.0,0.06666666666666664,1.0,0.39999999999999986
ZG008,test,silhouette,0.75,1,0.0,0.5999999999999996,0.0,0.0,0.0,0.0,0.5999999999999996,0.5999999999999996,0.0,0.09999999999999994,1.0,0.5999999999999996
ZG008,test,topology,0.15,1,0.1429059439763152,0.0,0.16130109916178073,0.0,0.0,0.0,0.16130109916178073,0.0,0.0,0.05070117385634932,0.0,0.16130109916178073
ZG008,test,topology,0.3,1,0.3333523115463448,0.0,0.4391055288059965,0.0,0.0,0.0,0.4391055288059965,0.0,0.0,0.1287429733920569,1.0,0.4391055288059965
ZG008,test,topology,0.5,1,0.5,0.0,0.7540499621498864,0.0,0.0,0.0,0.7540499621498864,0.0,0.0,0.20900832702498107,1.0,0.7540499621498864
ZG008,test,topology,0.75,1,0.5,0.0,0.7540499621498864,0.0,0.0,0.0,0.7540499621498864,0.0,0.0,0.20900832702498107,1.0,0.7540499621498864
ZG008,test,material,0.15,1,0.0,0.0,0.0,0.15,0.0,0.0,0.0,0.15,0.0,0.024999999999999998,0.0,0.15
ZG008,test,material,0.3,1,0.0,0.0,0.0,0.3,0.0,0.0,0.0,0.3,0.0,0.049999999999999996,1.0,0.3
ZG008,test,material,0.5,1,0.0,0.0,0.0,0.5,0.0,0.0,0.0,0.5,0.0,0.08333333333333333,1.0,0.5
ZG008,test,material,0.75,1,0.0,0.0,0.0,0.75,0.0,0.0,0.0,0.75,0.0,0.125,1.0,0.75
ZG008,test,motif,0.15,1,0.0,0.0,0.0,0.0,0.15,0.0,0.0,0.15,0.0,0.024999999999999998,0.0,0.15
ZG008,test,motif,0.3,1,0.0,0.0,0.0,0.0,0.3,0.0,0.0,0.3,0.0,0.049999999999999996,1.0,0.3
ZG008,test,motif,0.5,1,0.0,0.0,0.0,0.0,0.5,0.0,0.0,0.5,0.0,0.08333333333333333,1.0,0.5
ZG008,test,motif,0.75,1,0.0,0.0,0.0,0.0,0.75,0.0,0.0,0.75,0.0,0.125,1.0,0.75
ZG008,test,metadata,0.15,1,0.0,0.0,0.0,0.0,0.0,0.15,0.0,0.0,0.15,0.024999999999999998,0.0,0.15
ZG008,test,metadata,0.3,1,0.0,0.0,0.0,0.0,0.0,0.3,0.0,0.0,0.3,0.049999999999999996,1.0,0.3
ZG008,test,metadata,0.5,1,0.0,0.0,0.0,0.0,0.0,0.5,0.0,0.0,0.5,0.08333333333333333,1.0,0.5
ZG008,test,metadata,0.75,1,0.0,0.0,0.0,0.0,0.0,0.75,0.0,0.0,0.75,0.125,1.0,0.75
ZG009,test,camera_view,0.0,0,0.0,0.0,0.0,0.0,0.0,0.0,0.0,0.0,0.0,0.0,0.0,0.0
ZG009,test,background,0.0,0,0.0,0.0,0.0,0.0,0.0,0.0,0.0,0.0,0.0,0.0,0.0,0.0
ZG009,test,lighting,0.0,0,0.0,0.0,0.0,0.0,0.0,0.0,0.0,0.0,0.0,0.0,0.0,0.0
ZG009,test,compression,0.0,0,0.0,5.055239589666846e-08,0.0,0.0,0.0,0.0,5.055239589666846e-08,5.055239589666846e-08,0.0,8.42539931611141e-09,0.0,5.055239589666846e-08
ZG009,test,camera_view,0.2,0,0.0,0.0,0.0,0.0,0.0,0.0,0.0,0.0,0.0,0.0,0.0,0.0
ZG009,test,background,0.2,0,0.0,0.0,0.0,0.0,0.0,0.0,0.0,0.0,0.0,0.0,0.0,0.0
ZG009,test,lighting,0.2,0,0.0,0.0,0.0,0.0,0.0,0.0,0.0,0.0,0.0,0.0,0.0,0.0
ZG009,test,compression,0.2,0,0.0,5.055239589666846e-08,0.0,0.0,0.0,0.0,5.055239589666846e-08,5.055239589666846e-08,0.0,8.42539931611141e-09,0.0,5.055239589666846e-08
ZG009,test,camera_view,0.4,0,0.0,0.0,0.0,0.0,0.0,0.0,0.0,0.0,0.0,0.0,0.0,0.0
ZG009,test,background,0.4,0,0.0,0.0,0.0,0.0,0.0,0.0,0.0,0.0,0.0,0.0,0.0,0.0
ZG009,test,lighting,0.4,0,0.0,0.0,0.0,0.0,0.0,0.0,0.0,0.0,0.0,0.0,0.0,0.0
ZG009,test,compression,0.4,0,0.0,3.8596253610677127e-08,0.0,0.0,0.0,0.0,3.8596253610677127e-08,3.8596253610677127e-08,0.0,6.4327089351128544e-09,0.0,3.8596253610677127e-08
ZG009,test,camera_view,0.6,0,0.0,0.0,0.0,0.0,0.0,0.0,0.0,0.0,0.0,0.0,0.0,0.0
ZG009,test,background,0.6,0,0.0,0.0,0.0,0.0,0.0,0.0,0.0,0.0,0.0,0.0,0.0,0.0
ZG009,test,lighting,0.6,0,0.0,0.0,0.0,0.0,0.0,0.0,0.0,0.0,0.0,0.0,0.0,0.0
ZG009,test,compression,0.6,0,0.0,3.8596253610677127e-08,0.0,0.0,0.0,0.0,3.8596253610677127e-08,3.8596253610677127e-08,0.0,6.4327089351128544e-09,0.0,3.8596253610677127e-08
ZG009,test,camera_view,0.8,0,0.0,0.0,0.0,0.0,0.0,0.0,0.0,0.0,0.0,0.0,0.0,0.0
ZG009,test,background,0.8,0,0.0,0.0,0.0,0.0,0.0,0.0,0.0,0.0,0.0,0.0,0.0,0.0
ZG009,test,lighting,0.8,0,0.0,0.0,0.0,0.0,0.0,0.0,0.0,0.0,0.0,0.0,0.0,0.0
ZG009,test,compression,0.8,0,0.0,1.6242868427328968e-05,0.0,0.0,0.0,0.0,1.6242868427328968e-05,1.6242868427328968e-05,0.0,2.7071447378881613e-06,0.0,1.6242868427328968e-05
ZG009,test,camera_view,1.0,0,0.0,0.0,0.0,0.0,0.0,0.0,0.0,0.0,0.0,0.0,0.0,0.0
ZG009,test,background,1.0,0,0.0,0.0,0.0,0.0,0.0,0.0,0.0,0.0,0.0,0.0,0.0,0.0
ZG009,test,lighting,1.0,0,0.0,0.0,0.0,0.0,0.0,0.0,0.0,0.0,0.0,0.0,0.0,0.0
ZG009,test,compression,1.0,0,0.0,1.6242868427328968e-05,0.0,0.0,0.0,0.0,1.6242868427328968e-05,1.6242868427328968e-05,0.0,2.7071447378881613e-06,0.0,1.6242868427328968e-05
ZG009,test,component,0.15,1,0.09170423805229937,0.0,0.1803391054890101,0.0,0.0,0.0,0.1803391054890101,0.0,0.0,0.04534055725688491,0.0,0.1803391054890101
ZG009,test,component,0.3,1,0.18223624887285844,0.0,0.35866811194066617,0.0,0.0,0.0,0.35866811194066617,0.0,0.0,0.09015072680225411,1.0,0.35866811194066617
ZG009,test,component,0.5,1,0.2939585211902615,0.0,0.581647790446351,0.0,0.0,0.0,0.581647790446351,0.0,0.0,0.14593438527276872,1.0,0.581647790446351
ZG009,test,component,0.75,1,0.43165013525698825,0.0,0.8570496205643077,0.0,0.0,0.0,0.8570496205643077,0.0,0.0,0.21478329263688267,1.0,0.8570496205643077
ZG009,test,silhouette,0.15,1,0.0,0.12000000000000033,0.0,0.0,0.0,0.0,0.12000000000000033,0.12000000000000033,0.0,0.020000000000000056,0.0,0.12000000000000033
ZG009,test,silhouette,0.3,1,0.0,0.24000000000000016,0.0,0.0,0.0,0.0,0.24000000000000016,0.24000000000000016,0.0,0.04000000000000003,0.0,0.24000000000000016
ZG009,test,silhouette,0.5,1,0.0,0.4000000000000002,0.0,0.0,0.0,0.0,0.4000000000000002,0.4000000000000002,0.0,0.0666666666666667,1.0,0.4000000000000002
ZG009,test,silhouette,0.75,1,0.0,0.6000000000000003,0.0,0.0,0.0,0.0,0.6000000000000003,0.6000000000000003,0.0,0.10000000000000005,1.0,0.6000000000000003
ZG009,test,topology,0.15,1,0.14292155094679893,0.0,0.16123503469807068,0.0,0.0,0.0,0.16123503469807068,0.0,0.0,0.05069276427414493,0.0,0.16123503469807068
ZG009,test,topology,0.3,1,0.3333633904418395,0.0,0.43941402183809297,0.0,0.0,0.0,0.43941402183809297,0.0,0.0,0.12879623537998874,1.0,0.43941402183809297
ZG009,test,topology,0.5,1,0.5,0.0,0.7578251241845713,0.0,0.0,0.0,0.7578251241845713,0.0,0.0,0.20963752069742855,1.0,0.7578251241845713
ZG009,test,topology,0.75,1,0.5,0.0,0.7578251241845713,0.0,0.0,0.0,0.7578251241845713,0.0,0.0,0.20963752069742855,1.0,0.7578251241845713
ZG009,test,material,0.15,1,0.0,0.0,0.0,0.15,0.0,0.0,0.0,0.15,0.0,0.024999999999999998,0.0,0.15
ZG009,test,material,0.3,1,0.0,0.0,0.0,0.3,0.0,0.0,0.0,0.3,0.0,0.049999999999999996,1.0,0.3
ZG009,test,material,0.5,1,0.0,0.0,0.0,0.5,0.0,0.0,0.0,0.5,0.0,0.08333333333333333,1.0,0.5
ZG009,test,material,0.75,1,0.0,0.0,0.0,0.75,0.0,0.0,0.0,0.75,0.0,0.125,1.0,0.75
ZG009,test,motif,0.15,1,0.0,0.0,0.0,0.0,0.15,0.0,0.0,0.15,0.0,0.024999999999999998,0.0,0.15
ZG009,test,motif,0.3,1,0.0,0.0,0.0,0.0,0.3,0.0,0.0,0.3,0.0,0.049999999999999996,1.0,0.3
ZG009,test,motif,0.5,1,0.0,0.0,0.0,0.0,0.5,0.0,0.0,0.5,0.0,0.08333333333333333,1.0,0.5
ZG009,test,motif,0.75,1,0.0,0.0,0.0,0.0,0.75,0.0,0.0,0.75,0.0,0.125,1.0,0.75
ZG009,test,metadata,0.15,1,0.0,0.0,0.0,0.0,0.0,0.15,0.0,0.0,0.15,0.024999999999999998,0.0,0.15
ZG009,test,metadata,0.3,1,0.0,0.0,0.0,0.0,0.0,0.3,0.0,0.0,0.3,0.049999999999999996,1.0,0.3
ZG009,test,metadata,0.5,1,0.0,0.0,0.0,0.0,0.0,0.5,0.0,0.0,0.5,0.08333333333333333,1.0,0.5
ZG009,test,metadata,0.75,1,0.0,0.0,0.0,0.0,0.0,0.75,0.0,0.0,0.75,0.125,1.0,0.75
ZG010,test,camera_view,0.0,0,0.0,0.0,0.0,0.0,0.0,0.0,0.0,0.0,0.0,0.0,0.0,0.0
ZG010,test,background,0.0,0,0.0,0.0,0.0,0.0,0.0,0.0,0.0,0.0,0.0,0.0,0.0,0.0
ZG010,test,lighting,0.0,0,0.0,0.0,0.0,0.0,0.0,0.0,0.0,0.0,0.0,0.0,0.0,0.0
ZG010,test,compression,0.0,0,0.0,3.1607911918663216e-07,0.0,0.0,0.0,0.0,3.1607911918663216e-07,3.1607911918663216e-07,0.0,5.2679853197772024e-08,0.0,3.1607911918663216e-07
ZG010,test,camera_view,0.2,0,0.0,0.0,0.0,0.0,0.0,0.0,0.0,0.0,0.0,0.0,0.0,0.0
ZG010,test,background,0.2,0,0.0,0.0,0.0,0.0,0.0,0.0,0.0,0.0,0.0,0.0,0.0,0.0
ZG010,test,lighting,0.2,0,0.0,0.0,0.0,0.0,0.0,0.0,0.0,0.0,0.0,0.0,0.0,0.0
ZG010,test,compression,0.2,0,0.0,3.1607911918663216e-07,0.0,0.0,0.0,0.0,3.1607911918663216e-07,3.1607911918663216e-07,0.0,5.2679853197772024e-08,0.0,3.1607911918663216e-07
ZG010,test,camera_view,0.4,0,0.0,0.0,0.0,0.0,0.0,0.0,0.0,0.0,0.0,0.0,0.0,0.0
ZG010,test,background,0.4,0,0.0,0.0,0.0,0.0,0.0,0.0,0.0,0.0,0.0,0.0,0.0,0.0
ZG010,test,lighting,0.4,0,0.0,0.0,0.0,0.0,0.0,0.0,0.0,0.0,0.0,0.0,0.0,0.0
ZG010,test,compression,0.4,0,0.0,1.152273892035561e-06,0.0,0.0,0.0,0.0,1.152273892035561e-06,1.152273892035561e-06,0.0,1.920456486725935e-07,0.0,1.152273892035561e-06
ZG010,test,camera_view,0.6,0,0.0,0.0,0.0,0.0,0.0,0.0,0.0,0.0,0.0,0.0,0.0,0.0
ZG010,test,background,0.6,0,0.0,0.0,0.0,0.0,0.0,0.0,0.0,0.0,0.0,0.0,0.0,0.0
ZG010,test,lighting,0.6,0,0.0,0.0,0.0,0.0,0.0,0.0,0.0,0.0,0.0,0.0,0.0,0.0
ZG010,test,compression,0.6,0,0.0,1.152273892035561e-06,0.0,0.0,0.0,0.0,1.152273892035561e-06,1.152273892035561e-06,0.0,1.920456486725935e-07,0.0,1.152273892035561e-06
ZG010,test,camera_view,0.8,0,0.0,0.0,0.0,0.0,0.0,0.0,0.0,0.0,0.0,0.0,0.0,0.0
ZG010,test,background,0.8,0,0.0,0.0,0.0,0.0,0.0,0.0,0.0,0.0,0.0,0.0,0.0,0.0
ZG010,test,lighting,0.8,0,0.0,0.0,0.0,0.0,0.0,0.0,0.0,0.0,0.0,0.0,0.0,0.0
ZG010,test,compression,0.8,0,0.0,1.2500550905169869e-05,0.0,0.0,0.0,0.0,1.2500550905169869e-05,1.2500550905169869e-05,0.0,2.083425150861645e-06,0.0,1.2500550905169869e-05
ZG010,test,camera_view,1.0,0,0.0,0.0,0.0,0.0,0.0,0.0,0.0,0.0,0.0,0.0,0.0,0.0
ZG010,test,background,1.0,0,0.0,0.0,0.0,0.0,0.0,0.0,0.0,0.0,0.0,0.0,0.0,0.0
ZG010,test,lighting,1.0,0,0.0,0.0,0.0,0.0,0.0,0.0,0.0,0.0,0.0,0.0,0.0,0.0
ZG010,test,compression,1.0,0,0.0,1.2500550905169869e-05,0.0,0.0,0.0,0.0,1.2500550905169869e-05,1.2500550905169869e-05,0.0,2.083425150861645e-06,0.0,1.2500550905169869e-05
ZG010,test,component,0.15,1,0.092486103124401,0.0,0.18162968796999157,0.0,0.0,0.0,0.18162968796999157,0.0,0.0,0.04568596518239876,0.0,0.18162968796999157
ZG010,test,component,0.3,1,0.17807168870998658,0.0,0.35177433118053736,0.0,0.0,0.0,0.35177433118053736,0.0,0.0,0.08830766998175399,1.0,0.35177433118053736
ZG010,test,component,0.5,1,0.29212190914318575,0.0,0.5784638384650578,0.0,0.0,0.0,0.5784638384650578,0.0,0.0,0.1450976246013739,1.0,0.5784638384650578
ZG010,test,component,0.75,1,0.43636189380870233,0.0,0.864696818991765,0.0,0.0,0.0,0.864696818991765,0.0,0.0,0.2168431188000779,1.0,0.864696818991765
ZG010,test,silhouette,0.15,1,0.0,0.12000000000000018,0.0,0.0,0.0,0.0,0.12000000000000018,0.12000000000000018,0.0,0.020000000000000028,0.0,0.12000000000000018
ZG010,test,silhouette,0.3,1,0.0,0.24000000000000019,0.0,0.0,0.0,0.0,0.24000000000000019,0.24000000000000019,0.0,0.04000000000000003,0.0,0.24000000000000019
ZG010,test,silhouette,0.5,1,0.0,0.39999999999999997,0.0,0.0,0.0,0.0,0.39999999999999997,0.39999999999999997,0.0,0.06666666666666667,1.0,0.39999999999999997
ZG010,test,silhouette,0.75,1,0.0,0.6000000000000002,0.0,0.0,0.0,0.0,0.6000000000000002,0.6000000000000002,0.0,0.10000000000000003,1.0,0.6000000000000002
ZG010,test,topology,0.15,1,0.14289821736630248,0.0,0.16352858985913915,0.0,0.0,0.0,0.16352858985913915,0.0,0.0,0.05107113453757361,0.0,0.16352858985913915
ZG010,test,topology,0.3,1,0.3333333333333333,0.0,0.44036930913721756,0.0,0.0,0.0,0.44036930913721756,0.0,0.0,0.1289504404117585,1.0,0.44036930913721756
ZG010,test,topology,0.5,1,0.5,0.0,0.7529130850047756,0.0,0.0,0.0,0.7529130850047756,0.0,0.0,0.20881884750079593,1.0,0.7529130850047756
ZG010,test,topology,0.75,1,0.5,0.0,0.7529130850047756,0.0,0.0,0.0,0.7529130850047756,0.0,0.0,0.20881884750079593,1.0,0.7529130850047756
ZG010,test,material,0.15,1,0.0,0.0,0.0,0.15,0.0,0.0,0.0,0.15,0.0,0.024999999999999998,0.0,0.15
ZG010,test,material,0.3,1,0.0,0.0,0.0,0.3,0.0,0.0,0.0,0.3,0.0,0.049999999999999996,1.0,0.3
ZG010,test,material,0.5,1,0.0,0.0,0.0,0.5,0.0,0.0,0.0,0.5,0.0,0.08333333333333333,1.0,0.5
ZG010,test,material,0.75,1,0.0,0.0,0.0,0.75,0.0,0.0,0.0,0.75,0.0,0.125,1.0,0.75
ZG010,test,motif,0.15,1,0.0,0.0,0.0,0.0,0.15,0.0,0.0,0.15,0.0,0.024999999999999998,0.0,0.15
ZG010,test,motif,0.3,1,0.0,0.0,0.0,0.0,0.3,0.0,0.0,0.3,0.0,0.049999999999999996,1.0,0.3
ZG010,test,motif,0.5,1,0.0,0.0,0.0,0.0,0.5,0.0,0.0,0.5,0.0,0.08333333333333333,1.0,0.5
ZG010,test,motif,0.75,1,0.0,0.0,0.0,0.0,0.75,0.0,0.0,0.75,0.0,0.125,1.0,0.75
ZG010,test,metadata,0.15,1,0.0,0.0,0.0,0.0,0.0,0.15,0.0,0.0,0.15,0.024999999999999998,0.0,0.15
ZG010,test,metadata,0.3,1,0.0,0.0,0.0,0.0,0.0,0.3,0.0,0.0,0.3,0.049999999999999996,1.0,0.3
ZG010,test,metadata,0.5,1,0.0,0.0,0.0,0.0,0.0,0.5,0.0,0.0,0.5,0.08333333333333333,1.0,0.5
ZG010,test,metadata,0.75,1,0.0,0.0,0.0,0.0,0.0,0.75,0.0,0.0,0.75,0.125,1.0,0.75
ZG011,calibration,camera_view,0.0,0,0.0,0.0,0.0,0.0,0.0,0.0,0.0,0.0,0.0,0.0,0.0,0.0
ZG011,calibration,background,0.0,0,0.0,0.0,0.0,0.0,0.0,0.0,0.0,0.0,0.0,0.0,0.0,0.0
ZG011,calibration,lighting,0.0,0,0.0,0.0,0.0,0.0,0.0,0.0,0.0,0.0,0.0,0.0,0.0,0.0
ZG011,calibration,compression,0.0,0,0.0,1.3102431769918754e-07,0.0,0.0,0.0,0.0,1.3102431769918754e-07,1.3102431769918754e-07,0.0,2.183738628319792e-08,0.0,1.3102431769918754e-07
ZG011,calibration,camera_view,0.2,0,0.0,0.0,0.0,0.0,0.0,0.0,0.0,0.0,0.0,0.0,0.0,0.0
ZG011,calibration,background,0.2,0,0.0,0.0,0.0,0.0,0.0,0.0,0.0,0.0,0.0,0.0,0.0,0.0
ZG011,calibration,lighting,0.2,0,0.0,0.0,0.0,0.0,0.0,0.0,0.0,0.0,0.0,0.0,0.0,0.0
ZG011,calibration,compression,0.2,0,0.0,1.3102431769918754e-07,0.0,0.0,0.0,0.0,1.3102431769918754e-07,1.3102431769918754e-07,0.0,2.183738628319792e-08,0.0,1.3102431769918754e-07
ZG011,calibration,camera_view,0.4,0,0.0,0.0,0.0,0.0,0.0,0.0,0.0,0.0,0.0,0.0,0.0,0.0
ZG011,calibration,background,0.4,0,0.0,0.0,0.0,0.0,0.0,0.0,0.0,0.0,0.0,0.0,0.0,0.0
ZG011,calibration,lighting,0.4,0,0.0,0.0,0.0,0.0,0.0,0.0,0.0,0.0,0.0,0.0,0.0,0.0
ZG011,calibration,compression,0.4,0,0.0,9.669536118741424e-07,0.0,0.0,0.0,0.0,9.669536118741424e-07,9.669536118741424e-07,0.0,1.6115893531235708e-07,0.0,9.669536118741424e-07
ZG011,calibration,camera_view,0.6,0,0.0,0.0,0.0,0.0,0.0,0.0,0.0,0.0,0.0,0.0,0.0,0.0
ZG011,calibration,background,0.6,0,0.0,0.0,0.0,0.0,0.0,0.0,0.0,0.0,0.0,0.0,0.0,0.0
ZG011,calibration,lighting,0.6,0,0.0,0.0,0.0,0.0,0.0,0.0,0.0,0.0,0.0,0.0,0.0,0.0
ZG011,calibration,compression,0.6,0,0.0,9.669536118741424e-07,0.0,0.0,0.0,0.0,9.669536118741424e-07,9.669536118741424e-07,0.0,1.6115893531235708e-07,0.0,9.669536118741424e-07
ZG011,calibration,camera_view,0.8,0,0.0,0.0,0.0,0.0,0.0,0.0,0.0,0.0,0.0,0.0,0.0,0.0
ZG011,calibration,background,0.8,0,0.0,0.0,0.0,0.0,0.0,0.0,0.0,0.0,0.0,0.0,0.0,0.0
ZG011,calibration,lighting,0.8,0,0.0,0.0,0.0,0.0,0.0,0.0,0.0,0.0,0.0,0.0,0.0,0.0
ZG011,calibration,compression,0.8,0,0.0,1.1452295013679186e-05,0.0,0.0,0.0,0.0,1.1452295013679186e-05,1.1452295013679186e-05,0.0,1.9087158356131976e-06,0.0,1.1452295013679186e-05
ZG011,calibration,camera_view,1.0,0,0.0,0.0,0.0,0.0,0.0,0.0,0.0,0.0,0.0,0.0,0.0,0.0
ZG011,calibration,background,1.0,0,0.0,0.0,0.0,0.0,0.0,0.0,0.0,0.0,0.0,0.0,0.0,0.0
ZG011,calibration,lighting,1.0,0,0.0,0.0,0.0,0.0,0.0,0.0,0.0,0.0,0.0,0.0,0.0,0.0
ZG011,calibration,compression,1.0,0,0.0,1.1452295013679186e-05,0.0,0.0,0.0,0.0,1.1452295013679186e-05,1.1452295013679186e-05,0.0,1.9087158356131976e-06,0.0,1.1452295013679186e-05
ZG011,calibration,component,0.15,1,0.09395456295725838,0.0,0.18406305051309751,0.0,0.0,0.0,0.18406305051309751,0.0,0.0,0.046336268911725986,0.0,0.18406305051309751
ZG011,calibration,component,0.3,1,0.17568348093954564,0.0,0.34785961367726104,0.0,0.0,0.0,0.34785961367726104,0.0,0.0,0.08725718243613445,1.0,0.34785961367726104
ZG011,calibration,component,0.5,1,0.28619561031959956,0.0,0.5687099689666959,0.0,0.0,0.0,0.5687099689666959,0.0,0.0,0.14248426321438257,1.0,0.5687099689666959
ZG011,calibration,component,0.75,1,0.42289179822872547,0.0,0.8423557420704613,0.0,0.0,0.0,0.8423557420704613,0.0,0.0,0.21087459004986445,1.0,0.8423557420704613
ZG011,calibration,silhouette,0.15,1,0.0,0.12000000000000031,0.0,0.0,0.0,0.0,0.12000000000000031,0.12000000000000031,0.0,0.020000000000000052,0.0,0.12000000000000031
ZG011,calibration,silhouette,0.3,1,0.0,0.2400000000000003,0.0,0.0,0.0,0.0,0.2400000000000003,0.2400000000000003,0.0,0.04000000000000005,0.0,0.2400000000000003
ZG011,calibration,silhouette,0.5,1,0.0,0.3999999999999999,0.0,0.0,0.0,0.0,0.3999999999999999,0.3999999999999999,0.0,0.06666666666666665,1.0,0.3999999999999999
ZG011,calibration,silhouette,0.75,1,0.0,0.6000000000000004,0.0,0.0,0.0,0.0,0.6000000000000004,0.6000000000000004,0.0,0.10000000000000007,1.0,0.6000000000000004
ZG011,calibration,topology,0.15,1,0.14285714285714285,0.0,0.16461847023429663,0.0,0.0,0.0,0.16461847023429663,0.0,0.0,0.051245935515239906,0.0,0.16461847023429663
ZG011,calibration,topology,0.3,1,0.33336542164035426,0.0,0.44038520466524245,0.0,0.0,0.0,0.44038520466524245,0.0,0.0,0.12895843771759943,1.0,0.44038520466524245
ZG011,calibration,topology,0.5,1,0.5,0.0,0.7551372048500319,0.0,0.0,0.0,0.7551372048500319,0.0,0.0,0.209189534141672,1.0,0.7551372048500319
ZG011,calibration,topology,0.75,1,0.5,0.0,0.7551372048500319,0.0,0.0,0.0,0.7551372048500319,0.0,0.0,0.209189534141672,1.0,0.7551372048500319
ZG011,calibration,material,0.15,1,0.0,0.0,0.0,0.15,0.0,0.0,0.0,0.15,0.0,0.024999999999999998,0.0,0.15
ZG011,calibration,material,0.3,1,0.0,0.0,0.0,0.3,0.0,0.0,0.0,0.3,0.0,0.049999999999999996,1.0,0.3
ZG011,calibration,material,0.5,1,0.0,0.0,0.0,0.5,0.0,0.0,0.0,0.5,0.0,0.08333333333333333,1.0,0.5
ZG011,calibration,material,0.75,1,0.0,0.0,0.0,0.75,0.0,0.0,0.0,0.75,0.0,0.125,1.0,0.75
ZG011,calibration,motif,0.15,1,0.0,0.0,0.0,0.0,0.15,0.0,0.0,0.15,0.0,0.024999999999999998,0.0,0.15
ZG011,calibration,motif,0.3,1,0.0,0.0,0.0,0.0,0.3,0.0,0.0,0.3,0.0,0.049999999999999996,1.0,0.3
ZG011,calibration,motif,0.5,1,0.0,0.0,0.0,0.0,0.5,0.0,0.0,0.5,0.0,0.08333333333333333,1.0,0.5
ZG011,calibration,motif,0.75,1,0.0,0.0,0.0,0.0,0.75,0.0,0.0,0.75,0.0,0.125,1.0,0.75
ZG011,calibration,metadata,0.15,1,0.0,0.0,0.0,0.0,0.0,0.15,0.0,0.0,0.15,0.024999999999999998,0.0,0.15
ZG011,calibration,metadata,0.3,1,0.0,0.0,0.0,0.0,0.0,0.3,0.0,0.0,0.3,0.049999999999999996,1.0,0.3
ZG011,calibration,metadata,0.5,1,0.0,0.0,0.0,0.0,0.0,0.5,0.0,0.0,0.5,0.08333333333333333,1.0,0.5
ZG011,calibration,metadata,0.75,1,0.0,0.0,0.0,0.0,0.0,0.75,0.0,0.0,0.75,0.125,1.0,0.75
ZG012,calibration,camera_view,0.0,0,0.0,0.0,0.0,0.0,0.0,0.0,0.0,0.0,0.0,0.0,0.0,0.0
ZG012,calibration,background,0.0,0,0.0,0.0,0.0,0.0,0.0,0.0,0.0,0.0,0.0,0.0,0.0,0.0
ZG012,calibration,lighting,0.0,0,0.0,0.0,0.0,0.0,0.0,0.0,0.0,0.0,0.0,0.0,0.0,0.0
ZG012,calibration,compression,0.0,0,0.0,1.6403361965369486e-07,0.0,0.0,0.0,0.0,1.6403361965369486e-07,1.6403361965369486e-07,0.0,2.7338936608949145e-08,0.0,1.6403361965369486e-07
ZG012,calibration,camera_view,0.2,0,0.0,0.0,0.0,0.0,0.0,0.0,0.0,0.0,0.0,0.0,0.0,0.0
ZG012,calibration,background,0.2,0,0.0,0.0,0.0,0.0,0.0,0.0,0.0,0.0,0.0,0.0,0.0,0.0
ZG012,calibration,lighting,0.2,0,0.0,0.0,0.0,0.0,0.0,0.0,0.0,0.0,0.0,0.0,0.0,0.0
ZG012,calibration,compression,0.2,0,0.0,1.6403361965369486e-07,0.0,0.0,0.0,0.0,1.6403361965369486e-07,1.6403361965369486e-07,0.0,2.7338936608949145e-08,0.0,1.6403361965369486e-07
ZG012,calibration,camera_view,0.4,0,0.0,0.0,0.0,0.0,0.0,0.0,0.0,0.0,0.0,0.0,0.0,0.0
ZG012,calibration,background,0.4,0,0.0,0.0,0.0,0.0,0.0,0.0,0.0,0.0,0.0,0.0,0.0,0.0
ZG012,calibration,lighting,0.4,0,0.0,0.0,0.0,0.0,0.0,0.0,0.0,0.0,0.0,0.0,0.0,0.0
ZG012,calibration,compression,0.4,0,0.0,1.3609115086004492e-06,0.0,0.0,0.0,0.0,1.3609115086004492e-06,1.3609115086004492e-06,0.0,2.2681858476674152e-07,0.0,1.3609115086004492e-06
ZG012,calibration,camera_view,0.6,0,0.0,0.0,0.0,0.0,0.0,0.0,0.0,0.0,0.0,0.0,0.0,0.0
ZG012,calibration,background,0.6,0,0.0,0.0,0.0,0.0,0.0,0.0,0.0,0.0,0.0,0.0,0.0,0.0
ZG012,calibration,lighting,0.6,0,0.0,0.0,0.0,0.0,0.0,0.0,0.0,0.0,0.0,0.0,0.0,0.0
ZG012,calibration,compression,0.6,0,0.0,1.3609115086004492e-06,0.0,0.0,0.0,0.0,1.3609115086004492e-06,1.3609115086004492e-06,0.0,2.2681858476674152e-07,0.0,1.3609115086004492e-06
ZG012,calibration,camera_view,0.8,0,0.0,0.0,0.0,0.0,0.0,0.0,0.0,0.0,0.0,0.0,0.0,0.0
ZG012,calibration,background,0.8,0,0.0,0.0,0.0,0.0,0.0,0.0,0.0,0.0,0.0,0.0,0.0,0.0
ZG012,calibration,lighting,0.8,0,0.0,0.0,0.0,0.0,0.0,0.0,0.0,0.0,0.0,0.0,0.0,0.0
ZG012,calibration,compression,0.8,0,0.0,4.185367486994485e-06,0.0,0.0,0.0,0.0,4.185367486994485e-06,4.185367486994485e-06,0.0,6.975612478324141e-07,0.0,4.185367486994485e-06
ZG012,calibration,camera_view,1.0,0,0.0,0.0,0.0,0.0,0.0,0.0,0.0,0.0,0.0,0.0,0.0,0.0
ZG012,calibration,background,1.0,0,0.0,0.0,0.0,0.0,0.0,0.0,0.0,0.0,0.0,0.0,0.0,0.0
ZG012,calibration,lighting,1.0,0,0.0,0.0,0.0,0.0,0.0,0.0,0.0,0.0,0.0,0.0,0.0,0.0
ZG012,calibration,compression,1.0,0,0.0,4.185367486994485e-06,0.0,0.0,0.0,0.0,4.185367486994485e-06,4.185367486994485e-06,0.0,6.975612478324141e-07,0.0,4.185367486994485e-06
ZG012,calibration,component,0.15,1,0.08998493975903614,0.0,0.1774987755857938,0.0,0.0,0.0,0.1774987755857938,0.0,0.0,0.04458061922413833,0.0,0.1774987755857938
ZG012,calibration,component,0.3,1,0.17265490533562822,0.0,0.34282664811421937,0.0,0.0,0.0,0.34282664811421937,0.0,0.0,0.08591359224164126,1.0,0.34282664811421937
ZG012,calibration,component,0.5,1,0.2826484509466437,0.0,0.562756995239142,0.0,0.0,0.0,0.562756995239142,0.0,0.0,0.14090090769763094,1.0,0.562756995239142
ZG012,calibration,component,0.75,1,0.4295933734939759,0.0,0.8539515696592204,0.0,0.0,0.0,0.8539515696592204,0.0,0.0,0.21392415719219937,1.0,0.8539515696592204
ZG012,calibration,silhouette,0.15,1,0.0,0.12000000000000025,0.0,0.0,0.0,0.0,0.12000000000000025,0.12000000000000025,0.0,0.020000000000000042,0.0,0.12000000000000025
ZG012,calibration,silhouette,0.3,1,0.0,0.23999999999999996,0.0,0.0,0.0,0.0,0.23999999999999996,0.23999999999999996,0.0,0.039999999999999994,0.0,0.23999999999999996
ZG012,calibration,silhouette,0.5,1,0.0,0.39999999999999986,0.0,0.0,0.0,0.0,0.39999999999999986,0.39999999999999986,0.0,0.06666666666666664,1.0,0.39999999999999986
ZG012,calibration,silhouette,0.75,1,0.0,0.6000000000000002,0.0,0.0,0.0,0.0,0.6000000000000002,0.6000000000000002,0.0,0.10000000000000003,1.0,0.6000000000000002
ZG012,calibration,topology,0.15,1,0.14285714285714285,0.0,0.16081693862248725,0.0,0.0,0.0,0.16081693862248725,0.0,0.0,0.05061234691327168,0.0,0.16081693862248725
ZG012,calibration,topology,0.3,1,0.3333691910499139,0.0,0.4380573047357782,0.0,0.0,0.0,0.4380573047357782,0.0,0.0,0.12857108263094869,1.0,0.4380573047357782
ZG012,calibration,topology,0.5,1,0.5,0.0,0.7532224086835434,0.0,0.0,0.0,0.7532224086835434,0.0,0.0,0.20887040144725724,1.0,0.7532224086835434
ZG012,calibration,topology,0.75,1,0.5,0.0,0.7532224086835434,0.0,0.0,0.0,0.7532224086835434,0.0,0.0,0.20887040144725724,1.0,0.7532224086835434
ZG012,calibration,material,0.15,1,0.0,0.0,0.0,0.15,0.0,0.0,0.0,0.15,0.0,0.024999999999999998,0.0,0.15
ZG012,calibration,material,0.3,1,0.0,0.0,0.0,0.3,0.0,0.0,0.0,0.3,0.0,0.049999999999999996,1.0,0.3
ZG012,calibration,material,0.5,1,0.0,0.0,0.0,0.5,0.0,0.0,0.0,0.5,0.0,0.08333333333333333,1.0,0.5
ZG012,calibration,material,0.75,1,0.0,0.0,0.0,0.75,0.0,0.0,0.0,0.75,0.0,0.125,1.0,0.75
ZG012,calibration,motif,0.15,1,0.0,0.0,0.0,0.0,0.15,0.0,0.0,0.15,0.0,0.024999999999999998,0.0,0.15
ZG012,calibration,motif,0.3,1,0.0,0.0,0.0,0.0,0.3,0.0,0.0,0.3,0.0,0.049999999999999996,1.0,0.3
ZG012,calibration,motif,0.5,1,0.0,0.0,0.0,0.0,0.5,0.0,0.0,0.5,0.0,0.08333333333333333,1.0,0.5
ZG012,calibration,motif,0.75,1,0.0,0.0,0.0,0.0,0.75,0.0,0.0,0.75,0.0,0.125,1.0,0.75
ZG012,calibration,metadata,0.15,1,0.0,0.0,0.0,0.0,0.0,0.15,0.0,0.0,0.15,0.024999999999999998,0.0,0.15
ZG012,calibration,metadata,0.3,1,0.0,0.0,0.0,0.0,0.0,0.3,0.0,0.0,0.3,0.049999999999999996,1.0,0.3
ZG012,calibration,metadata,0.5,1,0.0,0.0,0.0,0.0,0.0,0.5,0.0,0.0,0.5,0.08333333333333333,1.0,0.5
ZG012,calibration,metadata,0.75,1,0.0,0.0,0.0,0.0,0.0,0.75,0.0,0.0,0.75,0.125,1.0,0.75
ZG013,calibration,camera_view,0.0,0,0.0,0.0,0.0,0.0,0.0,0.0,0.0,0.0,0.0,0.0,0.0,0.0
ZG013,calibration,background,0.0,0,0.0,0.0,0.0,0.0,0.0,0.0,0.0,0.0,0.0,0.0,0.0,0.0
ZG013,calibration,lighting,0.0,0,0.0,0.0,0.0,0.0,0.0,0.0,0.0,0.0,0.0,0.0,0.0,0.0
ZG013,calibration,compression,0.0,0,0.0,1.7075246331888256e-08,0.0,0.0,0.0,0.0,1.7075246331888256e-08,1.7075246331888256e-08,0.0,2.8458743886480425e-09,0.0,1.7075246331888256e-08
ZG013,calibration,camera_view,0.2,0,0.0,0.0,0.0,0.0,0.0,0.0,0.0,0.0,0.0,0.0,0.0,0.0
ZG013,calibration,background,0.2,0,0.0,0.0,0.0,0.0,0.0,0.0,0.0,0.0,0.0,0.0,0.0,0.0
ZG013,calibration,lighting,0.2,0,0.0,0.0,0.0,0.0,0.0,0.0,0.0,0.0,0.0,0.0,0.0,0.0
ZG013,calibration,compression,0.2,0,0.0,1.7075246331888256e-08,0.0,0.0,0.0,0.0,1.7075246331888256e-08,1.7075246331888256e-08,0.0,2.8458743886480425e-09,0.0,1.7075246331888256e-08
ZG013,calibration,camera_view,0.4,0,0.0,0.0,0.0,0.0,0.0,0.0,0.0,0.0,0.0,0.0,0.0,0.0
ZG013,calibration,background,0.4,0,0.0,0.0,0.0,0.0,0.0,0.0,0.0,0.0,0.0,0.0,0.0,0.0
ZG013,calibration,lighting,0.4,0,0.0,0.0,0.0,0.0,0.0,0.0,0.0,0.0,0.0,0.0,0.0,0.0
ZG013,calibration,compression,0.4,0,0.0,2.3514116432018723e-07,0.0,0.0,0.0,0.0,2.3514116432018723e-07,2.3514116432018723e-07,0.0,3.9190194053364536e-08,0.0,2.3514116432018723e-07
ZG013,calibration,camera_view,0.6,0,0.0,0.0,0.0,0.0,0.0,0.0,0.0,0.0,0.0,0.0,0.0,0.0
ZG013,calibration,background,0.6,0,0.0,0.0,0.0,0.0,0.0,0.0,0.0,0.0,0.0,0.0,0.0,0.0
ZG013,calibration,lighting,0.6,0,0.0,0.0,0.0,0.0,0.0,0.0,0.0,0.0,0.0,0.0,0.0,0.0
ZG013,calibration,compression,0.6,0,0.0,2.3514116432018723e-07,0.0,0.0,0.0,0.0,2.3514116432018723e-07,2.3514116432018723e-07,0.0,3.9190194053364536e-08,0.0,2.3514116432018723e-07
ZG013,calibration,camera_view,0.8,0,0.0,0.0,0.0,0.0,0.0,0.0,0.0,0.0,0.0,0.0,0.0,0.0
ZG013,calibration,background,0.8,0,0.0,0.0,0.0,0.0,0.0,0.0,0.0,0.0,0.0,0.0,0.0,0.0
ZG013,calibration,lighting,0.8,0,0.0,0.0,0.0,0.0,0.0,0.0,0.0,0.0,0.0,0.0,0.0,0.0
ZG013,calibration,compression,0.8,0,0.0,6.172313279310829e-06,0.0,0.0,0.0,0.0,6.172313279310829e-06,6.172313279310829e-06,0.0,1.0287188798851382e-06,0.0,6.172313279310829e-06
ZG013,calibration,camera_view,1.0,0,0.0,0.0,0.0,0.0,0.0,0.0,0.0,0.0,0.0,0.0,0.0,0.0
ZG013,calibration,background,1.0,0,0.0,0.0,0.0,0.0,0.0,0.0,0.0,0.0,0.0,0.0,0.0,0.0
ZG013,calibration,lighting,1.0,0,0.0,0.0,0.0,0.0,0.0,0.0,0.0,0.0,0.0,0.0,0.0,0.0
ZG013,calibration,compression,1.0,0,0.0,6.172313279310829e-06,0.0,0.0,0.0,0.0,6.172313279310829e-06,6.172313279310829e-06,0.0,1.0287188798851382e-06,0.0,6.172313279310829e-06
ZG013,calibration,component,0.15,1,0.09005917159763313,0.0,0.17758858336233896,0.0,0.0,0.0,0.17758858336233896,0.0,0.0,0.044607959159995346,0.0,0.17758858336233896
ZG013,calibration,component,0.3,1,0.1816568047337278,0.0,0.35781366747882587,0.0,0.0,0.0,0.35781366747882587,0.0,0.0,0.08991174536875894,1.0,0.35781366747882587
ZG013,calibration,component,0.5,1,0.28710059171597635,0.0,0.570237846617937,0.0,0.0,0.0,0.570237846617937,0.0,0.0,0.1428897397223189,1.0,0.570237846617937
ZG013,calibration,component,0.75,1,0.4242603550295858,0.0,0.8446525118923309,0.0,0.0,0.0,0.8446525118923309,0.0,0.0,0.21148547782031946,1.0,0.8446525118923309
ZG013,calibration,silhouette,0.15,1,0.0,0.12000000000000009,0.0,0.0,0.0,0.0,0.12000000000000009,0.12000000000000009,0.0,0.020000000000000014,0.0,0.12000000000000009
ZG013,calibration,silhouette,0.3,1,0.0,0.23999999999999985,0.0,0.0,0.0,0.0,0.23999999999999985,0.23999999999999985,0.0,0.03999999999999997,0.0,0.23999999999999985
ZG013,calibration,silhouette,0.5,1,0.0,0.3999999999999999,0.0,0.0,0.0,0.0,0.3999999999999999,0.3999999999999999,0.0,0.06666666666666665,1.0,0.3999999999999999
ZG013,calibration,silhouette,0.75,1,0.0,0.6,0.0,0.0,0.0,0.0,0.6,0.6,0.0,0.09999999999999999,1.0,0.6
ZG013,calibration,topology,0.15,1,0.1429585798816568,0.0,0.16225269752871563,0.0,0.0,0.0,0.16225269752871563,0.0,0.0,0.050868546235062075,0.0,0.16225269752871563
ZG013,calibration,topology,0.3,1,0.3333727810650888,0.0,0.43949042812391226,0.0,0.0,0.0,0.43949042812391226,0.0,0.0,0.12881053486483351,1.0,0.43949042812391226
ZG013,calibration,topology,0.5,1,0.5,0.0,0.7534901960784314,0.0,0.0,0.0,0.7534901960784314,0.0,0.0,0.20891503267973857,1.0,0.7534901960784314
ZG013,calibration,topology,0.75,1,0.5,0.0,0.7534901960784314,0.0,0.0,0.0,0.7534901960784314,0.0,0.0,0.20891503267973857,1.0,0.7534901960784314
ZG013,calibration,material,0.15,1,0.0,0.0,0.0,0.15,0.0,0.0,0.0,0.15,0.0,0.024999999999999998,0.0,0.15
ZG013,calibration,material,0.3,1,0.0,0.0,0.0,0.3,0.0,0.0,0.0,0.3,0.0,0.049999999999999996,1.0,0.3
ZG013,calibration,material,0.5,1,0.0,0.0,0.0,0.5,0.0,0.0,0.0,0.5,0.0,0.08333333333333333,1.0,0.5
ZG013,calibration,material,0.75,1,0.0,0.0,0.0,0.75,0.0,0.0,0.0,0.75,0.0,0.125,1.0,0.75
ZG013,calibration,motif,0.15,1,0.0,0.0,0.0,0.0,0.15,0.0,0.0,0.15,0.0,0.024999999999999998,0.0,0.15
ZG013,calibration,motif,0.3,1,0.0,0.0,0.0,0.0,0.3,0.0,0.0,0.3,0.0,0.049999999999999996,1.0,0.3
ZG013,calibration,motif,0.5,1,0.0,0.0,0.0,0.0,0.5,0.0,0.0,0.5,0.0,0.08333333333333333,1.0,0.5
ZG013,calibration,motif,0.75,1,0.0,0.0,0.0,0.0,0.75,0.0,0.0,0.75,0.0,0.125,1.0,0.75
ZG013,calibration,metadata,0.15,1,0.0,0.0,0.0,0.0,0.0,0.15,0.0,0.0,0.15,0.024999999999999998,0.0,0.15
ZG013,calibration,metadata,0.3,1,0.0,0.0,0.0,0.0,0.0,0.3,0.0,0.0,0.3,0.049999999999999996,1.0,0.3
ZG013,calibration,metadata,0.5,1,0.0,0.0,0.0,0.0,0.0,0.5,0.0,0.0,0.5,0.08333333333333333,1.0,0.5
ZG013,calibration,metadata,0.75,1,0.0,0.0,0.0,0.0,0.0,0.75,0.0,0.0,0.75,0.125,1.0,0.75
ZG014,calibration,camera_view,0.0,0,0.0,0.0,0.0,0.0,0.0,0.0,0.0,0.0,0.0,0.0,0.0,0.0
ZG014,calibration,background,0.0,0,0.0,0.0,0.0,0.0,0.0,0.0,0.0,0.0,0.0,0.0,0.0,0.0
ZG014,calibration,lighting,0.0,0,0.0,0.0,0.0,0.0,0.0,0.0,0.0,0.0,0.0,0.0,0.0,0.0
ZG014,calibration,compression,0.0,0,0.0,1.1764531669996562e-07,0.0,0.0,0.0,0.0,1.1764531669996562e-07,1.1764531669996562e-07,0.0,1.9607552783327605e-08,0.0,1.1764531669996562e-07
ZG014,calibration,camera_view,0.2,0,0.0,0.0,0.0,0.0,0.0,0.0,0.0,0.0,0.0,0.0,0.0,0.0
ZG014,calibration,background,0.2,0,0.0,0.0,0.0,0.0,0.0,0.0,0.0,0.0,0.0,0.0,0.0,0.0
ZG014,calibration,lighting,0.2,0,0.0,0.0,0.0,0.0,0.0,0.0,0.0,0.0,0.0,0.0,0.0,0.0
ZG014,calibration,compression,0.2,0,0.0,1.1764531669996562e-07,0.0,0.0,0.0,0.0,1.1764531669996562e-07,1.1764531669996562e-07,0.0,1.9607552783327605e-08,0.0,1.1764531669996562e-07
ZG014,calibration,camera_view,0.4,0,0.0,0.0,0.0,0.0,0.0,0.0,0.0,0.0,0.0,0.0,0.0,0.0
ZG014,calibration,background,0.4,0,0.0,0.0,0.0,0.0,0.0,0.0,0.0,0.0,0.0,0.0,0.0,0.0
ZG014,calibration,lighting,0.4,0,0.0,0.0,0.0,0.0,0.0,0.0,0.0,0.0,0.0,0.0,0.0,0.0
ZG014,calibration,compression,0.4,0,0.0,9.088070050651555e-07,0.0,0.0,0.0,0.0,9.088070050651555e-07,9.088070050651555e-07,0.0,1.514678341775259e-07,0.0,9.088070050651555e-07
ZG014,calibration,camera_view,0.6,0,0.0,0.0,0.0,0.0,0.0,0.0,0.0,0.0,0.0,0.0,0.0,0.0
ZG014,calibration,background,0.6,0,0.0,0.0,0.0,0.0,0.0,0.0,0.0,0.0,0.0,0.0,0.0,0.0
ZG014,calibration,lighting,0.6,0,0.0,0.0,0.0,0.0,0.0,0.0,0.0,0.0,0.0,0.0,0.0,0.0
ZG014,calibration,compression,0.6,0,0.0,9.088070050651555e-07,0.0,0.0,0.0,0.0,9.088070050651555e-07,9.088070050651555e-07,0.0,1.514678341775259e-07,0.0,9.088070050651555e-07
ZG014,calibration,camera_view,0.8,0,0.0,0.0,0.0,0.0,0.0,0.0,0.0,0.0,0.0,0.0,0.0,0.0
ZG014,calibration,background,0.8,0,0.0,0.0,0.0,0.0,0.0,0.0,0.0,0.0,0.0,0.0,0.0,0.0
ZG014,calibration,lighting,0.8,0,0.0,0.0,0.0,0.0,0.0,0.0,0.0,0.0,0.0,0.0,0.0,0.0
ZG014,calibration,compression,0.8,0,0.0,3.5827278233249937e-06,0.0,0.0,0.0,0.0,3.5827278233249937e-06,3.5827278233249937e-06,0.0,5.971213038874989e-07,0.0,3.5827278233249937e-06
ZG014,calibration,camera_view,1.0,0,0.0,0.0,0.0,0.0,0.0,0.0,0.0,0.0,0.0,0.0,0.0,0.0
ZG014,calibration,background,1.0,0,0.0,0.0,0.0,0.0,0.0,0.0,0.0,0.0,0.0,0.0,0.0,0.0
ZG014,calibration,lighting,1.0,0,0.0,0.0,0.0,0.0,0.0,0.0,0.0,0.0,0.0,0.0,0.0,0.0
ZG014,calibration,compression,1.0,0,0.0,3.5827278233249937e-06,0.0,0.0,0.0,0.0,3.5827278233249937e-06,3.5827278233249937e-06,0.0,5.971213038874989e-07,0.0,3.5827278233249937e-06
ZG014,calibration,component,0.15,1,0.09137723865652,0.0,0.17983819277380952,0.0,0.0,0.0,0.17983819277380952,0.0,0.0,0.045202571905054924,0.0,0.17983819277380952
ZG014,calibration,component,0.3,1,0.1749156033644218,0.0,0.34659594368651236,0.0,0.0,0.0,0.34659594368651236,0.0,0.0,0.0869185911751557,1.0,0.34659594368651236
ZG014,calibration,component,0.5,1,0.2836871316587515,0.0,0.5644908387386665,0.0,0.0,0.0,0.5644908387386665,0.0,0.0,0.1413629950662363,1.0,0.5644908387386665
ZG014,calibration,component,0.75,1,0.4269039308805859,0.0,0.8490020773406284,0.0,0.0,0.0,0.8490020773406284,0.0,0.0,0.2126510013702024,1.0,0.8490020773406284
ZG014,calibration,silhouette,0.15,1,0.0,0.11999999999999994,0.0,0.0,0.0,0.0,0.11999999999999994,0.11999999999999994,0.0,0.01999999999999999,0.0,0.11999999999999994
ZG014,calibration,silhouette,0.3,1,0.0,0.24000000000000027,0.0,0.0,0.0,0.0,0.24000000000000027,0.24000000000000027,0.0,0.04000000000000004,0.0,0.24000000000000027
ZG014,calibration,silhouette,0.5,1,0.0,0.3999999999999999,0.0,0.0,0.0,0.0,0.3999999999999999,0.3999999999999999,0.0,0.06666666666666665,1.0,0.3999999999999999
ZG014,calibration,silhouette,0.75,1,0.0,0.6000000000000002,0.0,0.0,0.0,0.0,0.6000000000000002,0.6000000000000002,0.0,0.10000000000000003,1.0,0.6000000000000002
ZG014,calibration,topology,0.15,1,0.14287349087371976,0.0,0.16144687282449457,0.0,0.0,0.0,0.16144687282449457,0.0,0.0,0.05072006061636906,0.0,0.16144687282449457
ZG014,calibration,topology,0.3,1,0.3333524060193397,0.0,0.43856358803088624,0.0,0.0,0.0,0.43856358803088624,0.0,0.0,0.12865266567503766,1.0,0.43856358803088624
ZG014,calibration,topology,0.5,1,0.5000286090290096,0.0,0.7528393048661411,0.0,0.0,0.0,0.7528393048661411,0.0,0.0,0.20881131898252514,1.0,0.7528393048661411
ZG014,calibration,topology,0.75,1,0.5000286090290096,0.0,0.7528393048661411,0.0,0.0,0.0,0.7528393048661411,0.0,0.0,0.20881131898252514,1.0,0.7528393048661411
ZG014,calibration,material,0.15,1,0.0,0.0,0.0,0.15,0.0,0.0,0.0,0.15,0.0,0.024999999999999998,0.0,0.15
ZG014,calibration,material,0.3,1,0.0,0.0,0.0,0.3,0.0,0.0,0.0,0.3,0.0,0.049999999999999996,1.0,0.3
ZG014,calibration,material,0.5,1,0.0,0.0,0.0,0.5,0.0,0.0,0.0,0.5,0.0,0.08333333333333333,1.0,0.5
ZG014,calibration,material,0.75,1,0.0,0.0,0.0,0.75,0.0,0.0,0.0,0.75,0.0,0.125,1.0,0.75
ZG014,calibration,motif,0.15,1,0.0,0.0,0.0,0.0,0.15,0.0,0.0,0.15,0.0,0.024999999999999998,0.0,0.15
ZG014,calibration,motif,0.3,1,0.0,0.0,0.0,0.0,0.3,0.0,0.0,0.3,0.0,0.049999999999999996,1.0,0.3
ZG014,calibration,motif,0.5,1,0.0,0.0,0.0,0.0,0.5,0.0,0.0,0.5,0.0,0.08333333333333333,1.0,0.5
ZG014,calibration,motif,0.75,1,0.0,0.0,0.0,0.0,0.75,0.0,0.0,0.75,0.0,0.125,1.0,0.75
ZG014,calibration,metadata,0.15,1,0.0,0.0,0.0,0.0,0.0,0.15,0.0,0.0,0.15,0.024999999999999998,0.0,0.15
ZG014,calibration,metadata,0.3,1,0.0,0.0,0.0,0.0,0.0,0.3,0.0,0.0,0.3,0.049999999999999996,1.0,0.3
ZG014,calibration,metadata,0.5,1,0.0,0.0,0.0,0.0,0.0,0.5,0.0,0.0,0.5,0.08333333333333333,1.0,0.5
ZG014,calibration,metadata,0.75,1,0.0,0.0,0.0,0.0,0.0,0.75,0.0,0.0,0.75,0.125,1.0,0.75
ZG015,calibration,camera_view,0.0,0,0.0,0.0,0.0,0.0,0.0,0.0,0.0,0.0,0.0,0.0,0.0,0.0
ZG015,calibration,background,0.0,0,0.0,0.0,0.0,0.0,0.0,0.0,0.0,0.0,0.0,0.0,0.0,0.0
ZG015,calibration,lighting,0.0,0,0.0,0.0,0.0,0.0,0.0,0.0,0.0,0.0,0.0,0.0,0.0,0.0
ZG015,calibration,compression,0.0,0,0.0,3.4506735452486777e-07,0.0,0.0,0.0,0.0,3.4506735452486777e-07,3.4506735452486777e-07,0.0,5.751122575414463e-08,0.0,3.4506735452486777e-07
ZG015,calibration,camera_view,0.2,0,0.0,0.0,0.0,0.0,0.0,0.0,0.0,0.0,0.0,0.0,0.0,0.0
ZG015,calibration,background,0.2,0,0.0,0.0,0.0,0.0,0.0,0.0,0.0,0.0,0.0,0.0,0.0,0.0
ZG015,calibration,lighting,0.2,0,0.0,0.0,0.0,0.0,0.0,0.0,0.0,0.0,0.0,0.0,0.0,0.0
ZG015,calibration,compression,0.2,0,0.0,3.4506735452486777e-07,0.0,0.0,0.0,0.0,3.4506735452486777e-07,3.4506735452486777e-07,0.0,5.751122575414463e-08,0.0,3.4506735452486777e-07
ZG015,calibration,camera_view,0.4,0,0.0,0.0,0.0,0.0,0.0,0.0,0.0,0.0,0.0,0.0,0.0,0.0
ZG015,calibration,background,0.4,0,0.0,0.0,0.0,0.0,0.0,0.0,0.0,0.0,0.0,0.0,0.0,0.0
ZG015,calibration,lighting,0.4,0,0.0,0.0,0.0,0.0,0.0,0.0,0.0,0.0,0.0,0.0,0.0,0.0
ZG015,calibration,compression,0.4,0,0.0,6.392996490161888e-07,0.0,0.0,0.0,0.0,6.392996490161888e-07,6.392996490161888e-07,0.0,1.0654994150269813e-07,0.0,6.392996490161888e-07
ZG015,calibration,camera_view,0.6,0,0.0,0.0,0.0,0.0,0.0,0.0,0.0,0.0,0.0,0.0,0.0,0.0
ZG015,calibration,background,0.6,0,0.0,0.0,0.0,0.0,0.0,0.0,0.0,0.0,0.0,0.0,0.0,0.0
ZG015,calibration,lighting,0.6,0,0.0,0.0,0.0,0.0,0.0,0.0,0.0,0.0,0.0,0.0,0.0,0.0
ZG015,calibration,compression,0.6,0,0.0,6.392996490161888e-07,0.0,0.0,0.0,0.0,6.392996490161888e-07,6.392996490161888e-07,0.0,1.0654994150269813e-07,0.0,6.392996490161888e-07
ZG015,calibration,camera_view,0.8,0,0.0,0.0,0.0,0.0,0.0,0.0,0.0,0.0,0.0,0.0,0.0,0.0
ZG015,calibration,background,0.8,0,0.0,0.0,0.0,0.0,0.0,0.0,0.0,0.0,0.0,0.0,0.0,0.0
ZG015,calibration,lighting,0.8,0,0.0,0.0,0.0,0.0,0.0,0.0,0.0,0.0,0.0,0.0,0.0,0.0
ZG015,calibration,compression,0.8,0,0.0,4.344120412456094e-06,0.0,0.0,0.0,0.0,4.344120412456094e-06,4.344120412456094e-06,0.0,7.240200687426823e-07,0.0,4.344120412456094e-06
ZG015,calibration,camera_view,1.0,0,0.0,0.0,0.0,0.0,0.0,0.0,0.0,0.0,0.0,0.0,0.0,0.0
ZG015,calibration,background,1.0,0,0.0,0.0,0.0,0.0,0.0,0.0,0.0,0.0,0.0,0.0,0.0,0.0
ZG015,calibration,lighting,1.0,0,0.0,0.0,0.0,0.0,0.0,0.0,0.0,0.0,0.0,0.0,0.0,0.0
ZG015,calibration,compression,1.0,0,0.0,4.344120412456094e-06,0.0,0.0,0.0,0.0,4.344120412456094e-06,4.344120412456094e-06,0.0,7.240200687426823e-07,0.0,4.344120412456094e-06
ZG015,calibration,component,0.15,1,0.09047133993888323,0.0,0.17827681703577636,0.0,0.0,0.0,0.17827681703577636,0.0,0.0,0.044791359495776596,0.0,0.17827681703577636
ZG015,calibration,component,0.3,1,0.17529400870450967,0.0,0.34722081700611845,0.0,0.0,0.0,0.34722081700611845,0.0,0.0,0.08708580428510469,1.0,0.34722081700611845
ZG015,calibration,component,0.5,1,0.28484118899898137,0.0,0.566432740024402,0.0,0.0,0.0,0.566432740024402,0.0,0.0,0.1418789881705639,1.0,0.566432740024402
ZG015,calibration,component,0.75,1,0.42374293916103345,0.0,0.8437355708692491,0.0,0.0,0.0,0.8437355708692491,0.0,0.0,0.21124641833838043,1.0,0.8437355708692491
ZG015,calibration,silhouette,0.15,1,0.0,0.12000000000000019,0.0,0.0,0.0,0.0,0.12000000000000019,0.12000000000000019,0.0,0.02000000000000003,0.0,0.12000000000000019
ZG015,calibration,silhouette,0.3,1,0.0,0.24000000000000005,0.0,0.0,0.0,0.0,0.24000000000000005,0.24000000000000005,0.0,0.04000000000000001,0.0,0.24000000000000005
ZG015,calibration,silhouette,0.5,1,0.0,0.4,0.0,0.0,0.0,0.0,0.4,0.4,0.0,0.06666666666666667,1.0,0.4
ZG015,calibration,silhouette,0.75,1,0.0,0.6000000000000004,0.0,0.0,0.0,0.0,0.6000000000000004,0.6000000000000004,0.0,0.10000000000000007,1.0,0.6000000000000004
ZG015,calibration,topology,0.15,1,0.1428836003333642,0.0,0.1619183541096138,0.0,0.0,0.0,0.1619183541096138,0.0,0.0,0.05080032574049633,0.0,0.1619183541096138
ZG015,calibration,topology,0.3,1,0.3333642003889249,0.0,0.4392219923574868,0.0,0.0,0.0,0.4392219923574868,0.0,0.0,0.12876436545773529,1.0,0.4392219923574868
ZG015,calibration,topology,0.5,1,0.5000463005833874,0.0,0.7535155379651877,0.0,0.0,0.0,0.7535155379651877,0.0,0.0,0.20892697309142916,1.0,0.7535155379651877
ZG015,calibration,topology,0.75,1,0.5000463005833874,0.0,0.7535155379651877,0.0,0.0,0.0,0.7535155379651877,0.0,0.0,0.20892697309142916,1.0,0.7535155379651877
ZG015,calibration,material,0.15,1,0.0,0.0,0.0,0.15,0.0,0.0,0.0,0.15,0.0,0.024999999999999998,0.0,0.15
ZG015,calibration,material,0.3,1,0.0,0.0,0.0,0.3,0.0,0.0,0.0,0.3,0.0,0.049999999999999996,1.0,0.3
ZG015,calibration,material,0.5,1,0.0,0.0,0.0,0.5,0.0,0.0,0.0,0.5,0.0,0.08333333333333333,1.0,0.5
ZG015,calibration,material,0.75,1,0.0,0.0,0.0,0.75,0.0,0.0,0.0,0.75,0.0,0.125,1.0,0.75
ZG015,calibration,motif,0.15,1,0.0,0.0,0.0,0.0,0.15,0.0,0.0,0.15,0.0,0.024999999999999998,0.0,0.15
ZG015,calibration,motif,0.3,1,0.0,0.0,0.0,0.0,0.3,0.0,0.0,0.3,0.0,0.049999999999999996,1.0,0.3
ZG015,calibration,motif,0.5,1,0.0,0.0,0.0,0.0,0.5,0.0,0.0,0.5,0.0,0.08333333333333333,1.0,0.5
ZG015,calibration,motif,0.75,1,0.0,0.0,0.0,0.0,0.75,0.0,0.0,0.75,0.0,0.125,1.0,0.75
ZG015,calibration,metadata,0.15,1,0.0,0.0,0.0,0.0,0.0,0.15,0.0,0.0,0.15,0.024999999999999998,0.0,0.15
ZG015,calibration,metadata,0.3,1,0.0,0.0,0.0,0.0,0.0,0.3,0.0,0.0,0.3,0.049999999999999996,1.0,0.3
ZG015,calibration,metadata,0.5,1,0.0,0.0,0.0,0.0,0.0,0.5,0.0,0.0,0.5,0.08333333333333333,1.0,0.5
ZG015,calibration,metadata,0.75,1,0.0,0.0,0.0,0.0,0.0,0.75,0.0,0.0,0.75,0.125,1.0,0.75
ZG016,calibration,camera_view,0.0,0,0.0,0.0,0.0,0.0,0.0,0.0,0.0,0.0,0.0,0.0,0.0,0.0
ZG016,calibration,background,0.0,0,0.0,0.0,0.0,0.0,0.0,0.0,0.0,0.0,0.0,0.0,0.0,0.0
ZG016,calibration,lighting,0.0,0,0.0,0.0,0.0,0.0,0.0,0.0,0.0,0.0,0.0,0.0,0.0,0.0
ZG016,calibration,compression,0.0,0,0.0,1.9760830599341075e-07,0.0,0.0,0.0,0.0,1.9760830599341075e-07,1.9760830599341075e-07,0.0,3.2934717665568456e-08,0.0,1.9760830599341075e-07
ZG016,calibration,camera_view,0.2,0,0.0,0.0,0.0,0.0,0.0,0.0,0.0,0.0,0.0,0.0,0.0,0.0
ZG016,calibration,background,0.2,0,0.0,0.0,0.0,0.0,0.0,0.0,0.0,0.0,0.0,0.0,0.0,0.0
ZG016,calibration,lighting,0.2,0,0.0,0.0,0.0,0.0,0.0,0.0,0.0,0.0,0.0,0.0,0.0,0.0
ZG016,calibration,compression,0.2,0,0.0,1.9760830599341075e-07,0.0,0.0,0.0,0.0,1.9760830599341075e-07,1.9760830599341075e-07,0.0,3.2934717665568456e-08,0.0,1.9760830599341075e-07
ZG016,calibration,camera_view,0.4,0,0.0,0.0,0.0,0.0,0.0,0.0,0.0,0.0,0.0,0.0,0.0,0.0
ZG016,calibration,background,0.4,0,0.0,0.0,0.0,0.0,0.0,0.0,0.0,0.0,0.0,0.0,0.0,0.0
ZG016,calibration,lighting,0.4,0,0.0,0.0,0.0,0.0,0.0,0.0,0.0,0.0,0.0,0.0,0.0,0.0
ZG016,calibration,compression,0.4,0,0.0,7.180907974308257e-07,0.0,0.0,0.0,0.0,7.180907974308257e-07,7.180907974308257e-07,0.0,1.1968179957180427e-07,0.0,7.180907974308257e-07
ZG016,calibration,camera_view,0.6,0,0.0,0.0,0.0,0.0,0.0,0.0,0.0,0.0,0.0,0.0,0.0,0.0
ZG016,calibration,background,0.6,0,0.0,0.0,0.0,0.0,0.0,0.0,0.0,0.0,0.0,0.0,0.0,0.0
ZG016,calibration,lighting,0.6,0,0.0,0.0,0.0,0.0,0.0,0.0,0.0,0.0,0.0,0.0,0.0,0.0
ZG016,calibration,compression,0.6,0,0.0,7.180907974308257e-07,0.0,0.0,0.0,0.0,7.180907974308257e-07,7.180907974308257e-07,0.0,1.1968179957180427e-07,0.0,7.180907974308257e-07
ZG016,calibration,camera_view,0.8,0,0.0,0.0,0.0,0.0,0.0,0.0,0.0,0.0,0.0,0.0,0.0,0.0
ZG016,calibration,background,0.8,0,0.0,0.0,0.0,0.0,0.0,0.0,0.0,0.0,0.0,0.0,0.0,0.0
ZG016,calibration,lighting,0.8,0,0.0,0.0,0.0,0.0,0.0,0.0,0.0,0.0,0.0,0.0,0.0,0.0
ZG016,calibration,compression,0.8,0,0.0,2.3967804215722167e-05,0.0,0.0,0.0,0.0,2.3967804215722167e-05,2.3967804215722167e-05,0.0,3.9946340359536945e-06,0.0,2.3967804215722167e-05
ZG016,calibration,camera_view,1.0,0,0.0,0.0,0.0,0.0,0.0,0.0,0.0,0.0,0.0,0.0,0.0,0.0
ZG016,calibration,background,1.0,0,0.0,0.0,0.0,0.0,0.0,0.0,0.0,0.0,0.0,0.0,0.0,0.0
ZG016,calibration,lighting,1.0,0,0.0,0.0,0.0,0.0,0.0,0.0,0.0,0.0,0.0,0.0,0.0,0.0
ZG016,calibration,compression,1.0,0,0.0,2.3967804215722167e-05,0.0,0.0,0.0,0.0,2.3967804215722167e-05,2.3967804215722167e-05,0.0,3.9946340359536945e-06,0.0,2.3967804215722167e-05
ZG016,calibration,component,0.15,1,0.09261696781141558,0.0,0.18186436509346282,0.0,0.0,0.0,0.18186436509346282,0.0,0.0,0.045746888817479736,0.0,0.18186436509346282
ZG016,calibration,component,0.3,1,0.17757568505444538,0.0,0.350984252168806,0.0,0.0,0.0,0.350984252168806,0.0,0.0,0.0880933228705419,1.0,0.350984252168806
ZG016,calibration,component,0.5,1,0.28550915400263255,0.0,0.5675563605511503,0.0,0.0,0.0,0.5675563605511503,0.0,0.0,0.1421775857589638,1.0,0.5675563605511503
ZG016,calibration,component,0.75,1,0.4231781739858801,0.0,0.842831674740867,0.0,0.0,0.0,0.842831674740867,0.0,0.0,0.21100164145445785,1.0,0.842831674740867
ZG016,calibration,silhouette,0.15,1,0.0,0.12000000000000008,0.0,0.0,0.0,0.0,0.12000000000000008,0.12000000000000008,0.0,0.020000000000000014,0.0,0.12000000000000008
ZG016,calibration,silhouette,0.3,1,0.0,0.24,0.0,0.0,0.0,0.0,0.24,0.24,0.0,0.04,0.0,0.24
ZG016,calibration,silhouette,0.5,1,0.0,0.39999999999999997,0.0,0.0,0.0,0.0,0.39999999999999997,0.39999999999999997,0.0,0.06666666666666667,1.0,0.39999999999999997
ZG016,calibration,silhouette,0.75,1,0.0,0.5999999999999999,0.0,0.0,0.0,0.0,0.5999999999999999,0.5999999999999999,0.0,0.09999999999999998,1.0,0.5999999999999999
ZG016,calibration,topology,0.15,1,0.1428742371664473,0.0,0.16254363238221456,0.0,0.0,0.0,0.16254363238221456,0.0,0.0,0.050902978258110305,0.0,0.16254363238221456
ZG016,calibration,topology,0.3,1,0.33337322005504366,0.0,0.43720378510312446,0.0,0.0,0.0,0.43720378510312446,0.0,0.0,0.1284295008596947,1.0,0.43720378510312446
ZG016,calibration,topology,0.5,1,0.5,0.0,0.7483112135420806,0.0,0.0,0.0,0.7483112135420806,0.0,0.0,0.2080518689236801,1.0,0.7483112135420806
ZG016,calibration,topology,0.75,1,0.5,0.0,0.7483112135420806,0.0,0.0,0.0,0.7483112135420806,0.0,0.0,0.2080518689236801,1.0,0.7483112135420806
ZG016,calibration,material,0.15,1,0.0,0.0,0.0,0.15,0.0,0.0,0.0,0.15,0.0,0.024999999999999998,0.0,0.15
ZG016,calibration,material,0.3,1,0.0,0.0,0.0,0.3,0.0,0.0,0.0,0.3,0.0,0.049999999999999996,1.0,0.3
ZG016,calibration,material,0.5,1,0.0,0.0,0.0,0.5,0.0,0.0,0.0,0.5,0.0,0.08333333333333333,1.0,0.5
ZG016,calibration,material,0.75,1,0.0,0.0,0.0,0.75,0.0,0.0,0.0,0.75,0.0,0.125,1.0,0.75
ZG016,calibration,motif,0.15,1,0.0,0.0,0.0,0.0,0.15,0.0,0.0,0.15,0.0,0.024999999999999998,0.0,0.15
ZG016,calibration,motif,0.3,1,0.0,0.0,0.0,0.0,0.3,0.0,0.0,0.3,0.0,0.049999999999999996,1.0,0.3
ZG016,calibration,motif,0.5,1,0.0,0.0,0.0,0.0,0.5,0.0,0.0,0.5,0.0,0.08333333333333333,1.0,0.5
ZG016,calibration,motif,0.75,1,0.0,0.0,0.0,0.0,0.75,0.0,0.0,0.75,0.0,0.125,1.0,0.75
ZG016,calibration,metadata,0.15,1,0.0,0.0,0.0,0.0,0.0,0.15,0.0,0.0,0.15,0.024999999999999998,0.0,0.15
ZG016,calibration,metadata,0.3,1,0.0,0.0,0.0,0.0,0.0,0.3,0.0,0.0,0.3,0.049999999999999996,1.0,0.3
ZG016,calibration,metadata,0.5,1,0.0,0.0,0.0,0.0,0.0,0.5,0.0,0.0,0.5,0.08333333333333333,1.0,0.5
ZG016,calibration,metadata,0.75,1,0.0,0.0,0.0,0.0,0.0,0.75,0.0,0.0,0.75,0.125,1.0,0.75
ZG017,test,camera_view,0.0,0,0.0,0.0,0.0,0.0,0.0,0.0,0.0,0.0,0.0,0.0,0.0,0.0
ZG017,test,background,0.0,0,0.0,0.0,0.0,0.0,0.0,0.0,0.0,0.0,0.0,0.0,0.0,0.0
ZG017,test,lighting,0.0,0,0.0,0.0,0.0,0.0,0.0,0.0,0.0,0.0,0.0,0.0,0.0,0.0
ZG017,test,compression,0.0,0,0.0,1.206975856460676e-07,0.0,0.0,0.0,0.0,1.206975856460676e-07,1.206975856460676e-07,0.0,2.01162642743446e-08,0.0,1.206975856460676e-07
ZG017,test,camera_view,0.2,0,0.0,0.0,0.0,0.0,0.0,0.0,0.0,0.0,0.0,0.0,0.0,0.0
ZG017,test,background,0.2,0,0.0,0.0,0.0,0.0,0.0,0.0,0.0,0.0,0.0,0.0,0.0,0.0
ZG017,test,lighting,0.2,0,0.0,0.0,0.0,0.0,0.0,0.0,0.0,0.0,0.0,0.0,0.0,0.0
ZG017,test,compression,0.2,0,0.0,1.206975856460676e-07,0.0,0.0,0.0,0.0,1.206975856460676e-07,1.206975856460676e-07,0.0,2.01162642743446e-08,0.0,1.206975856460676e-07
ZG017,test,camera_view,0.4,0,0.0,0.0,0.0,0.0,0.0,0.0,0.0,0.0,0.0,0.0,0.0,0.0
ZG017,test,background,0.4,0,0.0,0.0,0.0,0.0,0.0,0.0,0.0,0.0,0.0,0.0,0.0,0.0
ZG017,test,lighting,0.4,0,0.0,0.0,0.0,0.0,0.0,0.0,0.0,0.0,0.0,0.0,0.0,0.0
ZG017,test,compression,0.4,0,0.0,9.176281338475097e-07,0.0,0.0,0.0,0.0,9.176281338475097e-07,9.176281338475097e-07,0.0,1.5293802230791828e-07,0.0,9.176281338475097e-07
ZG017,test,camera_view,0.6,0,0.0,0.0,0.0,0.0,0.0,0.0,0.0,0.0,0.0,0.0,0.0,0.0
ZG017,test,background,0.6,0,0.0,0.0,0.0,0.0,0.0,0.0,0.0,0.0,0.0,0.0,0.0,0.0
ZG017,test,lighting,0.6,0,0.0,0.0,0.0,0.0,0.0,0.0,0.0,0.0,0.0,0.0,0.0,0.0
ZG017,test,compression,0.6,0,0.0,9.176281338475097e-07,0.0,0.0,0.0,0.0,9.176281338475097e-07,9.176281338475097e-07,0.0,1.5293802230791828e-07,0.0,9.176281338475097e-07
ZG017,test,camera_view,0.8,0,0.0,0.0,0.0,0.0,0.0,0.0,0.0,0.0,0.0,0.0,0.0,0.0
ZG017,test,background,0.8,0,0.0,0.0,0.0,0.0,0.0,0.0,0.0,0.0,0.0,0.0,0.0,0.0
ZG017,test,lighting,0.8,0,0.0,0.0,0.0,0.0,0.0,0.0,0.0,0.0,0.0,0.0,0.0,0.0
ZG017,test,compression,0.8,0,0.0,3.0381379728491807e-05,0.0,0.0,0.0,0.0,3.0381379728491807e-05,3.0381379728491807e-05,0.0,5.063563288081968e-06,0.0,3.0381379728491807e-05
ZG017,test,camera_view,1.0,0,0.0,0.0,0.0,0.0,0.0,0.0,0.0,0.0,0.0,0.0,0.0,0.0
ZG017,test,background,1.0,0,0.0,0.0,0.0,0.0,0.0,0.0,0.0,0.0,0.0,0.0,0.0,0.0
ZG017,test,lighting,1.0,0,0.0,0.0,0.0,0.0,0.0,0.0,0.0,0.0,0.0,0.0,0.0,0.0
ZG017,test,compression,1.0,0,0.0,3.0381379728491807e-05,0.0,0.0,0.0,0.0,3.0381379728491807e-05,3.0381379728491807e-05,0.0,5.063563288081968e-06,0.0,3.0381379728491807e-05
ZG017,test,component,0.15,1,0.09514491415912867,0.0,0.18608968980251334,0.0,0.0,0.0,0.18608968980251334,0.0,0.0,0.046872433993607,0.0,0.18608968980251334
ZG017,test,component,0.3,1,0.17640760568580396,0.0,0.349072653157652,0.0,0.0,0.0,0.349072653157652,0.0,0.0,0.08758004314057599,1.0,0.349072653157652
ZG017,test,component,0.5,1,0.2835887022337087,0.0,0.5643472704729571,0.0,0.0,0.0,0.5643472704729571,0.0,0.0,0.14132266211777764,1.0,0.5643472704729571
ZG017,test,component,0.75,1,0.4252169097286321,0.0,0.8461830293037161,0.0,0.0,0.0,0.8461830293037161,0.0,0.0,0.2118999898387247,1.0,0.8461830293037161
ZG017,test,silhouette,0.15,1,0.0,0.12000000000000016,0.0,0.0,0.0,0.0,0.12000000000000016,0.12000000000000016,0.0,0.020000000000000028,0.0,0.12000000000000016
ZG017,test,silhouette,0.3,1,0.0,0.24000000000000005,0.0,0.0,0.0,0.0,0.24000000000000005,0.24000000000000005,0.0,0.04000000000000001,0.0,0.24000000000000005
ZG017,test,silhouette,0.5,1,0.0,0.3999999999999999,0.0,0.0,0.0,0.0,0.3999999999999999,0.3999999999999999,0.0,0.06666666666666665,1.0,0.3999999999999999
ZG017,test,silhouette,0.75,1,0.0,0.6000000000000001,0.0,0.0,0.0,0.0,0.6000000000000001,0.6000000000000001,0.0,0.10000000000000002,1.0,0.6000000000000001
ZG017,test,topology,0.15,1,0.14288351486062395,0.0,0.16307438358317738,0.0,0.0,0.0,0.16307438358317738,0.0,0.0,0.05099298307396689,0.0,0.16307438358317738
ZG017,test,topology,0.3,1,0.333357947203249,0.0,0.4383848111172845,0.0,0.0,0.0,0.4383848111172845,0.0,0.0,0.12862379305342225,1.0,0.4383848111172845
ZG017,test,topology,0.5,1,0.5000184604024368,0.0,0.752441119316595,0.0,0.0,0.0,0.752441119316595,0.0,0.0,0.2087432632865053,1.0,0.752441119316595
ZG017,test,topology,0.75,1,0.5000184604024368,0.0,0.752441119316595,0.0,0.0,0.0,0.752441119316595,0.0,0.0,0.2087432632865053,1.0,0.752441119316595
ZG017,test,material,0.15,1,0.0,0.0,0.0,0.15,0.0,0.0,0.0,0.15,0.0,0.024999999999999998,0.0,0.15
ZG017,test,material,0.3,1,0.0,0.0,0.0,0.3,0.0,0.0,0.0,0.3,0.0,0.049999999999999996,1.0,0.3
ZG017,test,material,0.5,1,0.0,0.0,0.0,0.5,0.0,0.0,0.0,0.5,0.0,0.08333333333333333,1.0,0.5
ZG017,test,material,0.75,1,0.0,0.0,0.0,0.75,0.0,0.0,0.0,0.75,0.0,0.125,1.0,0.75
ZG017,test,motif,0.15,1,0.0,0.0,0.0,0.0,0.15,0.0,0.0,0.15,0.0,0.024999999999999998,0.0,0.15
ZG017,test,motif,0.3,1,0.0,0.0,0.0,0.0,0.3,0.0,0.0,0.3,0.0,0.049999999999999996,1.0,0.3
ZG017,test,motif,0.5,1,0.0,0.0,0.0,0.0,0.5,0.0,0.0,0.5,0.0,0.08333333333333333,1.0,0.5
ZG017,test,motif,0.75,1,0.0,0.0,0.0,0.0,0.75,0.0,0.0,0.75,0.0,0.125,1.0,0.75
ZG017,test,metadata,0.15,1,0.0,0.0,0.0,0.0,0.0,0.15,0.0,0.0,0.15,0.024999999999999998,0.0,0.15
ZG017,test,metadata,0.3,1,0.0,0.0,0.0,0.0,0.0,0.3,0.0,0.0,0.3,0.049999999999999996,1.0,0.3
ZG017,test,metadata,0.5,1,0.0,0.0,0.0,0.0,0.0,0.5,0.0,0.0,0.5,0.08333333333333333,1.0,0.5
ZG017,test,metadata,0.75,1,0.0,0.0,0.0,0.0,0.0,0.75,0.0,0.0,0.75,0.125,1.0,0.75
ZG018,test,camera_view,0.0,0,0.0,0.0,0.0,0.0,0.0,0.0,0.0,0.0,0.0,0.0,0.0,0.0
ZG018,test,background,0.0,0,0.0,0.0,0.0,0.0,0.0,0.0,0.0,0.0,0.0,0.0,0.0,0.0
ZG018,test,lighting,0.0,0,0.0,0.0,0.0,0.0,0.0,0.0,0.0,0.0,0.0,0.0,0.0,0.0
ZG018,test,compression,0.0,0,0.0,1.559540170284463e-08,0.0,0.0,0.0,0.0,1.559540170284463e-08,1.559540170284463e-08,0.0,2.5992336171407716e-09,0.0,1.559540170284463e-08
ZG018,test,camera_view,0.2,0,0.0,0.0,0.0,0.0,0.0,0.0,0.0,0.0,0.0,0.0,0.0,0.0
ZG018,test,background,0.2,0,0.0,0.0,0.0,0.0,0.0,0.0,0.0,0.0,0.0,0.0,0.0,0.0
ZG018,test,lighting,0.2,0,0.0,0.0,0.0,0.0,0.0,0.0,0.0,0.0,0.0,0.0,0.0,0.0
ZG018,test,compression,0.2,0,0.0,1.559540170284463e-08,0.0,0.0,0.0,0.0,1.559540170284463e-08,1.559540170284463e-08,0.0,2.5992336171407716e-09,0.0,1.559540170284463e-08
ZG018,test,camera_view,0.4,0,0.0,0.0,0.0,0.0,0.0,0.0,0.0,0.0,0.0,0.0,0.0,0.0
ZG018,test,background,0.4,0,0.0,0.0,0.0,0.0,0.0,0.0,0.0,0.0,0.0,0.0,0.0,0.0
ZG018,test,lighting,0.4,0,0.0,0.0,0.0,0.0,0.0,0.0,0.0,0.0,0.0,0.0,0.0,0.0
ZG018,test,compression,0.4,0,0.0,2.311437595751571e-06,0.0,0.0,0.0,0.0,2.311437595751571e-06,2.311437595751571e-06,0.0,3.8523959929192853e-07,0.0,2.311437595751571e-06
ZG018,test,camera_view,0.6,0,0.0,0.0,0.0,0.0,0.0,0.0,0.0,0.0,0.0,0.0,0.0,0.0
ZG018,test,background,0.6,0,0.0,0.0,0.0,0.0,0.0,0.0,0.0,0.0,0.0,0.0,0.0,0.0
ZG018,test,lighting,0.6,0,0.0,0.0,0.0,0.0,0.0,0.0,0.0,0.0,0.0,0.0,0.0,0.0
ZG018,test,compression,0.6,0,0.0,2.311437595751571e-06,0.0,0.0,0.0,0.0,2.311437595751571e-06,2.311437595751571e-06,0.0,3.8523959929192853e-07,0.0,2.311437595751571e-06
ZG018,test,camera_view,0.8,0,0.0,0.0,0.0,0.0,0.0,0.0,0.0,0.0,0.0,0.0,0.0,0.0
ZG018,test,background,0.8,0,0.0,0.0,0.0,0.0,0.0,0.0,0.0,0.0,0.0,0.0,0.0,0.0
ZG018,test,lighting,0.8,0,0.0,0.0,0.0,0.0,0.0,0.0,0.0,0.0,0.0,0.0,0.0,0.0
ZG018,test,compression,0.8,0,0.0,8.010841541977247e-06,0.0,0.0,0.0,0.0,8.010841541977247e-06,8.010841541977247e-06,0.0,1.3351402569962078e-06,0.0,8.010841541977247e-06
ZG018,test,camera_view,1.0,0,0.0,0.0,0.0,0.0,0.0,0.0,0.0,0.0,0.0,0.0,0.0,0.0
ZG018,test,background,1.0,0,0.0,0.0,0.0,0.0,0.0,0.0,0.0,0.0,0.0,0.0,0.0,0.0
ZG018,test,lighting,1.0,0,0.0,0.0,0.0,0.0,0.0,0.0,0.0,0.0,0.0,0.0,0.0,0.0
ZG018,test,compression,1.0,0,0.0,8.010841541977247e-06,0.0,0.0,0.0,0.0,8.010841541977247e-06,8.010841541977247e-06,0.0,1.3351402569962078e-06,0.0,8.010841541977247e-06
ZG018,test,component,0.15,1,0.09535886380928227,0.0,0.18648219452412904,0.0,0.0,0.0,0.18648219452412904,0.0,0.0,0.04697350972223522,0.0,0.18648219452412904
ZG018,test,component,0.3,1,0.17938963564122073,0.0,0.3545102730556523,0.0,0.0,0.0,0.3545102730556523,0.0,0.0,0.0889833181161455,1.0,0.3545102730556523
ZG018,test,component,0.5,1,0.28582297742835405,0.0,0.5680584167729843,0.0,0.0,0.0,0.5680584167729843,0.0,0.0,0.14231356570022305,1.0,0.5680584167729843
ZG018,test,component,0.75,1,0.42268999915462,0.0,0.8420032075487396,0.0,0.0,0.0,0.8420032075487396,0.0,0.0,0.2107822011172266,1.0,0.8420032075487396
ZG018,test,silhouette,0.15,1,0.0,0.12000000000000019,0.0,0.0,0.0,0.0,0.12000000000000019,0.12000000000000019,0.0,0.02000000000000003,0.0,0.12000000000000019
ZG018,test,silhouette,0.3,1,0.0,0.24000000000000007,0.0,0.0,0.0,0.0,0.24000000000000007,0.24000000000000007,0.0,0.040000000000000015,0.0,0.24000000000000007
ZG018,test,silhouette,0.5,1,0.0,0.39999999999999986,0.0,0.0,0.0,0.0,0.39999999999999986,0.39999999999999986,0.0,0.06666666666666664,1.0,0.39999999999999986
ZG018,test,silhouette,0.75,1,0.0,0.6,0.0,0.0,0.0,0.0,0.6,0.6,0.0,0.09999999999999999,1.0,0.6
ZG018,test,topology,0.15,1,0.14286921971426156,0.0,0.16121732879292844,0.0,0.0,0.0,0.16121732879292844,0.0,0.0,0.050681091417865,0.0,0.16121732879292844
ZG018,test,topology,0.3,1,0.3333333333333333,0.0,0.43926981633187445,0.0,0.0,0.0,0.43926981633187445,0.0,0.0,0.12876719161086794,1.0,0.43926981633187445
ZG018,test,topology,0.5,1,0.5000422689999154,0.0,0.7519219682480358,0.0,0.0,0.0,0.7519219682480358,0.0,0.0,0.20866070620799185,1.0,0.7519219682480358
ZG018,test,topology,0.75,1,0.5000422689999154,0.0,0.7519219682480358,0.0,0.0,0.0,0.7519219682480358,0.0,0.0,0.20866070620799185,1.0,0.7519219682480358
ZG018,test,material,0.15,1,0.0,0.0,0.0,0.15,0.0,0.0,0.0,0.15,0.0,0.024999999999999998,0.0,0.15
ZG018,test,material,0.3,1,0.0,0.0,0.0,0.3,0.0,0.0,0.0,0.3,0.0,0.049999999999999996,1.0,0.3
ZG018,test,material,0.5,1,0.0,0.0,0.0,0.5,0.0,0.0,0.0,0.5,0.0,0.08333333333333333,1.0,0.5
ZG018,test,material,0.75,1,0.0,0.0,0.0,0.75,0.0,0.0,0.0,0.75,0.0,0.125,1.0,0.75
ZG018,test,motif,0.15,1,0.0,0.0,0.0,0.0,0.15,0.0,0.0,0.15,0.0,0.024999999999999998,0.0,0.15
ZG018,test,motif,0.3,1,0.0,0.0,0.0,0.0,0.3,0.0,0.0,0.3,0.0,0.049999999999999996,1.0,0.3
ZG018,test,motif,0.5,1,0.0,0.0,0.0,0.0,0.5,0.0,0.0,0.5,0.0,0.08333333333333333,1.0,0.5
ZG018,test,motif,0.75,1,0.0,0.0,0.0,0.0,0.75,0.0,0.0,0.75,0.0,0.125,1.0,0.75
ZG018,test,metadata,0.15,1,0.0,0.0,0.0,0.0,0.0,0.15,0.0,0.0,0.15,0.024999999999999998,0.0,0.15
ZG018,test,metadata,0.3,1,0.0,0.0,0.0,0.0,0.0,0.3,0.0,0.0,0.3,0.049999999999999996,1.0,0.3
ZG018,test,metadata,0.5,1,0.0,0.0,0.0,0.0,0.0,0.5,0.0,0.0,0.5,0.08333333333333333,1.0,0.5
ZG018,test,metadata,0.75,1,0.0,0.0,0.0,0.0,0.0,0.75,0.0,0.0,0.75,0.125,1.0,0.75
ZG019,test,camera_view,0.0,0,0.0,0.0,0.0,0.0,0.0,0.0,0.0,0.0,0.0,0.0,0.0,0.0
ZG019,test,background,0.0,0,0.0,0.0,0.0,0.0,0.0,0.0,0.0,0.0,0.0,0.0,0.0,0.0
ZG019,test,lighting,0.0,0,0.0,0.0,0.0,0.0,0.0,0.0,0.0,0.0,0.0,0.0,0.0,0.0
ZG019,test,compression,0.0,0,0.0,2.1165392847775996e-07,0.0,0.0,0.0,0.0,2.1165392847775996e-07,2.1165392847775996e-07,0.0,3.527565474629333e-08,0.0,2.1165392847775996e-07
ZG019,test,camera_view,0.2,0,0.0,0.0,0.0,0.0,0.0,0.0,0.0,0.0,0.0,0.0,0.0,0.0
ZG019,test,background,0.2,0,0.0,0.0,0.0,0.0,0.0,0.0,0.0,0.0,0.0,0.0,0.0,0.0
ZG019,test,lighting,0.2,0,0.0,0.0,0.0,0.0,0.0,0.0,0.0,0.0,0.0,0.0,0.0,0.0
ZG019,test,compression,0.2,0,0.0,2.1165392847775996e-07,0.0,0.0,0.0,0.0,2.1165392847775996e-07,2.1165392847775996e-07,0.0,3.527565474629333e-08,0.0,2.1165392847775996e-07
ZG019,test,camera_view,0.4,0,0.0,0.0,0.0,0.0,0.0,0.0,0.0,0.0,0.0,0.0,0.0,0.0
ZG019,test,background,0.4,0,0.0,0.0,0.0,0.0,0.0,0.0,0.0,0.0,0.0,0.0,0.0,0.0
ZG019,test,lighting,0.4,0,0.0,0.0,0.0,0.0,0.0,0.0,0.0,0.0,0.0,0.0,0.0,0.0
ZG019,test,compression,0.4,0,0.0,1.6857948571583978e-06,0.0,0.0,0.0,0.0,1.6857948571583978e-06,1.6857948571583978e-06,0.0,2.8096580952639963e-07,0.0,1.6857948571583978e-06
ZG019,test,camera_view,0.6,0,0.0,0.0,0.0,0.0,0.0,0.0,0.0,0.0,0.0,0.0,0.0,0.0
ZG019,test,background,0.6,0,0.0,0.0,0.0,0.0,0.0,0.0,0.0,0.0,0.0,0.0,0.0,0.0
ZG019,test,lighting,0.6,0,0.0,0.0,0.0,0.0,0.0,0.0,0.0,0.0,0.0,0.0,0.0,0.0
ZG019,test,compression,0.6,0,0.0,1.6857948571583978e-06,0.0,0.0,0.0,0.0,1.6857948571583978e-06,1.6857948571583978e-06,0.0,2.8096580952639963e-07,0.0,1.6857948571583978e-06
ZG019,test,camera_view,0.8,0,0.0,0.0,0.0,0.0,0.0,0.0,0.0,0.0,0.0,0.0,0.0,0.0
ZG019,test,background,0.8,0,0.0,0.0,0.0,0.0,0.0,0.0,0.0,0.0,0.0,0.0,0.0,0.0
ZG019,test,lighting,0.8,0,0.0,0.0,0.0,0.0,0.0,0.0,0.0,0.0,0.0,0.0,0.0,0.0
ZG019,test,compression,0.8,0,0.0,6.297550559640009e-06,0.0,0.0,0.0,0.0,6.297550559640009e-06,6.297550559640009e-06,0.0,1.0495917599400015e-06,0.0,6.297550559640009e-06
ZG019,test,camera_view,1.0,0,0.0,0.0,0.0,0.0,0.0,0.0,0.0,0.0,0.0,0.0,0.0,0.0
ZG019,test,background,1.0,0,0.0,0.0,0.0,0.0,0.0,0.0,0.0,0.0,0.0,0.0,0.0,0.0
ZG019,test,lighting,1.0,0,0.0,0.0,0.0,0.0,0.0,0.0,0.0,0.0,0.0,0.0,0.0,0.0
ZG019,test,compression,1.0,0,0.0,6.297550559640009e-06,0.0,0.0,0.0,0.0,6.297550559640009e-06,6.297550559640009e-06,0.0,1.0495917599400015e-06,0.0,6.297550559640009e-06
ZG019,test,component,0.15,1,0.09022300126594605,0.0,0.1778980441170829,0.0,0.0,0.0,0.1778980441170829,0.0,0.0,0.04468684089717149,0.0,0.1778980441170829
ZG019,test,component,0.3,1,0.17231473366442693,0.0,0.3422316186293376,0.0,0.0,0.0,0.3422316186293376,0.0,0.0,0.08575772538229409,1.0,0.3422316186293376
ZG019,test,component,0.5,1,0.28245204012075176,0.0,0.5624559209784213,0.0,0.0,0.0,0.5624559209784213,0.0,0.0,0.14081799351652885,1.0,0.5624559209784213
ZG019,test,component,0.75,1,0.4200019476093096,0.0,0.8375175518911893,0.0,0.0,0.0,0.8375175518911893,0.0,0.0,0.20958658325008314,1.0,0.8375175518911893
ZG019,test,silhouette,0.15,1,0.0,0.12000000000000019,0.0,0.0,0.0,0.0,0.12000000000000019,0.12000000000000019,0.0,0.02000000000000003,0.0,0.12000000000000019
ZG019,test,silhouette,0.3,1,0.0,0.24000000000000007,0.0,0.0,0.0,0.0,0.24000000000000007,0.24000000000000007,0.0,0.040000000000000015,0.0,0.24000000000000007
ZG019,test,silhouette,0.5,1,0.0,0.39999999999999997,0.0,0.0,0.0,0.0,0.39999999999999997,0.39999999999999997,0.0,0.06666666666666667,1.0,0.39999999999999997
ZG019,test,silhouette,0.75,1,0.0,0.6000000000000003,0.0,0.0,0.0,0.0,0.6000000000000003,0.6000000000000003,0.0,0.10000000000000005,1.0,0.6000000000000003
ZG019,test,topology,0.15,1,0.14285714285714285,0.0,0.16190568591849283,0.0,0.0,0.0,0.16190568591849283,0.0,0.0,0.05079380479593928,0.0,0.16190568591849283
ZG019,test,topology,0.3,1,0.3333333333333333,0.0,0.43711393551308175,0.0,0.0,0.0,0.43711393551308175,0.0,0.0,0.12840787814106916,1.0,0.43711393551308175
ZG019,test,topology,0.5,1,0.5,0.0,0.7512855341030368,0.0,0.0,0.0,0.7512855341030368,0.0,0.0,0.20854758901717277,1.0,0.7512855341030368
ZG019,test,topology,0.75,1,0.5,0.0,0.7512855341030368,0.0,0.0,0.0,0.7512855341030368,0.0,0.0,0.20854758901717277,1.0,0.7512855341030368
ZG019,test,material,0.15,1,0.0,0.0,0.0,0.15,0.0,0.0,0.0,0.15,0.0,0.024999999999999998,0.0,0.15
ZG019,test,material,0.3,1,0.0,0.0,0.0,0.3,0.0,0.0,0.0,0.3,0.0,0.049999999999999996,1.0,0.3
ZG019,test,material,0.5,1,0.0,0.0,0.0,0.5,0.0,0.0,0.0,0.5,0.0,0.08333333333333333,1.0,0.5
ZG019,test,material,0.75,1,0.0,0.0,0.0,0.75,0.0,0.0,0.0,0.75,0.0,0.125,1.0,0.75
ZG019,test,motif,0.15,1,0.0,0.0,0.0,0.0,0.15,0.0,0.0,0.15,0.0,0.024999999999999998,0.0,0.15
ZG019,test,motif,0.3,1,0.0,0.0,0.0,0.0,0.3,0.0,0.0,0.3,0.0,0.049999999999999996,1.0,0.3
ZG019,test,motif,0.5,1,0.0,0.0,0.0,0.0,0.5,0.0,0.0,0.5,0.0,0.08333333333333333,1.0,0.5
ZG019,test,motif,0.75,1,0.0,0.0,0.0,0.0,0.75,0.0,0.0,0.75,0.0,0.125,1.0,0.75
ZG019,test,metadata,0.15,1,0.0,0.0,0.0,0.0,0.0,0.15,0.0,0.0,0.15,0.024999999999999998,0.0,0.15
ZG019,test,metadata,0.3,1,0.0,0.0,0.0,0.0,0.0,0.3,0.0,0.0,0.3,0.049999999999999996,1.0,0.3
ZG019,test,metadata,0.5,1,0.0,0.0,0.0,0.0,0.0,0.5,0.0,0.0,0.5,0.08333333333333333,1.0,0.5
ZG019,test,metadata,0.75,1,0.0,0.0,0.0,0.0,0.0,0.75,0.0,0.0,0.75,0.125,1.0,0.75
ZG020,test,camera_view,0.0,0,0.0,0.0,0.0,0.0,0.0,0.0,0.0,0.0,0.0,0.0,0.0,0.0
ZG020,test,background,0.0,0,0.0,0.0,0.0,0.0,0.0,0.0,0.0,0.0,0.0,0.0,0.0,0.0
ZG020,test,lighting,0.0,0,0.0,0.0,0.0,0.0,0.0,0.0,0.0,0.0,0.0,0.0,0.0,0.0
ZG020,test,compression,0.0,0,0.0,2.0037674617288445e-07,0.0,0.0,0.0,0.0,2.0037674617288445e-07,2.0037674617288445e-07,0.0,3.339612436214741e-08,0.0,2.0037674617288445e-07
ZG020,test,camera_view,0.2,0,0.0,0.0,0.0,0.0,0.0,0.0,0.0,0.0,0.0,0.0,0.0,0.0
ZG020,test,background,0.2,0,0.0,0.0,0.0,0.0,0.0,0.0,0.0,0.0,0.0,0.0,0.0,0.0
ZG020,test,lighting,0.2,0,0.0,0.0,0.0,0.0,0.0,0.0,0.0,0.0,0.0,0.0,0.0,0.0
ZG020,test,compression,0.2,0,0.0,2.0037674617288445e-07,0.0,0.0,0.0,0.0,2.0037674617288445e-07,2.0037674617288445e-07,0.0,3.339612436214741e-08,0.0,2.0037674617288445e-07
ZG020,test,camera_view,0.4,0,0.0,0.0,0.0,0.0,0.0,0.0,0.0,0.0,0.0,0.0,0.0,0.0
ZG020,test,background,0.4,0,0.0,0.0,0.0,0.0,0.0,0.0,0.0,0.0,0.0,0.0,0.0,0.0
ZG020,test,lighting,0.4,0,0.0,0.0,0.0,0.0,0.0,0.0,0.0,0.0,0.0,0.0,0.0,0.0
ZG020,test,compression,0.4,0,0.0,4.9875889654531e-07,0.0,0.0,0.0,0.0,4.9875889654531e-07,4.9875889654531e-07,0.0,8.312648275755167e-08,0.0,4.9875889654531e-07
ZG020,test,camera_view,0.6,0,0.0,0.0,0.0,0.0,0.0,0.0,0.0,0.0,0.0,0.0,0.0,0.0
ZG020,test,background,0.6,0,0.0,0.0,0.0,0.0,0.0,0.0,0.0,0.0,0.0,0.0,0.0,0.0
ZG020,test,lighting,0.6,0,0.0,0.0,0.0,0.0,0.0,0.0,0.0,0.0,0.0,0.0,0.0,0.0
ZG020,test,compression,0.6,0,0.0,4.9875889654531e-07,0.0,0.0,0.0,0.0,4.9875889654531e-07,4.9875889654531e-07,0.0,8.312648275755167e-08,0.0,4.9875889654531e-07
ZG020,test,camera_view,0.8,0,0.0,0.0,0.0,0.0,0.0,0.0,0.0,0.0,0.0,0.0,0.0,0.0
ZG020,test,background,0.8,0,0.0,0.0,0.0,0.0,0.0,0.0,0.0,0.0,0.0,0.0,0.0,0.0
ZG020,test,lighting,0.8,0,0.0,0.0,0.0,0.0,0.0,0.0,0.0,0.0,0.0,0.0,0.0,0.0
ZG020,test,compression,0.8,0,0.0,6.645733270006144e-06,0.0,0.0,0.0,0.0,6.645733270006144e-06,6.645733270006144e-06,0.0,1.1076222116676906e-06,0.0,6.645733270006144e-06
ZG020,test,camera_view,1.0,0,0.0,0.0,0.0,0.0,0.0,0.0,0.0,0.0,0.0,0.0,0.0,0.0
ZG020,test,background,1.0,0,0.0,0.0,0.0,0.0,0.0,0.0,0.0,0.0,0.0,0.0,0.0,0.0
ZG020,test,lighting,1.0,0,0.0,0.0,0.0,0.0,0.0,0.0,0.0,0.0,0.0,0.0,0.0,0.0
ZG020,test,compression,1.0,0,0.0,6.645733270006144e-06,0.0,0.0,0.0,0.0,6.645733270006144e-06,6.645733270006144e-06,0.0,1.1076222116676906e-06,0.0,6.645733270006144e-06
ZG020,test,component,0.15,1,0.09596122778675283,0.0,0.18740119360358806,0.0,0.0,0.0,0.18740119360358806,0.0,0.0,0.047227070231723484,0.0,0.18740119360358806
ZG020,test,component,0.3,1,0.179536887452881,0.0,0.3542271025219595,0.0,0.0,0.0,0.3542271025219595,0.0,0.0,0.08896066499580675,1.0,0.3542271025219595
ZG020,test,component,0.5,1,0.28960689283791063,0.0,0.5743241695791155,0.0,0.0,0.0,0.5743241695791155,0.0,0.0,0.1439885104028377,1.0,0.5743241695791155
ZG020,test,component,0.75,1,0.4282175551965536,0.0,0.8511630045627407,0.0,0.0,0.0,0.8511630045627407,0.0,0.0,0.2132300932932157,1.0,0.8511630045627407
ZG020,test,silhouette,0.15,1,0.0,0.12000000000000001,0.0,0.0,0.0,0.0,0.12000000000000001,0.12000000000000001,0.0,0.02,0.0,0.12000000000000001
ZG020,test,silhouette,0.3,1,0.0,0.24000000000000016,0.0,0.0,0.0,0.0,0.24000000000000016,0.24000000000000016,0.0,0.04000000000000003,0.0,0.24000000000000016
ZG020,test,silhouette,0.5,1,0.0,0.3999999999999995,0.0,0.0,0.0,0.0,0.3999999999999995,0.3999999999999995,0.0,0.06666666666666658,1.0,0.3999999999999995
ZG020,test,silhouette,0.75,1,0.0,0.6000000000000001,0.0,0.0,0.0,0.0,0.6000000000000001,0.6000000000000001,0.0,0.10000000000000002,1.0,0.6000000000000001
ZG020,test,topology,0.15,1,0.1429186860527733,0.0,0.16193307146795638,0.0,0.0,0.0,0.16193307146795638,0.0,0.0,0.05080862625345495,0.0,0.16193307146795638
ZG020,test,topology,0.3,1,0.3333333333333333,0.0,0.439158714333191,0.0,0.0,0.0,0.439158714333191,0.0,0.0,0.12874867461108738,1.0,0.439158714333191
ZG020,test,topology,0.5,1,0.5000538502961767,0.0,0.7531516996053919,0.0,0.0,0.0,0.7531516996053919,0.0,0.0,0.20886759165026145,1.0,0.7531516996053919
ZG020,test,topology,0.75,1,0.5000538502961767,0.0,0.7531516996053919,0.0,0.0,0.0,0.7531516996053919,0.0,0.0,0.20886759165026145,1.0,0.7531516996053919
ZG020,test,material,0.15,1,0.0,0.0,0.0,0.15,0.0,0.0,0.0,0.15,0.0,0.024999999999999998,0.0,0.15
ZG020,test,material,0.3,1,0.0,0.0,0.0,0.3,0.0,0.0,0.0,0.3,0.0,0.049999999999999996,1.0,0.3
ZG020,test,material,0.5,1,0.0,0.0,0.0,0.5,0.0,0.0,0.0,0.5,0.0,0.08333333333333333,1.0,0.5
ZG020,test,material,0.75,1,0.0,0.0,0.0,0.75,0.0,0.0,0.0,0.75,0.0,0.125,1.0,0.75
ZG020,test,motif,0.15,1,0.0,0.0,0.0,0.0,0.15,0.0,0.0,0.15,0.0,0.024999999999999998,0.0,0.15
ZG020,test,motif,0.3,1,0.0,0.0,0.0,0.0,0.3,0.0,0.0,0.3,0.0,0.049999999999999996,1.0,0.3
ZG020,test,motif,0.5,1,0.0,0.0,0.0,0.0,0.5,0.0,0.0,0.5,0.0,0.08333333333333333,1.0,0.5
ZG020,test,motif,0.75,1,0.0,0.0,0.0,0.0,0.75,0.0,0.0,0.75,0.0,0.125,1.0,0.75
ZG020,test,metadata,0.15,1,0.0,0.0,0.0,0.0,0.0,0.15,0.0,0.0,0.15,0.024999999999999998,0.0,0.15
ZG020,test,metadata,0.3,1,0.0,0.0,0.0,0.0,0.0,0.3,0.0,0.0,0.3,0.049999999999999996,1.0,0.3
ZG020,test,metadata,0.5,1,0.0,0.0,0.0,0.0,0.0,0.5,0.0,0.0,0.5,0.08333333333333333,1.0,0.5
ZG020,test,metadata,0.75,1,0.0,0.0,0.0,0.0,0.0,0.75,0.0,0.0,0.75,0.125,1.0,0.75
