v -16.53554 -104.2369 0.718917
v -15.916 -104.4224 1.772794
v -15.39504 -104.6362 2.873565
v -14.56422 -104.7953 3.775312
v -13.6563 -104.9382 4.602498
v -12.60184 -105.0532 5.23759
v -11.39256 -105.1174 5.484529
v -10.15959 -105.1369 5.399282
v -8.950188 -105.1294 5.142649
v -7.769936 -105.105 4.774662
v -6.613247 -105.071 4.338188
v -5.464065 -105.0298 3.881936
v -4.310068 -104.9857 3.43961
v -3.144588 -104.9409 3.02879
v -1.95606 -104.8939 2.689965
v -0.749614 -104.8461 2.42182
v 0.481077 -104.7986 2.307262
v 1.716442 -104.7467 2.285284
v 2.931737 -104.6969 2.062342
v 4.038805 -104.6547 1.510349
v 4.960984 -104.6544 0.687022
v 4.81892 -103.4128 0.720812
v 4.635327 -102.177 0.73901
v 4.4612 -100.9399 0.767071
v 4.295853 -99.70205 0.797116
v 4.135347 -98.46235 0.829673
v 3.974752 -97.22247 0.862354
v 3.827441 -95.98137 0.906242
v 3.667592 -94.74021 0.934701
v 3.50141 -93.50032 0.953356
v 3.340452 -92.25951 0.976275
v 3.176887 -91.01896 0.995269
v 3.010247 -89.7786 1.00986
v 2.849044 -88.53761 1.02846
v 2.690207 -87.29635 1.046134
v 2.536262 -86.05421 1.066611
v 2.38799 -84.81127 1.091852
v 2.245685 -83.56729 1.122577
v 2.104052 -82.32328 1.153579
v 1.965207 -81.07837 1.186094
v 1.828769 -79.83302 1.220842
v 1.691848 -78.5873 1.255246
v 1.558304 -77.34131 1.292834
v 1.424465 -76.09506 1.328964
v 1.294817 -74.84804 1.366627
v 1.168403 -73.60074 1.405597
v 1.046068 -72.35251 1.446098
v 0.929915 -71.10337 1.490257
v 0.818266 -69.85351 1.536208
v 0.71204 -68.60226 1.585812
v 0.604288 -67.35126 1.63382
v 0.499281 -66.09932 1.681784
v 0.403284 -64.84656 1.735553
v 0.310612 -63.5917 1.792141
v 0.217372 -62.33769 1.848424
v 0.132892 -61.08231 1.909867
v 0.054445 -59.82629 1.974452
v -0.00755 -58.56867 2.047615
v -0.061994 -57.31037 2.123605
v -0.109944 -56.04893 2.204496
v -0.155736 -54.78707 2.287245
v -0.200029 -53.52399 2.370515
v -0.242588 -52.2614 2.455002
v -0.280796 -50.99512 2.54441
v -0.309768 -49.73083 2.639461
v -0.328563 -48.4639 2.741418
v -0.334512 -47.19693 2.851052
v -0.288538 -45.93063 2.963336
v -0.175599 -44.66846 3.07186
v -0.16862 -43.40271 3.179155
v -0.162642 -42.14011 3.285037
v -0.220431 -40.88361 3.372109
v -0.242905 -39.63534 3.38121
v -0.256038 -38.44684 3.295564
v -0.337989 -37.40532 3.239676
v -0.454217 -36.19939 3.249132
v -0.256326 -36.7326 4.279876
v -0.236139 -36.21639 5.37655
v 0.034113 -35.64876 6.305887
v -0.324595 -35.2587 7.386057
v -0.223328 -34.65284 8.458538
v -0.142142 -33.94195 9.482013
v -0.047141 -33.13928 10.44789
v 0.003104 -32.28395 11.37239
v 0.044909 -31.38005 12.26502
v 0.016912 -30.47014 13.14383
v -0.00446 -29.47715 13.90494
v -0.01671 -28.30514 14.3518
v -0.027509 -27.12649 14.80378
v -0.034387 -25.93233 15.26073
v -0.04227 -24.69748 15.66835
v -0.043862 -23.44774 16.01628
v -0.048268 -22.18647 16.3351
v -0.053879 -20.91593 16.62784
v -0.060977 -19.62456 16.84686
v -0.0675 -18.33227 16.99775
v -0.072391 -17.03276 17.00779
v -0.076398 -15.73958 16.90805
v -0.083479 -14.45295 16.79426
v -0.091514 -13.18269 16.59659
v -0.104244 -11.93133 16.34542
v -0.124191 -10.68537 16.0861
v -0.140331 -9.44055 15.90293
v -0.152408 -8.194298 15.7924
v -0.159198 -6.954409 15.71188
v -0.164689 -5.725624 15.88067
v -1.380541 -5.8355 15.62727
v -2.607752 -5.919652 15.37368
v -3.83044 -5.962529 15.08418
v -5.019096 -5.997193 14.62612
v -6.170566 -6.014506 14.04946
v -7.22131 -6.055548 13.2718
v -8.255198 -6.100596 12.43339
v -9.242532 -6.170225 11.51313
v -10.25563 -6.261689 10.56021
v -11.30548 -6.386566 9.593825
v -12.29369 -6.558067 8.542789
v -13.30103 -6.797105 7.347717
v -13.48981 -7.758492 7.373997
v -13.68401 -8.864251 7.395031
v -13.87838 -10.01366 7.379786
v -14.68735 -10.58724 7.753994
v -14.20616 -11.53888 7.356222
v -15.07572 -12.23946 7.569709
v -14.85765 -13.28382 7.151433
v -15.27017 -14.36049 7.146702
v -15.68487 -15.41498 7.072343
v -16.08315 -16.46944 6.977383
v -16.43244 -17.54547 6.857109
v -16.72953 -18.6445 6.728668
v -17.00428 -19.75768 6.603716
v -17.24796 -20.88616 6.480719
v -17.46031 -22.02815 6.351658
v -17.67226 -23.18224 6.240007
v -17.89129 -24.34464 6.147063
v -18.05194 -25.52427 6.049146
v -18.28455 -26.70127 6.008815
v -18.49437 -27.89465 5.976083
v -18.58857 -29.09859 5.906333
v -18.67952 -30.31237 5.853595
v -18.77216 -31.52928 5.824277
v -18.83499 -32.7514 5.805057
v -18.89279 -33.97615 5.802578
v -18.8748 -35.20357 5.781342
v -18.80942 -36.43026 5.742973
v -18.73457 -37.65836 5.689061
v -18.62865 -38.88537 5.599152
v -18.49739 -40.10698 5.47964
v -18.60321 -41.33923 5.451923
v -18.44959 -42.56194 5.305409
v -18.70479 -43.77667 5.356097
v -18.69081 -45.01532 5.27084
v -18.54164 -46.23976 5.121782
v -18.7142 -47.4696 5.130473
v -18.86252 -48.70241 5.127332
v -18.93459 -49.94192 5.085328
v -18.90809 -51.18045 5.000302
v -18.8592 -52.41734 4.904888
v -18.72412 -53.64478 4.770969
v -18.86713 -54.8785 4.757947
v -18.89068 -56.11839 4.69293
v -18.74784 -57.34554 4.559381
v -18.84858 -58.58331 4.527841
v -18.83092 -59.82251 4.444281
v -18.69693 -61.04996 4.310371
v -18.64547 -62.28693 4.211265
v -18.78475 -63.52127 4.203167
v -18.81028 -64.76199 4.138034
v -18.77055 -66.0002 4.046997
v -18.70736 -67.23623 3.945389
v -18.58764 -68.46548 3.818014
v -18.61558 -69.70541 3.756569
v -18.48934 -70.9339 3.625252
v -18.43205 -72.1702 3.525486
v -18.48498 -73.41011 3.476695
v -18.38715 -74.64266 3.357889
v -18.39391 -75.88278 3.287246
v -18.35168 -77.12093 3.194346
v -18.18009 -78.34301 3.049657
v -18.20384 -79.58334 2.983752
v -18.16157 -80.8213 2.88942
v -18.02111 -82.04776 2.752655
v -17.94703 -83.28318 2.644311
v -18.00201 -84.52304 2.594978
v -17.9629 -85.76141 2.500904
v -17.89631 -86.99786 2.396009
v -17.80837 -88.23195 2.282281
v -17.68776 -89.46133 2.153084
v -17.62549 -90.69749 2.050977
v -17.43382 -91.91419 1.888286
v -17.34154 -93.14736 1.771587
v -17.31478 -94.38593 1.684898
v -17.28102 -95.62405 1.593552
v -17.1425 -96.85071 1.452968
v -17.11777 -98.09011 1.367253
v -17.0241 -99.32329 1.248307
v -16.86945 -100.5472 1.099015
v -16.82575 -101.7855 1.005904
v -16.65449 -103.0067 0.850613
v -8.685617 -71.55927 9.210993
v -8.906608 -57.03208 11.07965
v -10.55547 -96.24373 6.686594
v -9.989697 -37.8541 13.3137
v -9.94249 -25.07064 12.23183
v -8.806088 -14.82889 13.87373
v -12.33612 -79.13506 8.595266
v -5.165343 -77.6338 5.313222
v -13.05802 -64.43362 10.0132
v -5.436059 -63.80645 7.736511
v -4.236622 -50.91432 9.343214
v -12.6006 -48.55993 11.63945
v -3.60322 -96.37693 3.0649
v -3.341718 -42.68407 10.85311
v -11.58392 -87.69258 7.671092
v -4.750955 -87.65139 3.875984
v -14.68007 -71.78849 8.392699
v -4.181089 -71.12633 4.945899
v -14.98152 -57.03668 9.624315
v -4.120546 -57.23812 7.110842
v -4.482419 -35.69634 12.297
v -14.4615 -32.6596 11.37455
v -15.27067 -38.65947 10.63869
v -5.937626 -21.54417 15.02764
v -12.63281 -20.23325 11.35126
v -6.662371 -29.90896 13.44363
v -3.006913 -82.32229 3.179367
v -14.07261 -100.078 5.003729
v -5.225354 -10.82247 15.27347
v -0.393056 -39.69989 8.461197
v -14.57518 -93.93008 5.566663
v -9.472073 -100.6255 5.869817
v -14.71424 -25.51264 9.961818
v -9.517783 -10.50483 12.37421
v -12.53885 -15.76702 10.85214
v -15.82351 -76.68858 6.945886
v -15.56741 -81.61726 6.526458
v -16.19805 -66.8253 7.704546
v -16.3095 -61.89393 8.049987
v -3.141533 -65.8913 4.368159
v -1.860558 -46.90886 7.570744
v -16.25556 -47.13297 9.098106
v -1.101965 -92.22987 2.617955
v -1.506514 -100.3783 2.662328
v -16.15394 -52.05791 8.939778
v -4.823865 -16.2357 16.20501
v -1.985377 -77.12936 3.020965
v -2.203193 -51.97999 6.0025
v -15.41314 -86.54216 5.971382
v -0.936077 -87.13977 2.65565
v -2.946749 -60.83893 4.934844
v -16.51101 -42.19743 8.94119
v -4.565772 -25.4409 14.32826
v -1.968438 -73.32774 3.11119
v -3.501213 -32.15076 13.39317
v -17.01681 -33.61205 8.936913
v -0.930367 -36.97092 10.60164
v -0.530884 -43.00407 6.945285
v -6.151838 -101.3101 4.166287
v -16.45931 -28.80819 9.214087
v -12.05002 -11.69174 10.3252
v 0.346389 -95.84003 2.430506
v -15.64961 -90.22639 5.187839
v -16.92443 -72.95361 6.306102
v -1.925042 -69.52493 3.189044
v -17.31508 -56.90639 7.386545
v -2.231416 -56.93373 4.490515
v -15.20837 -21.96118 9.342216
v 1.660176 -100.7195 2.156751
v -11.8076 -9.152243 9.85238
v -1.781393 -34.45718 12.20237
v -17.25353 -37.24736 8.47581
v -3.182582 -22.84592 15.64719
v -14.67938 -18.62049 9.44904
v -15.59095 -97.60067 3.975581
v -11.93713 -102.2173 5.8132
v -7.607236 -8.871241 13.52062
v -16.88679 -79.11752 5.598452
v -17.37466 -49.49554 7.606932
v -3.190485 -13.70688 16.33581
v -3.319206 -18.95448 16.54397
v -3.191961 -27.93401 14.12687
v -2.990851 -8.621451 15.6249
v -0.264786 -81.9958 2.600299
v -17.25604 -69.23774 6.332921
v -17.42228 -64.3029 6.719088
v -1.313228 -49.34522 5.283902
v -16.63036 -84.04481 5.102199
v 0.620814 -89.47414 2.398917
v -1.95013 -63.20574 3.554628
v -17.32734 -44.56899 7.668405
v -15.6502 -101.2904 3.296575
v -0.035472 -38.26615 6.408026
v -16.77104 -26.36764 8.291992
v -0.624346 -45.52542 5.620115
v -17.74328 -53.17577 7.164889
v -17.42536 -31.11321 8.150362
v -3.852144 -102.3291 3.166124
v -2.679882 -11.19539 16.03052
v -16.33253 -92.67072 4.120227
v -8.322621 -102.7341 5.249243
v -13.69955 -14.24471 9.208472
v 1.306368 -93.17982 2.290443
v -17.7659 -59.34645 6.728581
v -1.729277 -54.35747 4.325821
v 1.979173 -98.14999 2.178761
v -17.44105 -39.6469 7.742426
v -5.466846 -8.355484 14.77057
v -0.23399 -79.46438 2.600256
v 0.319701 -84.45458 2.468323
v -17.35699 -75.39487 5.486834
v -1.335606 -66.93717 3.054192
v -17.70829 -46.99436 7.218874
v -0.225603 -102.449 2.358541
v -16.75201 -87.72704 4.375218
v -1.608665 -59.38146 3.596783
v -14.09439 -102.5879 4.566911
v -16.38567 -24.05708 8.249597
v -16.2265 -95.13148 3.78916
v -14.54378 -16.33674 9.026102
v -9.623759 -8.322366 11.65948
v -17.14916 -81.55922 4.843011
v -17.75838 -66.74016 5.996902
v -17.86421 -61.80422 6.336768
v -2.434826 -16.34146 16.79147
v -0.32306 -75.68331 2.631972
v -2.291239 -25.35443 15.08749
v -2.096389 -30.41136 13.77689
v -17.67441 -42.06905 7.192368
v 2.251024 -102.7232 2.186297
v -0.073659 -40.34493 5.633177
v -1.263566 -51.78822 4.177993
v 1.050638 -86.88956 2.209789
v -0.512614 -71.91115 2.699453
v -17.92359 -34.72048 7.514786
v -0.420963 -36.70007 8.945193
v -13.41182 -10.37326 9.401952
v -13.82971 -12.07711 9.295438
v -16.04408 -20.60659 8.22386
v -6.083472 -103.2311 4.157833
v -17.66492 -28.64424 7.610382
v 2.239504 -95.58112 1.988594
v -16.85181 -90.1715 3.718961
v -17.80551 -71.65883 5.238977
v -18.17571 -55.60129 6.345979
v -1.168388 -32.73834 12.63402
v -0.340192 -34.88469 11.05909
v 0.041912 -42.96855 5.109141
v -16.31241 -98.79652 2.8282
v -1.930995 -20.27238 16.58274
v -10.73365 -103.5 5.710117
v -17.61643 -77.82777 4.63639
v -18.18467 -50.65782 6.534754
v -15.78082 -102.9329 2.686173
v -0.770096 -47.97591 4.347567
v -17.26459 -85.2318 4.002536
v -0.947609 -61.84551 3.054566
v -0.800571 -64.35857 2.904759
v -1.787993 -7.50604 15.69691
v 1.854313 -90.57542 1.975255
v -12.25472 -43.08965 12.18104
v -0.354011 -69.36666 2.623216
v -1.063695 -56.79995 3.32841
v -2.613729 -103.3828 2.852327
v -0.052431 -37.59597 5.086767
v 3.244295 -100.4974 1.778314
v -18.05234 -37.13635 7.048153
v -18.07094 -32.24885 7.178808
v -1.671228 -10.01579 15.91475
v -1.654186 -12.51369 16.39962
v -11.61964 -7.724514 9.637694
v -15.73034 -18.34365 8.111261
v -1.540289 -27.77325 14.41529
v -18.19237 -58.05203 5.886365
v -4.377848 -7.39536 15.1427
v -6.676532 -7.434261 13.93975
v 0.788328 -80.60358 2.150611
v 0.525253 -78.10953 2.232155
v 1.063202 -83.09597 2.081535
v -17.81159 -74.10689 4.712862
v -13.12641 -103.6144 5.16786
v -17.25956 -25.08226 7.405612
v -16.79846 -22.79044 7.59282
v -16.70894 -93.84538 3.028567
v -16.55724 -96.3122 2.806525
v -12.74864 -8.61332 8.617413
v -1.553255 -22.82666 16.02201
v -18.01229 -69.16285 5.038927
v -18.11177 -64.22375 5.369807
v -18.07487 -48.17789 6.327286
v -17.9873 -45.70637 6.441529
v -14.71628 -15.11288 8.317082
v -8.711876 -7.453276 12.27301
v 3.639367 -102.9652 1.590727
v -0.067774 -36.78167 7.50877
v -17.41749 -82.74342 3.948489
v -17.56 -80.27707 4.160294
v -18.19787 -60.51693 5.625153
v -1.547866 -15.07815 16.72765
v -1.577401 -17.67271 16.89957
v 0.266102 -74.35104 2.318281
v 0.070711 -38.87334 4.780042
v 1.046228 -103.488 2.250884
v -0.396224 -33.60366 11.76034
v -0.058569 -35.37656 9.705101
v -17.94064 -43.26133 6.448375
v -17.87204 -40.80036 6.561425
v -0.846066 -50.47257 3.749897
v -0.918357 -52.99746 3.489389
v 1.501754 -85.56553 1.919362
v 1.81512 -88.05161 1.884271
v -1.046212 -31.4203 13.19511
v -12.71027 -28.68789 11.64476
v -0.31199 -41.60345 4.721391
v -4.034451 -20.84575 16.00057
v -5.990269 -19.07728 15.6037
v -9.290577 -20.18757 13.59499
v -0.324151 -38.27246 8.187428
v -7.644257 -83.01018 7.140979
v -0.299692 -45.42264 4.259623
v -14.06746 -12.93955 8.277771
v -4.947854 -103.7844 3.621542
v -7.18488 -103.8685 4.672304
v -18.07126 -29.80019 7.013419
v -17.89003 -27.39234 7.170272
v 2.626155 -94.26141 1.734275
v 2.957505 -96.74323 1.692115
v -16.98257 -91.36816 3.061755
v -17.17109 -88.90613 3.294646
v -16.27725 -101.2243 2.10388
v -18.28794 -53.09882 5.92781
v -13.52112 -11.14596 8.390446
v -16.98985 -54.94442 7.879519
v -7.088374 -97.45395 4.988161
v -7.321383 -92.08302 5.635417
v -9.520948 -103.9779 5.468013
v -17.84242 -76.56476 4.287421
v -15.01578 -103.5692 3.559585
v -0.644156 -60.55043 2.858562
v -1.857234 -60.8473 3.658637
v -0.507967 -63.06318 2.707222
v -0.328138 -65.57153 2.588731
v -1.619932 -65.51769 3.26651
v -1.273188 -26.54832 14.89447
v -1.234413 -29.00408 14.13598
v -4.156068 -99.48731 3.237381
v -17.37714 -86.4387 3.474986
v -16.66304 -86.3304 4.725739
v 2.375369 -91.7673 1.734346
v 1.042941 -91.73981 2.339463
v -9.650377 -102.5909 5.717947
v -17.19196 -76.80601 5.527567
v -1.215842 -47.73055 6.085488
v -2.491301 -49.45426 7.619516
v -4.099708 -47.65625 9.873601
v -8.008546 -49.46818 11.74329
v -0.11507 -68.07719 2.464208
v 0.090351 -70.58037 2.358422
v -0.820869 -55.51038 3.16512
v -0.742202 -58.03003 2.990046
v -1.394474 -103.73 2.574034
v -1.65549 -102.2861 2.655236
v 3.380928 -99.21139 1.589759
v -1.308826 -11.28087 16.14616
v -1.338928 -8.777218 15.80906
v -1.301697 -21.5496 16.3653
v -1.278955 -24.0828 15.69495
v -1.319276 -18.98088 16.85399
v -0.040609 -41.92904 6.21529
v -0.659851 -41.43648 7.972852
v -2.05534 -40.68576 10.13075
v -5.034894 -39.44134 12.29348
v -1.729593 -43.0858 9.050752
v -7.647367 -43.07655 12.57185
v -3.028571 -45.20195 9.854057
v -5.675027 -45.49329 11.62908
v -8.996148 -46.1882 12.26345
v -4.392351 -30.18202 13.79907
v -5.986295 -32.15432 13.55628
v -10.38325 -32.53297 13.0153
v 0.030441 -36.75629 6.734254
v -18.16042 -38.33987 6.654543
v -18.31381 -35.88958 6.779364
v -18.31869 -33.44276 6.824722
v -10.67558 -7.341156 10.41215
v -10.76304 -8.681036 10.69639
v -10.88395 -10.36397 11.07361
v -10.44544 -12.26349 12.0481
v -8.498837 -12.47794 13.7175
v -6.442158 -14.01938 15.20967
v -18.37666 -56.79728 5.661271
v -5.559611 -7.102586 14.52139
v -3.151908 -7.051654 15.39991
v 0.92696 -79.32202 1.999074
v 0.678441 -76.82735 2.09491
v -0.563551 -77.26943 2.723822
v -1.413769 -78.53373 2.851693
v -3.71966 -78.76365 3.671664
v -1.987066 -80.5307 2.918376
v -5.610676 -80.98274 5.37666
v -8.187343 -78.87232 7.990405
v 1.195327 -81.81469 1.924026
v -17.97044 -72.85213 4.508276
v -11.98064 -103.9938 5.564593
v -16.81311 -95.06576 2.649406
v -16.62051 -97.52943 2.407979
v -1.28115 -13.79757 16.6132
v -0.059608 -44.15151 4.263003
v -5.529315 -84.39792 4.782602
v -7.73372 -87.29932 6.64994
v -17.24091 -23.88853 7.228062
v -16.72944 -71.06699 6.738357
v -15.42266 -69.34452 8.118531
v -11.89341 -69.39284 9.803213
v -8.0603 -67.05176 9.514524
v -13.82632 -67.22253 9.374018
v -16.2438 -19.37869 7.687075
v -15.62078 -17.20067 7.908626
v -16.77205 -21.61061 7.449332
v -18.07694 -70.38187 4.690205
v -18.17425 -67.91187 4.882592
v -18.32594 -65.44492 5.097494
v -18.20156 -62.96983 5.187701
v -18.3351 -49.39256 6.05913
v -7.712436 -7.146162 13.05811
v 3.73236 -101.6891 1.508625
v -17.48773 -83.96521 3.612577
v -17.71861 -79.02605 4.015241
v -18.35022 -59.26662 5.475773
v 0.344563 -73.07764 2.227113
v -0.723069 -73.61456 2.786666
v -1.660769 -74.89454 3.006838
v -4.260989 -74.76408 4.564453
v -6.868549 -74.80785 7.633527
v -10.70081 -75.27794 9.218216
v -0.713921 -49.19262 3.722342
v -0.514738 -46.6656 4.00163
v -8.888093 -62.58314 10.44494
v -14.10262 -103.8088 4.363511
v -18.26086 -44.46564 6.309681
v 1.503784 -84.3011 1.839152
v 2.116899 -89.27464 1.751059
v -0.881216 -38.23734 9.354877
v -2.741223 -38.40036 11.09868
v -3.782488 -103.8848 3.195502
v -18.24667 -31.00023 6.845713
v -17.74157 -26.1992 7.076132
v -16.95062 -92.59315 2.820082
v -16.51394 -89.08153 4.494324
v -15.26503 -88.45023 5.808149
v -13.07139 -90.38518 6.973545
v -13.70109 -87.46926 7.055557
v -12.42947 -83.71178 8.023375
v -9.768486 -90.48787 7.236972
v -14.00156 -85.17982 7.188704
v -16.43738 -99.98735 2.126412
v -18.33184 -54.32869 5.737834
v -18.38181 -51.85673 5.907289
v -8.33517 -104.0535 5.112379
v -17.90587 -75.32181 4.284659
v 2.596054 -93.00058 1.661875
v -0.156393 -66.81722 2.478082
v -0.801235 -54.24366 3.218352
v -0.17633 -103.7508 2.35407
v 3.260761 -97.96381 1.576235
v -11.77759 -13.67065 11.10274
v -3.085369 -74.40038 3.536594
v -3.468522 -72.59595 3.983467
v -3.496046 -76.23244 3.677363
v -4.769783 -73.01472 5.513515
v -6.094455 -70.8838 7.481794
v -4.704739 -68.1279 6.26273
v -13.27641 -97.27481 5.911313
v -18.12304 -46.92279 6.06065
v -17.34829 -87.6684 3.287333
v -0.623683 -59.28259 2.854573
v -12.56656 -7.501222 8.500225
v -7.104811 -102.5139 4.691298
v -7.969144 -101.0269 5.050676
v -8.297091 -99.04318 5.364707
v -10.30135 -98.53 6.397501
v -6.561472 -99.31529 4.325684
v -5.287556 -97.62305 3.733786
v -5.868126 -94.5665 4.311583
v -4.453638 -91.30538 3.564909
v -16.38942 -91.32063 4.284821
v -15.06593 -92.09036 5.424426
v -13.28568 -92.51054 6.581055
v -12.55545 -94.84917 6.588808
v -10.08838 -93.37566 6.962856
v -0.390819 -44.12867 5.726973
v -1.237556 -44.82603 7.620688
v -11.11518 -66.60434 10.1915
v -17.79557 -51.81807 7.131388
v -10.68477 -15.35525 12.42712
v -11.3968 -17.91654 12.15908
v -9.395283 -17.11792 13.67291
v -7.229895 -16.5144 15.0787
v -8.81849 -97.19357 6.017088
v -7.596626 -95.31583 5.598725
v -2.121669 -89.65081 2.783769
v -9.698634 -7.195135 11.28778
v -5.095158 -102.4432 3.6808
v -4.597711 -100.978 3.435128
v -3.032576 -100.9196 2.944663
v -11.05473 -52.94658 11.59224
v -5.467895 -74.79076 6.184296
v -6.235308 -76.64137 6.824092
v -8.0109 -76.65098 8.17882
v -10.14957 -77.65997 8.850014
v -6.415329 -78.83856 6.679106
v -7.356387 -80.79531 7.211289
v -10.14829 -81.58262 8.373424
v -6.002444 -73.08517 7.086432
v -7.589627 -73.04638 8.355481
v -9.465669 -73.54242 9.211831
v -12.2067 -72.84498 9.336963
v -13.62491 -75.40196 8.562304
v -17.0026 -52.44916 7.994148
v -16.21988 -53.73138 8.755468
v -13.90166 -53.18412 10.63591
v -16.88277 -50.88524 8.174006
v -15.10971 -49.60446 10.04634
v -12.23417 -56.00498 11.11639
v -12.38981 -60.23454 10.65693
v -15.73756 -55.45836 9.10175
v -14.06683 -55.28428 10.37259
v -16.32391 -49.4895 8.906638
v -3.190768 -54.55567 6.767408
v -5.750898 -54.80657 9.868925
v -17.68214 -81.49576 3.765338
v -18.29517 -66.67512 4.923129
v -18.31592 -61.73282 5.224718
v -17.29005 -29.80281 8.155484
v -16.4009 -30.55967 9.622744
v -14.74364 -29.3228 10.66615
v -17.06137 -27.62929 8.259707
v -15.76413 -27.18231 9.592893
v -13.84076 -27.16668 10.80753
v -12.36928 -25.13902 11.16152
v -11.128 -22.5728 12.04412
v 1.408292 -94.54001 2.279478
v -0.397104 -93.99432 2.523225
v -2.880064 -93.98164 2.869506
v -1.649539 -95.58329 2.683279
v -0.936209 -97.96082 2.600148
v 1.707616 -96.81383 2.232719
v 0.54025 -97.75359 2.384431
v 0.018177 -99.46662 2.436706
v -1.214694 -68.48955 2.957863
v -2.866547 -67.90649 3.910324
v -1.048097 -70.40204 2.899928
v -2.550005 -71.16991 3.44744
v -3.367534 -69.788 4.150323
v -17.65707 -33.22619 7.887897
v -17.13529 -32.30353 8.69948
v -15.95363 -32.66022 10.16848
v -15.17938 -35.59738 10.86891
v -12.48772 -35.02256 12.56003
v -15.83378 -99.95347 3.332966
v -14.93779 -100.5328 4.113389
v -15.00151 -98.99255 4.370503
v -13.88599 -98.58488 5.359838
v -12.13382 -99.7862 6.091141
v -14.55719 -97.2288 5.057471
v -14.01092 -95.63828 5.712678
v -13.51479 -30.7189 11.77504
v -11.02556 -30.25317 12.41822
v -10.02085 -27.66464 12.40298
v -7.450209 -26.07433 13.2333
v -12.51302 -32.52677 12.38133
v -7.700233 -23.48814 13.57943
v -13.69584 -23.43439 10.43888
v -14.1468 -101.3229 4.729685
v -12.98182 -100.9316 5.598626
v -1.470606 -50.67682 4.959273
v -1.951703 -50.26635 6.39378
v -2.957487 -51.34552 7.676781
v -4.117725 -53.29817 8.682694
v -11.46769 -91.70817 7.221673
v -15.42142 -96.19883 4.431029
v -15.68658 -44.60412 9.782792
v -14.54948 -42.33602 10.88376
v -13.06984 -40.1298 12.22304
v -10.13503 -41.06797 13.02919
v -14.30354 -46.63511 10.86411
v -11.89543 -45.87176 12.01167
v -1.159108 -16.37429 16.91476
v -1.717082 -53.01557 4.596435
v -2.450116 -53.91739 5.593109
v -2.719084 -55.62372 5.500632
v -2.848603 -53.09602 6.775759
v 0.306157 -85.80257 2.492149
v -1.759111 -85.10227 2.783268
v -2.98927 -86.81109 3.053318
v -3.829576 -84.81387 3.45869
v -1.659101 -55.93175 3.993345
v -1.665656 -57.79896 3.794376
v -2.887838 -58.78716 5.123469
v -4.548596 -59.95683 6.981731
v -6.160162 -58.42813 9.594428
v 2.346949 -99.69053 2.078821
v 1.180487 -99.64571 2.288986
v 0.426639 -100.646 2.345794
v 0.965958 -101.8613 2.208458
v -17.61464 -38.09873 7.717439
v -16.79153 -38.82717 9.083473
v -16.66213 -40.51134 8.99648
v -16.2092 -37.45043 9.814434
v -16.78244 -35.56646 9.333697
v -15.57065 -41.32434 10.00393
v -14.44981 -40.54602 11.17283
v -17.69863 -36.28399 7.801198
v -16.08903 -22.10999 8.383559
v -15.62119 -23.15776 9.000333
v -15.43592 -24.4608 9.371966
v 2.618272 -101.5417 2.041851
v -4.360147 -69.5507 5.464921
v -5.299141 -69.57319 6.835361
v -6.238327 -67.72937 8.081854
v -7.726787 -69.37111 8.998474
v -6.430791 -69.36871 7.99823
v -9.719354 -68.61781 9.895304
v -5.04355 -71.05307 6.288891
v -5.064339 -65.99557 7.089304
v -3.983379 -64.21982 5.873387
v -6.574983 -65.5119 8.727211
v -6.958835 -63.33356 9.419204
v -7.096799 -60.80585 9.924517
v -9.588178 -59.8496 10.89188
v -8.574623 -64.85785 10.08312
v -10.76704 -64.04009 10.49837
v -15.29288 -94.85245 4.794669
v -5.85133 -61.74315 8.382962
v -4.452172 -62.12209 6.762032
v -15.54706 -93.54682 4.742609
v -16.1809 -58.75203 8.436173
v -14.37589 -59.30362 9.830212
v -14.18815 -61.99636 9.698259
v -15.26881 -64.13036 8.764719
v -14.68383 -20.31598 9.676995
v -13.66561 -21.54994 10.52835
v 0.580506 -88.13264 2.405697
v -0.788949 -88.84663 2.63853
v -0.685911 -90.54694 2.603678
v -2.132503 -88.10633 2.80279
v -3.657195 -88.89768 3.24557
v -5.332034 -89.57686 4.168613
v -6.362435 -88.03429 5.204283
v -7.759011 -89.67474 6.270138
v -6.47852 -86.02094 5.631724
v -7.886392 -85.1675 7.043533
v -9.686237 -83.90949 8.002397
v -9.622232 -86.52006 7.666703
v -2.721215 -21.34849 16.18248
v -15.4594 -19.27127 8.720116
v -15.0238 -17.6797 8.887965
v -13.62184 -17.36585 10.18323
v -13.32401 -18.87079 10.70186
v -15.19918 -53.03295 9.745337
v -14.49791 -51.3807 10.40418
v -12.68068 -51.66383 11.36583
v -10.44063 -50.40675 11.84003
v -8.34713 -52.24459 11.4887
v -13.64717 -49.92041 11.05983
v -14.86463 -101.8991 3.963904
v -5.687429 -52.51054 10.20389
v -6.037783 -50.22963 10.70364
v -6.212391 -47.85128 11.29605
v -3.159699 -57.15897 5.805042
v -14.23256 -48.34034 10.78079
v 0.675272 -75.56348 2.04556
v -1.071076 -25.32557 15.35648
v -0.93716 -30.19112 13.73795
v -16.33335 -102.45 1.802767
v -17.83845 -54.47824 6.955835
v -2.685692 -99.44219 2.858044
v -3.465788 -98.01142 3.03703
v -2.226501 -97.07716 2.772773
v -11.90069 -26.86023 11.63374
v -12.81144 -58.08543 10.74727
v -10.88271 -57.55047 11.16325
v -10.31102 -55.67098 11.36098
v -8.035213 -54.69365 11.11226
v -3.773919 -58.45026 6.290435
v -4.630458 -58.57251 7.483333
v -5.049554 -57.25718 8.702528
v -5.524899 -59.79407 8.537804
v -4.222292 -55.55038 8.13563
v -6.248252 -56.60214 9.965037
v -3.541816 -59.8558 5.908373
v -17.42807 -43.26669 7.652276
v -16.57099 -43.8405 8.788311
v -16.56565 -45.40678 8.757293
v -15.72135 -43.13329 9.756025
v -14.73429 -43.83011 10.67352
v -13.62459 -43.33033 11.57856
v -13.70496 -45.06595 11.35918
v -13.28653 -41.75948 11.99804
v -11.67691 -41.53598 12.52118
v -10.25511 -43.10183 12.71486
v -11.44054 -39.82848 12.78139
v -12.82713 -37.57387 12.45132
v -9.943192 -39.4806 13.2675
v -7.474421 -38.75542 13.07563
v -7.747661 -35.34309 13.16282
v -8.158049 -40.63026 12.9934
v -5.936498 -41.55331 12.45179
v -2.193515 -32.08762 13.16286
v -2.863497 -33.46923 12.80721
v -4.810768 -33.64661 13.15167
v -3.295403 -34.72739 12.06115
v -2.998816 -36.51419 11.39992
v -4.375993 -37.64307 12.20307
v -6.205959 -36.77857 12.90285
v -6.647946 -33.86148 13.30413
v -8.190696 -32.3951 13.35464
v -17.54427 -70.54864 5.865355
v -15.13551 -31.22034 10.67009
v -15.11852 -37.14671 10.84914
v -14.02777 -36.41745 11.89197
v -14.12582 -38.2267 11.72926
v -14.06457 -34.63953 11.8191
v -15.90352 -25.67342 9.169461
v -10.93122 -61.86567 10.71441
v -5.990079 -91.26765 4.612622
v -5.32101 -92.85139 4.00384
v -4.443744 -94.19909 3.475822
v -4.920628 -95.72414 3.703583
v -6.230985 -96.13219 4.577413
v -3.830859 -92.74075 3.219781
v -2.792431 -91.31252 2.896055
v -11.49589 -85.603 7.946374
v -7.436319 -57.72443 10.50856
v -3.726087 -61.22059 6.008324
v -3.21397 -62.72646 4.968634
v -15.1903 -33.98096 10.8002
v -7.557563 -56.1612 10.7433
v -7.321122 -59.27755 10.2474
v -8.604676 -58.67018 10.83139
v -0.179849 -40.27472 4.461001
v -3.07254 -17.59207 16.69321
v -4.781092 -17.99234 16.24863
v -17.29265 -40.9416 7.724464
v -3.727035 -80.63986 3.595922
v -4.699019 -82.25906 4.179717
v -14.28832 -83.10076 7.282071
v -12.90734 -81.39451 8.166717
v -14.52969 -79.61601 7.564666
v -16.90059 -48.23516 8.290402
v -3.904496 -68.18705 4.978026
v -4.149486 -66.57587 5.640295
v -12.13879 -50.13889 11.64748
v -11.10811 -48.97699 11.90733
v -11.52063 -47.42939 11.96307
v -9.771157 -47.79727 12.10136
v -7.981042 -47.65587 11.89911
v -12.96847 -46.94618 11.62194
v -7.296809 -46.05748 11.91325
v -8.230477 -44.66121 12.41728
v -9.915551 -44.76219 12.45758
v -10.48648 -46.36393 12.20531
v -6.705825 -44.34333 12.14684
v -4.924116 -43.64735 11.56514
v -6.168701 -42.99873 12.31709
v -9.225423 -30.84986 12.98231
v -6.249505 -17.61469 15.62035
v -8.029997 -18.60297 14.56466
v -4.780966 -79.74419 4.563104
v -5.890025 -82.75967 5.432318
v -6.6828 -84.20235 6.136751
v -3.003452 -15.06445 16.55955
v -4.696494 -14.53046 16.01719
v -4.838547 -12.65418 15.71935
v -6.755974 -11.95858 14.74563
v -12.79906 -11.40642 9.357418
v -0.838328 -47.03364 5.136986
v -1.008777 -46.52176 6.255977
v -0.959628 -45.49807 6.724848
v -1.54729 -45.8614 7.597333
v -2.443997 -46.19087 8.802572
v -2.813369 -47.89536 8.678015
v -1.961955 -45.17961 8.50826
v -3.746356 -49.24517 9.258797
v -1.645375 -44.10394 8.488449
v -2.464518 -44.01166 9.641812
v -3.571762 -44.04934 10.60133
v -4.353435 -45.3601 10.73795
v -1.044364 -43.23933 8.024235
v -5.056332 -46.77432 10.84082
v -1.158505 -42.20822 8.637661
v -1.995956 -41.92824 9.684545
v -1.227967 -40.99382 9.120874
v -1.293782 -39.62701 9.609216
v -2.834079 -41.51939 10.71186
v -4.344002 -41.37058 11.68893
v -3.124402 -39.96449 11.24677
v -0.758088 -44.45611 6.711815
v -5.049613 -48.96203 10.2649
v -5.408585 -99.87316 3.747088
v -10.51759 -71.97736 9.592411
v -9.860778 -70.35621 9.712298
v -12.03556 -71.12108 9.571121
v -13.73653 -70.0302 9.108537
v -14.6202 -22.87419 9.81893
v -9.23857 -88.50788 7.330585
v -9.248944 -34.08626 13.24172
v -9.55699 -35.99144 13.30568
v -11.3068 -36.47131 12.99821
v -10.83726 -34.81415 13.08769
v -8.098263 -37.07009 13.2071
v -8.274082 -60.29454 10.55156
v -9.331271 -61.24477 10.69548
v -8.082023 -61.56533 10.31873
v -7.059138 -62.0809 9.719612
v -13.87071 -77.58158 8.180552
v -12.1079 -76.77771 8.918636
v -9.718913 -49.20334 11.97544
v -9.032426 -50.42922 11.82673
v -9.754309 -51.75108 11.71791
v -7.647882 -50.90842 11.45855
v -9.513666 -53.311 11.56007
v -6.925243 -52.15342 10.99217
v -6.668396 -53.72032 10.65596
v -9.461837 -29.19914 12.65794
v -8.199052 -27.75392 12.98954
v -5.778593 -27.47001 13.65149
v -3.446826 -46.47422 9.70411
v -2.498179 -42.88419 9.988481
v -7.840169 -62.88314 10.03434
v -8.638291 -63.70476 10.2446
v -9.761281 -63.39571 10.51503
v -7.690081 -64.17478 9.754848
v -7.607384 -65.41154 9.466311
v -9.70625 -64.58665 10.37355
v -9.514779 -66.21522 10.14726
v -10.77425 -65.34715 10.36217
v -12.19561 -65.61446 10.13521
v -13.58045 -65.77522 9.631156
v -15.01657 -66.13802 8.754761
v -6.802735 -64.42084 9.047743
v -12.48761 -67.03584 9.931503
v -12.96581 -68.39642 9.61818
v -14.32804 -68.61494 8.938722
v -6.147771 -63.56706 8.62094
v -11.41211 -68.02618 10.00968
v -5.964594 -64.64633 8.300862
v -5.219146 -64.90769 7.454022
v -4.504341 -65.10294 6.506269
v -3.88868 -65.38157 5.477529
v -3.12713 -64.36025 4.594542
v -4.629708 -63.95652 6.854374
v -5.788779 -65.76968 7.941115
v -6.453087 -66.62226 8.386425
v -7.144533 -67.50012 8.855788
v -5.627636 -66.86603 7.607509
v -5.432171 -67.994 7.21957
v -4.903148 -67.08492 6.730923
v -7.982569 -68.23559 9.308093
v -4.078878 -63.11039 6.248383
v -8.927943 -67.76984 9.804931
v -10.12392 -67.41704 10.10931
v -8.720273 -69.10316 9.544288
v -8.504697 -70.31619 9.285913
v -7.336281 -71.07436 8.484728
v -5.672777 -62.76959 8.0237
v -4.933883 -62.97042 7.249245
v -5.198711 -61.92167 7.529229
v -5.347004 -60.77998 7.873702
v -4.685596 -61.07108 7.031566
v -6.375089 -62.53721 8.935716
v -15.40454 -67.8991 8.279163
v -16.4952 -68.27033 7.258259
v -16.08687 -65.24905 7.964812
v -16.43202 -63.72496 7.792041
v -17.0508 -65.82807 6.96331
v -9.933131 -62.31878 10.65126
v -10.82367 -62.95141 10.61019
v -12.58281 -62.54695 10.36249
v -11.87447 -63.53767 10.43035
v -11.69474 -64.63748 10.33906
v -6.886671 -68.50823 8.505653
v -11.10466 -51.58646 11.69219
v -10.55183 -54.27433 11.48821
v -12.35598 -54.18132 11.25005
v -9.329597 -54.78113 11.38513
v -8.628552 -55.7564 11.16474
v -17.25527 -62.91813 6.967936
v -18.18968 -42.00973 6.220755
v 2.296736 -103.8179 2.232365
v -2.73923 -29.21151 14.02309
v 0.121888 -92.65823 2.463404
v -16.19879 -56.91711 8.561716
v -12.69071 -98.52034 6.051741
v -11.78073 -97.26646 6.489825
v -15.78943 -39.84938 9.981224
v -15.4267 -48.1307 9.878767
v -16.24568 -103.4601 1.670821
v -9.944347 -58.53982 11.05758
v -11.44244 -59.01252 10.96646
v -10.94931 -60.39451 10.86358
v -8.050167 -10.80658 13.66082
v -2.222147 -39.46119 10.50624
v -1.742475 -38.32217 10.29865
v -2.273861 -37.3027 10.78449
v -1.842704 -36.15062 11.0086
v -0.729755 -35.9573 11.10849
v -0.18006 -36.33121 10.21114
v -0.17375 -37.44728 9.816795
v -1.483735 -35.36672 11.66209
v -2.602423 -35.4599 11.51108
v -3.550066 -35.76324 11.83673
v -4.073816 -36.64022 12.11961
v -5.142509 -36.60011 12.52365
v -5.895938 -35.27185 12.73912
v -5.506141 -37.73459 12.61813
v -6.647814 -37.8993 13.0344
v -6.214761 -39.13815 12.83991
v -3.457986 -37.4099 11.73778
v -3.692809 -38.57664 11.80894
v -7.099556 -39.9918 12.94783
v -5.928743 -40.33229 12.58809
v -7.064139 -41.1701 12.77021
v -8.053429 -41.879 12.81517
v -8.965948 -42.79914 12.81597
v -14.23275 -64.63313 9.427457
v -13.86604 -63.34094 9.756957
v -14.93323 -62.91274 9.125931
v -15.30918 -61.56796 8.974157
v -16.12418 -60.34313 8.362851
v -14.50838 -60.65885 9.624084
v -13.36643 -61.06032 10.22255
v -17.12628 -60.82111 7.28138
v -15.29311 -59.80676 9.136159
v -15.24282 -58.53046 9.282728
v -11.51664 -98.75043 6.362718
v -10.69959 -99.95412 6.276422
v -10.70281 -101.4158 6.015799
v -15.34582 -46.79333 10.02947
v -14.97093 -45.55512 10.41159
v -15.82259 -45.78348 9.609809
v -0.400682 -35.7372 8.387903
v -13.32929 -13.14184 9.296114
v -12.74444 -14.00291 10.18807
v -12.99615 -12.46461 10.2561
v -13.23152 -15.09596 10.00366
v -13.45702 -16.23356 10.07052
v -12.0834 -12.57012 11.09675
v -11.22125 -13.0389 11.87389
v -9.856027 -13.669 12.93999
v -10.96875 -14.23133 11.97809
v -11.8135 -14.86478 11.30592
v -11.21807 -11.84037 11.18443
v -10.81517 -11.17217 11.96411
v -9.806026 -11.58333 12.77218
v -11.87684 -10.85544 11.00506
v -11.63551 -10.13059 10.27916
v -12.39903 -9.914021 9.404676
v -13.15713 -9.712752 8.406469
v -12.64929 -10.55369 10.22257
v -11.08643 -9.492696 10.61706
v -10.13557 -9.581339 11.54491
v -2.774348 -26.63195 14.55691
v -4.275352 -27.05581 14.09751
v -4.771638 -28.52149 13.75171
v -17.76099 -68.3908 5.804527
v -17.82176 -65.08078 6.024706
v -17.85153 -63.45284 6.132639
v -1.734031 -48.91419 6.592496
v -2.179612 -48.19277 7.575747
v -3.548109 -56.03358 6.590573
v -12.74374 -44.30152 11.89574
v -11.3074 -44.25517 12.27258
v -7.464743 -20.37703 14.61502
v -8.466676 -21.84238 13.67989
v -9.49373 -23.22538 12.8057
v -13.32559 -71.81542 9.11396
v -13.95044 -73.53098 8.592546
v -15.35281 -74.72366 7.564356
v -14.57599 -23.87632 9.830707
v -13.7502 -24.65676 10.4225
v -13.59183 -25.8795 10.73099
v -12.69989 -24.01319 11.02829
v -11.14571 -24.09377 11.81801
v -12.54119 -22.60412 11.20559
v -11.87089 -21.39082 11.76972
v -10.96538 -19.91692 12.4874
v -10.39331 -21.29686 12.70036
v -9.945211 -18.67495 13.27945
v -0.078561 -91.52229 2.499227
v 0.673978 -90.63764 2.412236
v -9.020274 -41.27365 13.01809
v -9.155317 -40.22999 13.12979
v -8.740858 -39.02287 13.18475
v -12.288 -61.41449 10.56283
v -9.641454 -12.64518 12.81964
v -8.878876 -11.19121 13.11147
v -16.6097 -76.00068 6.273036
v -16.60392 -74.46223 6.468475
v -15.93298 -73.43938 7.237666
v -15.89032 -75.56136 7.026676
v -14.74856 -76.1218 7.848018
v -16.24496 -72.20209 7.092667
v -15.69069 -71.04394 7.714824
v -16.29369 -69.92735 7.287658
v -15.36624 -72.56283 7.806972
v -14.78134 -70.48525 8.469109
v -18.08438 -39.57124 6.514346
v -17.56404 -73.30225 5.453209
v -15.77179 -50.736 9.414372
v -6.56118 -89.86247 5.191121
v -6.563992 -93.2672 4.899244
v -7.857464 -93.66902 5.926731
v -9.123468 -94.85371 6.48641
v -8.718719 -92.33143 6.656995
v -11.65484 -62.47677 10.58154
v -6.726251 -10.39267 14.47392
v -13.45654 -59.88218 10.29404
v -12.70183 -59.17858 10.67093
v -13.616 -58.69099 10.32218
v -13.86152 -57.35995 10.30457
v -0.6858 -51.70204 3.267951
v 1.977303 -86.76479 1.663981
v 0.406079 -71.80596 2.132358
v -14.45887 -11.83808 8.381981
v -14.44815 -89.82129 6.25397
v -14.08559 -91.27181 6.322014
v -13.4797 -88.94645 6.979226
v -11.93994 -89.28352 7.436903
v -17.01125 -53.593 7.940372
v -2.411524 -58.00086 4.549357
v -2.308157 -59.01047 4.280223
v -2.768728 -59.79734 4.827355
v -15.34678 -84.26748 6.370347
v -8.474905 -65.94268 9.894166
v -6.684641 -72.10568 7.808065
v -11.40976 -55.133 11.34901
v -12.90865 -56.91713 10.82071
v -11.96695 -57.44329 11.02988
v -13.25051 -55.88628 10.75887
v -13.21672 -54.77842 10.87921
v -14.03025 -54.22757 10.48022
v -15.01059 -54.65609 9.781935
v -13.21348 -53.79929 10.96812
v -12.38965 -52.90842 11.35834
v -10.62481 -88.74635 7.569462
v -10.8882 -89.96342 7.434836
v -11.94713 -90.44974 7.301576
v -10.34688 -87.53531 7.686103
v -10.75415 -86.47372 7.846403
v -10.1094 -85.23845 7.933331
v -11.0862 -84.20243 8.127943
v -11.30219 -82.65336 8.319406
v -8.949068 -84.85958 7.638133
v -8.549244 -83.70144 7.594084
v -8.751013 -82.15694 7.890877
v -8.866933 -80.45223 8.133511
v -10.54767 -79.74844 8.645491
v -8.660178 -85.94827 7.390982
v -8.697568 -87.10487 7.271317
v -7.774316 -86.22692 6.825391
v -7.100274 -85.5023 6.363934
v -7.085947 -86.64693 6.182309
v -7.021171 -87.68484 5.961965
v -7.745729 -88.49119 6.485313
v -6.997293 -88.75529 5.72985
v -6.416124 -87.03218 5.440482
v -5.375722 -86.2532 4.447516
v -5.686768 -87.33076 4.623844
v -5.592756 -88.47848 4.45262
v -8.475585 -89.17566 6.924667
v -8.587132 -90.41721 6.837142
v -7.674457 -90.94323 6.104874
v -9.38743 -89.5278 7.257751
v -11.52834 -81.2573 8.483982
v -7.690887 -84.09525 7.049815
v -6.826699 -91.09725 5.362982
v -9.149287 -91.36016 6.960061
v -10.29392 -91.54958 7.199465
v -10.76008 -92.5316 7.121303
v -11.5267 -93.81754 6.966552
v -11.85979 -92.74689 7.048432
v -12.68895 -93.56818 6.696422
v -13.56795 -94.26881 6.191336
v -10.46294 -94.71768 6.858298
v -13.93849 -93.24915 6.124438
v -14.707 -92.97137 5.605451
v -14.1822 -92.26187 6.110224
v -4.224751 -86.34726 3.606134
v -18.49413 -34.6483 6.587306
v -14.06035 -10.15532 8.483428
v -16.97774 -80.3689 5.305362
v -15.9059 -80.05376 6.448326
v -15.8432 -78.3747 6.716006
v -16.44598 -81.32612 5.776144
v -16.17363 -82.80739 5.829494
v -2.358702 -23.62318 15.62065
v -3.866025 -24.15697 15.00585
v -5.846821 -24.06539 14.21875
v -4.835329 -22.92325 15.03797
v -6.261479 -22.81448 14.47363
v -7.173666 -21.89804 14.32339
v -8.859639 -101.6854 5.551232
v -0.614895 -85.11692 2.623728
v -1.165137 -83.4743 2.707231
v -1.201596 -86.06007 2.688971
v -2.259324 -86.04822 2.862343
v -2.840393 -85.11609 3.047413
v -3.005168 -83.72517 3.134206
v -4.239852 -83.50911 3.752614
v -2.526847 -92.6563 2.801059
v -1.639233 -93.6109 2.677081
v -6.403211 -61.33095 9.246444
v -6.2668 -60.16784 9.377286
v -14.02976 -15.20449 9.208174
v -12.34341 -80.34798 8.445752
v -13.40637 -79.69099 8.170795
v -13.97952 -80.78301 7.751191
v -15.01598 -80.65189 7.080606
v -14.54492 -81.83234 7.272161
v -13.57576 -82.29231 7.775896
v -12.47148 -82.50297 8.163692
v -13.29802 -78.56209 8.347666
v -12.34563 -77.94077 8.731446
v -11.15345 -78.54736 8.822386
v -14.28906 -78.55811 7.834101
v -14.98638 -77.5049 7.517203
v -15.09491 -78.81725 7.258135
v -13.36877 -83.32592 7.743352
v -13.22355 -84.47093 7.665389
v -12.84704 -85.82085 7.654209
v -12.21526 -84.78069 7.94589
v -14.12779 -84.13855 7.24945
v -13.0241 -77.16061 8.611981
v -13.84368 -76.49947 8.325349
v -12.91227 -76.1352 8.761618
v -12.24716 -74.64223 9.137041
v -11.95507 -75.7007 9.076907
v -11.01434 -76.39728 9.079424
v -9.424 -76.21273 8.869166
v -8.291131 -75.02103 8.50652
v -11.25002 -77.46111 8.948556
v -11.00614 -73.78994 9.390593
v -8.322172 -91.48585 6.524054
v -8.648772 -8.653296 12.62927
v -8.237598 -9.688105 13.23525
v -9.144695 -9.521637 12.41749
v -2.348838 -66.47334 3.606872
v -17.97184 -57.23729 6.578369
v -17.38191 -58.20427 7.236265
v -16.9344 -59.27772 7.625726
v -2.633831 -78.24489 3.182844
v -2.791922 -79.54159 3.189851
v -3.556996 -77.50236 3.637655
v -4.400345 -76.85441 4.491719
v -5.198173 -76.14133 5.559821
v -4.454307 -78.09106 4.407398
v -5.10764 -78.76533 5.083269
v -5.545094 -79.80035 5.470593
v -6.348036 -80.42531 6.375164
v -6.642985 -81.92236 6.464916
v -5.717717 -78.38044 5.935778
v -6.245032 -77.74136 6.67397
v -7.225852 -78.14763 7.455126
v -5.670257 -77.10232 6.066693
v 0.724414 -98.74706 2.358697
v -17.15498 -36.2559 8.691096
v -17.35981 -35.1759 8.414962
v -16.59961 -36.55255 9.501525
v -15.97982 -35.86348 10.11405
v -16.17843 -34.47441 9.931272
v -16.94299 -34.59932 9.092852
v -3.735474 -21.89154 15.7699
v -4.825714 -21.55465 15.49173
v -5.378519 -20.31292 15.64757
v -4.691787 -19.2663 16.11527
v -3.630559 -16.04971 16.50917
v -8.120311 -29.71056 13.0423
v -7.002348 -28.53874 13.24764
v -7.737252 -30.99985 13.33126
v -5.141161 -83.31373 4.497287
v -8.076446 -77.76233 8.07099
v -9.118055 -78.25343 8.516802
v -9.120489 -79.37744 8.382816
v -6.497343 -31.07608 13.55462
v -5.2513 -31.13265 13.68761
v -4.740159 -32.19719 13.52663
v -4.081951 -31.24078 13.71862
v -3.259655 -30.39169 13.87115
v -2.768039 -31.27079 13.5769
v -5.542866 -30.08189 13.66837
v -5.812526 -29.08994 13.53218
v -7.101485 -32.0399 13.48931
v -7.38283 -33.08445 13.37656
v -7.787919 -34.18201 13.28317
v -9.214455 -77.22177 8.676232
v -3.479553 -53.72849 7.677883
v -3.401663 -52.49844 7.993021
v -4.120605 -52.07666 8.917219
v -4.892332 -51.79191 9.745136
v -5.115486 -50.68572 10.10876
v -5.946894 -51.40612 10.56089
v -4.872046 -52.92252 9.483808
v -4.86527 -54.16243 9.231301
v -5.646381 -53.65003 9.962954
v -4.964044 -55.3875 9.111517
v -4.106922 -54.41902 8.375734
v -4.442149 -49.92748 9.72993
v -3.707985 -54.88447 7.572777
v -3.577499 -51.22198 8.548604
v -3.05947 -50.30698 8.115686
v -2.490759 -50.50322 7.260777
v -2.449352 -51.40482 6.799445
v -3.07694 -49.33355 8.468337
v -6.706203 -50.9209 11.05247
v -6.944812 -49.79506 11.33374
v -7.141292 -48.60431 11.59681
v -6.101839 -49.01855 10.89753
v -17.36484 -45.87643 7.820982
v -16.98638 -46.95545 8.169661
v -5.15309 -42.44819 11.90191
v -4.277139 -42.87223 11.34819
v -5.028668 -98.76603 3.576494
v -5.961093 -98.43179 4.058794
v -6.17465 -97.38365 4.359286
v -6.793631 -98.37309 4.649728
v -4.431691 -97.98474 3.335374
v -4.542974 -96.88101 3.37477
v -11.78775 -33.75123 12.71443
v -13.11035 -33.76859 12.28552
v -6.864235 -55.03603 10.56897
v -12.61205 -96.19396 6.398231
v -11.59605 -95.59835 6.734636
v -14.55937 -72.77869 8.350324
v -14.88322 -73.80936 8.026853
v -14.45922 -74.80493 8.18633
v -5.805952 -9.583816 14.78637
v -4.189288 -9.660674 15.44663
v -6.559249 -8.608722 14.24831
v -3.082595 -66.92466 4.203693
v -16.74069 -57.66174 7.952331
v -16.70487 -20.44101 7.33019
v 3.131815 -95.45274 1.470597
v -16.07312 -87.24404 5.246609
v -0.830191 -101.39 2.498994
v -2.185754 -68.51482 3.377285
v -2.104701 -67.50629 3.380934
v -2.956436 -68.90784 3.888031
v -1.476112 -99.10884 2.664348
v -2.34302 -98.3057 2.784449
v -13.78085 -22.49395 10.41699
v -9.35593 -43.83028 12.71935
v -15.75384 -63.19745 8.465334
v -6.244484 -88.97037 4.977203
v -4.746815 -85.35117 3.992602
v -4.76276 -56.27252 8.63171
v -5.453252 -56.25185 9.402126
v -4.270257 -56.4938 7.776827
v -13.11269 -102.3534 5.343292
v -0.329645 -96.87818 2.529648
v -0.673019 -95.90519 2.584285
v -0.885121 -94.89777 2.604002
v -1.307639 -96.68251 2.660774
v -11.00624 -38.61082 13.00608
v -12.22601 -38.75344 12.60665
v -16.56108 -25.3156 8.306542
v -6.037611 -16.40761 15.67611
v -6.749991 -15.29389 15.23952
v -7.659369 -14.35647 14.55451
v -7.342577 -13.08034 14.56052
v -5.578945 -15.31444 15.77612
v -7.917165 -15.54492 14.55765
v -8.939176 -16.02477 13.92394
v -8.286412 -17.00196 14.44936
v -9.981457 -16.15691 13.12942
v -11.09298 -16.62439 12.27891
v -12.24944 -17.02896 11.34782
v -9.750245 -15.05782 13.14692
v -8.558142 -13.66579 13.86525
v -11.67537 -15.87679 11.65609
v -10.41213 -17.46839 12.90629
v -8.78273 -17.90043 14.13486
v -8.980881 -18.92139 13.92129
v -8.220077 -19.62418 14.33319
v -7.169345 -19.32813 14.97622
v -7.07656 -18.28344 15.19056
v -6.471479 -20.13633 15.23412
v -12.44362 -18.17971 11.35804
v -11.74555 -19.06573 11.94655
v -0.729609 -42.36328 7.721626
v -8.813725 -48.46716 12.01522
v -4.864292 -38.4772 12.3448
v -5.880126 -60.7337 8.686618
v -13.7737 -86.317 7.167099
v -14.71042 -85.90294 6.630592
v -15.56459 -85.37185 6.013436
v -14.59164 -87.01149 6.563007
v -14.43968 -88.13245 6.513169
v -15.21711 -87.49583 5.99601
v -16.0129 -84.54784 5.692252
v -16.62016 -85.18423 4.952569
v -16.05391 -86.01028 5.436796
v -12.01389 -86.61966 7.749833
v -12.6732 -87.49152 7.500965
v -7.415204 -9.794193 13.86962
v -8.782194 -10.3039 12.95562
v -6.963358 -79.75464 7.03731
v -7.87274 -79.91194 7.685721
v -13.23771 -38.52569 12.28433
v -13.88096 -39.35036 11.88493
v -10.87417 -18.71155 12.59521
v -6.062869 -104.2456 4.121082
v -18.29705 -28.55604 6.755431
v -16.99478 -77.95414 5.617214
v -16.47405 -77.22131 6.243542
v -17.08752 -42.33445 8.048895
v -5.188908 -40.97578 12.18449
v -4.421875 -40.30817 11.91711
v -9.648458 -99.45358 6.015295
v -9.183583 -98.34267 5.981239
v -3.433841 -25.74479 14.62123
v -3.170944 -24.84497 15.01299
v -14.2891 -56.34797 10.14722
v -15.08753 -56.03153 9.618798
v -13.27949 -52.45888 11.05374
v -13.61869 -51.47494 10.95465
v -11.55201 -79.76242 8.644888
v -4.806433 -29.41785 13.76355
v -3.785701 -28.87826 13.93358
v -5.314538 -17.12005 16.01993
v -14.78385 -84.95811 6.699316
v -17.32406 -90.12254 2.82604
v -3.017707 -12.42127 16.18027
v -3.994063 -11.42919 15.7614
v -14.50173 -14.00444 8.101628
v -15.67402 -21.3179 8.768004
v -12.82843 -63.48793 10.18609
v -11.84543 -101.0271 5.993744
v -12.90193 -26.55501 11.20086
v -12.94589 -27.64447 11.37529
v -13.99068 -28.34326 10.972
v -15.12738 -28.16109 10.18736
v -15.67331 -29.13312 9.999332
v -15.43487 -30.19022 10.29553
v -9.202496 -83.04131 7.951884
v -10.26778 -83.00184 8.209749
v -1.654821 -82.14982 2.802341
v -17.467 -34.17692 8.232105
v -3.964571 -15.16287 16.31488
v -10.08068 -78.75352 8.694246
v -1.059869 -81.1708 2.694289
v -1.041706 -80.12229 2.723214
v -0.164851 -80.65652 2.5629
v -18.18739 -71.60058 4.312803
v -15.26797 -16.09639 7.976105
v 0.011308 -39.32459 7.189217
v -0.086355 -40.49557 7.493023
v -1.848164 -64.37449 3.438021
v -2.514148 -65.17497 3.808144
v -2.542119 -63.89629 3.946643
v -2.330568 -18.46984 16.81675
v -16.25753 -97.16767 3.309784
v -0.64796 -74.67691 2.753904
v -0.516993 -100.3211 2.479549
v -15.47907 -102.2447 3.298838
v -0.010145 -38.0826 9.095437
v -9.864846 -42.14028 12.96721
v -10.86028 -42.22154 12.66954
v -8.324984 -38.08366 13.19997
v -15.254 -82.78639 6.61933
v -0.560875 -84.18291 2.624107
v -0.067858 -83.13661 2.559461
v -2.029171 -94.59526 2.726116
v -3.110665 -95.22364 2.904425
v -4.053896 -95.47079 3.219981
v -2.631778 -96.13203 2.82633
v -5.93709 -59.28336 9.2325
v -5.219854 -58.63747 8.523911
v -13.57469 -32.77315 12.07469
v -13.18317 -31.72718 12.04203
v -11.89731 -31.31928 12.34615
v -12.30337 -30.15568 12.03625
v -11.40201 -29.01369 12.10114
v -14.11321 -33.59618 11.69829
v -10.67172 -31.37512 12.71886
v -11.69241 -27.94115 11.86917
v -10.87405 -27.11563 12.04738
v -9.585992 -26.32155 12.43674
v -10.94333 -25.93914 11.88691
v -8.51211 -25.22254 12.84863
v -7.120834 -24.71107 13.47726
v -6.043817 -25.53957 13.79233
v -11.42121 -32.26177 12.65809
v -13.20607 -29.67067 11.6894
v -14.14315 -30.05786 11.17562
v -6.480434 -26.63193 13.52947
v -5.272758 -26.40436 13.92985
v -7.457702 -27.01128 13.20486
v -8.53143 -26.67546 12.84123
v -9.056414 -24.25664 12.7267
v -10.09244 -24.04689 12.31927
v -10.44911 -23.20228 12.32495
v -9.949854 -22.26648 12.7702
v -8.075833 -24.34333 13.1491
v -11.01132 -37.5297 13.05584
v -11.95396 -37.1893 12.75909
v -12.88591 -36.28309 12.46665
v -13.60918 -35.52766 12.21828
v -18.59135 -55.54366 5.444778
v -0.354107 -32.28413 12.30358
v -0.102338 -34.13578 10.45821
v 3.407439 -103.9194 1.688369
v -2.25152 -14.24956 16.56499
v -2.3007 -13.25404 16.42915
v -17.91994 -49.00534 6.900692
v -17.66861 -48.05469 7.303952
v -8.041729 -8.018151 12.99597
v -16.27882 -93.72516 3.992805
v -7.603038 -53.13773 11.15461
v -8.547308 -53.20437 11.41815
v -8.875263 -66.84806 9.911875
v -16.99451 -67.21682 6.844734
v -7.119367 -37.02851 13.1428
v -6.901973 -35.99641 13.10753
v -15.85213 -57.85266 8.808884
v -13.97634 -71.02614 8.872001
v -13.03496 -70.80775 9.325658
v -12.80459 -69.80803 9.516943
v -10.97713 -90.90216 7.323698
v -9.768634 -101.6429 5.887042
v -9.463126 -74.92899 9.053648
v -14.80101 -27.14948 10.19956
v -15.19629 -26.37234 9.811168
v -11.94413 -25.92212 11.48118
v -11.28301 -25.07238 11.62358
v -17.16633 -68.14077 6.548414
v -0.140659 -42.83989 4.051347
v -16.75653 -98.74752 1.973552
v -0.868457 -20.27271 16.69239
v -10.75639 -104.4306 5.573678
v -18.0201 -77.77788 3.785629
v -18.62696 -50.60414 5.696254
v -15.7522 -103.8525 2.500422
v -0.511851 -47.89217 3.456353
v -17.69227 -85.1818 3.176657
v -0.252055 -61.76726 2.430032
v -0.089828 -64.27696 2.298291
v -0.845251 -7.554565 15.73989
v -1.294697 -6.749189 15.63291
v 2.603267 -90.47001 1.45594
v 0.340211 -69.28417 2.051762
v -0.461207 -56.72984 2.674637
v -2.579492 -104.2746 2.847523
v -0.308446 -37.80227 4.025194
v -0.110131 -37.04931 5.002942
v 3.940309 -100.391 1.234164
v -12.10915 -8.323123 9.278843
v 0.353244 -38.08926 5.502724
v 0.299251 -38.97306 5.75981
v -1.237066 -33.64753 12.26141
v -0.924079 -34.4293 11.71919
v -3.158191 -20.08345 16.38392
v -0.037551 -37.8491 7.406069
v -0.360445 -37.32626 8.201321
v -17.47322 -55.77358 7.243055
v -16.7355 -56.03975 8.069451
v -1.325698 -60.19412 3.326139
v -1.955403 -62.02636 3.63988
v -2.592438 -62.6638 4.148226
v -2.638998 -61.6304 4.324249
v -1.231386 -62.72898 3.191243
v -1.001643 -66.09435 2.921156
v -16.99668 -86.90496 4.132172
v 1.715758 -92.35232 2.079477
v -9.055181 -103.2108 5.453525
v -17.52715 -76.14372 5.017478
v -1.118511 -48.32972 5.253925
v -0.999571 -102.9075 2.520714
v -2.758986 -102.2639 2.892367
v -2.164207 -8.294295 15.74701
v -2.20487 -9.204902 15.82441
v -2.826718 -10.08443 15.83284
v -0.203195 -42.81647 6.058538
v 0.141124 -41.39584 5.934237
v 0.024985 -41.04627 6.638985
v -11.42249 -8.506038 10.03434
v -10.30091 -8.0688 10.95814
v -3.534171 -7.845483 15.40484
v -4.395663 -8.479625 15.26093
v -0.071792 -76.54256 2.507173
v -0.987139 -76.38579 2.83574
v -2.037487 -75.98096 3.059799
v -0.384767 -78.42331 2.659505
v -1.325116 -77.66814 2.855946
v 0.440335 -81.4506 2.328242
v -11.61666 -103.1206 5.735543
v -10.80481 -102.4568 5.864174
v -17.19108 -71.88446 6.139996
v -17.13879 -84.37899 4.383392
v -17.1302 -83.43201 4.554841
v -17.35302 -79.53258 4.807346
v -0.391552 -72.79575 2.644643
v -1.346945 -72.49597 2.952454
v -2.413273 -72.29418 3.300862
v -1.435108 -71.41421 2.975478
v -1.471211 -74.03695 2.970408
v -2.311849 -74.13364 3.211606
v -2.92745 -73.35158 3.515144
v -3.820174 -73.71172 4.216661
v -2.498456 -74.9955 3.260234
v -3.30862 -75.31157 3.617599
v -3.996535 -75.6155 4.212399
v -4.649879 -75.58692 4.952034
v -4.878834 -74.68993 5.36496
v -4.161984 -72.86678 4.695345
v -1.077545 -49.7926 4.431458
v -17.87213 -44.96669 7.010907
v -17.81265 -44.00584 7.051554
v 1.334597 -88.85628 2.154533
v 1.445528 -89.76961 2.131542
v -3.416675 -103.0911 3.0738
v -4.31319 -103.1264 3.3467
v -16.34869 -90.03857 4.539433
v -15.76724 -89.17866 5.233126
v -16.12132 -88.24165 5.002789
v -6.259112 -102.2762 4.263222
v -7.803541 -101.9647 5.034986
v -7.079002 -101.3457 4.627592
v -7.249667 -100.1934 4.665006
v -6.341162 -100.3067 4.210813
v -7.425114 -99.2054 4.85896
v -8.118053 -100.0266 5.168726
v -15.63294 -91.2794 5.032111
v -14.91272 -90.8344 5.738627
v -15.7602 -92.2027 4.752418
v -0.32444 -44.80754 5.022126
v -8.042345 -97.90627 5.499235
v -9.981417 -97.32491 6.448357
v -10.89374 -97.73192 6.529709
v -7.80331 -96.57181 5.56634
v -8.710371 -95.97034 6.153241
v -9.652834 -95.74829 6.535351
v -4.525872 -101.8431 3.416676
v -5.317567 -101.4807 3.76996
v -3.77176 -101.4218 3.125483
v -3.842186 -100.4756 3.158121
v -2.05057 -101.296 2.748843
v -6.156187 -75.44848 6.913402
v -7.02492 -76.04344 7.581005
v -6.999563 -77.10152 7.417039
v -6.076421 -74.24012 7.003432
v -5.380438 -73.63764 6.279349
v -6.800385 -73.64487 7.733162
v -7.645623 -74.15281 8.249964
v -8.43369 -73.60442 8.808566
v -8.84417 -72.64219 9.140456
v -9.543971 -72.00106 9.422018
v -16.44505 -52.85673 8.596793
v -16.71308 -51.71748 8.365732
v -16.32339 -51.07663 8.822531
v -17.52589 -50.53835 7.379839
v -16.29738 -54.7473 8.612737
v -16.85172 -49.94122 8.261037
v -17.08128 -28.89137 8.406696
v -16.69508 -29.77504 9.028878
v -16.45754 -27.07189 8.855289
v 1.293619 -95.53515 2.314897
v 0.359051 -94.75907 2.417973
v 0.554626 -93.79902 2.398313
v 0.71765 -96.76826 2.374644
v -0.849029 -67.66672 2.810727
v -1.957591 -70.4772 3.16826
v -3.474462 -71.44232 4.087585
v -17.59693 -31.97732 7.938982
v -16.86271 -31.34937 9.062387
v -16.18682 -31.59567 9.94424
v -16.67536 -32.83072 9.457702
v -15.72936 -98.61545 3.69639
v -15.26381 -99.72882 3.965158
v -14.33786 -99.22555 4.925538
v -13.2184 -99.53764 5.646894
v -14.94411 -98.02551 4.601582
v -13.92444 -97.70083 5.471488
v -13.97298 -96.62987 5.602096
v -14.69331 -96.10156 5.126791
v -1.758773 -51.68226 5.096482
v -1.60184 -50.10881 5.607412
v -1.887416 -51.02129 5.791626
v -12.65538 -91.53805 6.977479
v -15.19614 -97.03456 4.502785
v -16.13379 -96.1387 3.711676
v -2.221214 -52.8981 5.50423
v -2.763126 -54.76595 5.931995
v -2.299037 -54.82226 5.030587
v -2.808124 -53.87057 6.384664
v 0.059912 -86.82278 2.55107
v -1.372402 -55.04557 3.78029
v -2.267379 -56.00069 4.738741
v -1.328355 -58.54337 3.434392
v 2.614721 -98.80061 1.944088
v 0.631011 -102.6928 2.247199
v -17.76118 -38.89232 7.29518
v -17.17012 -38.16662 8.527885
v -16.97512 -39.6507 8.611046
v -16.083 -38.55132 9.879933
v -16.25324 -41.34313 9.315063
v -16.84043 -41.35876 8.510809
v -14.82802 -41.35948 10.7091
v -16.268 -23.19776 8.25897
v 3.027999 -102.3451 1.87571
v -3.984646 -70.17391 4.808551
v -4.768799 -69.08514 6.198207
v -5.92046 -69.9505 7.447677
v -4.552047 -70.50956 5.622772
v -5.694266 -71.90166 6.908824
v -5.262323 -72.61962 6.320261
v -4.742718 -71.90547 5.635978
v -14.55786 -94.89001 5.426286
v -13.67604 -20.41662 10.53935
v -14.05957 -19.52958 10.13617
v -14.53538 -21.2746 9.865784
v 0.067897 -88.82027 2.522911
v -0.363583 -87.93902 2.606833
v -0.336496 -89.67114 2.572787
v -1.678647 -88.87418 2.728587
v -1.231103 -89.65129 2.659696
v -1.681054 -90.54374 2.694179
v -2.726662 -88.8849 2.921561
v -3.195665 -89.91167 3.034747
v -3.202012 -87.89857 3.091728
v -4.324059 -89.89632 3.533506
v -4.656299 -88.77075 3.755665
v -2.388273 -22.25219 16.02242
v -15.43036 -20.15627 8.937088
v -14.35286 -17.14401 9.453042
v -13.89195 -18.27115 10.10166
v -15.31065 -51.86897 9.723605
v -14.54491 -52.42594 10.29761
v -14.46295 -50.31794 10.50312
v -14.74178 -102.8009 3.963545
v -13.48545 -48.90601 11.22608
v -13.45958 -47.84195 11.31593
v -2.39546 -100.2955 2.797354
v -3.438651 -98.93671 3.038236
v -3.130061 -97.15756 2.937408
v -11.17026 -56.4329 11.25225
v -10.02346 -56.78438 11.2356
v -9.630886 -57.64439 11.12017
v -3.185679 -58.08348 5.660416
v -3.708706 -57.56249 6.387152
v -4.271225 -59.08102 6.780315
v -4.197221 -58.07435 6.933629
v -4.622899 -57.6492 7.880611
v -4.981781 -59.47665 7.752012
v -5.783625 -57.43153 9.467317
v -3.379063 -59.02108 5.787714
v -16.26153 -44.62854 9.091425
v -16.3287 -43.04989 9.113203
v -16.01164 -43.88186 9.442532
v -15.30886 -42.30247 10.19445
v -15.3802 -43.85535 10.09665
v -15.04016 -44.62667 10.39931
v -14.30891 -43.16493 11.05481
v -14.06549 -43.99648 11.21589
v -13.88256 -42.49868 11.43475
v -14.15352 -41.61469 11.30001
v -13.15047 -42.65988 11.94337
v -12.40693 -42.12872 12.23172
v -12.58442 -41.13917 12.28567
v -13.706 -40.81101 11.84538
v -11.09259 -40.79528 12.78748
v -2.066672 -32.96418 12.81767
v -2.854082 -32.65143 13.10031
v -3.777153 -33.11715 13.1421
v -3.934871 -34.10122 12.69108
v -4.943989 -34.63802 12.6001
v -5.688937 -34.18995 13.14195
v -5.727931 -33.14801 13.35246
v -2.629073 -34.254 12.43068
v -17.71668 -69.68276 5.707122
v -15.2183 -32.23648 10.77567
v -14.26227 -31.53449 11.37804
v -15.56048 -37.7939 10.40737
v -14.73608 -36.38701 11.24046
v -14.40801 -35.52749 11.57981
v -14.3529 -37.26362 11.55527
v -14.80902 -38.01859 11.10103
v -14.57328 -38.96586 11.27968
v -15.04609 -39.70399 10.7167
v -5.241354 -90.67819 4.037285
v -5.287364 -91.78932 4.011694
v -5.272377 -93.85284 3.926926
v -5.097973 -94.79845 3.809255
v -5.685019 -95.47751 4.186619
v -6.421683 -95.21726 4.717773
v -6.615437 -94.25882 4.888509
v -6.984558 -95.8856 5.122849
v -5.492179 -96.39272 4.04896
v -3.725057 -93.6769 3.157334
v -4.569089 -93.25116 3.561645
v -3.648145 -91.75536 3.17352
v -4.038999 -60.45205 6.400952
v -3.267611 -61.75199 5.269011
v -7.035936 -56.8752 10.40957
v -6.581506 -57.65744 10.03024
v -7.991752 -57.00772 10.80865
v -7.761047 -58.55853 10.55017
v -6.960549 -58.46124 10.15488
v -3.828638 -18.16484 16.49979
v -4.114593 -17.10444 16.42362
v -2.857418 -81.20487 3.159796
v -3.867174 -81.75424 3.619979
v -4.626964 -81.08086 4.22015
v -3.801095 -82.69645 3.536239
v -3.821433 -69.14337 4.743449
v -4.248279 -67.54629 5.625653
v -3.731274 -67.09529 4.921174
v -12.97556 -50.66544 11.33357
v -11.97843 -49.23413 11.75184
v -12.82694 -49.52242 11.48356
v -11.24147 -49.90778 11.81352
v -11.74654 -48.31578 11.86468
v -10.8583 -48.08457 12.01001
v -12.3957 -47.65936 11.77619
v -8.900562 -47.22508 12.15294
v -12.12651 -46.7487 11.90393
v -12.96599 -45.82966 11.70517
v -7.015069 -47.12413 11.63668
v -6.302068 -46.33917 11.61395
v -8.171635 -45.63721 12.19326
v -8.105869 -46.62713 12.02936
v -9.811775 -45.69749 12.29173
v -10.85614 -45.31051 12.24516
v -9.033435 -45.16571 12.46893
v -7.576094 -44.00672 12.41358
v -8.443693 -43.60365 12.61473
v -7.344599 -45.07967 12.12935
v -5.635056 -44.4061 11.81955
v -4.78467 -44.60245 11.27971
v -6.862907 -43.49527 12.36569
v -9.280087 -32.00121 13.14902
v -9.476351 -33.05056 13.20705
v -10.48417 -33.69439 13.13458
v -5.639318 -18.28032 15.87504
v -4.058261 -79.70998 3.846758
v -5.371293 -81.94431 4.957875
v -6.042827 -83.78378 5.438546
v -6.213389 -84.95305 5.463252
v -5.630416 -85.37342 4.797003
v -4.263608 -13.58034 16.01264
v -5.414203 -13.60426 15.62335
v -5.89519 -12.61266 15.26207
v -5.860121 -11.57051 15.10998
v -0.597355 -46.13262 4.863409
v -1.439581 -47.15701 6.777577
v -2.404038 -47.06753 8.373266
v -3.564495 -48.25332 9.251437
v -2.425112 -44.84636 9.265072
v -3.681047 -44.89826 10.42189
v -3.743446 -45.75116 10.1698
v -4.259664 -46.57364 10.27662
v -5.029027 -45.87844 11.05798
v -0.74295 -40.57376 8.422151
v -0.870632 -39.09848 9.010696
v -3.598455 -41.80308 11.18468
v -3.59055 -40.81636 11.39644
v -2.721278 -40.64598 10.75711
v -4.994583 -47.86489 10.53804
v -10.65893 -69.42497 9.899868
v -11.02582 -70.54247 9.773679
v -11.55993 -72.05479 9.565454
v -8.84656 -35.13105 13.24101
v -8.525673 -36.11679 13.235
v -9.838627 -34.91372 13.24867
v -10.28661 -36.77968 13.32283
v -9.206509 -37.11726 13.27709
v -10.55823 -35.78818 13.23699
v -11.59643 -35.47208 12.87875
v -7.497304 -60.1155 10.23712
v -8.133682 -59.4071 10.61314
v -8.889442 -49.54456 11.90135
v -8.826899 -51.39513 11.69277
v -9.743146 -50.89979 11.79954
v -8.19959 -50.2987 11.69481
v -9.210425 -52.46446 11.61805
v -10.14275 -52.60798 11.63272
v -7.629945 -51.77258 11.34078
v -6.422989 -52.83772 10.64296
v -9.945027 -30.17857 12.67139
v -9.213956 -28.19374 12.69043
v -8.407437 -28.76971 12.89589
v -10.38099 -66.12846 10.26396
v -12.96413 -65.28336 9.960632
v -12.84407 -66.14325 9.906165
v -14.2277 -66.36283 9.244664
v -14.76598 -67.21159 8.828602
v -13.5625 -69.09243 9.297741
v -13.73527 -68.09535 9.323688
v -12.27945 -67.89849 9.877509
v -4.497986 -66.03355 6.332137
v -3.485941 -63.66019 5.208797
v -3.385378 -65.17156 4.795643
v -7.258491 -66.40209 9.114719
v -5.991524 -68.57282 7.723821
v -9.522162 -69.50287 9.74307
v -7.84423 -72.02852 8.682365
v -6.734663 -70.34669 8.079535
v -7.685512 -70.28864 8.843417
v -15.04999 -68.65747 8.476244
v -14.62454 -69.52927 8.66991
v -16.05919 -67.68779 7.74124
v -15.85061 -68.57956 7.836997
v -15.76283 -66.11953 8.168504
v -15.31036 -65.15465 8.636429
v -16.7265 -64.64581 7.410476
v -15.93361 -64.37755 8.191325
v -16.41925 -65.97384 7.571451
v -11.93929 -51.09249 11.62417
v -11.44708 -53.84827 11.45729
v -16.60755 -62.76073 7.690696
v -17.07742 -61.89613 7.25209
v -1.95643 -29.57322 14.00927
v -2.019748 -28.56631 14.18645
v -12.53525 -97.65942 6.224885
v -14.8878 -48.74767 10.28842
v -14.24565 -49.28015 10.72012
v -16.19273 -48.21813 9.113815
v -15.73269 -49.01585 9.547212
v -10.81002 -58.41981 11.07935
v -10.50103 -59.37873 10.98082
v -11.63375 -59.85572 10.85808
v -10.29763 -61.1239 10.794
v -7.732079 -11.84375 14.08023
v -1.251281 -37.58717 9.951722
v -6.793506 -34.88938 13.14215
v -6.989514 -42.25072 12.59541
v -13.4681 -62.52118 10.02481
v -15.94262 -61.20531 8.470881
v -15.41587 -60.67798 8.96594
v -17.79783 -60.3912 6.591433
v -10.28202 -100.6841 6.12775
v -14.79786 -47.55311 10.44525
v -14.24161 -45.71141 10.96191
v -12.36211 -13.19839 10.4268
v -10.45222 -13.07533 12.44702
v -12.53337 -14.80317 10.62395
v -2.38184 -27.3945 14.40207
v -2.038697 -26.1276 14.89392
v -4.102475 -27.85757 13.95948
v -17.60493 -65.9082 6.271565
v -3.072157 -56.30163 5.916164
v -2.686365 -56.68881 5.213686
v -11.99497 -44.9036 12.05399
v -10.44413 -43.9819 12.49018
v -11.16625 -43.29543 12.42196
v -8.399164 -20.80626 13.96648
v -9.346563 -21.21654 13.32208
v -8.517475 -22.84207 13.37765
v -13.22803 -72.87735 9.029661
v -13.03574 -73.93238 8.980274
v -11.96092 -24.37802 11.38034
v -11.84338 -23.3474 11.533
v -12.80358 -21.19222 11.17471
v -11.85038 -22.19687 11.68626
v -11.73438 -20.45201 11.9427
v -11.1074 -21.73815 12.20707
v -10.17615 -20.39483 12.97551
v -8.027926 -39.70271 13.06543
v -9.587379 -38.68229 13.27455
v -11.45585 -61.13234 10.75779
v -16.52614 -73.629 6.650795
v -17.09741 -73.87007 5.98741
v -15.98303 -74.3154 7.08754
v -16.6549 -69.13493 7.011631
v -16.94921 -70.12688 6.594121
v -6.087491 -92.34689 4.579655
v -7.267587 -93.03416 5.511018
v -7.983979 -92.66422 6.084049
v -8.634629 -93.33096 6.489001
v -8.205471 -94.62955 6.07202
v -14.55792 -57.96735 9.826534
v -13.87176 -90.43439 6.569156
v -12.79528 -89.53028 7.191487
v -12.63639 -88.54166 7.381043
v -2.216883 -60.01786 4.045063
v -14.74147 -53.79556 10.04711
v -15.47053 -53.89428 9.448012
v -11.86874 -52.13114 11.53893
v -11.47696 -88.55405 7.566847
v -11.5947 -83.48085 8.202477
v -7.764673 -81.87376 7.347551
v -8.171288 -81.0466 7.731393
v -9.232848 -81.35192 8.145507
v -9.871195 -80.56338 8.448113
v -9.441605 -87.6153 7.493013
v -8.42972 -88.02554 7.027055
v -7.212737 -90.21801 5.750789
v -9.709337 -92.39752 6.995736
v -9.711607 -94.19222 6.750875
v -4.864416 -86.79486 3.994922
v -16.53839 -79.87094 5.873461
v -16.15459 -79.1648 6.339185
v -4.871489 -24.49167 14.48159
v -3.98743 -23.30265 15.25536
v -5.576931 -23.31792 14.59275
v -5.529129 -22.32692 14.95019
v -6.722563 -23.61782 13.9941
v -6.81382 -21.08646 14.76827
v -7.191356 -22.77033 14.04137
v -1.978232 -87.0625 2.792832
v -3.400115 -85.92065 3.239542
v -2.037643 -84.07326 2.84953
v -2.230657 -83.03282 2.920914
v -1.991411 -91.84291 2.72406
v -0.815464 -93.13913 2.581841
v -10.16816 -76.74562 8.969858
v -8.558108 -75.94573 8.542683
v -11.9468 -73.75616 9.290203
v -11.34475 -74.63123 9.276067
v -10.32466 -72.99957 9.465451
v -17.90143 -58.48975 6.590209
v -16.7454 -60.14985 7.742332
v -2.86307 -76.88796 3.350053
v -6.069049 -79.5555 6.19861
v -6.000492 -81.82221 5.721768
v -6.757627 -83.07458 6.396359
v -15.77553 -36.77903 10.25311
v -15.52244 -34.78599 10.53497
v -14.8246 -34.77474 11.16421
v -15.87777 -33.61468 10.20113
v -7.254694 -29.37627 13.21199
v -7.509802 -30.18206 13.29419
v -8.389219 -30.524 13.13505
v -9.003536 -30.00265 12.87007
v -8.591028 -31.38191 13.20661
v -6.086471 -28.30712 13.47742
v -8.443109 -33.40189 13.29804
v -5.319664 -49.8262 10.31923
v -3.652363 -50.19587 8.929913
v -16.58691 -46.33816 8.740586
v -13.27848 -34.65752 12.27995
v -6.745643 -55.93036 10.36297
v -13.20486 -95.4549 6.210785
v -11.41712 -96.46842 6.650708
v -11.37917 -94.71689 6.863988
v -4.996788 -9.983113 15.22974
v 0.08777 -101.5296 2.320215
v -0.61862 -98.81665 2.531776
v -15.69998 -62.29677 8.592966
v -4.772698 -84.32542 4.087776
v -13.46361 -101.5599 5.223856
v -12.3333 -39.66832 12.50694
v -16.08865 -24.68646 8.73911
v -12.97739 -16.80998 10.67246
v -10.25033 -14.39811 12.63245
v -7.482969 -17.42858 14.95626
v -12.59866 -19.30488 11.31695
v -14.24208 -88.99979 6.525681
v -6.686162 -9.484968 14.325
v -7.42099 -79.06599 7.482887
v -3.886424 -39.53157 11.76878
v -4.879843 -11.71257 15.57178
v -3.972921 -12.35085 15.92848
v -15.9525 -28.09146 9.637697
v -0.905996 -82.61811 2.658834
v -1.811228 -79.47651 2.908491
v -0.003403 -39.05168 8.10377
v 0.092151 -40.13101 6.706037
v -15.98917 -101.9978 2.550402
v -10.49457 -29.35124 12.40677
v -10.84519 -28.21754 12.18549
v -9.32274 -25.53169 12.50081
v -6.263659 -24.76822 13.82792
v -6.78674 -27.61032 13.3753
v -11.72474 -38.06882 12.80074
v -7.245755 -8.057512 13.63894
v -15.88763 -94.4689 4.265797
v -7.454421 -54.0137 10.98966
v -8.705887 -54.10748 11.34543
v -10.14256 -74.25343 9.28663
v -3.390705 -9.358062 15.60941
v -3.665601 -10.54401 15.69878
v -12.5085 -103.0272 5.520188
v -16.88707 -82.55357 5.091535
v -4.487756 -73.83224 4.976288
v -8.925355 -99.90338 5.62771
v -9.428888 -96.60984 6.352342
v -5.730404 -76.0341 6.321509
v -7.526537 -75.37103 8.045265
v -4.006915 -71.96541 4.621304
v -2.540081 -90.47089 2.862586
v -3.931048 -87.29057 3.420528
v -7.369145 -94.38063 5.485841
v -5.07092 -80.55992 4.798425
v -5.806325 -47.03867 11.28302
v -11.14002 -33.09965 12.88761
v -6.536064 -13.14021 15.03964
v -1.671426 -48.03679 6.829845
v -10.62736 -68.50894 10.00057
v -17.46479 -74.49775 5.45088
v -5.981419 -55.69503 9.908089
v -11.96466 -40.53894 12.54395
v -10.07559 -28.5467 12.45409
v 5.238094 -104.4566 -0.504133
v 5.000183 -104.2951 -1.70923
v 3.904972 -104.3369 -2.290135
v 2.781006 -104.3798 -2.813569
v 1.699572 -104.3996 -3.421329
v 0.623656 -104.4157 -4.03872
v -0.427755 -104.4249 -4.697103
v -1.467069 -104.4299 -5.375105
v -2.495051 -104.4324 -6.069786
v -3.510569 -104.4315 -6.7829
v -4.531553 -104.4289 -7.48778
v -5.557789 -104.4253 -8.184454
v -6.673892 -104.4223 -8.724942
v -7.865156 -104.4188 -9.06895
v -9.087101 -104.4142 -9.280216
v -10.3192 -104.4086 -9.42209
v -11.55935 -104.4037 -9.42346
v -12.76538 -104.4026 -9.134686
v -13.9103 -104.4032 -8.658083
v -14.99995 -104.405 -8.065881
v -15.98207 -104.4084 -7.308566
v -16.77369 -104.4136 -6.353896
v -17.35585 -104.4182 -5.259047
v -17.56668 -104.413 -4.037184
v -17.5099 -104.3895 -2.79855
v -17.50732 -104.3668 -1.558537
v -17.0575 -104.3078 -0.404124
v -13.87678 -6.319446 6.00114
v -14.31591 -5.900045 4.642733
v -14.55937 -5.555458 3.222522
v -14.59485 -5.311848 1.839984
v -14.4842 -5.129739 0.484025
v -14.13625 -5.016413 -0.838551
v -13.6891 -4.947051 -2.105489
v -13.00829 -4.924906 -3.257857
v -12.29318 -4.940718 -4.368137
v -11.36332 -4.983214 -5.295732
v -10.37134 -5.056836 -6.12794
v -9.321936 -5.155845 -6.868054
v -8.173683 -5.243083 -7.407591
v -6.978832 -5.307701 -7.803796
v -5.753629 -5.329847 -8.067192
v -4.519028 -5.321661 -8.253942
v -3.310189 -5.302664 -8.566336
v -2.121101 -5.251799 -8.184623
v -1.217382 -5.321885 -7.324332
v -0.105609 -5.270339 -6.760033
v -0.098762 -6.430151 -7.172802
v -0.078922 -7.589627 -7.591494
v -0.06066 -8.757682 -7.983701
v -0.062585 -9.923378 -8.377982
v -0.053082 -11.14574 -8.519875
v -0.032336 -12.38111 -8.639845
v -0.004334 -13.61043 -8.851388
v 0.021064 -14.83312 -9.167352
v 0.041534 -16.0457 -9.563069
v 0.059329 -17.23616 -10.02254
v 0.073154 -18.45347 -10.45063
v 0.082732 -19.68527 -10.86013
v 0.090447 -20.95766 -11.19137
v 0.096637 -22.24225 -11.47953
v 0.101553 -23.55213 -11.7001
v 0.105868 -24.89612 -11.82085
v 0.108778 -26.24267 -11.82042
v 0.114809 -27.6024 -11.66266
v 0.113908 -28.94567 -11.30782
v 0.110665 -30.22871 -10.76385
v 0.107094 -31.48485 -10.02208
v 0.109719 -32.43616 -8.891752
v 0.120878 -33.15469 -7.542788
v 0.094996 -33.73091 -6.103285
v 0.082381 -34.33224 -4.67882
v 0.064329 -34.92231 -3.273389
v 0.053318 -35.49701 -1.8847
v 0.087544 -36.22517 -0.661629
v -0.175416 -36.52034 0.762197
v -0.173475 -36.64178 2.182306
v -1.417728 -95.93847 -4.564375
v -10.0238 -81.4525 -9.388351
v -11.34269 -63.24313 -9.151093
v -10.32025 -43.43319 -8.945201
v -14.54604 -24.63726 -7.884563
v -8.327953 -13.12903 -7.683152
v -14.40892 -92.6392 -8.232865
v -15.84476 -12.52564 -0.916349
v -2.539727 -87.16915 -4.914546
v -17.33847 -84.39229 -5.784641
v -16.54719 -73.14977 -6.49891
v -5.009581 -72.07349 -6.884539
v -3.954073 -63.00189 -5.300216
v -18.59976 -63.5192 -4.392004
v -4.124337 -38.60455 -6.880604
v -3.54256 -47.13479 -4.947862
v -17.45007 -51.1253 -5.665833
v -18.17975 -40.2225 -4.376932
v -8.394696 -29.15392 -11.65629
v -18.83655 -30.60156 -2.797347
v -17.73601 -98.18533 -4.730039
v -5.084983 -98.81071 -7.761659
v -18.40713 -23.55502 -1.305388
v -8.227381 -21.22199 -10.93724
v -18.22772 -92.06741 -3.880619
v -12.15117 -98.27592 -9.258184
v -17.73707 -16.86529 0.871422
v -2.313336 -79.51508 -4.264538
v -18.89941 -79.76783 -2.686477
v -19.24785 -72.39305 -1.888262
v -1.215277 -73.0678 -2.936787
v -3.225895 -55.20747 -4.607035
v -19.57249 -58.82158 -1.143522
v -1.079544 -41.88596 -2.571794
v -19.64339 -51.44201 -0.581058
v -19.61421 -44.06175 -0.293938
v -19.44333 -36.71247 0.031602
v -4.442994 -33.39496 -10.50393
v 1.95446 -99.39743 -2.719361
v -4.840445 -10.10712 -7.863891
v 1.148525 -91.84084 -2.919774
v -4.804129 -16.27887 -9.472942
v -12.27336 -10.14633 -4.506021
v 0.610333 -84.30492 -2.725196
v -18.59086 -87.25016 -2.276163
v -1.154391 -65.44508 -2.294293
v -1.412207 -60.36464 -2.192304
v -19.45097 -66.28957 -0.628822
v -1.34807 -50.07379 -1.930839
v -5.02308 -25.66744 -12.16399
v -19.48147 -28.25593 1.239238
v -15.24298 -9.820899 3.209555
v -1.607215 -36.14319 -6.239058
v -2.146889 -100.4344 -5.492845
v -8.452377 -100.4098 -9.220377
v -18.537 -21.25275 2.310441
v -4.183937 -20.13819 -11.02504
v -15.49543 -100.2451 -7.673123
v 0.647246 -77.97839 -2.138068
v -19.13877 -76.21774 -0.609364
v 0.086176 -38.79847 -1.505993
v -19.60944 -47.84995 1.282873
v -19.61342 -55.24245 0.849605
v -19.54068 -40.47105 1.623935
v -19.84887 -33.12876 1.813053
v -9.706456 -8.915495 -6.824982
v -14.52804 -8.807086 -1.109992
v -0.880694 -46.19383 -0.992408
v -1.028273 -53.98125 -1.347299
v -16.14391 -12.92433 3.314984
v -17.74608 -100.9187 -2.237583
v -18.11424 -95.98061 -1.886292
v -3.461959 -30.0365 -11.72779
v 2.454054 -95.47585 -2.14513
v 1.773024 -87.97835 -2.241428
v -18.77711 -83.63388 -1.012912
v -0.134909 -69.18729 -1.86793
v -19.51279 -62.65831 0.588951
v -18.88106 -24.74844 2.445181
v -19.34303 -70.10086 0.546798
v -18.32004 -92.34067 -0.908576
v -12.16245 -101.3707 -9.293233
v -17.10411 -15.82616 4.047703
v -1.742275 -33.83467 -9.13251
v -3.080337 -12.8591 -8.279791
v 1.718881 -81.66888 -1.61456
v -0.059176 -62.86426 -1.017411
v -0.363345 -57.81207 -0.801681
v 4.151661 -101.5665 -1.591217
v -5.044737 -101.6528 -7.827845
v -18.99644 -80.01274 0.217773
v 0.973863 -72.90424 -1.189071
v -19.61774 -59.0221 1.762734
v -0.073443 -42.43886 0.216002
v -19.63799 -51.62099 2.27557
v -19.5245 -44.22401 2.612924
v -19.4125 -36.85115 2.928561
v -0.068588 -101.7123 -4.137005
v -3.047068 -22.86039 -11.70577
v -17.13633 -101.6464 -5.832153
v -19.17405 -73.84838 0.842209
v -11.77427 -7.597535 -5.011618
v -7.396849 -7.959035 -7.321031
v -2.53705 -7.859541 -8.3875
v 3.840601 -97.82414 -1.56251
v 3.249844 -92.86589 -1.524717
v -14.99426 -7.831732 1.739938
v -17.92876 -19.0407 3.955964
v -19.58386 -30.7481 3.167654
v -15.16189 -10.9247 4.911613
v -17.9153 -98.53732 -1.105456
v -2.508253 -15.30705 -9.256717
v -2.568523 -17.74126 -10.18473
v 2.443512 -85.38551 -1.284503
v -18.64058 -86.21245 0.0685
v 0.537333 -66.63116 -0.762239
v -19.45575 -65.22089 1.701258
v -0.517273 -48.91246 0.214139
v -2.586789 -27.01346 -12.0314
v -19.09422 -27.15549 3.55213
v -18.39652 -89.91589 -0.212662
v 2.018177 -102.0106 -2.793624
v 1.388354 -75.3978 -1.017379
v -13.37579 -7.277613 -2.983334
v 3.094663 -90.36076 -1.331148
v -0.420805 -51.47172 0.047429
v -5.010232 -7.67892 -7.927415
v -2.431679 -10.39423 -8.341906
v 0.081454 -60.34428 -0.312467
v -0.41466 -36.16988 -4.569018
v -19.38752 -67.69859 1.615251
v -14.63638 -8.521013 5.231653
v -14.45319 -102.1845 -8.350905
v 0.129358 -37.96596 0.159059
v -3.059795 -102.2876 -6.343583
v -7.250381 -102.2736 -8.940766
v -9.693876 -102.2643 -9.347283
v -18.35127 -22.46729 4.163699
v 1.9073 -79.13924 -0.788758
v -19.00833 -77.59792 1.12769
v -19.51008 -49.19356 3.066286
v -19.55312 -46.72898 3.199357
v -19.58795 -54.13338 2.778155
v -19.57279 -56.59925 2.625482
v -19.2807 -39.3456 3.52346
v -19.40069 -41.80226 3.425661
v -19.45057 -34.44722 3.68033
v -0.273396 -45.09457 0.84942
v -0.160904 -55.30057 0.170657
v -16.01798 -13.84277 5.128429
v -0.136954 -39.90684 1.017152
v -1.663079 -31.15845 -10.96061
v -18.77149 -82.54391 0.817876
v 1.024656 -70.39195 -0.501256
v -19.50691 -61.54782 2.404733
v -9.826536 -7.011105 -6.508584
v -14.4521 -6.907382 -0.550832
v -18.0496 -94.88716 -0.157556
v -1.995873 -20.27317 -11.0544
v -17.55097 -102.4555 -0.974362
v -17.72811 -102.5103 -3.446873
v 4.020817 -95.29069 -0.925026
v 3.015783 -87.85402 -0.760398
v -19.19945 -71.44612 1.916604
v -0.860826 -34.16431 -7.318201
v -18.66119 -24.8171 4.389899
v 0.590722 -64.12936 0.10356
v -16.99727 -16.91941 5.258574
v 2.467664 -82.8726 -0.492116
v -1.732152 -24.22726 -11.87086
v 5.135652 -102.7017 -0.820712
v 4.777399 -100.2261 -0.751663
v -11.41841 -35.84649 -9.305662
v -1.009458 -102.8578 -4.951173
v -16.40102 -102.8168 -6.841846
v -18.98308 -75.16922 1.874622
v -19.29287 -32.03912 4.277579
v -19.11493 -29.60808 4.323684
v -1.38991 -6.753549 -8.128645
v -14.81014 -7.056063 3.414025
v -17.8373 -20.21224 5.0219
v -1.483995 -28.3356 -11.70358
v -0.379639 -36.26232 -2.834044
v -1.501386 -12.96311 -8.641812
v -17.57317 -99.84928 -0.195546
v -17.74474 -97.38331 0.035053
v -1.510568 -16.60125 -9.754644
v 0.966216 -67.89395 0.155566
v -0.378842 -47.71042 1.304922
v -0.299765 -50.25779 1.113247
v -12.16737 -102.9505 -9.304967
v -15.04597 -11.983 5.982091
v -15.26455 -10.09817 6.332683
v -18.34603 -87.51991 0.950061
v -18.44201 -85.04737 1.147454
v -19.28728 -64.0525 2.780582
v -18.15463 -91.22694 0.65196
v 3.152249 -102.9573 -2.25524
v 1.039199 -102.9784 -3.554059
v 1.567152 -74.1459 -0.039411
v 1.825474 -76.64086 -0.114703
v -12.65346 -6.345114 -3.889112
v 3.598389 -91.57182 -0.432983
v -0.162724 -52.79499 0.936323
v -1.467415 -9.22157 -8.469378
v 0.203148 -57.84629 0.666903
v -3.848261 -6.736143 -8.258673
v -6.302488 -6.734457 -7.738614
v 0.473915 -61.62234 0.490747
v -19.22365 -66.52812 2.643143
v -19.16091 -69.00093 2.463385
v -0.115587 -41.33664 1.781056
v -0.840308 -32.26962 -9.960486
v -14.95181 -17.86169 -6.093421
v -18.6817 -80.11924 1.674732
v -19.33124 -59.12014 3.223741
v -19.26008 -44.31205 4.079346
v -19.11321 -36.94442 4.397138
v -0.012136 -43.91738 1.725673
v -5.671292 -92.15779 -8.06665
v -5.04001 -103.1093 -7.839188
v -19.34809 -51.71607 3.71007
v -0.120141 -37.71599 1.626938
v -8.466281 -103.0745 -9.199221
v 2.263631 -80.37968 -0.075352
v -19.37401 -48.0056 3.927362
v -19.40194 -55.41775 3.49376
v -19.11861 -40.62599 4.257063
v -0.566792 -34.68038 -5.707795
v -16.10426 -14.85342 5.846678
v 1.326806 -71.65078 0.190566
v -16.38231 -57.64549 -6.537811
v -9.973965 -52.74009 -9.218749
v -3.461721 -68.42297 -4.752898
v -7.334204 -67.2026 -8.638541
v -0.159083 -38.82375 1.856158
v -17.89746 -93.69771 0.592834
v -1.32535 -21.5851 -11.37997
v -1.307113 -19.04593 -10.66803
v -8.222057 -95.79719 -9.214808
v -10.73524 -72.71333 -9.252642
v -19.00096 -47.55946 -3.217517
v -15.12777 -45.81982 -7.307835
v -18.94195 -54.99971 -3.65661
v 4.491188 -97.75502 -0.325129
v -14.11394 -7.426793 6.042789
v -8.722428 -6.456808 -7.060264
v -10.88471 -6.264474 -5.741139
v -13.94389 -6.205273 -1.612733
v -14.68603 -6.410666 0.9022
v -17.55687 -103.1254 -2.201849
v -17.57053 -103.1665 -4.672412
v 3.951427 -94.05144 -0.259142
v -0.214387 -36.68536 -1.317121
v 3.293812 -89.09166 -0.17286
v 3.002683 -86.60652 -0.127487
v -18.98544 -72.71972 2.395148
v -1.233388 -25.58103 -11.91099
v -3.001757 -25.39265 -12.04758
v -1.075034 -29.64254 -11.2537
v -0.58503 -33.17093 -8.606728
v -18.2536 -23.68367 5.014725
v -18.54229 -26.04134 4.824921
v 0.765516 -65.39858 0.55432
v -17.70234 -17.44641 3.318378
v -18.2883 -19.09047 1.233414
v -17.32209 -19.01598 -2.966003
v 2.707622 -84.11662 -0.020164
v -0.135148 -37.56192 -3.177959
v -1.374568 -39.12139 -3.695753
v -17.10525 -18.02361 5.630026
v 4.969271 -101.4751 -0.338069
v -2.033986 -103.2815 -5.647922
v -1.909406 -101.8564 -5.467323
v -15.50898 -103.2479 -7.705538
v -15.64561 -101.7813 -7.579557
v -1.151173 -14.20624 -8.948425
v -2.908874 -40.97365 -5.012223
v -6.735854 -41.95231 -6.853575
v -2.588983 -44.12555 -4.160694
v -18.26113 -68.51701 -4.902748
v 3.476106 -99.91801 -1.927433
v -18.8034 -76.4322 2.17405
v -19.12124 -76.11609 0.815558
v -19.20522 -33.28793 4.677835
v -19.57217 -32.99807 3.257418
v -19.09942 -30.84498 4.710505
v -18.87518 -28.42748 4.787707
v -19.30343 -28.54093 3.347672
v -1.194159 -11.73096 -8.523457
v -17.35817 -101.1063 0.037693
v -17.53224 -98.64049 0.269932
v -17.70341 -96.17402 0.499169
v 1.084466 -69.15707 0.468439
v 0.727429 -68.8427 -0.834456
v -0.34083 -46.46464 1.752212
v -0.540504 -46.64708 0.336913
v -0.837997 -47.72406 -0.732341
v -1.898753 -47.35617 -3.016567
v -2.7951 -49.65695 -4.208459
v -6.474085 -50.19936 -7.182424
v -2.304867 -52.38932 -3.391718
v -4.272244 -51.95179 -5.789457
v -6.597178 -55.46056 -7.676379
v -10.90387 -57.95993 -9.166945
v -0.322945 -49.01096 1.546465
v -0.219886 -51.54944 1.360191
v -0.06174 -54.07912 1.195126
v -0.347455 -53.7066 -0.139366
v -0.81803 -52.52963 -0.964699
v -1.071122 -8.017419 -8.289822
v -2.137716 -32.61809 -10.44959
v -0.066926 -42.6617 2.006889
v -1.153347 -22.89719 -11.63742
v -14.47348 -6.994101 4.834949
v -1.113761 -26.94539 -11.85647
v -18.61692 -23.71274 3.552124
v -18.75214 -23.04348 1.669821
v -18.47383 -21.68398 -0.046892
v -17.71323 -21.51335 -2.748366
v -16.99513 -24.63121 -4.793646
v -15.87454 -20.98777 -5.844558
v -16.2413 -28.85818 -6.582824
v -16.41561 -34.79762 -6.165805
v -12.48831 -20.73394 -8.990308
v -10.99573 -16.52283 -8.299062
v 0.360471 -65.21378 -0.79904
v 2.222171 -83.98191 -1.348643
v 0.035783 -67.76714 -1.545052
v -1.8599 -67.96835 -3.015048
v -2.302478 -70.62803 -3.58888
v -3.024568 -65.85142 -4.149043
v -4.965735 -66.32268 -6.680738
v -7.00485 -62.86917 -8.323796
v -19.09835 -67.7855 2.859173
v -17.83865 -21.37943 5.286852
v -18.26224 -21.10702 3.846286
v -13.33945 -103.2795 -8.89931
v -10.93502 -103.2828 -9.437609
v -18.58364 -87.69192 -0.677403
v -18.4835 -89.11246 -1.928977
v -17.5929 -88.79462 -5.355904
v -13.46915 -87.16765 -8.614009
v -18.19386 -88.77968 1.181637
v -18.29407 -86.30694 1.381709
v -18.43607 -83.83798 1.590225
v -18.75968 -84.04224 0.28514
v -18.70358 -85.03414 -0.738118
v -18.59251 -84.81996 -3.39091
v -18.34933 -82.08581 -4.344219
v -14.84911 -80.11308 -7.740623
v -17.4818 -78.99925 -5.734449
v -15.34627 -76.50678 -7.344805
v -11.77364 -77.67209 -9.126815
v -6.361969 -77.34833 -8.340477
v -19.21565 -62.83701 3.197381
v -19.51007 -63.04873 1.890092
v -19.48098 -64.0525 0.884332
v -19.43948 -63.88095 -1.761496
v -19.01202 -66.1478 -3.405193
v -17.37876 -65.8252 -5.817208
v -14.64401 -69.07737 -7.768218
v -15.5004 -61.99772 -7.163771
v -19.2875 -68.83597 -2.156581
v 2.118497 -103.2894 -2.936453
v 4.358204 -103.2032 -1.898421
v 0.015147 -103.3076 -4.251143
v 1.687177 -75.40471 0.263526
v 1.969342 -77.89481 0.194964
v 1.577735 -77.5981 -1.135601
v 0.812268 -76.51622 -1.838537
v -1.669911 -76.66233 -3.53532
v -0.06157 -74.68688 -2.318524
v -4.025723 -77.10984 -5.920341
v -4.847437 -80.90853 -7.117121
v 0.303834 -59.12085 0.91773
v 0.117861 -56.60307 1.05449
v -2.631889 -6.392284 -8.489842
v 0.557848 -62.89367 0.735061
v -19.15286 -65.31158 3.034798
v -19.02624 -70.25728 2.677207
v -1.125468 -17.82079 -10.23671
v -3.274179 -72.97219 -4.846543
v -19.25584 -61.17567 -2.809413
v -18.66541 -58.25094 -4.237298
v -0.38439 -76.97289 -2.719421
v -0.830181 -78.86484 -3.118945
v -0.739148 -81.78086 -3.30828
v 0.674752 -80.03652 -2.327326
v -3.041636 -82.29115 -5.151855
v -5.156421 -85.0905 -7.465179
v -5.092638 -6.421628 -8.042596
v -0.410388 -35.25782 -4.193987
v -19.28641 -71.99783 0.034928
v -18.64517 -78.89887 2.011381
v -18.53737 -81.37095 1.812395
v -19.25435 -57.89813 3.54148
v -19.21534 -60.37224 3.373314
v -19.11276 -43.09186 4.370798
v -19.10348 -45.56068 4.212501
v -19.11913 -35.73734 4.685217
v -18.9342 -38.18502 4.577205
v -6.099852 -103.3276 -8.48358
v -4.026711 -103.334 -7.124833
v -19.28862 -50.49412 4.010843
v -19.24082 -52.96603 3.839718
v 2.399241 -81.63253 0.126006
v -0.736429 -35.47496 -6.60041
v -1.964755 -35.05897 -7.846765
v -3.565314 -36.36663 -7.544333
v -7.305856 -36.39731 -8.924184
v -3.187625 -34.28677 -9.253939
v -5.013618 -35.28968 -9.319297
v -7.673496 -33.52501 -10.62169
v 1.428616 -72.91077 0.36914
v -2.930517 -21.41089 -11.3842
v -5.08366 -21.91211 -11.51784
v -2.870381 -19.06847 -10.68247
v -4.484309 -17.97571 -10.209
v -7.844654 -17.30714 -9.578498
v -10.04354 -91.43794 -9.369353
v -1.095878 -15.41719 -9.335334
v -1.152739 -10.49035 -8.479482
v -14.85919 -8.043247 4.033941
v -18.84523 -24.59338 0.370709
v -18.53598 -26.85235 -2.404947
v 0.386745 -60.38264 0.900432
v -0.609646 -43.94666 -1.16574
v -17.71689 -100.6592 -4.202142
v -15.64972 -12.76229 6.408313
v -15.90499 -12.66133 4.960194
v -17.83455 -92.46884 0.837856
v 4.656602 -98.99863 -0.186183
v 4.303765 -96.52177 -0.132271
v -7.551784 -6.362623 -7.527166
v -11.78626 -6.029562 -4.822001
v -13.32219 -6.00063 -2.739629
v -14.77273 -6.428778 2.265872
v -17.10122 -103.3296 -5.820924
v 3.760145 -92.8164 -0.07564
v 3.439379 -90.33871 -0.034426
v -18.88242 -73.96445 2.431435
v -18.95528 -25.83144 3.471035
v -19.19305 -26.58922 1.78173
v -19.1244 -26.90836 -0.33064
v -19.34654 -29.13183 -1.015139
v -19.56167 -31.66721 -0.42842
v -18.83039 -34.36451 -2.894893
v 0.860414 -66.65882 0.613647
v 2.852608 -85.36518 0.064087
v -17.91177 -60.84642 -5.347795
v -6.455218 -19.12171 -10.54307
v -10.88562 -24.55568 -10.6663
v -12.90367 -28.23924 -9.570495
v -18.41902 -88.47639 -3.699949
v -17.95747 -86.5024 -4.911972
v -15.95633 -86.6784 -7.079185
v -14.26656 -83.66409 -8.156507
v -15.17048 -89.64302 -7.723528
v -18.17231 -90.23743 -4.305401
v -16.72782 -91.76721 -6.378469
v -16.34184 -95.43836 -6.774861
v -2.255423 -57.641 -3.127688
v -4.574757 -58.62631 -6.263506
v 0.140102 -37.23195 0.073405
v -15.24386 -10.07445 4.745102
v -16.06886 -10.93068 3.545045
v -15.56625 -11.18956 1.193982
v -14.81503 -10.85595 -0.940132
v -13.83048 -13.11126 -4.360347
v -13.71075 -10.43389 -2.817926
v 2.821336 -89.02142 -1.457924
v 1.607962 -90.06842 -2.455551
v -1.178509 -89.93438 -4.021762
v -3.727163 -90.04973 -6.254942
v -6.26366 -88.49887 -8.504604
v -8.700509 -85.32169 -9.299804
v -3.284726 -93.43514 -5.967662
v 2.544106 -86.74484 -1.407879
v 1.189836 -86.05673 -2.476892
v -0.888014 -85.9287 -3.681879
v -2.666857 -84.71004 -4.867129
v -5.173891 -44.59885 -5.97417
v -19.17749 -74.97073 0.015523
v -19.14404 -74.62695 -2.211755
v -18.44096 -73.1152 -4.462872
v -18.88573 -77.13148 -3.086842
v -19.23077 -73.54024 -0.744106
v -17.63833 -75.77857 -5.574307
v -1.54549 -52.88931 -2.214593
v -2.097489 -54.74804 -2.938443
v -1.181579 -56.05672 -1.592177
v -1.670413 -51.4293 -2.44994
v -2.4181 -50.9423 -3.612147
v -3.182378 -51.90861 -4.630832
v -3.65498 -53.55896 -5.225173
v -4.739336 -55.26853 -6.335392
v -5.849007 -53.26278 -7.043569
v -3.72857 -50.50246 -5.254358
v -5.049128 -50.53826 -6.321387
v -5.437488 -48.03433 -6.364658
v -8.814641 -47.1377 -8.380357
v -3.820714 -48.79406 -5.263027
v -7.904704 -53.52478 -8.274298
v -8.995129 -55.98128 -8.970592
v -7.669195 -59.31656 -8.512418
v -11.82414 -55.09765 -9.059715
v -13.92866 -51.34975 -8.240302
v -13.81103 -57.36517 -8.283453
v -15.31812 -54.38611 -7.223885
v -12.91211 -60.4441 -8.728664
v -8.354093 -51.14352 -8.388572
v -11.21886 -49.51171 -9.281861
v -17.97912 -99.11189 -3.003914
v -19.44742 -34.18894 -0.425752
v -5.252947 -95.46637 -7.756097
v -7.335081 -10.59092 -7.3073
v -14.45919 -103.3809 -8.36634
v -0.078922 -71.2891 -2.035108
v 0.055606 -41.03871 0.193139
v -0.310122 -41.45818 -1.2672
v -1.03956 -100.9685 -4.820793
v -0.895522 -98.43767 -4.510261
v 0.149148 -99.86401 -3.874458
v -3.102289 -97.64068 -6.095569
v 0.685633 -98.01018 -3.376382
v -18.02315 -96.39669 -0.699395
v -18.00933 -97.31813 -1.691413
v -18.0805 -96.89461 -3.47363
v -18.13661 -94.49042 -3.792636
v -17.51946 -96.24023 -5.314338
v -16.42234 -97.88362 -6.756109
v -14.37044 -96.73646 -8.354197
v -11.59707 -94.78948 -9.31701
v -18.77259 -84.56287 -2.040814
v -18.78532 -82.80753 -2.683582
v -18.88516 -81.59836 -1.053046
v -18.66034 -85.87608 -2.487635
v -18.51866 -86.74766 -3.616498
v -19.48609 -65.30981 0.331867
v -19.46027 -66.64571 0.711364
v -19.39862 -68.16286 -0.402172
v -19.51426 -64.20982 -0.454668
v -19.53781 -62.83857 -0.811459
v -19.57227 -60.7809 -0.365995
v -19.3924 -62.49801 -2.215132
v -19.45824 -65.17606 -1.387508
v -19.23831 -64.87872 -2.771684
v -19.35932 -66.44561 -2.049426
v -19.14297 -67.59463 -2.999107
v -18.72552 -64.9266 -4.111464
v -17.91225 -64.50884 -5.298973
v -16.21346 -64.11191 -6.740786
v -17.51419 -62.68424 -5.71299
v -13.84441 -63.9956 -8.212032
v -11.70664 -67.04242 -9.053043
v -15.33027 -66.54836 -7.330455
v -18.36454 -66.24341 -4.76008
v -18.89977 -68.96263 -3.605974
v -18.27339 -70.83279 -4.817412
v -19.16649 -70.66756 -2.745414
v -16.6644 -69.7514 -6.417394
v -17.64251 -67.30267 -5.574626
v -18.9805 -62.36433 -3.597434
v -18.73308 -61.03889 -4.161299
v -19.08196 -59.61264 -3.369051
v -19.32181 -58.05619 -2.664654
v -19.59594 -56.55639 -0.990358
v -19.56516 -54.02926 -1.393071
v -19.01945 -52.10623 -3.4765
v -16.55436 -66.87382 -6.520171
v -15.69206 -68.08085 -7.101581
v -18.44444 -59.72003 -4.641404
v -17.21005 -59.21202 -5.935398
v -15.30237 -59.63202 -7.279881
v -18.97441 -56.69859 -3.621102
v -17.69166 -55.91616 -5.478848
v -17.91259 -53.49024 -5.257905
v -9.82201 -39.45264 -8.206719
v -14.17322 -40.40895 -7.879675
v -17.18511 -99.71129 -5.788518
v -8.800972 -19.13677 -10.1458
v -10.39992 -20.59058 -10.06512
v -11.56935 -18.65403 -8.885248
v -9.882958 -22.64261 -10.80973
v -7.990079 -24.83792 -11.75055
v -13.0921 -17.1464 -7.393183
v -12.56456 -14.71791 -6.517497
v -14.40278 -15.69604 -5.606955
v -16.38435 -16.3987 -3.388894
v -11.98999 -22.76666 -9.781843
v -14.00917 -22.36244 -8.16528
v -12.82914 -24.68736 -9.419882
v -11.83564 -26.45435 -10.26469
v -10.71674 -28.54258 -10.83763
v -12.26427 -32.11722 -9.82559
v -10.06378 -31.06094 -10.90187
v -9.654374 -26.43919 -11.35935
v -7.357342 -27.08332 -12.01228
v -5.850713 -29.13679 -12.06821
v -6.990832 -31.32016 -11.53044
v -13.86158 -26.48745 -8.775672
v -15.64843 -26.5847 -6.984783
v -17.32713 -27.18464 -4.874083
v -14.6731 -28.40985 -8.161477
v -15.10506 -31.78076 -7.813309
v -13.76719 -30.26543 -8.982219
v -18.46769 -90.79649 -2.60719
v 0.110304 -87.53764 -3.177322
v -0.83483 -40.39343 -2.569886
v -1.727744 -40.78434 -3.86726
v -2.029862 -42.48604 -3.881573
v -2.287339 -39.4119 -5.123148
v -2.103745 -37.62412 -5.12378
v -3.516962 -42.67862 -5.002695
v -4.807211 -41.1376 -6.136576
v -6.41659 -39.42552 -7.450847
v -1.456346 -43.87741 -2.77931
v -1.979558 -45.55163 -3.19975
v -10.17067 -33.49652 -10.25117
v 3.436367 -94.20879 -1.502001
v 1.995709 -93.74444 -2.536608
v 0.513646 -95.32894 -3.400419
v -1.07354 -93.15104 -4.230552
v -0.847226 -37.26614 -4.803363
v -19.79429 -31.87532 2.386842
v -19.65602 -30.23653 1.149109
v -19.74836 -31.98115 0.967031
v -19.60191 -32.95723 0.060931
v -19.24161 -32.86253 -1.821476
v -18.3871 -32.42018 -3.808333
v -17.57745 -30.35798 -4.991483
v -19.71481 -34.05666 0.896694
v -19.54451 -35.359 0.405725
v -19.73039 -35.31763 2.129326
v -19.24233 -35.61592 -1.188567
v -19.00292 -38.27152 -2.3785
v -19.31518 -41.30439 -1.713334
v -18.42749 -43.97297 -4.184335
v -17.64585 -37.26425 -4.876176
v -15.39661 -37.65369 -6.988821
v -14.11015 -35.07095 -8.412984
v -16.93658 -32.49437 -5.793806
v -17.68188 -34.16894 -4.639879
v -18.28644 -20.07983 3.024914
v -16.63589 -81.80122 -6.466982
v -18.23155 -94.02925 -1.904634
v -17.37606 -94.30676 -5.564025
v -16.24585 -93.53883 -6.892844
v -14.8983 -94.63598 -8.01022
v -18.66173 -86.39266 -1.254698
v -11.87881 -12.47626 -5.719815
v -10.25205 -10.9079 -6.127485
v -0.278484 -40.01417 -1.31183
v -19.64427 -36.37046 1.316623
v -19.52007 -38.43558 1.198338
v -19.50665 -39.81212 -0.31729
v -0.714724 -38.92591 -2.529438
v -8.677987 -7.754953 -6.910197
v -8.028167 -9.19372 -6.969733
v -6.396525 -9.406843 -7.441212
v -8.789578 -10.10943 -7.357665
v -7.867859 -11.60813 -7.38875
v -5.688995 -13.2461 -8.508944
v -10.73604 -7.568083 -5.836689
v -10.8867 -9.034963 -5.660285
v -14.08352 -7.47009 -1.850063
v -13.55275 -8.876232 -2.97217
v -14.84858 -7.616211 0.406421
v -15.02063 -9.252717 0.510922
v -2.327927 -29.39593 -11.63779
v -3.65094 -28.36378 -11.99416
v -0.37873 -66.46892 -1.785273
v -1.428051 -66.74263 -2.606394
v -2.439191 -66.85278 -3.479108
v -3.270347 -67.12269 -4.49277
v -4.240794 -67.42047 -5.747432
v -5.610512 -68.62493 -7.488969
v -8.031417 -70.59108 -8.974287
v -4.493679 -69.26741 -6.101977
v -3.916381 -66.08132 -5.275091
v -3.628422 -64.53385 -4.875888
v -2.241437 -62.87995 -3.097357
v -4.796508 -64.36505 -6.45951
v -6.331706 -65.05486 -8.030921
v -8.954828 -64.80461 -9.112327
v -5.270751 -62.17374 -6.994485
v -7.556437 -74.07812 -8.867472
v -2.174293 -65.57947 -3.151026
v -1.821284 -64.22643 -2.730733
v -0.619347 -64.09168 -1.773201
v -2.788764 -64.55162 -3.801438
v -3.164582 -60.58642 -4.2707
v -1.135587 -62.69239 -2.068672
v -0.506657 -61.39349 -1.401496
v -3.49245 -70.24867 -4.924227
v -3.196355 -63.4286 -4.327651
v -3.308344 -62.00275 -4.488913
v -4.292655 -60.96811 -5.813553
v -5.520736 -60.16268 -7.213935
v -6.151252 -58.18395 -7.582552
v -2.513962 -61.51581 -3.409191
v -2.355044 -60.12294 -3.206525
v -3.024522 -58.82305 -4.197786
v -1.790595 -58.92105 -2.46696
v -3.273614 -57.03724 -4.520613
v -0.681013 -59.21969 -1.412035
v -1.381118 -57.57948 -1.895628
v -1.26783 -99.66104 -4.867654
v -2.434939 -98.91993 -5.551756
v -3.720048 -100.0008 -6.760428
v -1.969526 -97.55431 -5.102008
v -2.639903 -96.16791 -5.602843
v -3.980596 -96.24468 -6.776824
v -2.208948 -94.54606 -5.20293
v -15.21894 -71.38291 -7.42927
v -12.81148 -70.93608 -8.73857
v -14.32953 -73.98193 -7.99103
v -16.16437 -65.53329 -6.785673
v -14.88241 -65.03765 -7.595614
v -13.56099 -66.42095 -8.391203
v -12.1675 -65.07626 -8.954107
v -16.84788 -68.25172 -6.28654
v -14.31752 -20.21753 -7.392141
v -6.532682 -11.79015 -8.210702
v -4.793144 -12.12462 -7.924322
v -3.024292 -103.449 -6.39491
v -7.256904 -103.4369 -8.930645
v -9.698014 -103.4274 -9.356828
v -19.26729 -49.26408 4.19951
v -19.02887 -46.80278 4.232358
v -19.14375 -54.20701 3.848704
v -19.15207 -56.6673 3.705695
v -18.83219 -39.42232 4.595047
v -18.86815 -41.8758 4.458252
v -19.1581 -34.52235 4.827703
v -0.216692 -45.21433 2.026592
v -17.71292 -100.6988 -1.047073
v -17.83199 -99.68433 -1.84836
v -12.54438 -89.93822 -9.02151
v -9.88193 -88.26775 -9.39424
v -2.032032 -49.73725 -3.071213
v -1.501917 -48.58906 -2.222938
v -2.327475 -48.51677 -3.607555
v -5.945542 -51.67976 -6.966693
v -6.987202 -52.50816 -7.66072
v 2.262486 -97.5728 -2.479859
v -19.1767 -63.56446 -3.032972
v -16.55316 -60.76492 -6.464098
v -19.40036 -55.81355 -2.377153
v -18.7214 -36.36877 -2.962957
v -13.38842 -37.87619 -9.100557
v -18.47698 -20.22573 1.619198
v -18.28514 -20.17862 -0.085136
v -17.93284 -18.38614 -0.751575
v -17.33201 -16.59801 -1.343845
v -16.86053 -14.48157 0.73276
v -16.50361 -14.80331 -1.608438
v -15.4133 -14.6346 -3.616569
v -10.44362 -14.03003 -7.33496
v -19.58822 -41.68499 0.144906
v -12.61698 -8.422202 -4.135401
v -5.344881 -70.36002 -7.212702
v -6.456664 -71.70972 -8.288022
v -6.600414 -69.82462 -8.308062
v -7.922974 -68.83826 -8.902934
v -10.52827 -69.53876 -9.285348
v -9.495305 -67.26912 -9.232781
v -5.897405 -73.5953 -7.862873
v -4.45156 -74.10856 -6.304005
v -3.156987 -75.2813 -4.797532
v -5.398254 -75.64382 -7.468966
v -5.081691 -97.1344 -7.677253
v -7.022946 -97.8979 -8.904675
v -9.573927 -98.01186 -9.340516
v -6.278253 -96.45428 -8.594266
v -6.708232 -94.43405 -8.814234
v -8.841946 -93.49596 -9.301645
v -7.672605 -91.41699 -9.091419
v -4.17375 -94.57478 -6.825882
v -4.522367 -92.90624 -7.033402
v -4.651467 -91.20978 -7.088514
v -5.855476 -90.29928 -8.194261
v -4.897989 -88.94733 -7.266618
v -5.26162 -87.0484 -7.632272
v -6.946938 -86.47871 -8.823459
v -3.907377 -86.25275 -6.228221
v -6.808069 -84.21206 -8.722643
v -3.421006 -91.72237 -6.005094
v -2.46035 -90.52885 -5.102254
v -3.665899 -88.16673 -6.060161
v -8.624822 -83.13261 -9.279544
v -11.47391 -84.12946 -9.224537
v -7.231439 -80.49023 -8.860187
v -5.400681 -82.93681 -7.682758
v -4.013262 -83.74425 -6.322794
v -2.260422 -88.85541 -4.796703
v -1.300318 -87.77151 -4.003784
v -2.295703 -92.47496 -5.083922
v -1.280975 -91.54119 -4.227931
v -0.049137 -90.90527 -3.427851
v 0.15541 -89.23144 -3.245828
v -2.671962 -47.36134 -4.037086
v -2.949112 -45.90062 -4.30224
v -4.1561 -45.69373 -5.355691
v -5.507087 -46.28753 -6.293494
v -7.6234 -44.75667 -7.398765
v -7.078201 -47.19067 -7.275328
v -7.937488 -48.95134 -7.929417
v -3.925192 -44.16286 -5.143921
v -4.878795 -43.00955 -5.807961
v -6.260823 -43.50244 -6.54873
v -7.645699 -43.17341 -7.261161
v -8.673819 -41.25581 -7.650081
v -8.915593 -43.91087 -8.113483
v -9.991209 -45.50071 -8.946708
v -12.82658 -44.863 -8.982824
v -10.68415 -47.4668 -9.303304
v -13.36377 -47.7891 -8.487834
v -15.75597 -48.81864 -6.842558
v -17.42815 -46.65134 -5.569934
v -10.41553 -41.3597 -8.785871
v -12.52029 -42.40751 -9.257776
v -11.83971 -39.60226 -9.366007
v -14.4865 -43.21819 -7.621648
v -16.38301 -41.43498 -6.302065
v -8.590671 -15.23626 -8.532945
v -5.521717 -93.75754 -7.963552
v -6.456436 -100.3729 -8.658863
v -17.96976 -22.53685 5.335609
v -18.59029 -77.66737 2.204097
v -15.56157 -13.82806 6.260783
v -0.192294 -40.10342 2.319582
v -0.217506 -43.78176 0.304069
v -0.17732 -37.35482 -1.981646
v -4.837546 -23.77783 -11.91876
v -6.98074 -22.99115 -11.63595
v -18.36047 -62.1842 -4.784024
v -19.22992 -37.12281 -1.409575
v -19.44657 -38.22323 -0.332772
v -9.257961 -11.96002 -6.948753
v -10.60008 -12.26399 -6.434292
v -7.715297 -57.35886 -8.421885
v -9.125615 -58.34301 -9.062717
v -9.706982 -61.0326 -9.171569
v -15.04866 -63.57191 -7.468787
v -14.07074 -62.29529 -8.067536
v -13.09835 -68.28323 -8.590279
v -16.46956 -43.9524 -6.286069
v -11.37666 -11.30611 -5.56099
v -12.52147 -11.43005 -4.73699
v -11.17401 -10.10842 -5.375854
v 2.094108 -79.14865 0.340686
v -19.06238 -78.245 -0.796131
v -19.62688 -49.90037 1.147205
v -19.59357 -48.71359 -1.070107
v -19.53584 -46.29235 -1.235416
v -19.61664 -53.18665 0.951047
v 0.027642 -55.35204 1.301016
v -16.41113 -100.8794 -6.787579
v -16.33173 -99.49789 -6.859076
v -15.27136 -98.56554 -7.801129
v -13.67527 -99.70864 -8.706162
v -2.293563 -13.7654 -8.694513
v -4.006694 -14.14115 -8.835112
v -18.71469 -27.23277 4.912621
v -2.32672 -12.03619 -8.425983
v -3.629533 -11.55482 -8.04895
v -3.007824 -31.46624 -11.25554
v -4.98192 -31.26717 -11.52417
v -3.418743 -32.6926 -10.75503
v -12.99259 -102.1603 -9.019518
v -13.28971 -100.9201 -8.878688
v -12.27336 -99.86462 -9.246127
v -10.44863 -100.4814 -9.385147
v -14.46199 -100.6905 -8.342386
v -11.29892 -102.1628 -9.414168
v -6.105724 -17.21312 -9.78723
v -6.649997 -15.46103 -8.959821
v -18.62214 -25.33157 -1.382584
v -17.88132 -24.4872 -2.992474
v -17.33542 -22.99936 -3.925259
v -16.13331 -23.01622 -5.819583
v -16.91365 -21.44828 -4.42136
v -16.60371 -19.81579 -4.552889
v -16.42909 -18.06651 -4.209435
v -15.55809 -19.36915 -5.938737
v -17.64036 -101.888 -4.56709
v -1.018692 -51.21873 -1.273177
v -0.766864 -49.98267 -0.658438
v -13.27022 -94.05411 -8.800549
v -12.52955 -92.07103 -9.063459
v -12.99519 -95.79322 -8.931756
v -11.42132 -96.60524 -9.344159
v -9.983016 -95.54804 -9.352647
v -5.859603 -10.9192 -7.412587
v -16.08552 -12.69969 1.182235
v -12.94552 -12.54765 -4.956657
v -13.65725 -11.78023 -3.626213
v -14.78814 -12.58026 -2.576983
v -13.122 -13.75296 -5.521287
v -14.19757 -14.39034 -4.911003
v -12.04104 -13.63742 -6.260082
v -11.47598 -14.53469 -7.095396
v -10.45076 -15.30959 -8.006869
v -9.425582 -16.45787 -8.83623
v -11.93321 -15.69452 -7.449957
v -10.13276 -17.86153 -9.206102
v -13.15973 -15.881 -6.695629
v -19.13643 -49.85231 -3.004894
v -18.10601 -48.93941 -4.939687
v -14.3355 -11.36267 -2.31771
v -19.58675 -45.82261 1.3816
v -0.666819 -30.95407 -10.68844
v 1.181571 -70.4178 0.621001
v -17.15549 -102.3458 0.080121
v -17.22182 -103.2724 -0.404532
v 1.785715 -80.36141 -1.325614
v -19.3847 -40.54033 2.949315
v 1.58836 -84.83796 -2.076829
v -0.885642 -75.66922 -2.908973
v -2.053037 -75.20959 -3.764164
v -1.151851 -74.38234 -2.988472
v -2.218321 -73.74641 -3.775981
v -2.274928 -72.18843 -3.668902
v -1.290148 -71.42432 -2.8703
v -1.250625 -69.87083 -2.720611
v -19.22963 -72.46487 1.194756
v -5.219664 -37.08468 -8.161429
v -19.51016 -61.37593 -1.535943
v -19.46344 -59.99511 -1.990052
v -14.53732 -67.64188 -7.837379
v -17.69828 -57.64835 -5.475274
v -18.18582 -18.99111 2.611667
v -18.07149 -17.94389 1.953806
v -17.7244 -16.80948 2.25725
v -17.35061 -15.45874 1.748423
v -16.71968 -14.1813 2.445673
v -18.03232 -18.16061 0.59925
v -18.22367 -93.70818 -0.65554
v -1.106958 -37.99896 -3.66269
v -2.718915 -68.01526 -3.876707
v -2.784493 -69.39926 -4.028328
v -9.324854 -78.81937 -9.347273
v -9.526835 -76.015 -9.359462
v -11.94319 -75.0419 -9.022898
v -0.09111 -92.3648 -3.488398
v 0.058693 -93.88094 -3.531123
v -1.012257 -94.59765 -4.193138
v -3.068886 -48.36008 -4.48797
v -12.82611 -62.94536 -8.757276
v -11.82151 -61.65796 -9.040339
v -11.18928 -59.91704 -9.155643
v -12.48543 -58.72176 -8.880628
v -13.9486 -59.20982 -8.199245
v -12.2895 -57.05174 -8.89679
v -13.34586 -55.72948 -8.557618
v -13.30836 -53.48517 -8.566848
v -14.80891 -56.05125 -7.609051
v -16.26286 -55.78104 -6.569243
v -11.96363 -51.83478 -9.102017
v -10.89085 -56.3731 -9.214764
v -10.19371 -54.86511 -9.254412
v -16.69459 -54.15731 -6.245059
v -15.76975 -52.14026 -6.88477
v -14.3417 -60.72901 -7.928256
v -11.2046 -53.68599 -9.23702
v -11.85545 -9.101563 -4.972498
v -14.88834 -58.17559 -7.550846
v -18.35945 -82.61155 1.852725
v -19.04195 -61.61263 3.415236
v -8.475464 -101.7421 -9.212958
v -19.5012 -47.91496 2.60637
v -19.5389 -46.86642 1.998869
v -19.55121 -55.31553 2.175622
v 0.903236 -71.58746 -1.060506
v 0.003788 -58.69042 -0.124915
v -0.101397 -56.96227 -0.036832
v -0.579427 -56.7543 -1.000271
v -0.523101 -55.67244 -0.799126
v -1.069352 -55.02768 -1.416849
v -0.492779 -54.63164 -0.628884
v -1.587411 -55.36457 -2.263976
v -2.345949 -56.1724 -3.239655
v -1.715596 -56.39452 -2.431327
v -19.29685 -69.80353 1.654716
v -19.38561 -68.78306 0.786892
v -18.21589 -21.06227 -1.347288
v -17.97381 -19.69179 -1.489609
v -18.18056 -22.34624 -1.783944
v -7.251801 -89.78709 -8.96553
v -7.990868 -88.04024 -9.135878
v -8.858324 -90.21642 -9.317436
v -10.47961 -89.8268 -9.370619
v -11.59547 -88.50185 -9.25402
v -11.01919 -86.32922 -9.328279
v -11.47247 -90.96084 -9.304488
v -11.1477 -92.36563 -9.350801
v -12.08999 -93.40125 -9.20287
v -9.897338 -92.73389 -9.371952
v -10.10383 -94.13622 -9.372266
v -8.843744 -91.9584 -9.312198
v -7.794086 -92.725 -9.123649
v -6.703786 -92.17468 -8.796006
v -6.626915 -90.99885 -8.745972
v -7.743452 -93.91761 -9.105862
v -8.652497 -94.67972 -9.277484
v -6.821433 -93.3037 -8.855827
v -9.391951 -42.46578 -8.226096
v -11.0267 -99.16389 -9.391743
v -9.688181 -99.36159 -9.331371
v -8.247596 -98.80342 -9.199204
v -10.89657 -97.83518 -9.375294
v -10.08955 -96.83172 -9.353545
v -8.794541 -96.96738 -9.284179
v -7.599281 -96.83766 -9.082946
v -14.70501 -13.67163 -3.72527
v -15.4489 -13.62106 -2.43256
v -17.29119 -15.75872 0.106246
v -18.17081 -19.12112 -0.005744
v -17.98006 -23.36235 -2.510318
v -17.53488 -17.74154 4.498516
v 4.290282 -99.26617 -1.309539
v -12.05776 -29.93985 -10.14484
v -4.173898 -26.94346 -12.16239
v -5.777397 -26.99826 -12.2567
v -6.673087 -25.71764 -12.09189
v -6.624323 -24.32291 -11.98321
v -0.916262 -67.78579 -2.285369
v -1.242323 -68.77924 -2.618701
v -2.029144 -69.26962 -3.228002
v -10.50743 -65.71315 -9.265492
v -19.54312 -42.17017 1.775676
v -4.371804 -70.87083 -6.079568
v -4.127463 -72.25663 -5.761333
v -3.351028 -71.60635 -4.841004
v -10.97329 -37.81124 -8.794575
v -9.393887 -36.47952 -9.125381
v -8.294718 -38.12973 -8.471848
v -8.822437 -54.52249 -8.85171
v -7.839504 -55.42332 -8.362312
v -16.92709 -52.66278 -6.058403
v -7.589392 -94.9635 -9.061696
v -6.704449 -95.50053 -8.80869
v -5.95897 -94.9631 -8.327301
v -8.379426 -35.04149 -9.783384
v -6.669601 -34.85672 -9.821704
v -6.026287 -33.61715 -10.64656
v 3.852699 -96.52091 -1.368329
v -17.31932 -90.38374 -5.703671
v -16.45714 -89.17186 -6.635424
v -17.65544 -91.75151 -5.211267
v -17.88 -93.14899 -4.812378
v -17.08922 -93.0129 -5.926664
v -16.88789 -87.67979 -6.257466
v -17.03343 -86.14233 -6.104692
v -16.07928 -84.8865 -6.966507
v -14.56012 -85.62111 -8.008204
v -12.86155 -85.37337 -8.825253
v -15.57377 -88.15644 -7.433839
v -14.25021 -88.47044 -8.216439
v -13.9024 -89.88934 -8.441053
v -14.76109 -91.12799 -8.012103
v -15.63636 -92.23455 -7.416882
v -15.94194 -90.80605 -7.182073
v -14.82817 -87.02247 -7.889228
v -12.96631 -88.48707 -8.846333
v -12.27149 -87.40871 -9.05755
v -13.26952 -91.01558 -8.746324
v -19.32975 -70.18542 -1.138163
v -6.980717 -12.9908 -7.927711
v -7.444239 -14.25087 -8.346118
v -6.142964 -14.39433 -8.568502
v -9.479927 -48.75813 -8.867932
v -15.87858 -24.75973 -6.417884
v -9.461517 -101.1135 -9.317937
v -16.46986 -83.37519 -6.648137
v -15.28606 -82.34581 -7.505739
v -13.45506 -81.64111 -8.515278
v -17.54021 -82.80293 -5.584333
v -12.9478 -79.49252 -8.68696
v -18.21262 -83.8364 -4.57933
v -13.73925 -77.54067 -8.304881
v -17.69076 -81.26943 -5.475733
v -18.43142 -80.37714 -4.214756
v -18.58211 -78.62109 -4.00166
v -16.82815 -80.28303 -6.282501
v -15.93724 -78.61243 -6.958326
v -18.27896 -77.0785 -4.671186
v -18.66038 -75.28131 -3.988542
v -17.26175 -77.35937 -5.958302
v -18.8056 -81.28662 -3.010445
v -15.83018 -80.84314 -7.076017
v -16.53987 -76.16877 -6.507959
v -15.64831 -74.77721 -7.130592
v -16.85486 -74.73969 -6.276741
v -17.91378 -74.3036 -5.269802
v -17.64312 -72.95493 -5.621991
v -16.92959 -71.46748 -6.202291
v -5.498806 -15.34489 -9.034742
v -4.250025 -15.28204 -9.135625
v -3.302314 -16.41025 -9.62991
v -5.043077 -14.41806 -8.791936
v -9.768641 -50.45187 -9.11844
v -14.97471 -9.108773 4.178897
v -9.613342 -9.9613 -6.332242
v -8.939639 -10.92432 -6.731548
v -3.86172 -59.60479 -5.232009
v -3.786425 -58.2113 -5.190515
v -4.454268 -56.93222 -6.087876
v -5.529416 -56.39057 -7.056409
v -6.606863 -56.83512 -7.792229
v -18.54865 -21.2326 1.094441
v -18.64801 -22.28614 0.879898
v -18.71505 -23.41078 0.414912
v -6.374134 -44.93138 -6.700949
v -7.07948 -45.90429 -7.171962
v -8.28872 -45.90025 -7.918633
v -19.24331 -44.49572 -2.316761
v -18.98459 -42.72294 -2.898962
v -18.20278 -42.11621 -4.500052
v -18.76382 -45.73998 -3.633945
v -2.662385 -33.52629 -9.978189
v -17.67239 -25.88111 -3.897223
v -13.96652 -16.6678 -6.433709
v -14.94464 -16.71559 -5.542307
v -15.29832 -15.7354 -4.507708
v -15.68151 -17.4528 -4.966084
v -13.9589 -17.79371 -6.918667
v -12.94775 -18.53467 -8.027702
v -14.46641 -18.95349 -6.901609
v -13.64808 -19.39496 -7.829038
v -12.62391 -19.58747 -8.62131
v -11.53229 -20.01068 -9.425053
v -10.39341 -19.27138 -9.644261
v -13.46407 -20.4555 -8.268536
v -13.21795 -21.59923 -8.660365
v -13.05802 -22.77416 -9.00395
v -13.89172 -23.63947 -8.443333
v -15.04136 -23.21751 -7.190519
v -14.09894 -21.2699 -7.84458
v -14.91015 -21.99298 -7.192453
v -12.28527 -21.76095 -9.379144
v -11.00058 -21.86833 -10.15044
v -12.53135 -23.65762 -9.502022
v -11.57511 -23.73941 -10.21144
v -10.5114 -23.53082 -10.673
v -9.116784 -23.84814 -11.35944
v -8.433078 -22.63304 -11.27059
v -9.340058 -25.1531 -11.43349
v -10.01916 -35.05159 -9.705402
v -11.46196 -34.35907 -9.909584
v -12.79392 -35.16032 -9.401044
v -13.32283 -33.43045 -8.914434
v -14.74907 -33.51511 -7.836086
v -13.56316 -36.3784 -8.961139
v -14.67109 -36.45158 -7.785213
v -15.24956 -35.02166 -7.267221
v -12.34438 -36.95453 -9.517606
v -15.94976 -36.24048 -6.578109
v -16.62625 -37.54532 -6.028706
v -16.11559 -39.44717 -6.453318
v -17.37469 -38.95821 -5.29486
v -18.32881 -38.55559 -3.931493
v -17.01682 -36.04304 -5.527168
v -17.98094 -35.81075 -4.272553
v -18.82791 -39.76033 -2.983703
v -18.72573 -41.23166 -3.380585
v -12.1271 -38.28177 -9.428154
v -14.35811 -37.87947 -7.99894
v -14.94627 -39.05834 -7.299163
v -13.80235 -39.14471 -8.511331
v -13.09168 -40.48666 -9.059367
v -13.59796 -41.75332 -8.370137
v -14.76528 -41.72834 -7.399259
v -15.69417 -42.77201 -6.828364
v -11.76389 -41.09481 -9.402774
v -15.27327 -40.37948 -7.043736
v -13.38449 -43.12181 -8.453132
v -13.86826 -44.41612 -8.109889
v -13.71069 -46.12331 -8.237861
v -12.23257 -46.55844 -9.151403
v -14.99788 -44.4556 -7.344114
v -15.92718 -45.03194 -6.700897
v -16.20873 -46.5305 -6.48948
v -17.09984 -45.21538 -5.810681
v -15.16825 -47.4164 -7.315629
v -14.47663 -48.80388 -7.860373
v -12.96497 -49.63203 -8.644093
v -15.10368 -50.36782 -7.373587
v -16.75413 -47.90923 -6.125171
v -16.97603 -49.55903 -5.993292
v -17.57957 -43.91226 -5.347299
v -16.9915 -42.66968 -5.828815
v -18.10331 -45.59784 -4.882654
v -18.37285 -47.03117 -4.478517
v -17.4348 -41.42345 -5.412345
v -16.90138 -40.31008 -5.860207
v -12.51751 -43.66407 -9.196293
v -11.29247 -44.67701 -9.369261
v -11.44069 -43.0519 -9.376389
v -16.26743 -50.7777 -6.504933
v -15.87219 -32.90617 -6.911349
v -16.21221 -31.42455 -6.744418
v -15.3208 -30.03496 -7.612642
v -19.26776 -39.47677 -1.670714
v -11.16856 -87.45319 -9.313993
v -10.00704 -87.0364 -9.396831
v -9.881341 -85.77321 -9.40172
v -9.805449 -84.18689 -9.399694
v -10.88712 -85.15191 -9.338995
v -11.84519 -85.63879 -9.131598
v -12.57499 -86.393 -8.94566
v -8.997294 -87.55517 -9.344915
v -8.052145 -86.83612 -9.14174
v -10.59999 -82.8744 -9.353313
v -11.78592 -81.55592 -9.144599
v -11.01069 -79.7766 -9.302611
v -12.57308 -82.9669 -8.887925
v -9.051005 -86.47037 -9.355253
v -7.753198 -85.79542 -9.067815
v -7.799825 -84.6524 -9.080716
v -6.757745 -85.3551 -8.720062
v -5.896715 -86.1291 -8.218761
v -5.930202 -84.74455 -8.227539
v -7.642599 -83.5624 -9.029635
v -7.583796 -82.00327 -9.006901
v -6.517321 -82.83084 -8.571491
v -5.849467 -81.5262 -8.103343
v -5.800436 -79.73095 -8.082506
v -4.558232 -78.93775 -6.666274
v -3.539358 -80.37756 -5.647535
v -8.616328 -80.93211 -9.249179
v -6.151027 -87.2968 -8.413176
v -5.350494 -84.0285 -7.639804
v -4.718683 -83.42832 -7.042844
v -4.07968 -82.16254 -6.339784
v -7.053647 -78.82518 -8.739822
v -8.105056 -77.26896 -9.106726
v -7.162701 -75.80842 -8.729458
v -8.234982 -79.62511 -9.184508
v -9.704691 -80.13236 -9.392976
v -6.988771 -87.79432 -8.85477
v -7.289109 -88.765 -8.972053
v -8.364564 -89.15015 -9.251431
v -9.455855 -89.28719 -9.355137
v -15.837 -18.48545 -5.200431
v -17.63152 -94.9519 0.830291
v -16.59306 -14.82035 4.593258
v -16.96696 -15.01362 3.206514
v -16.47326 -14.01497 3.844797
v -19.31831 -27.69686 2.393872
v -1.253201 -47.13672 -1.863595
v -1.329921 -45.89194 -2.152457
v -0.880365 -45.06789 -1.420692
v -0.51566 -44.82536 -0.312392
v -1.319523 -44.85611 -2.373205
v -1.145532 -83.87026 -3.73127
v -3.482212 -39.75563 -5.917781
v -4.82649 -39.7122 -6.423244
v -5.773544 -40.49626 -6.873555
v -7.128854 -40.63592 -7.298686
v -7.838365 -39.44517 -7.89579
v -5.41043 -38.67607 -7.162752
v -6.653289 -37.82335 -8.101145
v -2.95512 -38.61449 -6.191382
v -3.440188 -37.61296 -7.082185
v -2.788883 -36.84267 -6.318306
v -2.648575 -35.77124 -7.17578
v -3.480148 -35.20027 -8.286403
v -4.243007 -35.89046 -8.509641
v -4.234663 -36.87455 -8.061725
v -4.51266 -37.76316 -7.555195
v -5.139121 -36.21259 -8.793701
v -6.183288 -36.50119 -8.628682
v -5.973306 -35.58005 -9.2731
v -4.164284 -34.64594 -9.231224
v -5.106863 -34.24097 -9.99487
v -0.967526 -97.14499 -4.379953
v -0.307386 -96.13228 -3.962168
v 0.793916 -96.65681 -3.36825
v 1.550779 -95.79142 -2.921518
v 1.364673 -94.63204 -2.983494
v 2.237681 -96.48981 -2.458457
v 2.987017 -97.02644 -1.842651
v -7.95429 -72.35784 -8.966595
v -9.19157 -73.57443 -9.317001
v -9.450121 -71.54301 -9.308478
v -11.02246 -71.0993 -9.205829
v -10.5959 -74.28193 -9.292533
v -11.84535 -73.60593 -9.0578
v -12.0629 -72.16341 -8.998279
v -13.66493 -72.40929 -8.354685
v -13.07143 -74.23032 -8.642433
v -13.95864 -75.73993 -8.205713
v -8.104216 -97.75838 -9.183211
v -18.14788 -72.04253 -4.978119
v -18.85602 -71.894 -3.622512
v -19.00609 -73.30077 -3.07523
v -10.38534 -25.57675 -10.97287
v -10.75984 -26.66955 -10.84504
v -11.51717 -27.6285 -10.49127
v -10.00491 -27.59233 -11.19946
v -8.703202 -27.38399 -11.7002
v -9.556294 -28.722 -11.35164
v -9.362063 -30.02609 -11.3276
v -8.54598 -31.37872 -11.27347
v -10.63636 -29.85967 -10.80017
v -8.346727 -26.10988 -11.75307
v -11.84755 -28.77177 -10.30674
v -11.4245 -25.47406 -10.46466
v -12.37302 -25.60521 -9.816909
v -12.86033 -26.66824 -9.536332
v -13.2996 -25.61518 -9.128799
v -14.1739 -25.53428 -8.384364
v -14.76727 -26.47333 -7.887666
v -15.2108 -25.50019 -7.305939
v -15.21353 -27.54044 -7.548123
v -16.08685 -27.66773 -6.619548
v -16.93607 -28.19484 -5.637368
v -18.0531 -28.79424 -4.104854
v -16.51387 -26.65248 -5.879744
v -9.468678 -32.39722 -10.83331
v -10.86608 -32.15922 -10.36177
v -17.03806 -29.42316 -5.703599
v -16.35632 -30.15493 -6.563439
v -16.97758 -31.01563 -5.848474
v -17.72439 -31.71255 -4.849803
v -18.27082 -30.93185 -3.960753
v -14.37936 -27.37634 -8.351605
v -13.84097 -28.14518 -8.914822
v -13.49478 -29.17681 -9.201927
v -14.41154 -29.47219 -8.454288
v -15.48513 -28.56976 -7.381059
v -17.08321 -26.03741 -4.989108
v -16.42512 -25.55802 -5.823477
v -17.72753 -32.9389 -4.711824
v -18.44183 -29.83163 -3.65777
v -18.73968 -28.66774 -2.548042
v -12.9388 -29.93746 -9.56033
v -13.03052 -31.19187 -9.430404
v -14.10721 -31.48728 -8.66989
v -13.23419 -32.3 -9.143374
v -14.12246 -32.73521 -8.469558
v -8.200371 -30.29859 -11.50542
v -7.103117 -29.60147 -11.83147
v -6.025614 -30.426 -11.81976
v -4.794214 -29.96877 -11.83955
v -6.927363 -28.32268 -12.0026
v -8.92724 -33.51725 -10.48427
v -11.3058 -30.96052 -10.41354
v -12.92154 -39.12554 -9.292684
v -10.64882 -42.39582 -9.021812
v -11.519 -42.05958 -9.376765
v -3.379828 -78.64672 -5.359898
v -2.894718 -77.16538 -4.631373
v -1.958883 -78.0943 -3.908466
v -8.22325 -78.44399 -9.149796
v -11.53253 -33.11639 -9.896002
v -12.3376 -33.78793 -9.405466
v -18.99322 -27.82283 -1.424311
v -4.723106 -28.83516 -12.02732
v -5.552588 -28.07775 -12.14925
v -9.853621 -5.96175 -6.484176
v -14.35166 -5.903243 -0.303833
v -18.45233 -88.32709 0.212096
v -18.51305 -88.8297 -0.817068
v -15.62096 -11.91573 4.076522
v -15.78497 -11.95947 2.570954
v -4.15418 -98.01091 -7.007727
v -3.394225 -98.82912 -6.414226
v -9.600994 -13.14423 -7.316017
v -8.916735 -14.12107 -7.933838
v -11.18561 -101.1642 -9.406159
v -11.20014 -13.09208 -6.527723
v -12.07164 -16.769 -7.833749
v -11.35892 -17.56103 -8.582733
v 0.873645 -93.04597 -3.08919
v -9.799843 -57.17719 -9.213949
v -15.42157 -83.77906 -7.430894
v -17.9951 -85.14651 -4.867102
v -16.14018 -77.35403 -6.800596
v -19.45116 -42.87717 -1.373458
v -11.84402 -69.96825 -9.049834
v -11.58102 -68.5149 -9.107514
v -13.06898 -69.62378 -8.627887
v -14.12789 -70.5609 -8.08389
v -10.32684 -68.25931 -9.297559
v -9.232615 -69.08826 -9.232635
v -9.536942 -70.29726 -9.298212
v -10.61358 -67.17219 -9.276203
v -12.72096 -76.47718 -8.799394
v -11.38022 -76.32262 -9.195113
v -10.25673 -77.39764 -9.361543
v -14.61213 -30.61305 -8.255334
v -0.842145 -20.31055 -11.04597
v -17.63596 -103.5578 -3.42973
v -14.15016 -8.44715 6.379014
v -14.57347 -9.413235 5.871063
v -18.55795 -22.74147 2.912821
v -19.18477 -75.16273 -1.15385
v -19.09272 -76.02794 -2.249536
v -19.0934 -77.29264 -1.759674
v -18.97316 -78.40025 -2.563064
v -19.01466 -79.1832 -1.602198
v -18.97165 -80.45753 -1.617223
v -19.00452 -79.27534 -0.546248
v -19.02027 -78.79689 0.650953
v -2.756163 -53.86175 -4.011607
v -19.60201 -57.13947 0.812589
v -19.58587 -56.20603 1.466666
v -14.30968 -10.29376 -1.735289
v -14.74253 -9.751504 -0.643568
v -14.01709 -9.424143 -2.191249
v -14.04223 -8.449683 -2.045668
v -7.032784 -99.21458 -8.903942
v -6.070013 -98.5639 -8.473007
v -5.706126 -99.61936 -8.260911
v -4.730807 -100.017 -7.539564
v -5.529778 -100.7089 -8.15082
v -6.133775 -101.7927 -8.506641
v -4.190876 -101.0595 -7.171902
v -3.229867 -101.0712 -6.404615
v -4.225839 -102.207 -7.239823
v -6.1222 -97.50234 -8.502931
v -7.215709 -54.46719 -7.970212
v -6.197922 -54.37678 -7.338035
v -5.203307 -54.21149 -6.678718
v -4.800563 -53.02683 -6.307857
v -4.314368 -54.25397 -5.91096
v -3.92795 -55.26546 -5.518049
v -3.543357 -56.13824 -5.033916
v -6.786085 -53.55061 -7.648479
v 4.019123 -95.30763 0.124908
v 1.919663 -82.8446 -1.55152
v 0.608865 -82.52217 -2.584313
v 1.385031 -83.70084 -2.115564
v -18.89436 -81.26906 0.561379
v -19.57167 -60.27508 2.124164
v -19.51492 -61.18263 1.013704
v -19.54277 -59.84309 0.651662
v -19.58323 -58.47697 0.502266
v -19.61019 -57.57738 -0.321317
v -19.52932 -57.64838 -1.53504
v -19.39185 -56.94944 -2.416973
v -15.05087 -8.013544 2.866205
v -15.14269 -9.040621 1.899189
v -15.29752 -10.08725 1.208923
v -15.13392 -10.84317 0.22405
v -15.26876 -11.70571 -0.647274
v -15.97069 -11.84657 0.205498
v -15.37257 -10.54467 2.227565
v -16.19548 -11.18609 2.131388
v -15.13294 -8.872594 3.199608
v -15.22593 -12.3105 -1.598697
v -15.50959 -97.16705 -7.598133
v -15.22928 -95.8965 -7.811212
v -16.331 -96.66315 -6.840206
v -17.0394 -97.16708 -5.968233
v -17.15106 -98.4356 -5.862833
v -16.88791 -96.08957 -6.148083
v -17.30818 -95.3119 -5.65625
v -17.89421 -95.34257 -4.606358
v -18.14085 -95.66909 -3.450019
v -18.24148 -94.81621 -2.71511
v -17.9268 -96.35901 -4.358815
v -17.70313 -97.17892 -4.937417
v -4.519796 -32.35061 -11.127
v -5.888731 -32.22643 -11.32248
v -7.093179 -32.55186 -11.15706
v -8.277482 -32.5237 -10.98447
v -3.993615 -31.55127 -11.32388
v -13.54955 -14.94567 -5.905139
v -19.30494 -70.70355 1.303951
v -19.30276 -71.07622 0.390533
v -19.3098 -71.184 -0.694192
v -5.221042 -57.63575 -6.863501
v -17.70761 -71.29927 -5.544879
v -17.64952 -69.99371 -5.598421
v -18.35135 -69.66947 -4.725712
v -18.78116 -70.3566 -3.839006
v -18.75327 -31.61624 -3.178224
v -19.23738 -31.55531 -1.922535
v -19.29428 -30.30924 -1.565477
v -19.5911 -30.21544 -0.226115
v -18.9404 -32.65208 -2.87042
v -18.55626 -33.45884 -3.470029
v -19.51659 -29.08262 0.278657
v -19.40577 -27.9556 0.07454
v -19.33115 -27.10631 0.781711
v -19.14773 -25.81823 0.664971
v -18.79907 -29.62675 -2.724955
v -9.561816 -14.84001 -8.087737
v -2.95277 -100.1272 -6.071589
v -2.751945 -9.122639 -8.257958
v -3.779671 -8.228767 -8.113348
v -3.653141 -9.952724 -8.23163
v -4.770509 -8.902008 -8.04725
v -5.914997 -8.424975 -7.823858
v -17.99469 -98.31821 -2.206754
v -18.03195 -98.01654 -3.301033
v -2.46523 -30.5105 -11.47232
v -17.69646 -101.6028 -1.495945
v -17.67074 -101.9614 -2.516307
v -17.83599 -101.2081 -3.276947
v -17.91173 -100.1795 -2.993091
v -12.95712 -10.62325 -3.797616
v -12.98654 -9.604235 -3.727332
v -17.04386 -17.59415 -2.689685
v -18.22679 -93.27366 -3.640314
v -18.38755 -92.4035 -2.416235
v -18.29094 -93.85394 -2.860445
v -15.28776 -93.4256 -7.73425
v -13.54748 -92.07868 -8.636188
v -13.04338 -93.00178 -8.877628
v -12.06355 -48.05085 -9.181562
v -5.086293 -77.41595 -7.222246
v -17.34243 -15.93932 2.862271
v -17.45046 -16.57743 3.472034
v -5.744238 -41.56675 -6.528327
v -5.037889 -42.07384 -6.060663
v -4.088184 -41.81989 -5.531469
v -5.865462 -42.57347 -6.373875
v -3.944679 -40.70787 -5.600863
v -0.187134 -97.79605 -3.989958
v 0.129501 -98.79994 -3.825771
v 0.957432 -99.34302 -3.265095
v 1.115189 -100.8624 -3.240739
v 2.244485 -100.7046 -2.508591
v 3.028531 -101.6202 -2.15378
v -18.05919 -97.341 -2.637401
v 3.084013 -87.86484 0.273783
v -18.19196 -87.55885 -4.419976
v -17.59806 -87.4747 -5.389284
v -19.394 -67.31147 -1.233512
v -5.04872 -67.64825 -6.779718
v -5.997207 -66.84574 -7.808949
v -2.255673 -46.51453 -3.549819
v -0.314837 -43.00792 -0.671313
v -0.75129 -42.88168 -1.820529
v -1.309991 -42.85164 -2.725351
v -17.30917 -20.37106 -3.408056
v -13.12613 -97.24562 -8.919168
v -14.13616 -98.11101 -8.482587
v 1.343945 -79.41752 -1.699072
v -10.54037 -62.12679 -9.238077
v -8.740447 -62.64856 -9.026179
v -9.927097 -63.41849 -9.228551
v -7.696327 -61.17076 -8.607833
v -10.77036 -64.42486 -9.233777
v -6.357217 -61.51638 -7.888052
v -6.827513 -60.27839 -8.106593
v -6.675257 -59.14377 -7.953971
v -7.304443 -58.33736 -8.271274
v -8.203466 -58.4851 -8.69229
v -8.799494 -59.53551 -8.969802
v -10.05575 -59.25694 -9.232337
v -5.783973 -59.15494 -7.389296
v -10.87655 -61.02443 -9.208343
v -19.61666 -43.01128 0.649133
v -19.61214 -44.39062 1.119248
v -19.64511 -45.30079 0.171153
v -19.65497 -46.77739 0.264868
v -19.5496 -45.05465 -1.04647
v -19.65157 -48.03883 0.01751
v -19.6491 -49.29932 0.041682
v -19.60398 -50.12647 -1.095087
v -19.4054 -51.30997 -2.14908
v -19.5812 -47.49684 -1.065102
v -19.37816 -48.10116 -2.147784
v -19.32475 -46.89259 -2.262353
v -19.30356 -45.69251 -2.242278
v -19.64543 -50.48566 0.119517
v -19.61566 -51.74662 0.828323
v -19.41419 -52.80031 -2.222594
v -19.05238 -53.56524 -3.404884
v -19.08164 -48.70224 -3.079633
v -18.62983 -48.27677 -4.096618
v -18.6878 -49.47621 -4.045426
v -18.79816 -50.82686 -3.890485
v -18.12559 -50.25986 -4.939542
v -18.29858 -51.92534 -4.754553
v -19.41444 -49.25137 -2.06729
v -19.6283 -52.76899 -0.883911
v -19.6456 -53.80559 -0.151162
v -19.63391 -55.1539 -0.550042
v -19.41096 -50.28044 -2.114921
v -19.34764 -54.48169 -2.56459
v -18.56271 -54.09427 -4.403986
v -17.92718 -54.72575 -5.247789
v -18.46894 -55.60185 -4.600629
v -18.29372 -56.77732 -4.870279
v -18.61467 -52.93715 -4.27589
v -17.16787 -55.08258 -5.934103
v -19.54424 -43.36253 1.785921
v -19.4833 -43.01007 3.014928
v -19.63301 -48.85917 0.992686
v -19.57184 -49.24611 1.994974
v -19.58432 -50.38159 2.595153
v -19.63061 -56.13099 0.094524
v -8.956178 -53.30852 -8.854116
v -9.024398 -52.08341 -8.804385
v -7.979742 -52.26609 -8.26788
v -7.345903 -51.37062 -7.782692
v -7.718834 -50.1827 -7.901249
v -8.739286 -49.74364 -8.531735
v -9.985979 -51.584 -9.20497
v -11.0084 -50.79061 -9.276425
v -10.92188 -52.17139 -9.270465
v -12.09613 -50.31148 -9.116636
v -13.03951 -50.77325 -8.665926
v -13.96155 -50.14497 -8.207463
v -13.00828 -51.92297 -8.628358
v -13.94237 -52.53565 -8.240541
v -14.42982 -53.71463 -7.920482
v -14.8072 -51.92749 -7.612699
v -15.15556 -53.00244 -7.361802
v -16.06949 -53.25839 -6.671619
v -13.72619 -54.59811 -8.356357
v -12.69401 -54.41701 -8.791008
v -12.24943 -53.39492 -8.93553
v -9.856047 -53.82719 -9.192105
v -14.95359 -81.25954 -7.696115
v -14.07814 -80.78018 -8.186363
v -13.94338 -79.67359 -8.218875
v -14.82115 -78.74831 -7.731149
v -13.08335 -80.59906 -8.655845
v -12.07586 -80.17072 -9.051003
v -11.9173 -78.93108 -9.119961
v -10.74478 -78.55334 -9.352715
v -13.58769 -78.63687 -8.386105
v -12.79605 -77.94024 -8.761168
v -14.35355 -82.11982 -8.067552
v -15.21076 -77.67253 -7.449251
v -14.5365 -76.96158 -7.880616
v -15.94532 -15.48491 -3.505394
v -15.97995 -14.6823 -2.608064
v -16.47413 -15.6017 -2.498191
v -16.96651 -15.66167 -1.454815
v -16.86961 -14.87603 -0.482498
v -16.25363 -13.66137 -0.482949
v -16.87223 -16.4822 -2.366861
v -8.727942 -57.304 -8.904274
v -8.079743 -60.22878 -8.742193
v -8.675146 -61.06442 -8.975577
v -14.17869 -55.44418 -8.085531
v -18.78612 -71.50526 2.842306
v -19.87614 -34.22605 2.005605
v -0.872221 -48.86148 -0.873725
v -15.57339 -22.50421 -6.551915
v -16.12912 -21.97291 -5.686789
v -16.74558 -22.52953 -4.849376
v -16.71413 -23.60738 -5.049406
v -16.17888 -23.97899 -5.864115
v -11.59283 -21.02728 -9.669349
v -17.81745 -47.78655 -5.279299
v -17.40438 -48.66958 -5.653992
v -8.731497 -68.08742 -9.119391
v -8.407325 -66.99148 -8.988828
v -7.621398 -65.6545 -8.705278
v -9.214112 -66.03894 -9.177508
v -7.675674 -64.15874 -8.681942
v -18.928 -80.66216 -0.594899
v -3.573277 -54.49137 -5.109664
v -19.36414 -68.27568 -1.366258
v -19.36851 -69.17404 -0.770686
v -19.00223 -46.56729 -3.138802
v -18.08699 -95.42761 -1.025945
v 0.092178 -39.68487 -0.320785
v 0.07365 -38.67423 -0.311558
v -19.48874 -37.37477 0.907655
v -19.50793 -37.63456 2.065794
v -19.26068 -38.09274 3.242363
v -19.48068 -38.93632 2.351193
v -19.52593 -39.4448 1.453218
v -19.5373 -39.15478 0.468327
v -13.10127 -61.70314 -8.643772
v -18.46874 -22.61256 -0.694708
v -16.03989 -79.74168 -6.89319
v -16.6844 -79.08257 -6.402151
v -18.60389 -24.02054 -0.421449
v -6.365007 -46.57867 -6.815933
v -0.536431 -45.69281 0.143956
v -17.63525 -29.37494 -4.832975
v -9.493666 -34.25542 -10.06384
v -10.31101 -101.5397 -9.378821
v -18.64627 -22.17759 2.115453
v -5.084786 -52.02055 -6.460017
v -4.319674 -56.0112 -5.94076
v -19.62305 -54.20924 0.799682
v -19.56622 -53.83472 1.773959
v -19.61856 -52.86237 2.602317
v -0.094339 -37.84222 -0.863481
v -0.334443 -33.72479 -7.023508
v 0.356757 -62.42348 -0.17002
v 0.107755 -61.42236 -0.50936
v -1.80996 -61.93223 -2.60327
v -2.004874 -60.95829 -2.746339
v -16.91359 -64.86243 -6.232652
v -17.09293 -63.7141 -6.081182
v -16.48059 -62.63087 -6.539115
v -17.02428 -61.73259 -6.097025
v -16.26183 -61.66047 -6.67911
v -15.56028 -60.80569 -7.120582
v -5.877522 -91.24621 -8.222718
v -9.943269 -21.56121 -10.53539
v -9.280478 -20.68024 -10.55383
v -8.266668 -20.1249 -10.60178
v -6.595141 -20.67197 -11.08123
v -7.62392 -19.2596 -10.40209
v -7.230478 -18.25823 -10.06669
v -8.398669 -18.17981 -9.846399
v -8.920208 -17.30653 -9.372662
v -11.1213 -45.95069 -9.355662
v -10.2547 -46.51523 -9.113268
v -9.703186 -47.39945 -8.900957
v -18.23693 -27.7163 -3.381083
v -15.11875 -70.16635 -7.488241
v -16.02902 -70.67272 -6.878543
v -15.58887 -69.19501 -7.18085
v -2.137957 -53.52296 -3.042614
v -1.584397 -54.05447 -2.276551
v -7.437873 -100.1878 -9.011805
v -7.096792 -101.2061 -8.903228
v -18.8872 -82.07269 -0.114717
v -18.83085 -82.6151 -0.975682
v -18.83351 -83.09009 -0.073502
v -18.09123 -88.49404 -4.597566
v -19.59445 -52.44337 1.660659
v -12.06522 -45.53427 -9.217089
v 1.105915 -74.17225 -1.226052
v 0.303271 -73.59659 -1.927675
v 0.17459 -72.42869 -1.903833
v -0.376586 -73.07216 -2.414862
v -0.590962 -72.06925 -2.484918
v 0.733454 -75.0088 -1.727418
v 0.144588 -75.76127 -2.264953
v 3.047888 -91.60957 -1.579555
v 2.200813 -92.42361 -2.270813
v 2.066285 -91.1929 -2.209591
v -1.254577 -33.06473 -9.452014
v -18.11485 -90.03925 1.085384
v -19.58907 -57.84714 2.295542
v -19.56653 -45.45042 3.015003
v -18.74197 -67.13926 -4.042263
v -2.561857 -28.36939 -11.89886
v -6.703755 -68.42223 -8.344935
v -3.257223 -13.65222 -8.727025
v -4.292529 -13.02276 -8.562764
v -19.55034 -61.81179 -0.579448
v -15.40922 -73.39604 -7.295157
v -15.8465 -72.31334 -7.001574
v -14.56305 -72.87836 -7.845125
v -14.41961 -71.84956 -7.905945
v -8.377847 -75.20504 -9.148702
v -9.502175 -74.80173 -9.353377
v -12.82952 -73.10915 -8.72684
v -13.67838 -73.3743 -8.35701
v -12.6228 -32.91055 -9.468182
v -19.59109 -59.67616 -0.439407
v -19.04912 -25.56226 1.74964
v -19.61655 -50.79619 1.657516
v -15.39304 -51.28005 -7.162831
v -18.29603 -24.88001 5.360754
v 0.591229 -64.17044 1.067914
v -16.59722 -16.96565 6.211776
v -16.41925 -15.91649 5.934434
v 2.473307 -82.89449 0.470324
v -0.683496 -24.2259 -11.80087
v 4.989507 -102.7459 0.095908
v 5.180172 -103.5289 -0.383404
v 4.692631 -100.2648 0.172741
v -0.974644 -103.7648 -4.998861
v -16.40161 -103.7348 -6.84708
v -18.64798 -75.22425 2.715471
v -19.01178 -32.09723 5.166979
v -18.83646 -29.66375 5.223906
v -0.678981 -6.932115 -7.623143
v -1.514996 -5.878608 -7.963984
v -14.57043 -6.28078 3.725267
v -17.4349 -20.2738 5.909803
v -17.3934 -19.23816 5.576961
v -0.551076 -28.28071 -11.5658
v -17.22947 -99.90228 0.615592
v -17.39228 -97.43515 0.842422
v -14.76258 -10.93533 6.082006
v -18.30602 -91.11613 -0.597326
v -18.40611 -90.20238 -1.393927
v -18.37372 -91.48798 -1.68653
v -2.073935 -25.09383 -11.95931
v -2.891359 -24.31974 -11.95862
v -4.085748 -24.74572 -12.04876
v -2.151492 -26.09576 -12.01914
v -1.125374 -33.73404 -8.412755
v -1.185967 -34.66916 -7.955927
v -0.309323 -36.70352 -3.517241
v 4.901101 -101.8804 -1.160923
v -2.388164 -102.499 -5.821992
v -15.18313 -102.4533 -7.925802
v 4.218824 -100.536 -1.563194
v -19.12375 -77.02977 0.166631
v -18.99733 -76.76444 1.389743
v -19.40607 -33.61999 3.897005
v -19.31164 -30.37859 3.947225
v -19.50996 -29.61813 3.073806
v -19.50819 -28.83193 2.242999
v -19.69427 -30.22277 2.228608
v -19.04754 -27.9377 4.01042
v 0.978273 -69.52373 -0.328914
v 0.52994 -69.81404 -1.264181
v -0.125836 -70.237 -1.974219
v -0.749716 -46.89241 -0.473886
v -0.574834 -47.57237 0.158962
v -0.178462 -54.42282 0.374229
v -0.385139 -52.50409 -0.028274
v -0.710962 -53.36981 -0.835898
v -1.547458 -32.04939 -10.5242
v 0.017921 -43.08623 1.10059
v 0.107361 -42.14151 1.036242
v -2.104184 -23.30729 -11.75891
v -2.14118 -22.27515 -11.55834
v -18.78166 -24.6083 3.432681
v -18.72618 -23.74259 2.444351
v -18.85456 -24.04641 1.354873
v 0.610273 -65.88605 -0.216828
v 2.533814 -84.62657 -0.768389
v 0.634978 -67.63123 -0.753195
v -18.22156 -21.68013 4.473317
v -18.56863 -87.15685 0.103275
v -18.53579 -88.09701 -1.649237
v -18.56042 -88.21429 -2.693179
v -18.69095 -83.40885 0.875971
v -18.68733 -85.24464 0.219582
v -19.45816 -62.41293 2.477073
v -19.50325 -62.09433 1.497677
v -19.47116 -64.25313 1.841916
v 3.812114 -102.4282 -1.815498
v -0.359997 -102.5103 -4.434122
v -0.972915 -101.915 -4.847562
v 0.378244 -102.4681 -3.9086
v 1.119701 -101.9337 -3.36099
v 1.851366 -78.26514 -0.608445
v 1.450548 -78.49755 -1.446832
v 1.477017 -76.42426 -1.05848
v -2.122584 -7.100327 -8.442682
v 0.351452 -77.15031 -2.257143
v -0.117189 -77.84888 -2.63235
v 0.191775 -78.97801 -2.554622
v -1.105691 -77.72762 -3.218806
v -0.38764 -79.98878 -2.930123
v 0.162191 -81.10408 -2.752566
v -1.363718 -79.82342 -3.603535
v -2.104849 -81.1973 -4.26757
v -1.947775 -82.69179 -4.210495
v -0.96431 -80.75806 -3.350239
v 1.02369 -81.02919 -2.119039
v -2.713176 -83.45849 -4.838285
v -3.295671 -84.08999 -5.545226
v -3.878546 -84.99241 -6.204489
v -3.136646 -85.65351 -5.489596
v -2.232244 -85.9269 -4.556469
v -3.500349 -83.06688 -5.698822
v -1.675961 -84.89961 -4.157971
v -3.192517 -86.70061 -5.596316
v -4.473184 -85.59666 -6.835783
v -4.57554 -86.64011 -6.944715
v -4.635045 -87.82414 -6.989947
v -4.016611 -87.25738 -6.357476
v -4.525795 -84.48837 -6.869668
v -1.975983 -83.9379 -4.32059
v -1.738627 -86.83806 -4.288395
v -19.43797 -35.68899 3.424909
v 2.228348 -81.95303 -0.804322
v -0.554995 -35.53895 -5.551288
v -0.67104 -36.41115 -5.764279
v -1.433236 -35.57652 -7.035408
v -2.308453 -34.39797 -8.778791
v 1.352521 -73.33777 -0.456143
v 1.248257 -72.38093 -0.43148
v -3.096192 -20.41155 -11.10654
v -4.158042 -21.23094 -11.33536
v -5.309377 -20.64177 -11.14047
v -5.27687 -19.54037 -10.77339
v -5.534371 -18.46442 -10.34138
v -4.216376 -19.04504 -10.63426
v -3.987571 -22.24139 -11.6012
v -2.131742 -18.52983 -10.49094
v -3.440575 -18.2339 -10.35794
v -3.767177 -17.26559 -9.95857
v -18.24481 -92.0187 0.039724
v -7.066695 -7.188433 -7.615549
v -7.977927 -7.133136 -7.287506
v -11.44164 -6.83951 -5.310573
v -12.10496 -6.799954 -4.579935
v -12.69669 -7.38956 -3.989719
v -14.86083 -7.05122 1.463655
v -14.91227 -7.195994 2.446009
v -17.35134 -102.4897 -5.36068
v 3.675085 -93.36086 -0.842032
v 3.559009 -92.37721 -0.834836
v -19.12099 -73.37702 1.691108
v -19.08977 -74.30579 1.620026
v -19.14767 -74.98173 0.961257
v -19.11496 -26.53074 2.795218
v -15.61365 -10.39454 5.458194
v -15.87152 -10.66585 4.497787
v 2.543358 -88.07409 -1.612889
v 2.402451 -89.84943 -1.865991
v 1.827962 -89.04322 -2.261035
v 0.959141 -88.54582 -2.809424
v 0.982101 -89.49033 -2.865834
v 0.83948 -90.52307 -3.01313
v 1.985406 -86.0564 -1.870575
v 1.642847 -86.95454 -2.24889
v 0.797203 -86.92593 -2.782246
v 0.152077 -85.95373 -3.07739
v -0.401362 -84.83298 -3.273555
v -0.383749 -86.71643 -3.386198
v 0.716713 -85.2597 -2.727444
v -19.22206 -74.0751 -0.023001
v -19.24001 -73.05439 0.172771
v -19.26631 -72.51154 -0.861361
v -19.21771 -73.53539 -1.883886
v -1.844782 -52.23785 -2.683667
v -2.643244 -51.75505 -3.92842
v -2.828938 -52.68813 -4.161361
v -2.981259 -50.97583 -4.409661
v -3.671289 -52.5485 -5.242831
v -3.698834 -51.43956 -5.252688
v -4.336969 -50.99464 -5.810248
v -4.388088 -49.99747 -5.803652
v -5.276009 -49.29182 -6.363887
v -6.410564 -48.80185 -7.031072
v -4.642394 -48.56863 -5.900867
v -4.566023 -47.26694 -5.754535
v -3.440653 -49.62706 -4.935085
v -17.80782 -99.37715 -4.25037
v -0.124946 -40.7559 1.036247
v -0.098412 -41.63189 -0.341863
v -0.268648 -100.7225 -4.212488
v -17.94475 -97.65284 -0.828926
v -18.71727 -83.87318 -2.876504
v -18.55366 -83.15279 -3.739534
v -18.82621 -83.49113 -1.981164
v -18.72358 -85.44046 -1.620765
v -18.56964 -85.7905 -3.450863
v -19.40031 -66.71568 1.692461
v -19.43557 -67.18252 -0.145923
v -19.51025 -63.48159 0.137462
v -19.34883 -65.55711 -2.192134
v -19.19581 -66.75522 -2.829745
v -19.32103 -67.33875 -2.157448
v -18.44728 -64.32375 -4.655663
v -18.08677 -63.64083 -5.120646
v -18.30618 -65.1917 -4.86238
v -18.71343 -65.7868 -4.123249
v -19.156 -68.46686 -2.935707
v -18.88141 -68.08627 -3.676663
v -19.16403 -69.34321 -2.861286
v -19.28378 -69.79137 -2.016507
v -17.81762 -66.46027 -5.406162
v -18.22624 -67.09355 -4.951283
v -19.04399 -60.53765 -3.447381
v -19.06245 -58.6275 -3.421703
v -19.33906 -59.06936 -2.549994
v -15.8551 -67.1982 -6.990517
v -17.82169 -59.83844 -5.42877
v -18.08009 -58.71796 -5.149752
v -16.20055 -58.91947 -6.682102
v -17.44492 -100.6978 -5.298599
v -16.94709 -100.5697 -6.082885
v -18.48608 -89.61414 -3.108316
v -18.31293 -91.04072 -3.626796
v -18.05511 -91.1672 -4.550737
v -0.707225 -41.26159 -2.128141
v -1.22273 -41.00201 -3.029464
v -1.625879 -41.74246 -3.440476
v -2.262431 -41.50364 -4.289003
v -1.339243 -40.07506 -3.492506
v -2.802723 -42.24764 -4.503318
v -2.284153 -40.34683 -4.683764
v -1.956776 -38.65438 -4.649158
v -2.47368 -38.28091 -5.496255
v -2.012589 -43.49407 -3.600158
v -2.029904 -44.51156 -3.358574
v 3.226084 -95.19991 -1.547187
v 2.794333 -93.62172 -1.968776
v -1.646056 -36.85517 -5.355572
v -19.55594 -32.05732 3.33129
v -19.72893 -31.1786 1.586141
v -19.203 -34.1307 -1.691418
v -19.03518 -35.09697 -2.117921
v -19.40794 -33.26824 -0.877471
v -19.7225 -34.95154 1.238878
v -19.39836 -35.87027 -0.323216
v -16.93988 -33.76691 -5.623709
v -16.23255 -33.78586 -6.414991
v -18.12934 -20.22498 4.02306
v -16.6655 -94.44339 -6.40528
v -15.82284 -94.54218 -7.30801
v -19.60451 -36.23599 2.235054
v -0.614485 -39.77096 -2.194915
v -0.097167 -38.43022 -2.644903
v -9.549223 -8.015129 -6.53131
v -7.222602 -8.890464 -7.244146
v -8.862388 -9.400789 -6.819778
v -8.046948 -10.03571 -7.047628
v -7.244917 -9.755093 -7.097817
v -8.086112 -10.77327 -7.706903
v -11.19709 -8.177632 -5.628892
v -10.48576 -8.421801 -6.311554
v -14.44149 -7.846513 -1.005487
v -15.03176 -8.354094 0.825164
v -14.76873 -8.445212 -0.154691
v -3.202713 -29.16434 -11.85348
v -0.313053 -65.40271 -1.620437
v -3.712388 -67.63323 -5.068696
v -4.095195 -68.45834 -5.578526
v -3.734692 -69.30161 -5.164865
v -4.09966 -70.03738 -5.673807
v -4.400176 -66.51679 -5.95514
v -4.453367 -65.3652 -6.000378
v -3.52534 -65.43037 -4.776418
v -4.177838 -64.00581 -5.645225
v -4.717238 -63.1076 -6.349924
v -5.690767 -63.58809 -7.441155
v -4.543128 -62.01266 -6.152082
v -4.979901 -61.12522 -6.693
v -4.693853 -60.02218 -6.387357
v -3.949325 -61.82258 -5.303636
v -5.408412 -65.23135 -7.16997
v -1.17609 -64.57053 -2.251789
v -1.284859 -63.65022 -2.239579
v 0.143299 -63.98378 -0.93325
v 0.384001 -63.33604 -0.320047
v -2.409213 -63.79169 -3.35098
v -0.56894 -63.218 -1.646867
v -0.53158 -62.28987 -1.527732
v -1.121215 -61.75264 -2.00315
v -2.856746 -62.61916 -3.842383
v -2.863183 -59.73512 -3.927631
v -2.458061 -58.96547 -3.301617
v -1.886878 -59.76707 -2.581117
v -1.282364 -59.47438 -2.007343
v -1.192326 -58.54627 -1.834643
v -0.783273 -60.10281 -1.594403
v -2.843596 -57.81656 -3.973706
v -1.847178 -58.04748 -2.470911
v -0.539999 -99.32529 -4.309272
v -1.639315 -98.78212 -5.021363
v -2.532681 -98.04652 -5.563661
v -1.972223 -96.58475 -5.033804
v -2.595248 -97.08251 -5.575535
v -3.248878 -96.67378 -6.183663
v -3.333861 -95.59609 -6.202731
v -2.093604 -95.51317 -5.125748
v -16.73608 -66.03474 -6.364775
v -15.42064 -65.6625 -7.259637
v -14.61855 -65.99278 -7.764593
v -13.88214 -65.1822 -8.215841
v -15.63605 -64.75832 -7.108208
v -13.0747 -64.615 -8.623625
v -12.21945 -63.93793 -8.942984
v -12.97244 -65.63219 -8.662312
v -12.61921 -66.60499 -8.799638
v -17.59082 -68.30566 -5.616815
v -5.600975 -12.28847 -8.368669
v -17.81743 -99.43485 -0.971191
v -1.782327 -50.51955 -2.628411
v -1.870692 -48.22402 -2.923008
v -5.822693 -50.76108 -6.805751
v -6.232732 -52.48299 -7.20227
v 2.886256 -98.69199 -2.011674
v 1.618554 -98.36285 -2.905041
v 1.39248 -97.37322 -2.966084
v -18.88744 -64.09776 -3.730602
v -19.11553 -55.83825 -3.268483
v -17.70616 -17.25796 -0.442266
v -17.53838 -17.77556 -1.604593
v -17.68595 -18.77731 -1.856226
v -19.58141 -40.60373 0.499522
v -19.58376 -41.41026 1.109924
v -19.49827 -40.89525 -0.67186
v -19.49951 -41.93925 -0.876868
v -19.5809 -42.82636 -0.358608
v -19.347 -40.39523 -1.455742
v -19.06821 -40.59746 -2.425173
v -13.25474 -8.175042 -3.35632
v -5.104293 -69.37085 -6.949964
v -5.65387 -71.40575 -7.541224
v -5.702381 -72.51762 -7.639847
v -5.061461 -73.28606 -6.953815
v -5.220313 -74.47416 -7.174863
v -4.606725 -75.37146 -6.49383
v -3.878712 -74.92621 -5.66762
v -3.339437 -74.13711 -4.983528
v -3.674198 -76.06932 -5.500472
v -3.934353 -73.44205 -5.593562
v -6.209274 -70.73994 -8.078262
v -7.108818 -70.93715 -8.595203
v -2.726961 -74.51824 -4.243834
v -4.858469 -76.39201 -6.854959
v -3.079113 -76.23592 -4.76985
v -2.409573 -76.49782 -4.130083
v -5.823315 -69.60092 -7.690472
v -7.499571 -69.75054 -8.769681
v -8.45529 -69.68916 -9.051748
v -4.761766 -96.24358 -7.386013
v -5.522352 -96.35043 -8.012983
v -3.993963 -93.62845 -6.622366
v -4.735662 -93.86225 -7.258564
v -3.79388 -92.6734 -6.381636
v -4.949728 -92.09638 -7.398539
v -4.608829 -90.04785 -7.015753
v -5.260457 -89.75038 -7.665367
v -5.446978 -88.14014 -7.8226
v -3.918994 -90.99812 -6.459292
v -3.20681 -90.76948 -5.798909
v -3.02007 -89.78397 -5.549838
v -2.651775 -91.5148 -5.347253
v -4.087668 -89.05595 -6.53921
v -1.953809 -89.79709 -4.641484
v -2.852959 -88.12109 -5.338533
v -2.070956 -87.93761 -4.56186
v -1.397626 -88.8609 -4.116044
v -0.53658 -88.4387 -3.572636
v -3.033836 -92.54714 -5.696146
v -1.906114 -93.51044 -4.891702
v -1.562541 -92.39542 -4.501369
v -0.862608 -90.79476 -3.863739
v -1.611064 -90.67316 -4.439395
v -0.347538 -89.99753 -3.541039
v -3.558123 -46.21962 -4.906347
v -3.473537 -45.2468 -4.811752
v -4.963373 -45.56023 -5.905129
v -7.953188 -47.76283 -7.846501
v -8.656249 -48.33254 -8.377487
v -7.141593 -48.20073 -7.410742
v -7.863262 -46.77888 -7.726023
v -4.426986 -44.835 -5.506531
v -3.267408 -43.59522 -4.672618
v -4.131052 -43.27062 -5.308957
v -5.439588 -43.70038 -6.117703
v -6.879788 -42.86828 -6.835997
v -7.053062 -43.98672 -7.006753
v -7.839641 -42.00726 -7.267768
v -8.499988 -42.71316 -7.700944
v -8.100315 -43.94611 -7.60445
v -8.492398 -44.83427 -7.944119
v -9.377986 -44.76864 -8.507256
v -10.25503 -44.4823 -9.017868
v -9.637647 -40.66682 -8.141112
v -8.854323 -39.91711 -7.85519
v -8.929513 -38.90025 -8.142867
v -9.62229 -37.7781 -8.556157
v -10.74515 -40.09948 -8.857252
v -11.01792 -38.96974 -8.84882
v -5.710104 -22.89288 -11.73266
v -6.496228 -21.86041 -11.47578
v -17.78841 -61.79755 -5.451432
v -19.06334 -36.26247 -1.984566
v -18.95644 -37.22468 -2.408766
v -18.50141 -37.43021 -3.507895
v -19.39566 -37.36367 -0.569363
v -19.30933 -38.00924 -1.203366
v -19.39655 -38.90206 -0.958238
v -8.421198 -12.26416 -7.309892
v -10.02368 -11.70871 -6.503942
v -14.57525 -64.23913 -7.792967
v -14.31746 -63.20807 -7.955458
v -11.98413 -10.91078 -4.943685
v -16.31774 -101.8459 -6.876137
v -15.67613 -99.34839 -7.50214
v -14.75971 -99.52076 -8.15982
v -1.970306 -14.61301 -9.045498
v -1.993344 -11.22167 -8.422809
v -2.915915 -11.12216 -8.330594
v -4.61669 -11.13972 -7.787755
v -13.73546 -101.7113 -8.69595
v -12.90674 -99.01496 -9.022973
v -14.93882 -101.442 -8.077048
v -5.060472 -17.15601 -9.830291
v -5.912776 -16.25489 -9.388448
v -7.1126 -16.45437 -9.31591
v -8.295208 -16.29097 -9.08082
v -7.640337 -15.6113 -8.88754
v -18.77932 -26.42977 -1.34128
v -18.94948 -25.81487 -0.442177
v -18.33778 -24.45166 -1.941007
v -18.26368 -25.42761 -2.50949
v -17.41049 -24.05578 -3.915225
v -17.37293 -22.00916 -3.682214
v -16.4546 -20.75014 -4.942482
v -16.85422 -18.91333 -3.973104
v -15.21322 -20.36511 -6.558763
v -15.29461 -21.2685 -6.638707
v -1.264284 -52.0714 -1.722896
v -0.466245 -49.87505 0.248382
v -0.690358 -50.85798 -0.533096
v -14.26093 -93.75818 -8.337308
v -14.12315 -95.51187 -8.462734
v -12.6137 -94.82629 -9.066363
v -12.00669 -95.7468 -9.258894
v -12.3879 -96.64894 -9.173508
v -6.625077 -11.1153 -7.656145
v -7.348477 -11.33015 -8.003647
v -5.706872 -10.0742 -7.567738
v -13.07783 -11.84391 -4.332946
v -14.20329 -12.48728 -3.445811
v -10.25241 -16.10685 -8.445709
v -10.15753 -16.98682 -8.824062
v -17.53173 -103.4439 -1.296547
v -1.559659 -75.8188 -3.418215
v -1.910677 -72.97118 -3.475321
v -2.649679 -72.96069 -4.05427
v -1.566975 -72.22536 -3.136805
v -1.996868 -71.41465 -3.377796
v -2.719671 -71.39635 -4.044725
v -1.621811 -70.61787 -3.022852
v -0.837108 -70.68353 -2.520456
v -19.52807 -60.51102 -1.237548
v -14.99432 -68.31609 -7.552992
v -13.65531 -67.44876 -8.337077
v -13.9927 -68.42357 -8.159204
v -17.06778 -58.20858 -6.044079
v -17.07488 -56.78726 -6.044116
v -17.89474 -18.32661 3.384018
v -17.6199 -16.25108 1.63462
v -17.04273 -14.70175 1.613492
v -16.35646 -13.27937 2.055308
v -16.46289 -13.59465 0.930937
v -1.501705 -37.49153 -4.501622
v -0.451015 -37.77633 -3.931387
v -0.274788 -36.99101 -4.354208
v -2.914726 -70.30174 -4.201909
v 0.360011 -91.65556 -3.246978
v -0.381398 -93.15382 -3.707267
v -0.196395 -94.78078 -3.730365
v -11.99203 -62.58143 -8.988569
v -11.93529 -60.62534 -9.030232
v -11.44654 -58.8788 -9.088918
v -13.09844 -59.46835 -8.647847
v -13.42267 -58.33675 -8.527909
v -11.8872 -57.94776 -9.03908
v -12.36801 -55.99186 -8.881218
v -13.17609 -56.70051 -8.637937
v -15.46726 -55.4102 -7.120798
v -15.59512 -56.45668 -7.035648
v -14.91943 -57.10943 -7.541815
v -15.566 -57.66309 -7.069385
v -9.98628 -55.87667 -9.237484
v -10.94956 -55.42903 -9.199975
v -14.53297 -59.81754 -7.78683
v -13.71354 -60.12857 -8.317342
v -14.72996 -61.62823 -7.694486
v -0.154023 -59.47826 -0.655011
v -2.946246 -56.10746 -4.114981
v -2.624537 -55.17399 -3.744634
v -19.34868 -68.60177 1.671852
v -17.82067 -20.54943 -2.222779
v -6.359358 -89.50638 -8.575895
v -7.925914 -90.47195 -9.158534
v -9.783775 -90.50281 -9.367609
v -10.67828 -88.85634 -9.369074
v -11.46004 -89.52286 -9.288166
v -11.74937 -91.76801 -9.24
v -12.3874 -91.08316 -9.087437
v -10.66209 -94.89533 -9.360819
v -10.89358 -95.81619 -9.364555
v -11.12624 -93.83228 -9.354936
v -9.522157 -94.79733 -9.349812
v -9.087425 -95.5817 -9.312882
v -6.0327 -93.02037 -8.352864
v -9.548788 -43.3399 -8.456651
v -11.33709 -100.0857 -9.389061
v -11.88484 -99.09602 -9.317418
v -9.100402 -98.73131 -9.302557
v -8.738594 -99.5563 -9.269237
v 4.322012 -98.38712 -0.992496
v -3.41008 -27.48454 -12.06276
v -3.948333 -25.92979 -12.13317
v -6.609041 -26.5932 -12.17094
v -7.436204 -26.21274 -11.96423
v -5.830655 -26.10951 -12.22171
v -5.877816 -25.193 -12.13082
v -11.55542 -65.96497 -9.11356
v -19.47931 -41.43384 2.473693
v -4.954307 -71.1235 -6.793142
v -4.511844 -71.69585 -6.289834
v -3.947004 -71.41087 -5.491882
v -10.5831 -36.66886 -8.953218
v -8.320585 -37.00626 -8.928104
v -8.463467 -36.0222 -9.350698
v -7.436171 -37.32224 -8.546805
v -9.380067 -55.18295 -9.073254
v -8.134193 -56.40905 -8.557454
v -17.22423 -53.50985 -5.86206
v -7.615293 -34.45293 -10.11145
v -7.423265 -35.46267 -9.487204
v -6.824553 -34.03992 -10.40223
v -17.77928 -89.74274 -5.084148
v -17.12502 -89.43977 -5.949901
v -16.62765 -90.2062 -6.484988
v -17.21109 -91.26523 -5.817183
v -17.96785 -92.31552 -4.653135
v -17.8915 -94.15337 -4.711086
v -16.52528 -92.66944 -6.615059
v -16.64707 -86.84759 -6.520291
v -16.17885 -87.59754 -6.902254
v -16.36294 -85.82204 -6.768768
v -15.47495 -85.69408 -7.403845
v -16.90917 -85.16235 -6.254369
v -15.07235 -84.75095 -7.679213
v -13.67292 -86.07385 -8.512673
v -13.82111 -84.75758 -8.421531
v -12.8378 -84.15466 -8.814657
v -13.41181 -83.38603 -8.570578
v -15.78546 -89.06773 -7.292587
v -15.00497 -88.7559 -7.805366
v -14.62406 -90.25182 -8.070853
v -14.94759 -91.99626 -7.92988
v -16.12839 -91.64188 -7.002532
v -14.19378 -87.56563 -8.242064
v -12.29597 -89.06119 -9.080675
v -13.20704 -89.3677 -8.739268
v -10.53168 -48.59978 -9.285705
v -10.08304 -49.49721 -9.190806
v -16.07778 -82.49689 -6.917024
v -16.90418 -82.66131 -6.24386
v -17.72323 -83.67657 -5.345243
v -18.10815 -82.90069 -4.808121
v -18.20679 -81.19278 -4.670305
v -17.9247 -80.27965 -5.147836
v -18.26561 -79.41424 -4.633712
v -18.06457 -78.33354 -4.992214
v -18.674 -79.5693 -3.653238
v -17.06826 -81.11883 -6.092735
v -18.64118 -77.62598 -3.918705
v -18.26864 -75.98994 -4.714826
v -18.71687 -76.34263 -3.801798
v -17.75678 -76.72921 -5.41005
v -18.67045 -82.16874 -3.420757
v -18.89724 -81.88929 -2.104023
v -15.82741 -75.72801 -7.005404
v -14.91441 -75.48563 -7.640226
v -17.03464 -75.5685 -6.145096
v -17.20506 -76.41119 -6.002618
v -16.24361 -74.08113 -6.720019
v -17.5038 -74.92748 -5.724414
v -18.05922 -75.17007 -5.056701
v -18.4126 -74.49487 -4.476559
v -18.86754 -74.31769 -3.487068
v -17.32015 -74.06111 -5.903599
v -17.03329 -72.41589 -6.122852
v -3.414526 -14.92229 -9.087072
v -2.391623 -16.18714 -9.575669
v -10.47225 -9.891068 -5.889444
v -3.740339 -60.58166 -5.081516
v -4.25675 -57.82553 -5.897629
v -3.810214 -57.11892 -5.35427
v -7.207217 -56.11498 -8.076962
v -9.183408 -46.11167 -8.520088
v -18.90681 -43.82771 -3.169913
v -18.74957 -44.72863 -3.599797
v -18.55224 -42.93344 -3.870998
v -18.06403 -43.13793 -4.793361
v -3.540825 -33.67727 -10.1144
v -14.86089 -14.91976 -4.527837
v -16.2479 -17.16361 -4.09101
v -15.67938 -16.56116 -4.503631
v -10.72083 -18.48182 -9.229472
v -9.654764 -18.67019 -9.675617
v -14.38941 -23.08714 -7.85952
v -15.23206 -24.22476 -7.105639
v -11.09371 -22.79541 -10.29229
v -7.914537 -23.70516 -11.59032
v -9.940476 -24.38972 -11.09441
v -10.53313 -34.32098 -10.00294
v -10.94797 -35.07347 -9.561387
v -10.41257 -35.81182 -9.310507
v -11.9078 -35.15219 -9.727087
v -12.32915 -35.98452 -9.597379
v -13.40293 -34.47488 -8.898405
v -13.51523 -35.47644 -8.960684
v -14.15514 -35.98737 -8.377005
v -14.10759 -36.97183 -8.40696
v -14.67198 -34.49245 -7.854613
v -14.04159 -33.93283 -8.376797
v -13.15228 -37.07219 -9.265109
v -15.87143 -35.33084 -6.67162
v -15.26101 -35.9809 -7.188679
v -15.988 -37.14623 -6.526435
v -16.03247 -38.05381 -6.488242
v -16.73676 -38.55392 -5.965268
v -16.56798 -36.63696 -6.050343
v -17.99729 -39.25195 -4.5719
v -17.55897 -39.95851 -5.166297
v -17.82248 -38.24855 -4.739681
v -16.46749 -35.68418 -6.121118
v -17.16832 -34.92837 -5.314946
v -17.57694 -36.35242 -4.88171
v -18.08424 -36.7682 -4.179613
v -18.50451 -35.33347 -3.388819
v -18.05473 -34.87207 -4.097371
v -18.74213 -38.81529 -3.115852
v -18.59613 -40.36843 -3.600639
v -18.46307 -39.46441 -3.779249
v -18.31102 -41.1801 -4.251757
v -19.05635 -41.7583 -2.580304
v -11.74519 -37.5223 -9.162528
v -14.81252 -37.28217 -7.528581
v -14.87006 -38.20498 -7.395011
v -14.35736 -38.74685 -7.863447
v -13.68725 -40.04145 -8.540825
v -12.9392 -41.49206 -9.093945
v -14.13951 -41.29316 -7.840797
v -14.13744 -42.33812 -7.824479
v -14.97858 -42.5713 -7.287611
v -15.61325 -41.7658 -6.860619
v -12.27729 -40.36419 -9.389126
v -16.11153 -40.4681 -6.479191
v -13.49529 -45.2259 -8.43024
v -14.34637 -45.3106 -7.806047
v -12.95579 -45.9462 -8.853827
v -15.64709 -43.80184 -6.881551
v -16.46336 -45.66241 -6.303155
v -15.49496 -46.60796 -7.045081
v -14.74158 -46.63004 -7.610137
v -14.28805 -47.57156 -7.944684
v -15.90014 -47.39572 -6.722713
v -15.13056 -48.35411 -7.358402
v -15.1162 -49.31869 -7.363396
v -15.8112 -49.85228 -6.822418
v -13.54257 -48.81077 -8.335949
v -12.7246 -48.70694 -8.870245
v -16.80406 -47.02596 -6.069843
v -16.52255 -48.80263 -6.307179
v -16.33356 -42.34112 -6.353514
v -18.08588 -44.60626 -4.861093
v -18.02826 -46.44648 -4.998792
v -18.44349 -46.19002 -4.292788
v -17.64284 -42.33429 -5.229947
v -11.01818 -43.83427 -9.318136
v -16.54125 -51.75195 -6.331318
v -16.95723 -50.46154 -6.021022
v -15.21494 -32.71764 -7.611151
v -15.73549 -32.04544 -7.172477
v -16.34352 -32.28619 -6.478212
v -15.54242 -30.99544 -7.4214
v -10.63135 -83.79141 -9.352782
v -9.541417 -82.47676 -9.378068
v -10.88876 -81.92825 -9.328641
v -10.98499 -80.8545 -9.31305
v -11.61533 -82.67203 -9.194132
v -12.60989 -81.99176 -8.854541
v -8.740952 -84.19656 -9.302855
v -5.113828 -81.92327 -7.406866
v -5.892447 -82.39446 -8.152745
v -6.557623 -81.90079 -8.574674
v -6.482038 -80.95773 -8.519355
v -5.50239 -80.64084 -7.814309
v -5.016419 -79.77895 -7.26919
v -5.380971 -78.60182 -7.626298
v -4.28139 -80.0164 -6.432034
v -4.098516 -81.07669 -6.266096
v -3.410443 -81.40645 -5.558167
v -2.88837 -80.75499 -4.868896
v -3.905655 -79.21905 -5.976779
v -4.100193 -78.16948 -6.07147
v -7.780369 -81.14635 -9.072366
v -6.045932 -83.69024 -8.299155
v -6.665124 -79.72497 -8.572981
v -7.219595 -77.77485 -8.802482
v -7.291622 -76.78679 -8.816001
v -8.124474 -76.22105 -9.10453
v -6.472607 -74.70622 -8.369246
v -6.197642 -75.7577 -8.211302
v -5.681673 -76.65178 -7.820929
v -16.20119 -13.21644 4.157668
v -1.146927 -48.02094 -1.566136
v -7.13832 -39.82801 -7.575925
v -7.89034 -40.27684 -7.589737
v -7.10162 -38.98247 -7.845961
v -5.713845 -37.8073 -7.705878
v -5.753157 -34.79595 -9.80184
v -6.842245 -72.95842 -8.550206
v -8.228481 -73.33688 -9.074579
v -8.906761 -72.59204 -9.257001
v -9.837337 -72.41192 -9.330932
v -8.457852 -71.49573 -9.125896
v -10.13489 -73.44975 -9.323255
v -11.00552 -73.52863 -9.22032
v -11.4411 -74.35905 -9.159788
v -10.93571 -75.29597 -9.276023
v -11.94894 -71.21858 -9.026547
v -11.21509 -71.96712 -9.177748
v -12.93009 -71.88876 -8.686846
v -13.81344 -74.76902 -8.287352
v -12.95454 -75.32445 -8.697757
v -19.15716 -71.70042 -2.652906
v -19.28291 -71.10233 -1.766999
v -18.79748 -72.76486 -3.740369
v -11.95428 -24.66023 -10.06942
v -12.37942 -27.44923 -9.92741
v -13.72628 -24.64119 -8.732071
v -17.53099 -28.1636 -4.765421
v -13.49817 -27.28396 -9.122122
v -15.85561 -25.76237 -6.603121
v -12.61832 -29.08682 -9.786335
v -7.29882 -30.45799 -11.63343
v -7.999882 -28.18833 -11.79713
v -12.19472 -31.17241 -9.991209
v -3.052382 -79.62531 -5.044111
v -3.429421 -77.64804 -5.327394
v -2.694906 -78.5526 -4.540336
v -18.69398 -27.76525 -2.354534
v -15.28377 -11.79556 5.039427
v -15.59216 -11.50011 3.377669
v -4.857976 -97.98202 -7.545536
v -4.32521 -97.07549 -7.097422
v -4.236473 -99.10106 -7.125238
v -12.33947 -17.73244 -8.10037
v 0.867102 -93.92666 -3.174576
v -14.8892 -83.12257 -7.770082
v -17.59909 -85.79586 -5.430249
v -18.36473 -84.64359 -4.232866
v -19.23204 -43.45796 -2.205411
v -19.46655 -44.06956 -1.393175
v -12.28018 -67.83737 -8.921144
v -12.42601 -68.93333 -8.866849
v -13.93535 -69.6089 -8.180134
v -10.13911 -70.96468 -9.300574
v -13.5809 -76.60077 -8.398039
v -12.1073 -75.89401 -8.987042
v -11.08957 -77.14643 -9.266101
v -10.42727 -76.43995 -9.34347
v -9.18509 -77.08074 -9.326489
v -14.12227 -9.423293 6.732553
v -18.46977 -21.81173 3.123757
v -18.95612 -75.30039 -2.987812
v -19.13319 -76.45215 -1.467249
v -19.09668 -77.15231 -0.813469
v -5.6682 -102.5469 -8.228644
v -2.522544 -101.2337 -5.809738
v -5.60493 -55.27486 -7.040185
v 1.320817 -82.36809 -2.040475
v -0.193375 -83.38387 -3.052361
v -0.970701 -82.81387 -3.550573
v -16.26446 -11.82661 1.210035
v -14.82032 -11.60418 -1.599191
v -15.7897 -97.98169 -7.374156
v -16.62701 -98.7228 -6.526962
v -18.14186 -96.29736 -2.761371
v -5.335445 -33.03242 -10.89385
v -7.705187 -31.82743 -11.27871
v -4.128644 -30.65501 -11.65197
v -17.06471 -70.54028 -6.095053
v -19.39181 -32.18903 -1.194292
v -19.51385 -30.85511 -0.844161
v -19.67146 -31.07012 0.414892
v -19.27743 -28.32084 -0.732178
v -3.345848 -7.481894 -8.293406
v -18.29508 -93.05044 -1.635433
v -12.67586 -47.36727 -8.968771
v -11.59667 -47.2412 -9.27611
v -17.373 -16.94839 4.309152
v 0.028594 -96.94773 -3.755989
v 2.595943 -99.88045 -2.24088
v 3.052368 -100.7109 -2.08546
v -5.383086 -66.92955 -7.175571
v -5.716086 -67.70297 -7.575379
v -5.653116 -66.08405 -7.420509
v -6.344496 -66.00168 -8.059376
v -0.963859 -43.7229 -2.01561
v -13.57347 -96.47128 -8.719573
v -14.88842 -97.73039 -8.044714
v -9.533291 -62.03193 -9.167392
v -8.898022 -63.72146 -9.070654
v -7.802516 -62.24164 -8.684647
v -7.965703 -63.21561 -8.779796
v -9.809279 -64.37445 -9.223915
v -6.127738 -60.66179 -7.672756
v -5.611718 -61.36867 -7.340564
v -6.79992 -57.69069 -7.931571
v -9.561964 -60.08139 -9.181077
v -10.04459 -58.32214 -9.228746
v -5.241539 -58.56692 -6.909955
v -19.56392 -44.98325 1.946768
v -19.61792 -46.07317 -0.340678
v -19.56873 -50.98335 -1.339686
v -19.55846 -51.96003 -1.433217
v -19.28751 -52.03278 -2.641911
v -19.14559 -51.17618 -3.064708
v -17.68472 -49.60743 -5.413642
v -18.37034 -51.0509 -4.627598
v -17.63185 -52.13502 -5.514664
v -19.63777 -52.52892 0.133979
v -19.52808 -55.0789 -1.610094
v -18.32186 -57.67642 -4.834059
v -9.17858 -51.14815 -8.858052
v -6.587414 -51.11079 -7.316925
v -14.62291 -51.04802 -7.739421
v -10.14617 -79.29022 -9.406554
v -14.47224 -77.92679 -7.92281
v -15.87099 -13.45935 -1.413132
v -15.92305 -12.79266 0.084565
v -14.6026 -54.64129 -7.795541
v -19.66708 -33.87127 2.8813
v -1.206024 -49.22185 -1.640125
v -16.47953 -24.73415 -5.559045
v -10.01144 -66.48341 -9.244704
v -8.482523 -65.5582 -8.95706
v -6.647184 -63.9588 -8.202847
v -7.139162 -64.89064 -8.466815
v -19.36482 -69.33683 0.098676
v -18.15363 -94.50811 -1.115504
v -0.091008 -38.98897 0.865526
v -19.46512 -39.86351 2.314692
v -13.84531 -61.43199 -8.208433
v -15.34324 -79.42188 -7.394815
v -16.70666 -78.07682 -6.392729
v -15.70316 -62.95858 -7.052718
v -8.995919 -21.82038 -10.9666
v -9.556098 -19.7616 -10.16751
v -18.05485 -26.70684 -3.36962
v -16.32046 -68.92117 -6.670227
v -0.498126 -73.94637 -2.561201
v 1.650832 -92.95598 -2.696543
v -19.59835 -57.96733 1.330082
v -19.55071 -45.99588 2.28179
v -7.457005 -68.0924 -8.708984
v -6.54812 -67.49972 -8.210633
v -19.53334 -61.78298 0.330218
v -15.06951 -74.20467 -7.522729
v -16.21532 -71.53863 -6.737933
v -7.53568 -74.98987 -8.87738
v -16.67945 -15.54662 5.050876
v -17.56951 -18.62153 4.896391
v -3.738181 -23.63731 -11.8736
v -19.08888 -77.99037 0.129216
v -19.57523 -29.26025 1.31136
v 0.499362 -70.77835 -1.43311
v -1.574946 -78.91594 -3.682446
v -1.94764 -80.32359 -4.083847
v -2.451297 -82.00036 -4.522743
v -1.525195 -81.87699 -3.877853
v 2.13039 -81.01929 -0.750925
v -6.358783 -17.98748 -10.09585
v -18.16964 -92.98579 -0.010092
v -5.988196 -49.55143 -6.821989
v -7.110608 -49.42862 -7.497283
v -6.30532 -47.77204 -6.881949
v -3.969705 -47.86993 -5.35221
v -17.5297 -99.05737 -5.138446
v -18.28151 -85.85171 -4.33196
v -19.41474 -67.80254 0.630013
v -15.46215 -58.75108 -7.166516
v -16.10764 -59.91689 -6.759119
v -3.392002 -41.69442 -4.984922
v -2.902985 -37.71398 -6.267962
v -19.08354 -33.54346 -2.478927
v -15.45253 -33.96909 -7.137251
v -6.0798 -62.59177 -7.762866
v -4.317643 -59.385 -5.934359
v -5.795519 -64.49245 -7.545649
v -0.314157 -60.60762 -1.052029
v -3.340744 -94.51013 -6.129056
v -14.26802 -66.79509 -7.981161
v -17.27232 -69.16616 -5.937337
v 3.733523 -98.69944 -1.723032
v -4.454107 -73.00397 -6.267531
v -2.618906 -75.66428 -4.238889
v -2.573067 -43.13925 -4.286024
v -9.665555 -41.58118 -8.287789
v -10.21274 -38.56467 -8.443317
v -4.698338 -22.87173 -11.73851
v -7.576812 -22.02693 -11.32473
v -13.28474 -98.16935 -8.872123
v -5.518847 -9.259426 -7.790966
v -12.15176 -84.75467 -9.04313
v -17.44073 -79.88573 -5.778153
v -15.62636 -38.78809 -6.793407
v -12.12965 -49.37904 -9.127613
v -8.609136 -81.99062 -9.26368
v -4.640555 -82.53461 -6.940579
v -6.150158 -78.78993 -8.268562
v -5.676937 -77.7511 -7.858474
v -5.771399 -74.86938 -7.797039
v -7.43223 -38.21347 -8.222919
v -13.68299 -71.38786 -8.333303
v -8.987914 -77.97194 -9.305269
v -0.204639 -82.46512 -3.007713
v -7.064509 -66.3436 -8.498523
v 1.438446 -104.6587 3.007426
v 0.232226 -104.5587 2.758625
v -0.995216 -104.4524 2.66543
v -2.080261 -104.3595 3.249996
v -2.468246 -104.3232 4.422556
v -1.585233 -104.4033 5.28422
v -0.356314 -104.4691 5.404645
v 0.877606 -104.512 5.336524
v 2.111906 -104.5556 5.272983
v 3.346443 -104.5987 5.211186
v 4.579101 -104.6358 5.117701
v 5.807106 -104.664 4.975142
v 7.028323 -104.6823 4.782801
v 8.23878 -104.6881 4.531235
v 9.432776 -104.6789 4.211504
v 10.59692 -104.6477 3.796445
v 11.71541 -104.5903 3.272607
v 12.76384 -104.5026 2.623071
v 13.72906 -104.3852 1.859473
v 14.44748 -104.2011 0.870249
v 15.18686 -104.0232 -0.10464
v 15.39252 -102.8136 0.095281
v 15.46949 -101.5787 0.211367
v 15.65945 -100.3651 0.400204
v 15.81837 -99.14428 0.56802
v 15.94232 -97.9163 0.713475
v 15.99565 -96.67884 0.815412
v 16.18267 -95.46388 0.995504
v 16.35136 -94.24437 1.166445
v 16.4264 -93.00967 1.285251
v 16.4494 -91.77035 1.37261
v 16.6015 -90.54768 1.531654
v 16.77876 -89.33001 1.7035
v 16.85567 -88.09575 1.821637
v 16.90846 -86.85953 1.927115
v 16.94105 -85.62151 2.022727
v 17.1286 -84.40559 2.195045
v 17.23039 -83.17458 2.325107
v 17.2551 -81.93626 2.417415
v 17.36527 -80.70641 2.550724
v 17.51508 -79.48274 2.700748
v 17.54805 -78.24497 2.798827
v 17.71212 -77.0234 2.952254
v 17.80245 -75.7906 3.074123
v 17.77963 -74.5507 3.146783
v 17.91551 -73.32416 3.285838
v 18.06777 -72.09992 3.430665
v 18.14111 -70.865 3.543568
v 18.223 -69.63113 3.659024
v 18.20255 -68.39109 3.730989
v 18.33203 -67.163 3.866045
v 18.31382 -65.92313 3.940773
v 18.41221 -64.69152 4.062763
v 18.5302 -63.46195 4.192986
v 18.58709 -62.22487 4.297145
v 18.58863 -60.98464 4.379361
v 18.46963 -59.74823 4.402935
v 18.53714 -58.51276 4.512849
v 18.6925 -57.28922 4.660456
v 18.7429 -56.0523 4.762426
v 18.67134 -54.81424 4.814
v 18.67955 -53.57569 4.896453
v 18.80635 -52.34738 5.028821
v 18.81406 -51.10731 5.110247
v 18.67776 -49.87293 5.119928
v 18.69812 -48.63494 5.208404
v 18.78669 -47.40269 5.331369
v 18.60771 -46.1744 5.323298
v 18.53136 -44.93634 5.367426
v 18.64293 -43.70894 5.510116
v 18.65846 -42.47199 5.598541
v 18.59299 -41.23621 5.650591
v 18.38653 -40.0185 5.633963
v 18.51146 -38.79572 5.761371
v 18.62622 -37.56954 5.867133
v 18.7371 -36.34409 5.949249
v 18.84095 -35.11866 6.011659
v 18.88859 -33.88828 6.056449
v 18.84054 -32.65929 6.07677
v 18.78799 -31.43353 6.111962
v 18.70331 -30.21458 6.146604
v 18.59059 -29.00206 6.194665
v 18.47752 -27.79579 6.260381
v 18.28443 -26.60008 6.311562
v 18.06481 -25.41974 6.367732
v 17.87821 -24.2446 6.456936
v 17.59706 -23.0968 6.527215
v 17.42014 -21.93967 6.666795
v 17.24293 -20.79347 6.823477
v 16.98632 -19.66436 6.938402
v 16.70022 -18.5523 7.049856
v 16.39081 -17.45783 7.17101
v 16.05376 -16.38038 7.289513
v 15.67773 -15.32299 7.396475
v 15.26815 -14.2779 7.48814
v 14.84621 -13.23326 7.532958
v 14.45814 -12.16617 7.517103
v 14.10527 -11.08888 7.49142
v 14.56357 -10.26404 8.062545
v 13.58959 -9.728388 7.730905
v 13.74039 -8.613127 7.958516
v 13.20203 -7.608809 7.723708
v 13.02122 -6.640636 7.699185
v 12.09675 -6.399919 8.891911
v 11.08412 -6.213189 9.965119
v 10.04156 -6.106256 10.91644
v 9.015626 -6.03143 11.86552
v 8.015306 -5.983012 12.77557
v 6.971786 -5.952959 13.59016
v 5.882959 -5.934006 14.30886
v 4.724453 -5.928108 14.85908
v 3.511793 -5.91499 15.23325
v 2.274141 -5.883253 15.48191
v 1.024018 -5.824881 15.53531
v 0.451947 -37.15311 3.169961
v 0.49272 -38.32232 3.299039
v 0.468589 -39.5297 3.471484
v 0.361728 -40.73538 3.524001
v 0.242828 -41.97069 3.387871
v 0.13857 -43.21179 3.222742
v 0.172903 -44.46781 3.124674
v 0.319081 -45.72041 3.01721
v 0.358871 -46.98031 2.906361
v 0.335162 -48.24381 2.809929
v 0.284808 -49.50558 2.729283
v 0.222603 -50.76806 2.660276
v 0.149017 -52.02953 2.600046
v 0.091127 -53.29375 2.545746
v 0.042953 -54.55659 2.497866
v 0.029105 -55.82254 2.462068
v 0.02328 -57.08505 2.43173
v 0.007852 -58.34639 2.39757
v 0.019985 -59.60697 2.375537
v 0.04937 -60.86682 2.365425
v 0.072674 -62.12472 2.351518
v 0.103593 -63.38224 2.342211
v 0.131207 -64.63942 2.324462
v 0.188511 -65.89477 2.337027
v 0.237399 -67.14934 2.34194
v 0.277972 -68.40372 2.334864
v 0.336216 -69.65703 2.355682
v 0.388791 -70.90991 2.367367
v 0.428634 -72.16309 2.35857
v 0.492284 -73.41419 2.392157
v 0.54976 -74.66536 2.411286
v 0.603568 -75.91687 2.424268
v 0.653733 -77.16748 2.430549
v 0.703027 -78.41818 2.447961
v 0.756956 -79.6683 2.474085
v 0.804975 -80.91892 2.488629
v 0.855153 -82.16914 2.514596
v 0.905679 -83.41865 2.539703
v 0.948564 -84.66845 2.536832
v 0.99619 -85.91795 2.56535
v 1.045227 -87.16549 2.618436
v 1.083987 -88.41509 2.619802
v 1.120091 -89.66401 2.648398
v 1.154236 -90.91334 2.635728
v 1.187926 -92.16318 2.629712
v 1.219723 -93.41303 2.636355
v 1.247954 -94.66192 2.692352
v 1.273595 -95.91106 2.744157
v 1.299824 -97.16081 2.782345
v 1.325733 -98.40988 2.840337
v 1.350298 -99.65994 2.866807
v 1.373001 -100.9098 2.902119
v 1.394757 -102.1596 2.926407
v 1.416197 -103.4092 2.967258
v 1.961852 -96.07626 6.144489
v 7.297107 -84.20091 7.212396
v 8.410851 -70.40587 9.576106
v 8.543097 -46.33649 12.22399
v 10.67176 -34.47823 13.40612
v 9.788499 -24.29856 12.60774
v 8.918838 -15.89151 14.18892
v 10.0937 -95.97003 5.95554
v 12.14771 -77.78941 8.450687
v 3.762784 -76.10886 7.009006
v 13.31372 -64.34726 9.846962
v 5.917491 -62.32462 7.7926
v 4.891293 -53.39681 9.330042
v 13.17052 -53.3442 11.14519
v 4.058488 -39.75986 11.80339
v 0.866794 -89.57059 6.28018
v 1.368566 -83.29803 6.014819
v 12.33648 -88.84116 6.802646
v 3.394851 -69.66342 5.908967
v 14.23931 -71.7032 8.340985
v 2.817603 -46.78469 9.033237
v 14.7824 -45.94136 10.72155
v 15.59536 -33.68052 10.75091
v 6.335361 -29.80612 13.53761
v 12.91573 -20.10563 11.44547
v 14.59957 -27.77707 10.78681
v 6.152267 -11.31594 15.07968
v 14.11699 -82.76612 6.851489
v 15.3829 -58.1699 9.110507
v 15.19839 -39.79854 10.76004
v -1.816661 -99.37867 5.031987
v 0.198965 -39.69971 8.669925
v 12.4994 -99.832 4.001703
v 4.146518 -100.1062 5.763902
v 5.587292 -21.53429 15.43892
v 11.98432 -13.64948 11.25494
v 2.686116 -64.42992 5.194963
v 3.394057 -58.1943 5.876097
v 16.23029 -50.74419 8.890162
v 3.585951 -34.93126 11.88018
v -1.561372 -94.25664 4.818987
v 4.660227 -16.2052 16.38155
v 13.76972 -94.97883 4.33522
v 15.59775 -77.83186 6.334006
v 0.470166 -74.3042 5.429211
v 16.06064 -66.75026 7.501134
v 2.308354 -51.81861 6.30917
v 0.018417 -79.28346 5.52875
v 14.97695 -23.07222 9.784766
v 9.317608 -9.791677 12.47306
v 16.45743 -61.80967 7.684012
v 4.4301 -25.4138 14.51251
v -1.097939 -86.71265 4.887979
v 15.06752 -87.64555 4.872175
v 16.1399 -74.12601 6.356104
v 0.907712 -44.12075 7.004234
v 16.66948 -43.32328 8.714437
v 17.00977 -37.19266 9.000988
v 9.023693 -100.9713 5.167233
v 13.69774 -16.51078 10.32875
v 16.78319 -54.4004 8.026566
v 14.57448 -91.32119 4.529065
v -1.507888 -90.41743 4.249662
v 0.340767 -70.46506 5.023109
v 16.60527 -70.41922 6.427844
v 1.286788 -47.9627 6.127908
v 16.92666 -46.98988 8.212007
v 17.06674 -31.07445 9.104144
v 3.196405 -30.63528 13.9523
v 3.911675 -9.148356 15.58789
v 12.2843 -10.5318 10.81995
v 1.828715 -60.48593 4.475728
v 2.154149 -55.4613 4.671747
v 0.935399 -36.80112 10.54947
v -0.954629 -82.92748 4.483576
v 16.48918 -26.31743 8.91133
v 3.15673 -12.37951 16.26746
v 0.386336 -101.4403 5.763093
v 0.706721 -66.69722 4.764996
v 3.190623 -18.93853 16.69538
v -1.352022 -101.6048 2.918581
v 15.15485 -19.57987 9.419733
v 16.05249 -82.71777 4.832748
v 17.38826 -58.06351 7.081238
v 0.214687 -41.66623 6.512837
v 2.954001 -22.84485 15.88498
v -1.45136 -96.60811 3.184042
v 14.44196 -97.41143 3.047712
v -0.798932 -76.65637 4.513772
v 7.402205 -8.568199 13.76599
v 17.21074 -64.22833 6.518033
v 2.900508 -27.90858 14.33271
v 0.367517 -38.29053 6.345745
v 13.37146 -101.9674 2.776347
v 1.981153 -33.08165 12.97362
v 17.23573 -40.79834 7.942829
v 17.56323 -34.67768 8.284622
v 6.536806 -102.0679 5.372211
v 2.827425 -102.1977 5.563457
v 0.828195 -62.90094 4.342479
v 17.66275 -51.86922 7.187852
v 11.27913 -8.484733 10.33778
v 1.586091 -57.91306 4.062867
v 17.30864 -28.60166 8.420089
v -1.976922 -101.9746 4.994585
v -1.107161 -99.09139 2.787399
v 16.4421 -80.24513 4.827095
v 15.98135 -85.15769 4.283998
v 11.28681 -102.2846 4.067713
v 13.75163 -14.17208 9.548678
v 2.443238 -15.01236 16.7604
v 1.5993 -52.85656 4.30007
v 1.329803 -50.35797 4.691526
v 14.45081 -99.85118 2.412797
v 17.64537 -49.39793 7.312651
v -0.96852 -92.85096 3.176879
v 15.24869 -93.73613 3.109976
v 17.31076 -67.91365 5.866122
v -0.858144 -80.37703 3.796759
v 13.12746 -12.05418 9.510326
v 16.86015 -76.54041 4.983336
v -0.576046 -72.865 4.10336
v 17.66975 -60.49994 6.34623
v 0.530134 -45.30358 5.169006
v 16.0931 -21.67805 8.579688
v 16.55858 -23.929 8.315041
v 2.184753 -25.35382 15.22361
v -0.847045 -87.85662 3.190349
v -0.86992 -85.35602 3.294485
v 17.72583 -44.44899 7.262898
v 17.8612 -55.55421 6.619639
v 9.405542 -7.887057 11.86663
v 17.20549 -72.83211 5.155769
v 15.7495 -90.04991 3.36904
v 1.898296 -8.696634 15.85016
v 0.680699 -34.80002 11.00296
v 0.517845 -36.52611 8.75581
v 17.68819 -38.30032 7.514554
v 15.12043 -17.26213 8.930396
v 8.930817 -102.8802 4.775244
v 17.90914 -32.17884 7.735507
v 5.243983 -7.708987 14.89123
v -0.375742 -69.08848 3.906969
v 12.58137 -9.52769 9.219747
v 1.713193 -11.22171 16.20741
v 16.06364 -87.57128 3.369794
v 1.79627 -17.65462 16.99308
v 1.819738 -20.27341 16.71514
v 0.820422 -47.77834 4.429107
v 17.99568 -46.88615 6.815193
v -0.107991 -65.32159 3.911964
v 0.360564 -40.27793 5.437024
v 0.085175 -42.74022 4.982431
v 1.693629 -29.04153 14.13507
v -0.472407 -90.3354 2.848272
v -0.175399 -102.8212 2.612103
v -0.366244 -95.32111 2.728407
v 14.54403 -102.2674 1.524622
v 1.377902 -31.51197 13.35329
v 17.53743 -70.34367 5.025666
v 15.32517 -96.15926 2.297439
v -0.626875 -75.34198 3.422434
v -0.603836 -77.85328 3.321254
v 17.87544 -62.93701 5.654779
v 17.78025 -65.40829 5.455584
v 0.355792 -60.30249 3.782404
v 0.930197 -55.29842 3.64203
v 17.91568 -41.95256 6.980157
v 5.260385 -103.1323 5.316778
v 0.491215 -37.46756 4.860688
v 0.322524 -103.0303 5.584229
v 18.08971 -35.82918 7.327076
v -0.526989 -82.84438 2.94883
v 18.13849 -53.04873 6.270355
v 17.73486 -27.32221 7.646908
v 17.95121 -29.72373 7.496474
v -2.309611 -102.9039 3.779916
v -0.091344 -100.3179 2.695287
v -0.150829 -97.81834 2.736676
v 16.70525 -81.40962 3.798005
v 16.92411 -78.95274 4.062042
v 16.4839 -83.86726 3.529511
v 12.31471 -103.1446 3.257943
v 2.821506 -7.343229 15.56552
v 1.440489 -13.765 16.72247
v 18.071 -50.57789 6.379448
v 14.69146 -15.05017 8.669604
v 1.094898 -51.51346 3.702229
v 15.08231 -98.58678 1.801546
v 0.186279 -36.6761 7.312944
v 15.74455 -92.45966 2.501964
v 17.23441 -75.25418 4.337598
v 1.419425 -26.57217 14.97858
v 1.423477 -24.10062 15.79934
v 0.655209 -35.22991 9.546906
v 0.984099 -33.41504 11.5081
v 18.06146 -57.98056 5.786153
v 13.94087 -12.9254 8.713223
v 13.27779 -10.79763 8.72869
v -0.52846 -71.57606 3.339635
v 12.28797 -7.53194 8.971426
v 16.11276 -19.32607 8.198253
v 16.79357 -22.69437 7.779223
v 17.3555 -24.96693 7.63861
v -0.263633 -86.58339 2.819833
v 7.477619 -7.213816 13.40397
v 10.43863 -7.315335 10.78772
v 1.17517 -7.510061 15.74455
v 0.441119 -38.92749 4.811474
v 0.264376 -38.11561 8.067181
v 9.568583 -58.62424 11.21971
v 17.90748 -39.48467 6.827014
v 10.08423 -103.4637 4.289527
v 7.695604 -103.4812 4.924972
v 18.2575 -33.35967 7.161105
v -0.404714 -67.80849 3.372711
v 1.13596 -10.01466 15.97284
v 1.286863 -21.55898 16.48124
v -0.038352 -41.51022 4.800469
v 1.188533 -30.23443 13.84883
v 1.822536 -34.5225 12.15794
v 2.92867 -21.36898 16.27905
v 1.279505 -18.97625 16.94875
v 1.244872 -16.36058 17.00074
v 2.875495 -16.47699 16.82604
v 0.180258 -43.96273 4.407551
v 0.984769 -32.32553 12.29532
v 0.352016 -57.76831 3.551199
v 16.36909 -86.30802 3.027221
v 16.21225 -88.77388 2.788026
v 0.870557 -48.97896 3.818153
v 0.506011 -46.48195 4.146856
v -0.236297 -64.04049 3.474808
v 18.03219 -45.63026 6.385192
v 18.19657 -48.09047 6.303972
v -0.003546 -91.56926 2.671544
v -0.070337 -89.07233 2.723327
v 0.05904 -94.06444 2.645298
v -1.254153 -94.27878 3.273711
v 14.8971 -101.0166 1.267118
v 15.68216 -94.91343 2.078988
v 14.81989 -95.14998 3.266104
v -0.440541 -74.07578 3.062184
v -0.613188 -74.34792 4.472612
v -0.372456 -76.58127 3.024219
v -0.355848 -79.08054 2.886488
v -0.895774 -78.97525 4.286796
v 1.197597 -27.76861 14.53453
v 2.641091 -10.03645 15.88149
v 4.178507 -10.84869 15.78438
v 15.5457 -88.71596 4.051978
v 14.1217 -89.45755 5.429948
v 12.45645 -91.42175 6.128728
v 6.684364 -90.60041 6.772189
v 9.719034 -90.40269 6.894193
v 9.424984 -86.96434 6.946278
v 0.757258 -64.32593 4.468379
v 5.636567 -9.605668 15.00993
v 8.399841 -93.29921 6.484177
v 6.10712 -96.59358 6.108115
v 16.93588 -33.05928 9.327428
v 17.72473 -69.08167 4.734582
v 17.61407 -71.54998 4.526235
v 18.00412 -64.14744 5.177803
v 18.04497 -61.6753 5.350234
v 17.38973 -61.96371 6.598512
v 17.86639 -66.61519 4.957886
v 17.201 -66.49803 6.266226
v -0.043746 -61.52264 3.502769
v 0.718808 -54.00805 3.465252
v 18.06369 -43.15814 6.529448
v 4.011016 -103.49 5.345831
v 4.284054 -102.0655 5.534983
v 1.101704 -12.49843 16.56314
v 15.77132 -86.54174 4.270361
v 14.4417 -85.64687 6.067827
v 11.73946 -84.81193 7.474455
v 11.05227 -81.27385 8.133438
v 7.591521 -78.23676 8.477532
v 5.736136 -32.96936 13.57354
v 7.099423 -36.75938 13.23578
v 11.09855 -39.33914 13.18113
v 1.02193 -68.61555 5.146463
v 3.055513 -67.18747 5.543519
v 6.12271 -67.72427 7.87611
v 9.332754 -66.13708 10.43193
v 0.577833 -36.80616 6.016599
v 1.5416 -103.4195 5.462655
v -0.925198 -103.3192 5.4822
v 18.15185 -37.02605 6.916708
v -0.186041 -84.08164 2.761812
v -0.268171 -81.5832 2.786169
v 18.28168 -54.26564 5.90171
v 17.65482 -54.02327 7.069228
v 17.01794 -52.98422 7.845702
v 15.25176 -53.19224 9.680833
v 14.26431 -55.80451 10.22554
v 11.34905 -55.96744 11.49599
v 8.750262 -52.01262 11.71419
v 7.876507 -55.43999 10.90945
v 6.036675 -58.65609 9.39241
v 14.24938 -50.89996 10.71017
v 11.5332 -50.94924 11.92246
v 12.88448 -58.42537 10.72527
v 18.10009 -28.48635 7.307522
v 18.25099 -30.90622 7.173737
v -1.47829 -103.2923 2.891134
v 0.21083 -99.06023 2.727014
v 0.270887 -101.5596 2.694265
v 0.154179 -96.56174 2.693643
v 16.75028 -82.62109 3.378032
v 16.9872 -80.16622 3.650893
v 17.19858 -77.70776 3.909639
v 16.52988 -78.06686 5.194298
v 13.32307 -103.3602 2.504353
v 4.102791 -7.020602 15.27887
v 18.31153 -51.79422 6.068864
v 15.37197 -97.34829 1.704479
v 1.177355 -22.83446 16.17736
v 17.49726 -45.89729 7.616915
v 16.26315 -45.28451 9.127918
v 15.19656 -43.72714 10.39327
v 11.7503 -43.86581 12.39823
v 17.54027 -47.9832 7.499434
v 16.35025 -48.76405 8.8781
v 6.848794 -99.29684 5.802214
v 5.115492 -93.44857 6.215548
v 5.003289 -65.36547 6.632782
v 7.122416 -64.99261 8.810421
v 8.974749 -62.35955 10.75588
v 14.24978 -60.99486 9.676222
v 15.81207 -79.26912 5.830813
v 13.91752 -79.32732 7.494845
v 15.20318 -81.19479 6.139241
v 1.095344 -15.06949 16.85952
v 16.02778 -91.22514 2.437525
v 15.37029 -91.6689 3.513149
v 14.56822 -92.82439 4.15796
v 13.49907 -92.29412 5.253246
v 11.55966 -93.84097 5.952444
v 17.45599 -74.01118 4.244639
v 16.90829 -74.47662 5.347559
v 16.17626 -75.65076 6.055613
v 13.90662 -75.31751 8.057499
v 10.10343 -74.23741 9.42683
v 18.22737 -56.73444 5.691134
v 18.08546 -59.1997 5.469841
v -0.41389 -70.31147 3.157731
v 0.870608 -38.194 9.414968
v 2.105419 -40.0719 10.20617
v 3.514822 -43.40048 10.72458
v 2.376409 -38.05478 11.00862
v 7.304976 -42.26321 12.74739
v 0.784823 -59.01304 3.967582
v 1.114149 -56.65481 3.770536
v 1.189758 -48.89872 5.143668
v 1.991388 -49.81615 6.883079
v 3.511012 -51.23426 8.578714
v 6.000552 -50.58459 10.62136
v 17.46611 -42.97865 7.704148
v 13.01313 -48.2593 11.69067
v 15.18028 -75.10059 7.151333
v 14.98835 -73.26639 7.581435
v 14.64239 -76.77064 7.372044
v 13.28028 -73.47362 8.661838
v 11.44726 -71.09454 9.698747
v 13.56451 -68.42082 9.182817
v 11.96849 -75.14146 8.924617
v 10.03557 -76.66482 9.013713
v 7.519926 -75.3117 8.682838
v 16.87245 -42.00497 8.447127
v 16.27975 -40.62058 9.51651
v 15.80175 -42.27255 9.738382
v 14.26818 -41.85963 11.43845
v 13.34482 -39.81036 12.36331
v 14.54834 -36.73917 11.65745
v 15.11547 -99.79426 1.362541
v 15.26465 -16.04544 8.322783
v 15.96101 -18.19014 8.114427
v 16.56938 -20.38943 7.914484
v 17.74717 -26.10222 7.396594
v 6.438612 -7.00556 14.15184
v 8.494317 -7.052124 12.52098
v 11.44587 -7.230196 9.852328
v 17.91845 -40.70594 6.56061
v 11.21101 -103.5645 3.768141
v 6.469273 -103.6158 5.101165
v 18.35132 -34.57602 7.00386
v -0.337983 -66.54494 3.284558
v 16.5567 -85.07733 3.075648
v 0.907202 -46.84558 5.417116
v 1.532153 -46.25124 7.38345
v 2.17975 -44.59663 8.919276
v 1.391542 -42.21283 8.81973
v 18.24825 -49.32088 6.144835
v -1.124523 -91.38142 3.390646
v -1.348062 -92.26024 5.07527
v 0.649224 -93.68704 6.149251
v -1.120655 -89.35864 3.511708
v -0.919488 -88.74824 5.37382
v 0.630743 -87.28482 6.197772
v 4.109571 -88.06846 6.699744
v -0.174333 -62.77579 3.402982
v 2.773774 -103.5176 5.39796
v -2.056133 -103.2994 4.980793
v 6.339452 -18.68661 15.70752
v 9.327852 -20.77206 13.74214
v 0.762222 -52.7436 3.40702
v 0.87095 -50.22425 3.554304
v 4.500775 -37.27755 12.29857
v 2.075479 -59.15021 4.38161
v 3.483105 -60.07373 5.373507
v 4.835583 -59.54587 7.405221
v 3.051373 -62.23816 5.117409
v 4.393193 -56.95258 8.064603
v 2.272129 -56.80741 4.477965
v 3.046367 -56.30007 6.197726
v 2.697688 -54.06073 6.362618
v 10.06861 -79.0778 8.589014
v 7.967674 -81.27026 7.987547
v 4.379425 -79.99279 7.053313
v 14.42424 -15.98219 9.379921
v 13.53032 -15.27981 10.17065
v 11.77495 -15.89062 11.97623
v 0.141444 -92.8142 2.642731
v 17.86155 -67.84489 4.772422
v 10.05477 -102.151 4.602872
v 10.97218 -100.5881 4.616064
v 11.06765 -98.14446 5.181348
v 0.410289 -43.78457 5.765007
v 0.571702 -42.75541 6.860469
v 0.369845 -41.7767 8.023116
v 1.01259 -40.83335 9.233791
v -0.124409 -75.53641 5.070197
v 1.848505 -75.95479 5.945059
v 2.983491 -73.4175 6.427817
v 0.672509 -77.11143 5.320412
v 2.695241 -78.32728 6.162067
v 2.309093 -80.8741 5.744226
v 4.344563 -83.14597 6.638183
v 17.16454 -69.4208 5.840099
v 16.00883 -68.73267 7.303001
v 17.05687 -71.35157 5.666315
v 15.9756 -71.9916 6.889207
v 15.36105 -70.53587 7.659035
v 14.05295 -70.00593 8.664608
v 12.56396 -69.7917 9.502241
v 11.35597 -67.64751 10.15736
v 10.87418 -69.39893 10.03189
v 9.460323 -68.06878 10.18943
v 7.623489 -67.12665 9.416416
v 16.37783 -38.80197 9.715635
v 15.80859 -37.21698 10.41288
v 16.57644 -35.53106 9.762697
v 0.065422 -85.10385 5.954325
v 2.556739 -85.62114 6.152499
v 0.473192 -40.56484 7.566384
v -0.213952 -80.32728 2.772997
v 13.73979 -11.80971 8.431333
v 2.944142 -26.5541 14.65818
v 5.173801 -27.51045 14.00751
v 8.992749 -27.60008 12.96517
v 6.892899 -26.04285 13.57878
v 6.209682 -23.77156 14.38689
v 7.860268 -102.1699 5.166612
v 7.343141 -100.743 5.508718
v 5.697593 -100.6718 5.658429
v 8.411309 -99.55361 5.578794
v 7.981567 -97.53076 5.954822
v 7.896306 -95.37804 6.144379
v 16.76891 -63.07638 7.176723
v 15.11058 -63.35649 8.769719
v 16.01294 -64.58234 7.81019
v 14.65343 -65.11739 8.889707
v 13.217 -66.41892 9.642439
v 11.42294 -65.36674 10.43877
v 11.46998 -62.82813 10.74299
v 9.245161 -49.16109 12.09236
v 2.676945 -58.05573 4.782784
v 15.87746 -93.67895 2.101063
v 11.69988 -41.5364 12.72967
v 9.620837 -42.89915 12.999
v 12.84864 -14.28704 10.54809
v 12.75158 -13.06763 10.28602
v 11.72884 -12.05477 11.02952
v 9.665572 -13.13642 13.20971
v 10.64767 -11.00061 12.12398
v 12.09056 -14.82572 11.46171
v 10.56232 -14.64008 12.73691
v 12.73352 -15.78096 11.06262
v 12.55945 -17.45483 11.5556
v 10.46782 -17.61488 13.23685
v 14.01787 -18.28389 10.3674
v 5.490225 -74.02985 7.356546
v 7.365337 -72.66805 8.622001
v 5.391164 -71.20701 7.18879
v 9.077342 -40.65709 13.19645
v 6.584893 -39.68551 12.91578
v 9.002808 -38.22401 13.3789
v 11.13159 -36.87936 13.30167
v 12.95607 -35.17162 12.65485
v 12.70504 -30.99027 12.37844
v 17.35707 -76.46984 3.922487
v 16.66231 -56.41636 7.993516
v 2.928335 -24.19296 15.42814
v 4.528105 -23.51503 15.14251
v 17.30048 -39.47873 8.003987
v 17.08314 -38.40798 8.648108
v 2.304495 -35.86364 11.16234
v 0.938264 -61.31355 4.23104
v 2.019383 -61.68979 4.703394
v 2.027784 -62.98597 4.837448
v 2.972477 -61.06533 4.99609
v 4.307894 -61.46589 6.072258
v 4.350133 -63.51059 6.062555
v 1.696593 -54.4448 4.107533
v 2.200346 -54.3562 5.252825
v 2.15104 -53.01226 5.614975
v 17.62548 -36.79162 7.99005
v 17.20147 -35.96199 8.779722
v 15.73962 -47.16199 9.656069
v 14.89563 -48.93929 10.36225
v 9.882325 -99.71168 5.218536
v 9.359572 -98.27154 5.656609
v 2.681316 -55.18497 5.971142
v 3.647941 -55.16947 7.673822
v 4.976007 -55.38034 9.142622
v 3.371971 -53.22114 8.04335
v 6.357461 -54.41372 10.17654
v 6.429805 -56.33092 9.985728
v 7.939972 -57.47707 10.75465
v 7.741233 -59.7068 10.44109
v 6.278102 -52.48029 10.34325
v 7.788161 -53.54689 11.10235
v 10.00935 -54.02313 11.75135
v 9.465672 -56.44624 11.41217
v 6.452305 -60.73207 9.118835
v 7.223712 -62.74812 9.517394
v -1.026439 -96.82705 5.605171
v 0.512229 -98.86627 5.934284
v -0.338561 -72.81417 2.959273
v 18.07829 -60.42739 5.260984
v 10.24745 -8.52661 11.26822
v 10.8124 -9.790851 11.14087
v 4.211318 -22.07449 15.74758
v 4.383307 -20.57933 16.11603
v 5.897135 -20.1123 15.72155
v 7.474901 -21.05289 14.696
v 8.605006 -22.68306 13.64545
v 10.89415 -22.33574 12.45844
v 12.73075 -24.56325 11.16899
v 8.247149 -19.22208 14.66458
v 4.80693 -19.04598 16.24569
v 5.295355 -17.59372 16.2038
v 6.871732 -16.03084 15.44231
v 5.671287 -13.80558 15.78926
v 7.816211 -13.98346 14.69013
v 8.12222 -11.79149 13.99764
v 14.03302 -96.23579 3.730129
v 12.32052 -96.41318 4.995524
v 13.13864 -97.63663 4.129193
v 1.247805 -102.2681 5.63613
v 1.973608 -100.6608 5.771922
v 2.617008 -98.65152 5.925145
v 4.633437 -98.08243 6.027175
v 4.069163 -96.05399 6.164918
v 2.989286 -94.10329 6.227183
v 3.261185 -91.21659 6.299218
v -0.536997 -102.1914 5.614279
v -0.998387 -100.661 5.539232
v 13.65796 -44.40788 11.66727
v 12.18204 -46.1376 12.14933
v 8.362532 -64.2816 10.29247
v 16.49331 -59.75212 7.862361
v 14.19614 -103.3611 1.616762
v 4.833895 -12.30196 15.8166
v 4.015732 -13.75447 16.33075
v 6.307578 -8.281013 14.45151
v -0.507959 -90.71892 5.736933
v 1.250014 -91.5813 6.270902
v 12.92231 -71.30394 9.141397
v 11.93558 -72.67518 9.318369
v 10.15492 -72.41329 9.701912
v 10.98472 -47.9188 12.25312
v 0.309873 -45.19783 4.031767
v 16.86295 -21.50243 7.648067
v 17.32555 -23.76968 7.406456
v 0.976166 -25.33732 15.4421
v -0.199521 -71.67127 4.662238
v 1.538397 -72.03667 5.759479
v 0.272867 -72.89257 5.260522
v 1.395889 -73.39889 5.874355
v 1.572152 -74.68321 6.00611
v 2.78909 -75.12206 6.627517
v 4.163793 -74.66486 7.035668
v 5.394697 -75.80228 7.724188
v 4.891439 -77.91757 7.51114
v 4.395631 -73.24035 6.77715
v 3.556861 -71.57438 6.225272
v 5.602585 -72.61652 7.202609
v 6.446126 -71.76177 7.991656
v 6.37886 -69.72885 8.191762
v 7.450373 -71.25118 8.900276
v 8.613327 -72.17371 9.465178
v 8.430696 -73.88288 9.255728
v 5.061576 -69.06593 6.821852
v 6.539249 -73.34661 7.819752
v 6.523403 -74.71262 7.95216
v 7.464377 -73.90659 8.456522
v 4.881217 -67.22585 6.580452
v 16.02019 -31.89223 10.44457
v 15.77934 -29.67126 10.34939
v 14.3698 -32.28831 11.83011
v 12.56593 -33.07556 12.70424
v 9.99153 -31.6856 13.11499
v 13.99921 -29.53471 11.62996
v 11.83532 -27.45037 12.00985
v 17.5855 -33.29557 8.251871
v -0.943488 -83.74329 3.614836
v -0.884553 -84.34474 5.021592
v -0.14224 -83.18393 5.766495
v -0.476551 -81.32684 5.420499
v 0.691405 -82.0192 5.93232
v 0.721319 -80.55286 5.781872
v 1.586911 -79.25216 5.595488
v -0.853988 -82.00616 3.731397
v 16.80117 -51.7178 8.187677
v 15.87745 -52.06148 9.166476
v 17.10227 -50.44587 7.930444
v 15.28281 -51.02521 9.82985
v 14.64891 -52.13684 10.2967
v 13.5281 -52.01342 11.08072
v 12.97093 -50.64934 11.50404
v 12.14713 -52.3251 11.64557
v 10.4401 -52.29594 11.88502
v 11.68145 -53.94379 11.62862
v 12.90421 -55.0919 11.08955
v 12.04284 -49.46584 11.93451
v 15.63941 -49.74786 9.580938
v 9.873025 -50.71927 12.03848
v 8.294487 -50.44398 11.73139
v 6.897926 -48.2663 11.40795
v 5.645711 -45.41694 11.55649
v 4.6209 -48.39008 10.1104
v 7.331344 -51.57077 11.12932
v 13.02287 -56.75205 10.83903
v 14.18209 -57.64401 10.09699
v 14.09153 -59.33217 9.966269
v 12.50528 -60.47476 10.67142
v 15.30483 -59.91044 9.002192
v 11.68815 -57.51839 11.27664
v 11.41001 -59.22139 11.1343
v 10.65769 -61.0498 11.03994
v 14.25852 -53.3476 10.47229
v 14.83805 -54.53276 9.933477
v 15.56104 -55.84714 9.144999
v 15.83364 -54.25722 9.018393
v 13.8512 -49.57487 11.11931
v 15.40402 -61.43515 8.749516
v 5.254295 -85.67921 6.234955
v 6.855423 -87.89649 6.548484
v 10.88035 -12.98665 12.11449
v 4.86158 -51.60755 9.691441
v 4.328731 -49.97469 9.465047
v 3.202935 -48.59237 8.908488
v 2.185664 -47.78519 7.769192
v 6.148482 -79.44705 7.803857
v 5.854612 -81.60683 7.412128
v 8.990485 -75.37913 9.266819
v 8.205812 -76.77187 8.888915
v 6.590882 -76.8601 8.338083
v 9.041902 -78.00767 8.778751
v 8.56302 -79.45792 8.454662
v 9.660499 -80.57214 8.323492
v 9.512999 -82.51519 7.938149
v 11.2586 -83.07086 7.810886
v 9.85773 -84.38744 7.599032
v 12.69197 -81.93821 7.654712
v 12.46266 -80.21066 7.982542
v 14.62176 -21.25678 10.09101
v 13.0444 -22.50965 11.1476
v 14.23749 -101.3335 2.225901
v 13.40771 -100.5604 3.133749
v 12.29127 -101.2617 3.768603
v 13.59947 -99.13264 3.35148
v 0.090093 -68.08018 4.49365
v 17.62165 -30.63245 8.147011
v 17.00364 -29.76168 8.971759
v 16.42781 -28.59586 9.640576
v 2.000396 -82.15608 5.81919
v 2.959309 -83.43888 5.879973
v 3.497203 -81.85291 6.201486
v 4.014199 -84.63916 6.057328
v 5.353976 -84.23123 6.55271
v 5.671894 -82.9617 7.073355
v 7.124357 -82.54866 7.565358
v 6.411361 -85.08714 6.661279
v 8.03063 -85.82788 6.942342
v 6.43192 -86.51446 6.378563
v 5.447651 -87.56695 6.480649
v 5.405277 -89.32546 6.774497
v 4.32469 -86.73278 6.308441
v 2.801295 -87.15203 6.562693
v 2.540141 -88.93932 6.513737
v 4.987665 -91.0216 6.574688
v 6.198685 -92.19414 6.522532
v 6.778885 -93.77478 6.300179
v 7.772348 -91.81013 6.685169
v 9.411021 -92.00736 6.657803
v 10.02305 -93.5059 6.406633
v 11.03443 -92.19962 6.438752
v 5.681619 -94.99725 6.122608
v 8.190076 -90.35223 6.882011
v 9.014612 -88.71722 6.824386
v 10.71082 -88.18262 6.892673
v 12.22663 -86.79045 7.080603
v 7.229543 -89.25819 6.905692
v 11.22538 -90.68711 6.694126
v 13.72789 -87.60653 6.261211
v 16.47201 -25.10214 8.676776
v 14.73829 -25.41012 10.1701
v 15.64288 -24.19725 9.394287
v 14.41541 -24.15107 10.18195
v 14.9721 -89.87181 4.462348
v 15.25829 -85.7644 5.117627
v 15.15455 -84.04791 5.645284
v 14.66654 -86.72897 5.561993
v 14.83411 -68.69849 8.324819
v 14.52064 -67.06906 8.74883
v 0.170074 -39.28956 7.403726
v 6.654148 -17.36525 15.61377
v 8.004163 -16.90134 14.89457
v 9.256525 -17.2196 14.07964
v 9.533953 -18.63232 13.90606
v 11.23926 -19.38329 12.70787
v 10.14921 -16.27103 13.35432
v 7.519122 -18.24603 15.14142
v 13.67647 -54.30427 10.75226
v 16.74915 -27.55181 8.984754
v 15.60461 -27.00982 9.958435
v 0.15635 -87.81776 2.721066
v 0.073122 -85.32322 2.71363
v 18.13686 -44.3782 6.236162
v 18.36835 -55.49029 5.637619
v 15.91959 -22.84952 8.825358
v 15.32483 -22.04005 9.49268
v 3.634306 -8.087118 15.50829
v 2.919986 -8.896779 15.72258
v 13.3064 -76.76321 8.192333
v 13.91464 -77.9322 7.695275
v 12.95391 -78.69711 8.049824
v 11.62615 -79.11809 8.365504
v 10.90141 -78.08365 8.657992
v 11.31029 -76.84843 8.797668
v 10.85403 -75.70844 9.074613
v 14.77829 -78.54106 6.993984
v 14.90521 -79.90395 6.688357
v 13.84111 -80.90192 7.306945
v 2.083583 -41.40515 9.815684
v 3.181134 -40.92421 10.97643
v 5.107905 -41.81971 11.96632
v 2.409096 -42.87376 9.769832
v 14.84519 -38.29988 11.29736
v 13.52205 -38.0419 12.41153
v 7.941797 -44.28681 12.51281
v 9.830755 -44.85377 12.676
v 14.77372 -103.2388 0.785201
v 8.290787 -33.45282 13.58688
v 12.76011 -83.54699 7.409314
v 13.2793 -85.04011 7.024062
v 15.79696 -25.55168 9.537207
v 16.27322 -89.99095 2.411874
v 1.571836 -51.67495 4.966464
v 1.804379 -50.7548 5.806407
v 13.63587 -90.89434 5.517701
v 12.79335 -90.06057 6.27491
v 13.60002 -93.64442 4.80688
v 12.60177 -94.69796 5.264538
v 11.35283 -95.26698 5.743705
v 12.66557 -93.2331 5.616943
v 1.118313 -43.20381 7.963753
v 1.426895 -44.27758 8.070103
v 1.852962 -43.51964 8.904008
v 1.762061 -45.36514 8.114626
v 2.49553 -45.68647 8.973692
v 3.995915 -45.73712 10.35763
v 3.064705 -44.86107 9.945333
v 1.136709 -45.21243 7.137562
v 0.991919 -46.0722 6.31763
v 0.723127 -44.83371 6.163003
v 4.044985 -44.52154 10.76774
v 4.889831 -43.36337 11.58813
v 2.168957 -46.42594 8.24686
v 3.179601 -46.03737 9.712252
v 3.884541 -47.23246 9.83708
v 5.228679 -46.97291 10.9055
v 6.624817 -46.6847 11.69584
v 1.297089 -47.04196 6.68469
v -0.375821 -78.00523 5.128162
v 9.164335 -36.07122 13.41843
v 7.431353 -69.97294 8.877318
v 8.215298 -68.85706 9.657869
v 7.036574 -68.5396 8.801305
v 9.438991 -69.50647 10.0224
v 9.766515 -70.96932 9.898976
v 12.16542 -29.21115 12.23401
v 10.99013 -30.34546 12.73356
v 8.679609 -29.71234 13.20653
v 10.44667 -28.71658 12.66187
v 7.774135 -31.43736 13.44591
v 3.953808 -89.85598 6.599877
v 11.16718 -96.51457 5.534546
v 10.11043 -97.22856 5.703782
v 8.966105 -96.65455 6.01297
v 6.025629 -42.76603 12.28068
v 5.926622 -44.12169 12.00586
v 6.85523 -45.06148 12.11529
v 6.980597 -43.51057 12.46713
v 9.047071 -95.50295 6.116853
v 10.03596 -94.73434 6.15706
v 8.585162 -94.44061 6.292212
v 17.63786 -72.76634 4.167103
v 0.77295 -8.780859 15.84994
v 0.595126 -34.00018 10.27707
v 0.275415 -35.59804 8.227121
v 15.12632 -18.413 9.207028
v 15.96331 -62.85728 8.06074
v 2.861336 -57.22795 5.550977
v 11.34525 -14.23162 11.99933
v 11.2654 -15.13471 12.24778
v 10.94232 -15.98742 12.67297
v 11.5384 -17.02975 12.34685
v 11.75613 -18.27212 12.29854
v 12.92081 -18.7632 11.39277
v 13.84367 -19.47951 10.63227
v 13.84005 -20.56049 10.72041
v 12.95141 -21.31071 11.33152
v 11.66555 -20.75301 12.26019
v 12.01719 -21.99157 11.85868
v 11.84171 -23.3958 11.73607
v 11.25124 -24.68855 11.85281
v 10.26052 -26.11225 12.36321
v 12.34221 -26.04196 11.51706
v 8.490951 -25.39251 12.99874
v 14.66497 -20.29101 10.00657
v 15.60059 -20.65416 9.074358
v 3.93447 -17.35241 16.6236
v 0.937685 -75.4603 5.473191
v 4.659325 -72.03533 6.633502
v 14.52241 -62.27677 9.334513
v 13.01567 -62.12968 10.24315
v 14.09944 -63.44263 9.493999
v 13.13818 -63.24488 10.06053
v 12.04966 -64.07434 10.41174
v 10.4749 -64.09345 10.69364
v 13.92577 -23.13312 10.49159
v 13.96312 -22.06198 10.52954
v 13.01157 -23.56493 11.061
v 0.096267 -39.96508 6.78741
v 7.56724 -94.41811 6.244971
v 6.784005 -95.21867 6.135318
v 7.202048 -96.27902 6.112218
v 13.25966 -27.25373 11.46358
v 13.74421 -26.12202 10.90888
v 9.483775 -6.889191 11.57844
v 8.434088 -8.274414 12.85221
v 8.138943 -9.672053 13.45751
v 6.901407 -9.897431 14.3547
v 3.024575 -63.35936 5.202988
v 3.146596 -54.86333 6.828089
v 3.34392 -54.16588 7.586915
v 4.173003 -54.37818 8.658487
v 2.91659 -53.32542 7.090705
v 2.810041 -52.04424 7.576182
v 2.642683 -50.70603 7.678781
v 3.289033 -49.89822 8.556965
v 2.521228 -49.06482 7.865422
v 1.876529 -48.60669 6.959237
v 1.579506 -49.17822 6.109613
v 2.791695 -31.95702 13.50992
v 3.817962 -33.44806 13.00399
v 4.459587 -31.82576 13.7838
v 5.327369 -34.54295 12.57524
v 6.072546 -31.38702 13.70693
v 4.779159 -30.25528 13.73542
v 5.060698 -28.89249 13.86614
v 3.614143 -29.20563 13.9323
v 6.410344 -28.44405 13.6951
v 6.460847 -27.18401 13.69087
v 7.717635 -28.03363 13.37265
v 5.580048 -26.14155 14.00632
v 6.034859 -24.98882 14.03917
v 7.351643 -24.52812 13.62517
v 7.457467 -23.31217 13.99182
v 6.433154 -22.51515 14.74422
v 8.514122 -23.98971 13.25171
v 4.496016 -26.51646 14.27652
v 3.954929 -27.44764 14.26068
v 6.85535 -34.15344 13.096
v 8.16397 -34.93585 13.30798
v 7.866101 -26.91104 13.2656
v 8.895037 -26.48753 12.90574
v 6.365123 -35.52346 12.94822
v 5.054016 -35.95808 12.5311
v 5.809397 -37.09031 12.76914
v 5.329401 -38.69858 12.49577
v 6.718344 -38.20448 13.05852
v 7.809093 -39.00137 13.21093
v 7.734709 -40.38045 13.07683
v 6.473879 -41.12685 12.71979
v 5.32429 -40.33281 12.29922
v 3.9275 -36.18489 11.92431
v 3.308849 -37.34214 11.69284
v 3.447246 -38.64386 11.50657
v 3.076592 -39.73169 11.06194
v 8.929404 -39.45169 13.29145
v 10.03159 -38.84166 13.43972
v 11.06151 -38.11369 13.26431
v 12.32046 -37.47604 12.86533
v 10.045 -37.50895 13.46035
v 12.39271 -38.87197 12.77307
v 13.43006 -36.65387 12.48108
v 14.16824 -35.49773 12.08773
v 15.37822 -35.44004 10.92689
v 13.94509 -33.87765 12.24918
v 12.01805 -40.20104 12.78346
v 10.76235 -40.67916 13.12889
v 10.51078 -41.93843 13.03721
v 10.83067 -43.11349 12.76881
v 11.93102 -42.68023 12.50197
v 13.0812 -41.74343 12.2702
v 12.94093 -43.38549 12.08562
v 14.10666 -43.17257 11.50877
v 9.356539 -41.77511 13.12223
v 8.449328 -42.61735 12.86689
v 8.21489 -41.49227 12.99221
v 14.89146 -42.63703 10.78243
v 15.21606 -41.2658 10.5503
v 12.19948 -36.20889 12.94208
v 11.75469 -35.0386 13.06832
v 10.75182 -35.72057 13.45932
v 11.64608 -33.81831 13.03896
v 11.29122 -32.4154 13.03088
v 10.04907 -33.12592 13.35259
v 8.799811 -43.62348 12.77032
v 8.930397 -32.35641 13.42619
v 9.369733 -34.22996 13.48345
v 9.046856 -37.14616 13.40425
v 7.894744 -37.69537 13.29867
v 8.169071 -36.54099 13.35785
v 12.62384 -34.15382 12.7151
v 10.71428 -44.19593 12.58823
v 10.99239 -45.53011 12.43764
v 9.82815 -46.13833 12.39033
v 9.401638 -47.62617 12.25215
v 9.815771 -43.86988 12.87822
v 10.87343 -46.72535 12.35709
v 8.029828 -47.61723 11.93761
v 7.974175 -48.93187 11.79788
v 6.884736 -49.67818 11.27153
v 5.725893 -48.92126 10.86922
v 7.43294 -29.29194 13.45959
v 7.387125 -30.37119 13.3308
v -1.770619 -95.4365 3.991313
v -1.822371 -96.70869 4.497754
v -1.798986 -98.03749 3.691016
v -1.685472 -97.97459 5.112765
v -0.789238 -98.80202 5.653333
v -0.112936 -97.71289 5.923646
v 0.371745 -96.19494 6.038728
v 1.446606 -97.61403 6.022252
v -0.830723 -95.30424 5.679656
v 2.841117 -97.2287 6.079936
v -0.181804 -99.82402 5.775329
v 1.005889 -99.95825 5.871262
v 2.028722 -99.57119 5.857376
v 3.003906 -100.1642 5.769799
v 3.625779 -101.1287 5.664967
v 4.700994 -101.0787 5.642185
v 5.41406 -101.952 5.501923
v -0.625905 -93.9606 5.761408
v -0.250054 -92.58904 5.935657
v 1.076749 -95.00732 6.150979
v 1.790992 -94.04812 6.231195
v 2.455236 -92.61122 6.251164
v 2.348703 -95.02446 6.209647
v 3.461453 -95.11606 6.19919
v 4.172432 -94.16728 6.154998
v 3.862798 -92.78249 6.191189
v 3.015454 -96.06952 6.166778
v 1.478971 -93.03047 6.244367
v 4.952179 -92.23848 6.382254
v 3.01407 -59.11054 5.009203
v 2.677516 -60.02717 4.764301
v 5.323305 -99.31566 5.863269
v 6.076358 -98.09309 5.997202
v 14.07218 -48.35859 11.07168
v 13.70955 -46.85868 11.43298
v 14.92175 -47.68602 10.4446
v 4.828872 -82.09785 6.999335
v 4.93135 -80.98016 7.187391
v 5.859843 -80.50244 7.582521
v 7.079356 -80.32924 7.982531
v 3.959583 -80.93988 6.643186
v 3.171118 -79.74531 6.209321
v 3.821294 -78.71514 6.899923
v 3.428412 -77.41387 6.844027
v 2.371634 -77.09188 6.203686
v 1.637383 -77.92241 5.550478
v 7.183434 -79.23119 8.168307
v 6.400622 -78.2598 8.097913
v 10.69902 -89.50655 6.987882
v 10.51513 -20.39937 13.06405
v 10.17668 -21.49523 13.08289
v 9.770473 -22.56146 13.0624
v 10.52369 -23.41942 12.45344
v 9.131462 -21.7836 13.60393
v 8.10016 -21.83866 14.16805
v 9.695299 -19.7235 13.6895
v 10.38668 -19.03695 13.33322
v 8.780985 -20.01438 14.23651
v 7.797173 -20.11852 14.76739
v 7.195793 -19.28639 15.21595
v 6.831732 -20.37269 15.19419
v 8.659425 -10.72173 13.30418
v 9.301492 -11.84183 13.14789
v 7.630256 -10.73792 14.08624
v 7.10813 -11.72526 14.61718
v 6.205339 -12.61094 15.31363
v 7.563887 -12.80597 14.61418
v 8.608114 -13.16761 13.98989
v 9.193049 -14.47705 13.78715
v 6.776419 -13.6105 15.20425
v 6.400325 -14.83939 15.56282
v 5.139715 -14.99717 16.11284
v 3.814037 -15.19204 16.55362
v 9.648838 -10.79787 12.66983
v 7.469723 -15.06987 15.02612
v 10.07667 -10.11601 11.90624
v 8.356728 -14.78983 14.43106
v 5.792501 -15.91973 15.9926
v 2.547005 -36.94535 10.97512
v 1.809138 -37.42314 10.30655
v 1.568925 -38.59382 10.27739
v 0.924299 -39.34636 9.57079
v 2.422911 -39.04335 10.65535
v 14.51827 -40.66241 11.33012
v 14.37452 -39.45032 11.63617
v 6.895034 -81.39398 7.732686
v 3.132297 -36.31566 11.38679
v 18.18052 -38.23382 6.578212
v 15.77514 -17.06572 8.021304
v 12.53822 -11.08507 9.787223
v 13.3568 -10.23348 9.719664
v 13.25573 -10.03345 8.680755
v -1.126505 -86.76279 3.666794
v -1.303292 -87.78487 4.325478
v 10.63064 -49.50754 12.14773
v 8.344415 -83.31404 7.658085
v 8.552516 -84.61256 7.417193
v 9.429535 -85.65331 7.323668
v 10.7834 -86.33948 7.225628
v 7.586981 -86.90371 6.530092
v 8.053707 -88.00977 6.64458
v 11.05686 -74.66748 9.216072
v 12.0396 -73.90255 9.092631
v 11.0096 -73.54755 9.416134
v 14.42268 -94.01566 4.003343
v 12.85738 -28.30469 11.8349
v 5.259353 -22.61146 15.22086
v 12.00648 -44.99226 12.26533
v 13.04261 -45.3834 11.89079
v 14.01633 -45.4213 11.34717
v 14.80762 -44.76595 10.78146
v 15.48801 -45.33189 10.00815
v 15.86693 -44.29279 9.615661
v 15.88923 -46.15148 9.53314
v 16.55709 -46.19722 8.753552
v 16.91141 -45.31049 8.284284
v 16.61375 -44.3816 8.69903
v 15.8022 -43.2863 9.713582
v -0.814358 -81.96504 4.729054
v 16.52669 -30.36826 9.81501
v 15.70351 -30.79206 10.54153
v 15.1019 -31.60202 11.1729
v 14.04421 -30.9196 11.86715
v 14.9083 -30.06176 11.03878
v 14.95072 -28.90046 10.85613
v 15.17531 -32.722 11.1511
v 14.76964 -33.69822 11.50851
v 15.55546 -28.20179 10.27588
v 15.17096 -34.50807 11.13274
v 15.98563 -34.64215 10.36406
v 16.84359 -34.31625 9.455862
v 4.528085 -8.367927 15.27922
v 5.421698 -8.635553 14.95927
v 13.34249 -89.00819 6.202173
v 11.73417 -97.30738 5.092301
v 12.1763 -98.40636 4.552364
v 11.31299 -99.34775 4.771457
v 7.920951 -45.39945 12.27871
v 8.945079 -45.4049 12.49547
v 7.538135 -46.32375 12.01007
v 13.74864 -62.55661 9.81204
v 12.37563 -62.8128 10.44061
v 11.9574 -61.65677 10.7491
v 16.57488 -31.30581 9.914976
v 16.94831 -32.04893 9.326374
v 8.879502 -103.884 4.557167
v 0.804332 -65.50866 4.658951
v 2.03993 -66.17771 5.14277
v 3.405053 -65.70901 5.602436
v 1.666818 -64.82912 4.921277
v 1.785582 -67.50436 5.210878
v 2.382917 -68.7562 5.50563
v 1.894183 -70.35297 5.643797
v 3.592782 -68.35786 5.850174
v 1.550471 -63.85009 4.813152
v 2.146177 -12.88734 16.51628
v 2.597714 -13.89998 16.59809
v 17.63829 -56.81261 6.842347
v 0.079621 -59.00169 3.209887
v 0.235311 -56.4895 3.245111
v -2.06848 -100.6618 4.729578
v -1.956889 -99.73532 3.689506
v -2.199237 -101.536 3.839442
v -1.285122 -100.2835 2.850598
v 16.9438 -49.37496 8.169147
v 16.32584 -49.75652 8.844739
v 17.52358 -31.56017 8.378902
v 3.150784 -42.19226 10.69178
v 4.145275 -42.47666 11.34343
v 4.137809 -41.30573 11.55491
v 13.49364 -86.35438 6.738087
v 4.738197 -45.26111 11.00467
v 0.07511 -40.85656 6.400778
v 2.96324 -11.15551 16.04444
v 5.568933 -63.86768 7.186472
v 6.561111 -63.62117 8.352141
v 6.091672 -65.21464 7.700562
v 6.776617 -66.41042 8.363006
v 5.82814 -66.49817 7.418799
v 11.71369 -9.566691 10.17448
v 14.84894 -50.0537 10.30137
v 10.18822 -12.23879 12.55289
v 18.45218 -32.10475 6.840305
v 5.300957 -6.72126 14.71896
v -1.388094 -89.36713 4.58475
v -0.931782 -89.80209 5.429377
v -0.127635 -89.2583 5.937351
v 0.637387 -88.43997 6.2116
v 1.745851 -87.85687 6.453597
v -0.302073 -87.87106 5.824943
v -0.309085 -86.67693 5.782004
v 16.51687 -69.39801 6.666854
v 16.69906 -68.36076 6.598876
v 16.20183 -67.72853 7.23125
v 15.35911 -67.54111 8.049281
v 15.83953 -69.7203 7.328472
v 15.09473 -69.62213 8.003267
v 2.076827 -84.40592 6.001716
v 1.283817 -85.38764 6.335225
v 1.652451 -86.59377 6.471015
v 0.585127 -86.19897 6.167747
v 0.867243 -84.31805 6.202585
v 13.78305 -24.87886 10.6592
v 9.095755 -8.831715 12.38876
v 2.16211 -50.8993 6.775313
v 5.245305 -24.28167 14.59118
v 16.37337 -33.61074 10.04
v 14.47221 -13.94702 8.458002
v -1.667942 -93.40077 3.98218
v -1.454233 -93.2602 4.960177
v 16.8552 -40.16065 8.718374
v 16.70549 -41.11717 8.805552
v 0.672913 -71.48554 5.325755
v 11.80848 -92.81976 6.076011
v 12.49112 -65.09467 10.12854
v 12.16148 -66.22646 10.12242
v 11.01132 -66.5062 10.37824
v 12.49168 -67.36145 9.863748
v 12.15534 -68.61101 9.837375
v 10.32999 -65.62137 10.51691
v 9.336944 -64.93651 10.57116
v 8.336089 -65.49391 10.13292
v 10.30067 -67.35823 10.33271
v 10.47912 -68.41271 10.20596
v 8.392995 -66.60423 10.03999
v 8.42658 -67.71885 9.928211
v 9.211936 -67.11148 10.27456
v 13.41877 -67.41144 9.397141
v 7.70367 -64.80478 9.664256
v 7.543951 -65.92842 9.379767
v 7.191057 -63.96134 9.188795
v 7.764685 -63.52087 9.933148
v 7.986174 -62.49678 10.27939
v 8.255951 -61.08067 10.5892
v 7.256359 -61.50676 9.879441
v 9.05523 -59.94817 10.97856
v 8.592828 -63.29865 10.53088
v 9.709998 -63.24194 10.79538
v 10.13954 -62.12797 10.92725
v 9.429512 -61.1218 10.96864
v 10.24836 -59.66708 11.20557
v 9.192711 -64.01135 10.64141
v 8.791504 -28.63454 13.12423
v 4.185407 -91.59328 6.393714
v 11.73091 -89.73825 6.786694
v 10.47541 -85.29863 7.45318
v 14.54614 -43.89339 11.06622
v -0.247626 -69.04723 2.909081
v 16.59609 -65.56918 7.065471
v 3.154267 -20.17935 16.51732
v -0.359094 -70.67747 4.197656
v -0.826369 -85.56 5.237236
v -1.068389 -85.10909 4.306993
v 2.12151 -90.31127 6.271782
v 2.619456 -43.91954 9.726948
v 15.35267 -62.41127 8.680314
v 10.33357 -27.40666 12.51215
v 6.980345 -32.45384 13.70976
v 4.350341 -76.99991 7.257583
v 5.374669 -76.92467 7.710307
v 12.42134 -11.98245 10.25544
v 8.518365 -87.15183 6.646921
v 3.794975 -64.54874 5.713028
v 4.631359 -64.46888 6.299404
v 4.000409 -67.38356 5.999439
v 4.342624 -66.24245 6.148348
v 4.535858 -68.24786 6.357133
v 4.253999 -69.2173 6.220431
v 4.294631 -70.51266 6.307729
v -1.936998 -100.6799 3.455551
v 7.085823 -60.43365 9.95767
v 6.804529 -59.32916 9.904754
v 6.931903 -58.04597 10.13428
v 5.995026 -57.42937 9.594671
v 5.142581 -57.93313 8.653184
v 4.413178 -58.22562 7.507197
v 3.718544 -57.22187 6.924963
v 5.454945 -56.42444 9.3485
v 5.352861 -59.15036 8.471067
v 5.541214 -60.46252 8.136501
v 4.898907 -60.80857 7.04353
v 4.230109 -59.96728 6.383327
v 5.091787 -62.04543 6.877664
v 6.048432 -59.71385 9.105918
v 7.816074 -58.58814 10.58594
v 8.674025 -58.16644 10.98107
v 9.50516 -57.53566 11.31521
v 10.59483 -56.95849 11.47842
v 10.6689 -58.15538 11.36122
v 4.711198 -56.2404 8.697142
v 3.69044 -59.19958 5.915023
v 4.032882 -58.52465 6.605061
v 3.775038 -56.25178 7.461034
v 4.473715 -62.4863 6.172388
v 5.102765 -63.06382 6.746051
v 3.72232 -62.78528 5.603149
v 16.18513 -81.47141 4.939483
v 15.53092 -82.09319 5.581707
v 14.83723 -82.15924 6.373989
v 14.82135 -83.20544 6.194813
v 14.22095 -84.31584 6.502957
v 14.1603 -81.78539 6.991277
v 15.83752 -80.70161 5.510442
v 15.95432 -83.96027 4.665055
v 17.1921 -26.5861 8.140362
v 14.44604 -16.86785 9.652639
v 13.24219 -95.97168 4.49997
v 16.21254 -55.1832 8.553329
v 6.632884 -75.76733 8.242586
v 7.34613 -76.30945 8.684009
v 10.80432 -80.06367 8.362598
v 12.32684 -76.76219 8.562001
v 12.87268 -75.74136 8.52352
v 12.95176 -74.58866 8.651281
v 0.616211 -78.35401 5.480226
v 5.563688 -78.63925 7.697042
v 5.19649 -79.55714 7.468258
v 11.0882 -21.45331 12.5464
v 13.03753 -46.32427 11.81449
v 12.39027 -47.30201 12.01836
v 10.97648 -11.86373 11.78532
v 11.52821 -10.98316 11.5055
v 6.04665 -61.40148 8.358788
v 6.593941 -62.32285 8.691157
v 0.683551 -11.28152 16.22164
v 16.52898 -87.51859 2.524035
v 0.736342 -17.67441 17.01685
v 0.753317 -20.27292 16.75549
v 0.592694 -47.67789 3.516706
v 18.42413 -46.82623 5.978858
v -0.209507 -65.27957 2.959285
v 0.399609 -40.19018 4.334321
v 0.016658 -42.65818 4.002762
v 0.717746 -28.93902 14.15479
v 0.44327 -90.30749 2.663274
v 0.730335 -102.8001 2.818412
v 0.295931 -103.6243 2.720749
v 0.567284 -95.30253 2.690071
v 15.07373 -102.2298 0.753946
v 0.583607 -31.18503 12.99875
v 17.93075 -70.29057 4.210395
v 15.78187 -96.11234 1.503879
v -0.010589 -75.31312 2.743764
v 0.051689 -77.81329 2.680775
v 18.2928 -62.88479 4.850005
v 18.13817 -65.35207 4.623011
v -0.054342 -60.25087 2.996602
v 0.254171 -55.22065 3.070652
v 18.35578 -41.89461 6.204974
v 5.222147 -104.0142 5.166586
v 0.32546 -36.63009 4.694257
v 0.462643 -37.62607 3.917994
v 0.333113 -36.24703 9.823521
v 0.180514 -37.31617 9.449265
v 0.650619 -35.81873 10.74479
v 1.368234 -35.46232 11.49659
v 12.11311 -8.58046 9.500722
v 12.90349 -8.617122 8.702419
v 2.021292 -7.815958 15.75463
v 1.969829 -6.834436 15.64656
v 0.752697 -6.705609 15.6579
v 0.480245 -38.23056 5.412499
v 0.408222 -39.12309 5.886248
v 0.35988 -37.18682 8.035914
v 0.082674 -37.66316 7.114472
v 0.083311 -42.11132 5.576373
v 0.248724 -42.72093 5.95939
v 2.131804 -30.86464 13.78215
v 2.380807 -29.89441 14.01546
v 1.366901 -33.66074 12.40811
v 1.013504 -34.31805 11.7412
v 2.205975 -22.12763 16.21842
v 2.241952 -19.37527 16.79106
v 2.119808 -15.89076 16.89729
v 1.49656 -32.33344 13.02154
v -0.694509 -93.66922 2.92804
v 15.29433 -94.56531 2.797048
v -0.607868 -73.71516 3.850819
v -0.366657 -73.5129 4.679718
v -0.742375 -77.04715 3.703948
v -0.875144 -77.85578 4.27936
v -0.764923 -79.50579 3.569918
v -0.69413 -79.9754 4.893273
v 2.051521 -28.26197 14.32032
v 2.652133 -29.00642 14.07117
v 2.057784 -27.39276 14.58478
v 1.936788 -9.555954 15.9202
v 3.633593 -10.09653 15.76564
v 4.660161 -9.922183 15.43853
v 5.269457 -10.77153 15.37231
v 15.63608 -87.80001 4.158084
v 14.80563 -88.74008 4.898212
v 14.13727 -88.40826 5.67238
v 0.342575 -63.61912 4.045789
v 17.67509 -63.76754 5.911953
v 17.38015 -63.04969 6.45412
v 17.73943 -61.33654 6.096341
v 17.046 -61.02709 7.123961
v 17.49809 -67.06568 5.639563
v 3.60389 -102.6778 5.472393
v 16.0992 -85.8785 3.76528
v 0.247024 -69.35835 4.807112
v 1.142271 -69.66852 5.304342
v 17.33415 -54.99439 7.345968
v 17.93198 -54.6867 6.578894
v 17.66836 -53.04933 7.122819
v -1.761381 -102.4264 3.16602
v -0.55539 -101.9735 2.619837
v -0.657972 -101.0498 2.663932
v -0.688684 -97.02233 2.765293
v -1.178138 -97.9369 2.860624
v 16.43591 -82.22184 4.151465
v 16.88612 -77.39841 4.698657
v 16.44042 -77.19519 5.476028
v 15.8166 -76.70906 6.299833
v 13.88666 -102.5959 2.198753
v 15.03675 -97.00706 2.483321
v 14.72849 -96.28348 3.053786
v 14.89077 -97.92006 2.416187
v 14.22188 -98.40424 3.010246
v 2.065613 -23.34799 15.89804
v 17.85964 -48.60907 6.949541
v 16.86784 -48.03943 8.311014
v 16.36679 -47.42149 8.920317
v 16.48791 -79.19173 5.007307
v 15.98066 -78.40625 5.790456
v 15.3984 -78.69 6.387291
v 15.69658 -90.91355 3.194102
v 15.17515 -90.87619 3.968477
v 15.26014 -92.73022 3.384132
v 14.20489 -92.15402 4.676951
v 17.17538 -73.70261 5.019763
v 16.65797 -73.37108 5.859088
v 15.99681 -73.08215 6.696541
v 16.71825 -72.31705 5.939769
v 16.83133 -75.53484 5.255215
v 17.58887 -59.25576 6.650572
v 16.97689 -58.94883 7.424504
v 16.42543 -57.82186 8.106993
v 15.87374 -56.94947 8.743783
v 14.97645 -56.84483 9.586426
v 0.168131 -38.70087 8.83867
v 1.121464 -59.89348 4.189571
v 1.63295 -55.87246 3.979314
v 1.15636 -49.49993 4.493861
v 15.84669 -74.96438 6.550633
v 15.49161 -74.2403 7.005084
v 14.64476 -74.31101 7.710562
v 15.54781 -75.82674 6.710337
v 14.16814 -73.51193 8.148035
v 14.59962 -75.79734 7.543493
v 17.41124 -41.70031 7.735814
v 16.39152 -42.50693 9.061416
v 17.60031 -40.22974 7.298998
v 7.02865 -102.8523 5.167554
v 6.094979 -102.8323 5.282875
v 0.011778 -66.28189 4.17885
v 0.648663 -46.14052 4.943421
v -0.675357 -92.03556 3.00402
v -1.559048 -91.48458 4.364011
v -1.155735 -91.29924 5.254083
v -1.560994 -92.38546 3.872056
v 2.557306 -56.20952 5.280622
v 14.08172 -14.97827 9.436509
v 9.144709 -101.9234 4.921091
v 10.79973 -101.5362 4.459949
v 10.03267 -100.9656 4.886206
v 0.34647 -44.43795 5.166117
v 0.177017 -42.10766 7.169432
v 0.823983 -42.34722 7.616695
v 1.039569 -41.47344 8.583681
v 0.309463 -40.97004 8.597805
v -0.733204 -75.30018 4.372146
v -0.052362 -76.5036 5.110204
v 16.4727 -71.35299 6.405007
v 15.99291 -70.82402 7.020886
v 15.44288 -71.45651 7.456767
v 14.57095 -70.75715 8.239809
v 13.41311 -69.40869 9.144517
v 11.61613 -70.07786 9.795931
v 10.6386 -70.40513 9.919304
v 15.94278 -39.74526 10.00178
v 16.44037 -37.7366 9.757932
v 16.5064 -36.6575 9.760976
v 15.74769 -38.29631 10.40904
v 15.87531 -36.17252 10.40885
v 2.159232 -26.14843 14.96376
v 3.313529 -25.58877 14.82927
v 7.256035 -101.5908 5.374285
v 8.142659 -101.2803 5.29703
v 6.499457 -101.1012 5.542874
v 6.496006 -100.166 5.682448
v 7.551158 -99.86139 5.641441
v 7.721777 -98.94646 5.77796
v 6.983614 -98.36169 5.904886
v 6.797566 -97.35822 6.053314
v 16.60259 -64.03616 7.256094
v 15.27355 -64.36072 8.515958
v 15.45109 -65.37 8.242067
v 14.83929 -66.09705 8.634378
v 14.01173 -65.8714 9.234534
v 13.35019 -65.32226 9.710697
v 13.45463 -13.26684 9.566537
v 12.10751 -12.81161 10.89625
v 12.95805 -16.69242 11.08183
v 13.40842 -17.55624 10.8128
v 3.570845 -23.52325 15.48562
v 4.038509 -24.44706 14.97428
v 2.579404 -35.00587 11.66939
v 2.898214 -34.21294 12.45491
v 0.480747 -62.09386 4.023817
v 3.724851 -60.96265 5.539863
v 1.407452 -53.62247 3.882045
v 1.838003 -53.66994 4.715665
v 17.43428 -37.6926 8.140231
v 17.65514 -35.5451 8.070138
v 15.63443 -48.32836 9.693916
v 9.083502 -100.0963 5.346631
v 9.225919 -99.15749 5.508795
v 10.0932 -98.79615 5.362608
v 4.060376 -52.42642 8.890115
v 5.394669 -54.39867 9.554328
v 5.891875 -55.37212 9.787342
v 5.86464 -53.43761 9.911807
v 5.3764 -52.51472 9.80313
v 6.892652 -55.38031 10.36735
v 7.374941 -54.49219 10.76413
v 8.402401 -54.49015 11.25958
v 8.931379 -53.40367 11.59946
v 8.899354 -55.48434 11.3621
v 10.18663 -55.35897 11.62789
v 8.376374 -56.45816 11.05461
v 7.400855 -56.36972 10.52744
v 9.297151 -54.63635 11.5633
v 6.913063 -57.10802 10.20278
v 11.16997 -54.90248 11.60939
v 12.02281 -55.28837 11.40902
v 12.26585 -56.23732 11.22626
v 6.801525 -53.45143 10.56307
v 7.304031 -52.61645 10.9795
v 3.870767 -21.30383 16.07799
v 5.277143 -20.75985 15.77181
v 5.681633 -19.28433 15.92319
v 5.497255 -18.44193 16.09358
v 5.00739 -19.89554 16.05979
v 4.033587 -19.67298 16.39168
v 4.62672 -18.19649 16.41429
v 13.81234 -97.14848 3.693366
v 1.320731 -101.3365 5.744305
v 3.794479 -98.95153 5.905037
v 3.603265 -97.93667 6.03097
v 4.245057 -97.09817 6.105189
v 5.288404 -97.25742 6.075209
v 5.117331 -96.21236 6.133509
v -1.229127 -101.5728 5.416868
v 4.025184 -11.81452 16.01558
v 4.875266 -13.26404 15.97039
v 4.009773 -12.80482 16.18119
v 7.008838 -7.883264 13.9095
v 0.542318 -90.67241 6.206059
v 0.026335 -91.57697 6.045602
v 12.28179 -70.6979 9.488294
v 13.35944 -72.31937 8.782104
v 12.10351 -71.73159 9.405626
v 11.16143 -72.07457 9.610323
v 2.213157 -72.77492 6.099026
v 2.531228 -71.76333 6.020988
v 2.908077 -70.72405 5.912706
v 2.150313 -73.92182 6.252749
v 3.568644 -75.27464 6.947211
v 4.370106 -75.50631 7.283087
v 3.35152 -74.42753 6.726703
v 5.031367 -74.84555 7.339801
v 4.697038 -73.9976 7.03896
v 3.636736 -72.59908 6.437398
v 6.101241 -70.73277 7.86795
v 5.419472 -70.06805 7.23602
v 7.822099 -72.04407 9.070758
v 8.127178 -72.96459 9.154795
v 9.104844 -73.11504 9.556075
v 8.276273 -71.31047 9.416286
v 5.854374 -68.83638 7.648014
v 5.412995 -68.00669 7.10958
v 13.26641 -32.10435 12.41301
v 12.1905 -31.8902 12.68056
v 11.23141 -31.37241 12.85468
v -0.754683 -83.46738 5.174932
v -0.290981 -84.08895 5.675144
v -0.219435 -82.22076 5.694216
v 0.618086 -82.87318 6.014792
v 1.396774 -81.30621 5.804888
v 0.805458 -79.67173 5.685572
v 1.595944 -80.20137 5.652721
v 17.66273 -50.87678 7.234135
v 13.55863 -51.15713 11.14404
v 12.78836 -51.58775 11.50244
v 12.91589 -52.55011 11.34793
v 12.30527 -53.24599 11.52208
v 11.32979 -52.9675 11.76985
v 12.59665 -54.1767 11.32793
v 11.31603 -51.89056 11.86851
v 12.18739 -50.34431 11.81038
v 12.85919 -49.74575 11.63103
v 11.34764 -50.05533 12.01409
v 11.97169 -48.36432 12.04174
v 9.661628 -51.68431 11.93081
v 9.144063 -50.10636 12.00599
v 8.127344 -51.34217 11.55672
v 8.963377 -51.07419 11.86962
v 6.470866 -51.49635 10.5704
v 13.42368 -55.85399 10.73684
v 13.36797 -57.60998 10.59352
v 13.90543 -56.72531 10.37756
v 13.74184 -58.48658 10.28458
v 13.23126 -59.32489 10.46655
v 13.61904 -60.27575 10.15795
v 14.56533 -58.4874 9.725564
v 13.42865 -61.24136 10.1531
v 14.54672 -60.08304 9.568738
v 15.88937 -59.03178 8.531985
v 11.9811 -58.4305 11.08886
v 12.34224 -59.31038 10.86534
v 11.4732 -60.31277 11.00713
v 14.96772 -55.43739 9.736286
v 16.40243 -53.53758 8.498425
v 16.12614 -60.80548 8.123974
v 10.35454 -13.68361 12.73819
v 4.193396 -50.96381 9.28332
v 5.034636 -50.57956 10.07031
v 4.965608 -49.47353 10.24736
v 3.98019 -48.98042 9.508499
v 2.765083 -47.71678 8.616972
v 9.175345 -74.45613 9.420322
v 8.224392 -74.8118 9.106864
v 8.204413 -75.84599 9.044562
v 9.035655 -76.32752 9.102071
v 7.426798 -77.28507 8.60366
v 9.205761 -78.87134 8.644114
v 9.41594 -79.72675 8.486332
v 8.753655 -80.3569 8.297501
v 8.998993 -81.35761 8.127785
v 8.428297 -82.24993 7.873473
v 10.03424 -81.53351 8.126502
v 10.75183 -82.22321 7.994287
v 10.91805 -84.1031 7.649039
v 10.14588 -83.37109 7.796143
v 9.237474 -83.66211 7.694267
v 12.07013 -81.17043 7.968626
v 11.84232 -100.5176 4.195977
v 12.15255 -102.2259 3.590541
v 12.99241 -101.327 3.243135
v 17.46455 -29.45179 8.233849
v 2.188644 -83.01492 5.864223
v 2.961039 -82.52603 5.894483
v 2.719528 -81.64723 5.841886
v 3.178828 -80.86736 6.11513
v 3.739754 -83.77019 6.281405
v 3.108632 -84.38066 5.901114
v 4.849192 -84.88902 6.227527
v 4.153511 -85.69376 6.134376
v 6.287946 -83.85748 6.978208
v 6.274765 -82.38576 7.373303
v 7.345206 -85.13628 6.938203
v 5.475146 -86.61575 6.311951
v 5.031068 -88.41351 6.758541
v 6.063327 -88.52419 6.779406
v 3.681825 -87.29738 6.555792
v 3.378906 -86.3657 6.289047
v 3.100822 -88.11324 6.626678
v 5.703576 -90.30516 6.725626
v 6.035882 -93.14153 6.341463
v 6.956823 -92.82568 6.501768
v 6.862362 -91.53052 6.676176
v 5.926785 -91.26743 6.635386
v 8.535728 -92.37314 6.638914
v 8.651533 -91.42384 6.746916
v 10.16385 -92.57304 6.525959
v 10.90023 -93.13722 6.287421
v 10.29354 -91.63165 6.651713
v 8.976888 -89.71777 6.979367
v 9.709176 -87.94511 6.735516
v 11.80318 -87.85126 7.003284
v 12.84957 -87.8943 6.800332
v 11.02341 -87.25485 6.960468
v 7.372705 -90.09978 6.8555
v 7.557116 -90.95963 6.782481
v 11.60382 -91.4827 6.452608
v 14.98894 -84.99455 5.622673
v 14.32341 -68.01096 8.760859
v 8.6106 -18.09533 14.52256
v 14.17716 -54.93104 10.37128
v 17.33167 -27.75805 8.309145
v 16.18999 -27.71444 9.74427
v 13.0744 -77.71456 8.146468
v 13.11352 -79.57863 7.853456
v 9.996978 -77.66807 8.855477
v 9.989483 -75.23086 9.279472
v 14.94659 -77.59699 6.994048
v 14.21274 -80.10657 7.197322
v 14.62413 -80.84898 6.792203
v 2.484904 -40.81647 10.41313
v 1.987866 -42.20976 9.487103
v 15.09041 -37.3332 11.1089
v 14.30589 -37.70931 11.85337
v 12.19507 -82.78906 7.689658
v 13.25229 -82.68932 7.328329
v 12.60478 -84.47142 7.347879
v 11.90251 -83.89102 7.591365
v 12.39216 -85.69252 7.229753
v 11.46106 -85.70295 7.364162
v 1.990204 -52.15349 5.571466
v 13.16124 -91.60825 5.661605
v 12.57871 -92.31862 5.87201
v 14.34712 -90.45731 4.972729
v 13.54376 -90.04308 5.786861
v 12.10669 -90.64146 6.453271
v 13.31025 -94.45523 4.840107
v 11.87435 -94.59138 5.695982
v 12.16029 -95.53816 5.327029
v 4.218512 -43.72267 11.09865
v 4.918793 -44.33986 11.38841
v 4.431422 -46.61695 10.41902
v 5.765243 -46.35613 11.43587
v 6.058486 -47.55986 11.31721
v 5.30631 -47.98128 10.75905
v 7.554704 -69.15185 9.159106
v 7.677566 -68.09599 9.383156
v 8.619208 -69.60124 9.784455
v 8.992562 -68.77165 10.0191
v 9.203855 -70.3223 9.894058
v 9.431961 -71.82613 9.746919
v 13.07227 -29.9791 12.11478
v 11.99484 -30.1748 12.43845
v 9.749143 -30.47572 12.99437
v 8.886499 -31.16656 13.21088
v 9.713222 -29.40652 12.94996
v 11.22364 -29.44067 12.54321
v 11.41432 -28.33709 12.30837
v 8.877931 -97.53828 5.857833
v 8.44305 -98.35839 5.791164
v 6.399199 -45.82069 11.85116
v 10.91866 -94.50246 6.023654
v 14.6169 -18.91785 9.904928
v 10.77819 -16.82942 12.93342
v 12.1285 -19.17505 12.0418
v 11.92464 -24.21792 11.57259
v 12.0961 -25.05841 11.50997
v 11.39785 -25.62116 11.83718
v 13.0252 -25.45177 11.19622
v 10.40567 -25.16734 12.21448
v 9.481414 -25.40566 12.59257
v 2.869076 -17.48755 16.83501
v 14.1485 -64.4104 9.341882
v 11.2715 -64.49112 10.57948
v 8.0516 -96.62575 6.087516
v 12.39114 -26.87296 11.69948
v 11.39735 -26.54246 12.00413
v 14.03098 -27.00112 10.93784
v 14.72456 -26.42247 10.37668
v 7.489883 -9.365743 13.84614
v 6.668865 -9.051727 14.32464
v 4.251297 -55.35409 8.451771
v 2.525309 -52.73951 6.443494
v 1.450198 -49.90936 5.520284
v 2.968936 -32.90221 13.16356
v 3.868385 -32.54752 13.44768
v 4.739017 -33.11855 13.33897
v 3.553782 -31.49892 13.77954
v 4.278488 -34.24466 12.40089
v 4.477388 -35.20003 12.23405
v 5.426541 -32.07003 13.79423
v 5.748125 -30.4838 13.60388
v 4.486068 -29.44075 13.79509
v 5.356438 -29.68511 13.6589
v 3.861 -30.07613 13.85944
v 4.244153 -30.93141 13.90254
v 6.911855 -25.21801 13.67352
v 7.696537 -25.72323 13.2987
v 6.60045 -21.57368 14.96717
v 4.083536 -28.40979 14.08386
v 5.890549 -33.80199 12.99867
v 7.746657 -34.11784 13.30887
v 7.169767 -33.38956 13.58679
v 7.388937 -35.70566 13.27635
v 6.33487 -36.40288 12.97469
v 5.220932 -37.78889 12.53948
v 4.345588 -38.35537 12.11409
v 6.151026 -38.91287 12.82337
v 5.938894 -41.85899 12.3947
v 6.113482 -40.38119 12.63979
v 4.90628 -39.51689 12.201
v 11.86879 -38.24113 12.98337
v 13.24784 -38.92176 12.47794
v 14.06311 -38.68834 12.04743
v 14.75988 -35.84999 11.49825
v 13.73717 -34.76497 12.37342
v 14.47769 -34.63895 11.78061
v 9.983714 -39.95711 13.34877
v 12.82803 -40.74784 12.45266
v 13.7687 -40.95089 12.03176
v 13.65367 -42.43478 11.92998
v 9.897196 -41.01351 13.2444
v 7.894124 -43.37506 12.67165
v 15.82127 -41.35486 9.860116
v 10.06431 -36.49834 13.47644
v 10.95559 -33.23079 13.22566
v 9.090833 -35.13102 13.38154
v 10.06221 -48.47174 12.2162
v 7.172282 -47.42142 11.66143
v 8.714244 -48.32249 12.06765
v 6.903263 -50.6637 11.06462
v 7.713136 -49.77088 11.60886
v 6.091725 -49.73171 10.86457
v -1.727039 -94.54117 3.986698
v -1.256905 -95.26609 3.160578
v -1.760669 -97.17277 3.766652
v -1.861809 -98.62967 4.43932
v -0.20645 -96.84096 5.913064
v 0.689478 -97.07079 6.023183
v -1.52156 -95.25562 4.949445
v 2.011077 -96.94845 6.082338
v 2.26982 -97.86645 5.998123
v 1.581908 -98.63769 5.945872
v -1.082924 -99.72142 5.515911
v 2.691172 -101.269 5.67479
v 0.154915 -94.57589 6.018033
v 2.28989 -91.58321 6.224262
v 4.622382 -95.13901 6.155437
v 3.095903 -93.22374 6.229797
v 3.227572 -92.12549 6.209462
v 0.699993 -92.40807 6.178818
v 5.02003 -100.1277 5.752277
v 15.14672 -46.7462 10.30707
v 14.25481 -47.46377 11.02301
v 2.488665 -79.19624 5.86222
v 4.092141 -77.91363 7.141633
v 2.793469 -76.18854 6.578061
v 1.593534 -76.86378 5.616073
v 11.39475 -88.84354 6.984676
v 9.344119 -23.43313 13.0307
v 7.376782 -22.44558 14.32543
v 10.93483 -18.37088 12.91693
v 6.829857 -10.77413 14.58825
v 6.132716 -10.31261 14.90621
v 5.649731 -12.00788 15.46297
v 8.704582 -12.32767 13.71215
v 9.691817 -15.36162 13.55806
v 3.746646 -16.08773 16.66104
v 8.011949 -15.90034 14.81004
v 5.896227 -16.85093 15.97819
v 1.356323 -40.09237 9.690462
v 11.98702 -11.291 10.54666
v 14.04041 -10.32676 8.845237
v 7.475899 -83.36206 7.458857
v 8.830027 -86.27089 6.993952
v 13.96961 -28.44773 11.40894
v 12.75481 -44.36565 12.07342
v 17.1876 -43.9326 7.971684
v 17.09532 -35.08225 9.01853
v 17.28686 -33.99176 8.737912
v 12.8592 -98.88988 3.990959
v 2.578313 -65.38638 5.226731
v 2.85412 -66.3508 5.400022
v 3.621634 -66.55944 5.767155
v 0.845795 -67.65713 4.961478
v 2.506848 -69.66258 5.652327
v 3.357298 -14.41267 16.54648
v 17.02511 -57.2331 7.524575
v -1.745644 -98.89853 3.404218
v 17.38741 -32.45771 8.593358
v 4.50432 -40.51695 11.89829
v 14.03588 -86.77773 6.181032
v 5.998294 -63.24472 7.719681
v 6.567807 -64.5525 8.180862
v 5.513674 -64.78384 7.128403
v 6.686258 -65.53693 8.268851
v 6.864301 -67.46845 8.641618
v 5.585239 -65.69687 7.186687
v 5.060726 -66.27445 6.712407
v 12.50394 -9.99865 10.04907
v 1.546425 -88.84071 6.393179
v -0.96266 -87.60466 5.194506
v 16.80291 -39.25849 9.008662
v 12.84608 -68.12194 9.593647
v 11.07383 -61.97628 10.87695
v 17.25226 -65.49296 6.307066
v -1.1335 -86.03681 4.248913
v 3.088734 -90.2598 6.396308
v 9.837542 -28.01583 12.75558
v 9.770319 -26.69844 12.61624
v 7.971921 -32.52305 13.59416
v 6.007021 -77.46177 8.038617
v 4.258805 -65.30363 6.050835
v 3.303041 -55.75399 6.868446
v 13.67081 -83.65022 7.008616
v 15.4892 -80.07481 6.038558
v 17.04553 -25.68351 8.134684
v 14.59433 -17.75896 9.726413
v 4.650177 -78.80527 7.330355
v 5.485182 -61.42888 7.544506
v 6.745524 -61.5719 9.149805
v -0.174323 -80.44293 5.523221
v 16.80359 -55.50169 7.913386
v 17.26256 -56.09512 7.334203
v 14.62535 -98.97793 2.459243
v 17.12536 -60.01948 7.122539
v 13.79613 -74.38725 8.253621
v -0.128832 -67.23172 4.089106
v 14.89807 -72.26276 7.787032
v 15.2505 -38.91786 10.83796
v 15.98726 -65.85602 7.683534
v 15.40086 -66.62331 8.12937
v 12.20933 -16.6487 11.74387
v 4.068861 -53.39828 8.722828
v 3.423634 -52.11461 8.279593
v 9.824237 -53.06092 11.8259
v 6.83755 -70.62875 8.486273
v 10.0097 -73.32444 9.579319
v 13.4913 -33.04134 12.40644
v 16.43981 -52.55854 8.537399
v 15.5689 -84.72843 4.972264
v 11.67646 -82.03119 7.921558
v 8.299245 -30.45152 13.20244
v 12.12373 -20.02922 12.05093
v 15.23121 -36.43253 11.01705
v 10.02281 -35.16061 13.43156
v -1.448541 -96.15658 5.133389
v 15.86857 -104.1123 -1.13732
v 16.48901 -104.1839 -2.209143
v 16.73697 -104.2098 -3.424066
v 17.03462 -104.237 -4.627438
v 17.21211 -104.2499 -5.854291
v 16.98947 -104.2387 -7.074082
v 16.34197 -104.2211 -8.131692
v 15.37557 -104.2072 -8.908539
v 14.21415 -104.2046 -9.343589
v 13.00933 -104.2053 -9.637941
v 11.77726 -104.2081 -9.778411
v 10.54136 -104.2147 -9.6762
v 9.314451 -104.2215 -9.494978
v 8.090845 -104.2282 -9.292537
v 6.888046 -104.2333 -8.990101
v 5.794012 -104.2427 -8.40613
v 5.060369 -104.2637 -7.406363
v 4.721197 -104.2766 -6.213666
v 4.706384 -104.272 -4.973685
v 4.882618 -104.2521 -3.746127
v 5.151376 -104.2248 -2.535401
v 5.453669 -104.1941 -1.33282
v 5.665725 -104.1705 -0.111038
v 5.662237 -104.1632 1.129288
v 4.999238 -104.2259 2.175096
v 3.863635 -104.3672 2.654606
v 2.668517 -104.5098 2.954113
v 1.030781 -5.325851 -7.270617
v 1.871653 -5.258096 -8.19223
v 3.090129 -5.272046 -8.469306
v 4.321861 -5.280459 -8.257893
v 5.518151 -5.258858 -7.895884
v 6.698348 -5.208695 -7.478286
v 7.882934 -5.132654 -7.058719
v 9.01806 -5.018371 -6.493993
v 10.07279 -4.909677 -5.771176
v 11.07558 -4.821838 -4.945135
v 11.95062 -4.776137 -3.976845
v 12.70642 -4.766821 -2.890051
v 13.38413 -4.80242 -1.746063
v 13.82997 -4.873886 -0.471189
v 14.1933 -4.999954 0.833841
v 14.27434 -5.18599 2.219733
v 14.25084 -5.430368 3.599471
v 14.01756 -5.742219 4.96106
v 13.62959 -6.143491 6.351281
v 11.02827 -71.17628 -9.192547
v 12.01757 -51.85115 -9.07233
v 16.74836 -95.23128 -7.476285
v 14.48981 -34.12873 -8.191249
v 14.43901 -19.52116 -7.07015
v 15.62057 -12.41121 -0.58512
v 7.954914 -12.75495 -7.435539
v 5.312102 -91.34022 -7.755527
v 4.261191 -40.99718 -5.749453
v 18.36354 -71.96671 -5.134852
v 4.652419 -79.55958 -6.759006
v 3.574522 -70.5319 -5.30931
v 18.87297 -52.33169 -3.824288
v 5.070102 -58.95274 -6.422325
v 15.85035 -83.9563 -7.958004
v 7.418648 -32.37798 -10.96366
v 18.42628 -28.09944 -2.959
v 18.99733 -36.51335 -2.030862
v 3.918422 -49.69449 -4.998639
v 18.75818 -63.39519 -4.254983
v 4.766837 -96.95653 -1.978412
v 18.10667 -89.3887 -4.699955
v 12.374 -98.35881 -9.653457
v 7.713567 -19.7529 -10.47474
v 18.0835 -18.90339 -0.408084
v 12.11033 -10.07818 -4.253657
v 4.052752 -89.29241 -1.960435
v 18.83958 -77.17532 -2.678207
v 2.762258 -76.71515 -2.209144
v 3.35677 -83.0115 -2.08003
v 2.17948 -65.33584 -2.928623
v 19.40298 -57.47288 -1.084558
v 19.28686 -45.08235 -1.8835
v 2.143759 -55.06643 -3.0118
v 18.51515 -83.33105 -3.216108
v 3.429759 -35.72519 -7.823766
v 5.345326 -98.00412 -7.846767
v 6.653707 -25.61623 -12.03046
v 17.38847 -99.39427 -4.013812
v 4.578482 -9.971426 -7.480085
v 0.687786 -39.01136 -1.940911
v 17.71967 -94.50735 -3.199182
v 17.01615 -14.70305 2.680589
v 4.888827 -16.23675 -9.306994
v 1.490391 -44.50388 -2.253211
v 19.13426 -68.60871 -1.308918
v 19.46319 -50.16231 0.440278
v 19.50378 -29.35475 1.551162
v 19.40087 -40.32778 0.99399
v 18.70841 -23.43319 1.275962
v 1.777887 -60.2183 -2.363603
v 14.92401 -9.699119 3.574727
v 4.994282 -100.3041 1.692467
v 2.250673 -70.3345 -1.23907
v 3.641207 -31.49126 -11.18599
v 19.72569 -34.23768 1.677861
v 1.311562 -49.91472 -1.495982
v 19.22712 -63.75223 -0.030898
v 4.644626 -94.03465 0.939014
v 4.499477 -100.2389 -4.386618
v 15.87679 -100.1407 -8.467903
v 8.681086 -100.1502 -9.389863
v 9.514794 -8.82663 -6.560486
v 14.15573 -8.696991 -0.747697
v 18.82546 -73.62925 -0.649156
v 17.99548 -87.19672 -1.643838
v 3.890556 -20.13874 -10.88615
v 18.28083 -20.02313 3.204165
v 3.85851 -86.54221 0.605115
v 3.308085 -80.28583 0.269683
v 19.39581 -45.31293 1.850209
v 19.37084 -53.92977 1.199252
v 17.6929 -90.91855 -1.676938
v 4.057763 -90.25838 1.280217
v 18.42811 -79.84577 -0.56305
v 2.625182 -74.03349 -0.038432
v 19.22264 -60.12192 1.128496
v 0.698207 -36.76369 -4.79738
v 0.276741 -42.08207 -0.127599
v 15.98652 -11.76762 4.62013
v 1.848018 -66.49857 -0.107312
v 1.113658 -56.38763 -0.401083
v 2.014706 -33.7827 -9.09379
v 5.343797 -101.1594 -7.904687
v 3.354093 -25.57068 -11.98974
v 3.07019 -12.76189 -8.322494
v 17.15679 -97.11021 -1.861633
v 19.34422 -37.97174 2.925678
v 18.94382 -25.84019 3.222935
v 1.571241 -62.72229 -0.378398
v 12.38626 -101.3157 -9.707635
v 12.28603 -7.422082 -3.716079
v 18.15964 -83.59167 -0.366365
v 17.38246 -16.7531 4.312138
v 0.643852 -46.09222 0.109181
v 3.899242 -97.75338 2.136679
v 19.57586 -31.86278 3.284829
v 0.905562 -52.55791 -0.202555
v 19.00538 -66.337 1.215148
v 5.096992 -101.4855 -1.950954
v 17.25596 -101.5092 -6.470167
v 7.13306 -7.857032 -6.876253
v 18.57731 -76.20824 0.420412
v 18.82521 -71.27747 0.867333
v 2.922469 -28.41118 -11.9039
v 2.406773 -7.848342 -8.491176
v 16.80609 -101.6589 -2.827833
v 0.125055 -38.39726 0.028905
v 14.5891 -7.722436 2.118855
v 18.37596 -22.35251 4.028352
v 3.231815 -83.9997 1.375935
v 2.757205 -77.75331 0.970832
v 19.38806 -47.84866 2.776533
v 19.42059 -42.91787 3.070352
v 19.32673 -56.48138 2.155911
v 3.040365 -22.82456 -11.62549
v 17.34656 -93.46649 -0.973541
v 2.563488 -15.28214 -9.171978
v 2.694755 -17.71727 -10.07364
v 19.379 -51.55682 2.631254
v 1.228634 -60.19161 0.169132
v 18.87538 -68.83635 1.388764
v 2.259069 -10.3666 -8.188643
v 4.795228 -7.57569 -7.733585
v 16.49279 -14.70433 5.192713
v 19.17636 -28.253 3.810883
v 19.36812 -40.46715 3.442649
v 1.927218 -68.98635 0.714849
v 2.133627 -71.48745 0.848305
v 19.31407 -35.56245 3.707223
v 0.610665 -48.72754 0.483444
v 16.81437 -99.61974 -1.558897
v 14.37095 -7.774768 4.785688
v 14.56617 -10.16837 5.637738
v 19.11516 -62.68071 2.055062
v 14.78739 -102.028 -9.087255
v 9.915756 -102.0392 -9.588764
v 7.471185 -102.0525 -9.169919
v 4.165856 -102.2183 2.365119
v 5.495554 -102.0731 0.501123
v 3.369402 -95.25007 2.336548
v 3.288029 -92.74828 2.214596
v 4.52067 -102.1229 -5.606271
v 10.64874 -6.947152 -5.535813
v 13.64615 -6.891608 -1.437712
v 17.60293 -88.57908 -0.092433
v 17.81291 -86.12041 0.16432
v 2.969793 -87.74777 2.057322
v 1.780319 -31.10902 -10.90509
v 18.5852 -73.80659 1.39438
v 3.244871 -100.2542 2.672679
v 17.72002 -18.9624 5.067296
v 2.591403 -81.49383 1.735801
v 19.23584 -59.01168 2.746848
v 0.75428 -36.46979 -2.86838
v 0.980596 -35.02623 -5.885203
v 0.240044 -40.98839 1.454555
v 19.31335 -54.07598 3.133998
v 18.25631 -78.74381 1.04422
v 18.09888 -81.20766 0.806984
v 2.130073 -75.24483 1.395038
v 0.191054 -43.59825 1.282245
v 19.38429 -45.43659 3.747198
v 15.36338 -12.75052 5.841309
v 1.242225 -63.97003 0.980044
v 0.638657 -55.14036 0.866484
v 0.768356 -57.67401 0.866204
v 18.60946 -24.71849 4.7157
v 1.929355 -20.26448 -10.98146
v 16.92365 -95.98562 -0.519969
v 0.494561 -51.32479 1.010247
v 17.31667 -91.06942 0.024497
v 2.719843 -90.25178 2.388222
v 19.28689 -33.16372 4.466762
v 19.234 -30.71606 4.525804
v 18.94294 -65.20103 2.506746
v 1.854727 -26.93661 -11.88652
v 16.34168 -102.1253 -1.209325
v 4.891054 -102.6665 -3.14871
v 16.72231 -102.6496 -7.612032
v 17.31216 -102.6731 -5.232644
v 8.414927 -6.632576 -6.633183
v 1.853439 -24.1994 -11.83058
v 1.25296 -6.794662 -7.97831
v 14.37423 -6.535652 1.180404
v 2.47164 -85.24886 2.179098
v 2.13959 -78.99741 1.871228
v 19.33416 -49.15797 3.784169
v 14.04044 -8.294008 6.324426
v 5.354246 -102.7693 -7.928491
v 1.466171 -12.94341 -8.554121
v 17.97865 -21.25309 5.265967
v 1.60653 -16.58818 -9.689446
v 0.922191 -61.45984 1.138391
v 0.97498 -33.2167 -8.683855
v 0.158903 -37.37443 0.160542
v 18.64694 -70.14797 2.234038
v 18.79112 -67.68161 2.452842
v 1.244713 -66.48399 1.325735
v 18.87341 -38.06859 4.415593
v 1.322511 -9.210095 -8.524226
v 18.77768 -27.11375 4.837046
v 19.16013 -41.75902 4.302265
v 0.381652 -47.50126 1.43494
v 12.39249 -102.8277 -9.730387
v 6.035627 -6.626235 -7.432836
v 3.676323 -6.691546 -8.271698
v 1.488848 -70.24322 1.507696
v 1.64295 -72.74803 1.601356
v 16.58874 -98.45735 -0.575243
v 19.00939 -61.51242 3.019344
v 2.819309 -102.7613 2.898957
v 16.86683 -16.82747 5.875367
v 14.39879 -6.780533 3.843517
v 8.694921 -102.8708 -9.396773
v 2.59628 -94.0053 2.657371
v 2.648552 -96.50663 2.725066
v 0.764694 -35.36271 -4.225159
v 17.73905 -83.70591 1.044956
v 15.24685 -10.71557 6.652662
v 5.302725 -102.87 1.712765
v 5.478498 -102.8592 -0.733343
v 11.51452 -6.113014 -4.498084
v 13.02708 -6.09069 -2.418638
v 1.417993 -29.65081 -11.27957
v 15.404 -77.2314 -8.076742
v 18.21487 -76.31879 1.80532
v 17.46226 -87.40115 0.717629
v 0.21555 -39.86017 2.039157
v 1.370803 -58.42706 -1.04837
v 2.42303 -57.78187 -3.489299
v 4.235819 -55.8287 -5.510207
v 8.512358 -55.61322 -8.422608
v 11.19473 -63.1409 -9.090091
v 14.19341 -57.67785 -8.319604
v 11.59212 -91.70232 -9.571716
v 18.43899 -72.62459 2.164773
v 0.245066 -42.3902 1.977891
v 0.210429 -39.63294 0.205088
v 19.13632 -56.58671 3.535564
v 2.599979 -99.01044 2.826747
v 2.106597 -82.75297 2.181877
v 1.757919 -76.50199 1.888886
v 0.273594 -44.95152 1.793883
v 19.20412 -52.88457 3.821411
v 17.96182 -80.01891 1.503996
v 1.19701 -54.43108 -0.948147
v 1.865208 -52.58321 -2.541607
v 1.388456 -19.04 -10.60357
v 1.4365 -21.56811 -11.33822
v 0.934663 -32.21387 -9.900897
v 0.81468 -33.86264 -7.117846
v 0.466325 -36.58934 -1.297415
v 8.799048 -95.64873 -9.356847
v 6.391864 -29.25036 -11.96046
v 12.74771 -27.94053 -9.64593
v 16.66291 -103.0001 -2.832817
v 19.26013 -46.70699 4.24913
v 19.16395 -44.24206 4.369263
v 0.404293 -53.88611 1.363219
v 0.491024 -56.42027 1.335044
v 0.63241 -58.94542 1.352021
v 1.424985 -25.55882 -11.87233
v 0.459638 -37.60297 1.801419
v 0.371268 -38.74828 1.955192
v 8.628041 -85.0473 -9.26415
v 3.476631 -53.30897 -4.657755
v 6.233871 -53.19995 -6.982176
v 8.236338 -48.23976 -7.931521
v 14.62795 -44.45396 -7.916618
v 15.58376 -13.74535 6.382029
v 18.20154 -23.58927 5.322495
v 16.83402 -94.78869 0.052159
v 0.345993 -50.07121 1.509665
v 0.760545 -50.17513 0.072531
v 2.923505 -30.04715 -11.5975
v 4.556673 -29.21797 -11.89105
v 5.545932 -27.39041 -12.12103
v 7.863701 -27.49051 -11.81891
v 10.71787 -24.52096 -10.69259
v 9.142353 -30.01354 -11.26472
v 11.13596 -33.15581 -9.933337
v 11.05606 -39.38937 -9.082807
v 8.038269 -36.40761 -8.828075
v 14.70398 -24.11235 -7.634663
v 2.355664 -38.62437 -5.104557
v 1.915587 -35.49832 -6.44907
v 17.02775 -92.32887 0.31932
v 17.24623 -89.87338 0.589292
v 2.270132 -89.00664 2.523397
v 2.344285 -91.50742 2.620199
v 19.15639 -34.41857 4.888851
v 19.4934 -34.15263 3.479799
v 19.15218 -31.96845 4.948422
v 18.98197 -29.53487 5.008956
v 19.41063 -29.61982 3.598428
v 18.87911 -63.99912 3.041881
v 19.08345 -64.06519 1.600253
v 16.23455 -100.9257 -0.655273
v 4.690754 -103.1126 -4.36424
v 4.624596 -101.6723 -4.17643
v 17.19068 -103.0919 -6.469681
v 15.89276 -103.0588 -8.541672
v 16.03545 -101.602 -8.385944
v 9.581239 -6.10588 -6.139317
v 9.301922 -7.523952 -6.140343
v 19.36837 -49.45392 2.049315
v 19.46878 -47.69169 0.319275
v 19.15024 -49.08454 -2.767218
v 16.24433 -49.19962 -6.795796
v 1.099503 -11.71905 -8.432985
v 1.170384 -14.1822 -8.924229
v 1.323784 -28.2856 -11.63983
v 17.285 -94.84925 -1.293979
v 1.743698 -64.64842 -0.78792
v 1.927062 -63.27728 -2.400865
v 4.33451 -63.17553 -5.907597
v 14.00855 -6.040234 0.020677
v 14.17052 -7.391342 -0.111797
v 2.160613 -86.50604 2.406538
v 1.877301 -80.25548 2.133581
v 19.23342 -50.4199 4.086076
v 4.807713 -103.142 -6.821207
v 6.328377 -103.1067 -8.703605
v 0.803847 -62.72473 1.45732
v 1.037814 -8.090481 -7.976904
v 2.914025 -63.77786 -4.307796
v 4.177701 -66.90321 -5.916236
v 3.20183 -61.04406 -4.564155
v 6.91885 -69.69286 -8.217011
v 7.334238 -75.16487 -8.610035
v 7.415321 -65.17462 -8.3141
v 18.93621 -26.36107 -0.146318
v 17.42066 -23.34692 -3.495034
v 3.515564 -82.36435 0.107337
v 19.30542 -58.09922 0.932446
v 2.861232 -76.0514 -0.279048
v 16.20159 -13.43601 4.071588
v 16.05588 -12.50287 1.938193
v 16.74774 -14.41228 -0.101493
v 14.95033 -15.31969 -4.726791
v 17.38368 -100.9661 -4.807057
v 17.38078 -99.20782 -6.293947
v 17.68401 -96.73633 -4.943849
v 17.62966 -20.14378 5.771955
v 18.63897 -68.93933 2.659528
v 18.75572 -66.47051 2.870463
v 0.96002 -65.23556 1.532026
v 1.117423 -67.74416 1.603783
v 18.75765 -39.32464 4.628682
v 18.94713 -36.87022 4.822346
v 7.235707 -6.266649 -7.061641
v 2.442758 -6.381582 -8.436179
v 1.494051 -74.00507 1.839791
v 16.5606 -97.24483 -0.178999
v 2.50649 -101.5145 2.90557
v 0.351023 -46.24626 1.844087
v 1.249245 -17.8131 -10.18222
v 2.891347 -19.17386 -10.59267
v 5.086828 -18.25121 -10.15205
v 8.145147 -16.72953 -9.159594
v 11.2986 -18.48778 -8.947025
v 11.58498 -14.73832 -7.071664
v 1.342234 -22.87686 -11.61556
v 2.219593 -32.54394 -10.35074
v 3.94688 -33.50649 -10.15068
v 5.373319 -30.83041 -11.57325
v 2.642539 -73.42478 -3.517775
v 4.622289 -73.84692 -6.536047
v 19.417 -43.00873 0.317756
v 18.76723 -40.67124 -3.208813
v 16.76588 -37.49644 -5.932553
v 18.55092 -77.85053 -0.726114
v 18.49585 -25.94699 5.216487
v 11.15333 -103.1036 -9.731852
v 13.60404 -103.0977 -9.463556
v 19.00191 -60.29738 3.389618
v 14.36558 -6.323644 2.60918
v 17.53548 -84.95052 1.130504
v 17.74112 -82.49062 1.391216
v 5.220004 -103.1148 -1.940879
v 12.33909 -5.849539 -3.49447
v 0.490841 -44.66365 0.36387
v 0.926677 -45.10721 -0.991805
v 1.826193 -47.31903 -2.542027
v 4.481549 -45.27521 -5.28164
v 0.732365 -43.35807 -1.170987
v 1.955358 -41.74896 -3.694034
v 8.24404 -43.06369 -7.493939
v 0.966077 -41.51799 -2.008929
v 1.139161 -46.65121 -1.284448
v 1.509987 -39.90539 -3.424381
v 1.230762 -48.28397 -1.373429
v 2.95452 -21.25743 -11.25387
v 5.273722 -21.81955 -11.40898
v 18.57621 -23.64626 3.919881
v 17.47369 -92.02289 -0.922566
v 17.83997 -92.55338 -2.809338
v 17.74737 -92.97205 -5.765965
v 15.33074 -91.7057 -8.472843
v 13.50119 -87.6302 -9.137655
v 17.54688 -89.96609 -0.727264
v 18.04682 -89.06526 -2.514871
v 18.31464 -87.27222 -3.888095
v 17.02266 -87.10241 -7.029532
v 1.034195 -10.47933 -8.466645
v 1.157553 -15.3999 -9.29841
v 1.948966 -48.97408 -2.708232
v 3.070269 -47.90772 -4.17733
v 4.898121 -47.61256 -5.717259
v 6.932086 -45.78689 -6.877457
v 6.25585 -50.00706 -6.707204
v 8.699157 -51.48815 -8.376393
v 2.100065 -50.79751 -2.902112
v 2.738328 -45.65734 -3.838244
v 18.58439 -22.96274 2.682758
v 18.50428 -21.35969 1.331858
v 18.25205 -22.51357 -1.090012
v 18.80585 -24.4842 2.468392
v 17.44328 -20.58454 -2.949777
v 16.82947 -17.42678 -3.230183
v 15.98988 -21.73901 -5.78079
v 19.02098 -25.82445 1.49076
v 19.29319 -27.58318 1.212
v 19.21494 -28.82918 -0.786216
v 18.70996 -32.35482 -3.094246
v 19.45172 -31.78596 -0.181655
v 16.29662 -30.13136 -6.720593
v 3.293076 -43.44906 -4.419104
v 18.53123 -21.59708 2.821383
v 4.875803 -6.34099 -7.913824
v 16.32264 -99.70572 -0.419916
v 18.35162 -81.75366 -1.073607
v 18.66931 -80.0714 -3.564674
v 17.93934 -77.70371 -5.885983
v 17.37285 -81.09635 -6.603694
v 14.40987 -80.68794 -8.623358
v 11.03544 -77.67275 -9.265515
v 12.26111 -83.82066 -9.281655
v 9.354712 -81.20411 -9.33674
v 13.76578 -7.122094 6.449642
v 17.07318 -17.92142 6.034459
v 16.37601 -15.7902 6.27482
v 18.06432 -77.56496 1.87481
v 18.23832 -75.10123 2.114882
v 18.44472 -71.40469 2.454033
v 19.05143 -57.83416 3.594588
v 19.13314 -55.36221 3.791073
v 2.409167 -97.76193 2.808537
v 1.998827 -84.0083 2.297589
v 1.694038 -77.75668 2.029217
v 0.42646 -37.64422 -1.590662
v 17.01716 -103.1509 -4.017745
v 19.22239 -47.95309 4.303052
v 19.02443 -43.01694 4.543057
v 0.351748 -52.61998 1.503215
v 0.639897 -60.20879 1.462054
v 1.281879 -34.83618 -7.550265
v 16.88164 -93.56367 0.268059
v 3.388852 -89.23727 1.828846
v 4.153821 -88.54895 0.067041
v 3.904078 -87.02915 -1.628724
v 4.053008 -87.54942 -5.886433
v 3.467777 -91.26463 1.936297
v 4.460628 -92.07241 0.44712
v 4.466744 -93.79713 -2.229107
v 4.153337 -95.67754 -5.324041
v 3.239962 -86.21177 1.716645
v 3.634708 -85.20866 0.862097
v 3.82439 -85.56755 -0.777837
v 3.382836 -85.19625 -3.125916
v 3.747072 -82.65825 -5.449219
v 3.636273 -83.95529 -0.161983
v 6.124628 -82.5953 -8.207031
v 18.72357 -24.76617 0.217609
v 18.23309 -25.20596 -2.226097
v 16.89585 -26.1074 -5.248223
v 5.258598 -43.08557 -5.667611
v 6.73806 -41.09833 -6.630547
v 5.518764 -38.17597 -7.37735
v 9.080033 -40.55833 -7.755019
v 11.22737 -42.80591 -9.161153
v 14.18059 -40.88185 -8.449497
v 16.84819 -42.01093 -6.091138
v 17.43002 -45.74477 -5.766615
v 19.29932 -60.69714 -2.228598
v 18.01072 -57.58075 -5.563826
v 1.153073 -68.99882 1.686497
v 1.306044 -71.50362 1.774631
v 0.337364 -48.80338 1.695956
v 19.34587 -46.49896 2.91126
v 19.40003 -47.04196 1.590612
v 19.44911 -45.94785 0.233679
v 19.38053 -46.90062 -1.382847
v 18.75907 -46.64272 -3.828789
v 18.5135 -44.06072 -4.129866
v 19.43634 -44.27422 3.044261
v 19.39919 -43.56311 1.716488
v 19.41526 -41.86253 1.735198
v 14.47943 -8.346248 0.70317
v 14.79101 -10.49867 0.05136
v 13.99957 -11.7906 -3.085509
v 14.84232 -9.314596 1.896741
v 15.70167 -10.81054 1.859957
v 8.398171 -22.57143 -11.19168
v 11.39119 -21.50792 -9.798235
v 9.415336 -45.59062 -8.447935
v 11.53572 -48.32989 -9.168119
v 17.08557 -74.58221 -6.836538
v 15.30663 -70.65168 -8.052889
v 14.08806 -73.96375 -8.633377
v 17.82912 -67.52006 -5.944947
v 15.67152 -63.69302 -7.739119
v 2.557673 -34.77723 -7.963885
v 3.564487 -87.90708 -3.705211
v 3.797377 -91.09178 -4.789587
v 3.001622 -79.89846 -3.519368
v 19.43262 -44.487 0.55017
v 19.38631 -43.95338 -0.86976
v 19.28492 -41.89314 -1.519048
v 19.09783 -43.41566 -2.558374
v 19.26692 -39.55569 -1.214614
v 19.3786 -37.97726 0.561137
v 7.144952 -10.33392 -7.586928
v 18.86081 -62.7705 3.243596
v 14.35031 -9.146873 6.992221
v 8.230533 -8.503015 -6.522963
v 18.06836 -20.34882 4.47228
v 0.26874 -37.5476 -3.215952
v 1.442154 -37.71935 -4.117266
v 18.58679 -42.31699 -3.83411
v 17.92337 -40.86051 -4.945014
v 18.17096 -38.51537 -4.229187
v 16.45621 -39.75229 -6.306608
v 14.7782 -38.09415 -7.932353
v 17.97201 -35.94836 -4.29823
v 16.39369 -34.74267 -6.253152
v 8.411963 -9.6675 -7.171013
v 9.989649 -11.13526 -6.082291
v 8.028181 -11.20867 -6.86067
v 9.145116 -10.10048 -6.115559
v 10.86029 -9.073134 -5.158977
v 6.829064 -11.9223 -7.807926
v 6.0782 -14.20061 -8.357859
v 5.528454 -11.15008 -7.748835
v 5.300405 -12.77302 -8.364105
v 4.237136 -14.37801 -8.724322
v 6.996007 -9.238218 -6.800015
v 5.76451 -8.587562 -7.261774
v 19.34254 -52.89474 2.483764
v 19.42382 -52.02683 0.800744
v 19.40504 -53.49806 -1.458065
v 18.93069 -55.34715 -3.774562
v 16.69826 -53.95081 -6.734113
v 19.43546 -51.44495 -1.176996
v 4.758653 -100.7669 -3.110377
v 5.032726 -99.20822 -1.372961
v 4.706633 -98.96453 -3.129144
v 4.228606 -98.04954 -5.263596
v 5.048914 -97.53777 0.287756
v 17.62794 -16.50541 0.56161
v 5.023218 -23.96359 -11.89205
v 18.17459 -48.81352 -5.134757
v 17.60607 -51.31707 -5.916593
v 15.42823 -51.69167 -7.453167
v 13.96827 -54.43627 -8.421225
v 13.97484 -49.4909 -8.456386
v 12.78781 -67.1905 -8.830079
v 3.743425 -34.55576 -8.920454
v 6.090883 -34.46423 -9.833087
v 4.950436 -35.56664 -8.745874
v 4.445694 -36.96864 -7.468421
v 4.04976 -38.43085 -6.04599
v 2.874149 -37.1619 -6.450611
v 11.50175 -56.27029 -9.123422
v 9.182312 -59.61537 -8.837788
v 6.596505 -35.77236 -8.832743
v 7.997008 -34.67433 -9.835189
v 10.24441 -35.31561 -9.191918
v 12.61698 -35.00274 -9.527997
v 6.690487 -37.39126 -8.404941
v 8.587875 -38.35836 -7.84627
v 6.954844 -38.84604 -7.500486
v 5.60325 -39.84491 -6.874533
v 11.53727 -37.08276 -9.2262
v 3.843698 -99.09782 2.296077
v 4.980155 -98.56574 1.419082
v 8.897216 -25.58916 -11.55145
v 10.41498 -27.60659 -10.95973
v 16.75398 -100.7336 -7.536703
v 16.7075 -99.25257 -7.615562
v 14.91415 -97.55638 -8.866353
v 17.0975 -97.26336 -7.050712
v 12.77233 -94.93899 -9.504702
v 15.72052 -98.7041 -8.517049
v 14.00023 -99.64749 -9.285951
v 16.15813 -97.37302 -8.147923
v 15.33715 -95.73904 -8.604227
v 15.65783 -93.72818 -8.342627
v 13.79069 -93.04657 -9.200708
v 13.52419 -90.96391 -9.230069
v 11.80014 -89.29972 -9.502779
v 8.349416 -90.20928 -9.212423
v 10.91136 -86.64536 -9.488013
v 15.1179 -89.30333 -8.514988
v 17.12899 -90.30605 -7.0192
v 18.81212 -30.24955 -2.463392
v 17.7475 -30.64587 -4.691398
v 17.40286 -32.96587 -5.022417
v 15.93518 -32.47042 -6.912609
v 13.97825 -30.78235 -8.883857
v 17.17434 -28.42918 -5.365186
v 15.12299 -27.30506 -7.594326
v 14.75027 -9.107103 5.842179
v 15.16696 -9.6741 4.768437
v 15.26706 -10.92214 3.561401
v 14.64245 -8.824336 4.412785
v 14.62468 -8.118698 3.382944
v 16.79854 -92.43918 -7.387361
v 19.0498 -71.22868 -1.781192
v 18.86705 -69.47427 -3.945973
v 19.03714 -66.55513 -3.434066
v 14.08883 -6.755904 5.249673
v 14.79669 -103.2049 -9.123837
v 9.922157 -103.2169 -9.587728
v 7.476965 -103.2302 -9.173177
v 2.263728 -95.26232 2.755514
v 2.206104 -92.76235 2.690819
v 18.16539 -85.19076 -1.587064
v 1.097679 -58.71262 0.175489
v 2.750633 -79.92567 1.317625
v 3.133198 -78.95157 0.453982
v 3.08951 -79.37095 -1.548503
v 2.972721 -77.69823 -0.682052
v 7.120239 -30.76074 -11.49801
v 19.19219 -60.60611 2.237144
v 19.17249 -61.55566 1.165401
v 19.32579 -60.88241 -0.468251
v 19.30749 -62.51345 -1.526666
v 19.25835 -64.72607 -2.088741
v 19.37654 -59.25304 -1.18921
v 19.01777 -58.60722 -3.55181
v 18.00163 -60.6997 -5.607731
v 17.8795 -42.95416 -5.195883
v 16.61042 -44.00224 -6.361773
v 15.8082 -45.76693 -6.956594
v 14.02357 -46.91273 -8.4331
v 15.34883 -42.71463 -7.215874
v 12.49605 -45.01293 -9.159217
v 13.96502 -42.77905 -8.530124
v 12.66901 -41.6581 -9.140707
v 12.86235 -39.81633 -9.17907
v 5.156522 -98.95695 0.045877
v 5.296089 -100.6191 -0.409719
v 16.68792 -47.37338 -6.441815
v 15.26587 -47.83143 -7.482087
v 4.600986 -103.2895 -5.599181
v 10.58014 -5.826826 -5.352943
v 13.61891 -5.783676 -1.207518
v 13.22049 -8.66899 -2.667857
v 4.891469 -101.9791 -7.140137
v 4.552561 -100.1665 -6.364161
v 6.046117 -101.9514 -8.487843
v 6.757517 -100.122 -8.864077
v 7.734113 -97.87412 -9.191605
v 6.376499 -95.79133 -8.602119
v 7.417857 -93.03162 -9.017689
v 10.09073 -97.65657 -9.558666
v 2.62234 -74.8642 -1.755841
v 2.459181 -72.91478 -1.636927
v 2.446648 -71.36437 -3.072789
v 2.445448 -68.35207 -3.514371
v 2.774553 -75.37801 -3.63835
v 3.150622 -77.64721 -4.386754
v 3.403082 -74.26389 -5.098984
v 4.242651 -76.36716 -6.30111
v 3.715903 -72.43207 -5.593087
v 5.43511 -71.53217 -7.251711
v 7.69002 -72.36448 -8.721297
v 10.14662 -74.13983 -9.273096
v 5.012092 -69.14262 -6.753773
v 6.330601 -67.3304 -7.784522
v 9.184912 -67.67699 -9.0265
v 5.470428 -65.2803 -7.014235
v 6.346076 -62.83938 -7.609106
v 8.685496 -62.95328 -8.685504
v 9.752667 -65.1359 -9.09523
v 19.03589 -35.64712 4.926403
v 2.280787 -73.59424 1.02692
v 2.471845 -72.60146 0.00028
v 18.10173 -90.83042 -3.502625
v 17.89216 -91.14468 -5.339925
v 11.98912 -12.45919 -5.529752
v 18.94106 -73.34242 -3.130343
v 11.06637 -41.1004 -9.068696
v 9.713841 -42.1354 -8.410212
v 9.908797 -43.88968 -8.639053
v 17.98265 -18.26336 3.259534
v 18.28451 -19.21407 1.519698
v 17.83403 -16.86138 2.3935
v 16.38194 -103.2003 -1.619974
v 18.75889 -72.59825 0.88325
v 18.90406 -71.95684 -0.47136
v 18.98699 -70.3503 -0.437408
v 18.98941 -72.67338 -1.721703
v 18.94744 -74.01777 -1.947556
v 18.82075 -75.32395 -3.46932
v 18.74229 -75.24276 -0.886559
v 18.42856 -74.01434 -4.989714
v 19.01579 -71.99834 -2.904314
v 19.05207 -70.57433 -3.050915
v 18.68433 -70.80494 -4.393714
v 17.43475 -69.99116 -6.441469
v 18.26739 -69.6988 -5.267633
v 18.50231 -68.26405 -4.800563
v 15.98747 -68.20821 -7.592025
v 19.12851 -69.23966 -2.57575
v 19.16195 -67.74125 -2.527926
v 19.18372 -66.6126 -0.811619
v 18.50032 -66.74994 -4.831697
v 17.40101 -65.0085 -6.370478
v 18.72724 -65.1172 -4.328047
v 18.31785 -75.92941 -5.223621
v 18.78069 -72.48455 -4.053528
v 2.231659 -12.00088 -8.197332
v 3.678232 -11.34798 -7.728322
v 2.314929 -13.71002 -8.70816
v 3.118556 -82.64253 1.33781
v 2.639424 -76.35089 0.957418
v 8.540935 -87.63151 -9.25589
v 5.890243 -86.24464 -8.142611
v 6.362903 -88.75453 -8.483867
v 16.90956 -72.23408 -6.952894
v 3.436295 -13.70316 -8.685598
v 4.17848 -12.78253 -8.436172
v 4.284594 -103.353 2.345205
v 5.612781 -103.2092 0.503999
v 0.836254 -54.08676 0.203811
v 1.616695 -65.08335 0.426117
v 18.15217 -82.35404 0.129464
v 2.775033 -52.02603 -3.829959
v 4.026933 -51.57516 -5.161626
v 4.759282 -53.06176 -5.923316
v 5.334039 -54.71881 -6.474229
v 5.658396 -56.86971 -6.828872
v 7.105768 -58.64968 -7.831383
v 6.963884 -54.91923 -7.500584
v 8.319875 -53.5389 -8.284758
v 10.30493 -54.35498 -8.98238
v 5.619975 -51.63081 -6.474424
v 7.141938 -51.41678 -7.440525
v 7.989484 -49.96598 -7.907055
v 9.937154 -49.76748 -8.848999
v 7.208617 -56.70484 -7.768683
v 8.824777 -57.62081 -8.607746
v 10.76252 -58.2439 -9.103359
v 11.43602 -60.65118 -9.117563
v 13.61653 -62.10989 -8.475372
v 15.94051 -60.89003 -7.483783
v 13.45369 -64.69593 -8.571871
v 15.95308 -14.7581 6.413809
v 4.290456 -90.49411 -0.547291
v 4.181576 -91.47096 -2.596485
v 19.41753 -48.61296 -1.135173
v 13.83872 -96.27075 -9.262579
v 12.13264 -96.5953 -9.637314
v 10.74718 -95.09654 -9.611736
v 9.302345 -93.6794 -9.414444
v 3.17486 -81.14754 -2.137561
v 3.173202 -81.72852 -3.919282
v 3.655323 -80.41295 -5.297962
v 3.271724 -83.55555 -3.930554
v 3.925889 -85.09666 -5.730895
v 4.517506 -81.41706 -6.613919
v 5.788175 -80.67593 -7.91813
v 6.435319 -77.88532 -8.269719
v 4.787756 -83.33356 -6.976515
v 7.417541 -81.24886 -8.901818
v 8.32918 -79.04355 -9.155713
v 8.409766 -83.01297 -9.216881
v 10.4311 -82.93451 -9.403489
v 11.90276 -80.81767 -9.223883
v 5.818937 -84.40681 -8.056051
v 10.86227 -45.14743 -9.076769
v 10.50553 -46.89061 -8.975859
v 12.21912 -46.72975 -9.16368
v 4.846587 -11.95282 -8.111812
v 2.984231 -50.53589 -4.123881
v 10.67085 -84.79018 -9.433353
v 4.866452 -85.41446 -7.096436
v 4.889921 -87.02338 -7.157085
v 4.800195 -89.17796 -7.085918
v 12.2157 -85.53664 -9.350326
v 14.10414 -84.74544 -8.841429
v 15.60988 -86.03426 -8.153769
v 13.93155 -82.68652 -8.846265
v 15.56426 -82.0908 -8.099377
v 16.03445 -80.26815 -7.700752
v 17.23703 -79.23192 -6.711112
v 18.20349 -80.01553 -5.348057
v 18.33684 -82.13715 -4.989054
v 18.05278 -84.92839 -5.510004
v 17.41371 -83.20908 -6.555044
v 18.55147 -78.52918 -4.439268
v 14.94977 -78.97038 -8.35919
v 13.28826 -77.4938 -8.894163
v 12.01269 -75.54129 -9.101006
v 13.2577 -79.31384 -8.930079
v 16.75813 -77.63838 -7.116138
v 16.37388 -76.01352 -7.403794
v 14.90546 -75.52302 -8.299507
v 15.72376 -73.96458 -7.857057
v 14.91955 -72.40353 -8.259402
v 13.24352 -71.0376 -8.85107
v 12.03448 -69.23357 -9.068109
v 14.11924 -68.88469 -8.52682
v 12.24838 -72.93986 -9.062225
v 3.781889 -93.99571 1.989487
v 16.69511 -101.1071 -1.758111
v 16.96786 -100.217 -2.872385
v 17.09592 -98.75839 -2.719601
v 17.51418 -97.85973 -3.904577
v 17.57184 -96.24359 -3.296106
v 17.60162 -98.13906 -5.327668
v 3.124614 -65.75903 -4.631129
v 1.748944 -67.34198 0.702765
v 2.058329 -68.14887 -0.937788
v 1.939357 -66.66382 -1.835176
v 19.16013 -38.877 3.635133
v 19.45596 -39.34038 2.195303
v 19.11897 -37.16184 3.718375
v 19.49457 -36.3691 2.156135
v 19.35237 -35.68309 0.017711
v 19.07012 -34.24142 -1.768195
v 1.463956 -42.92148 -2.590601
v 2.21475 -43.88651 -3.437601
v 2.808232 -40.21918 -4.640085
v 18.45122 -77.50937 0.613506
v 19.25168 -55.21633 2.493231
v 19.41035 -55.47304 0.965302
v 19.45729 -54.49191 -0.251808
v 19.3551 -55.32962 -1.940078
v 19.43622 -56.03422 -0.48437
v 19.19651 -56.91491 -2.855907
v 8.113265 -14.741 -8.279848
v 9.8815 -13.56462 -7.219144
v 9.886467 -15.62599 -8.233209
v 11.60616 -16.60121 -7.989405
v 13.35818 -15.75318 -6.488483
v 13.23495 -17.88901 -7.610455
v 15.08204 -17.43491 -5.845879
v 16.16087 -19.36148 -5.000285
v 13.57121 -13.76994 -5.144152
v 14.94586 -13.50938 -3.317903
v 16.21476 -15.02426 -2.553372
v 12.74519 -19.75916 -8.497015
v 13.93179 -21.8385 -8.130563
v 12.78614 -23.78652 -9.289057
v 13.66946 -25.86613 -8.860894
v 11.37724 -29.6676 -10.4129
v 15.0112 -10.60241 4.642272
v 13.76315 -10.1519 -2.132457
v 2.383909 -71.36362 -0.434132
v 2.200045 -70.24844 0.308695
v 2.333993 -71.56715 -1.755679
v 2.140018 -69.28597 -0.462423
v 2.147929 -69.1522 -1.743574
v 2.079652 -67.92291 -2.246304
v 2.327574 -66.84983 -3.292571
v 3.058363 -67.3691 -4.623631
v 2.269889 -70.18543 -2.535237
v 2.702442 -70.15395 -4.051706
v 3.323722 -68.95003 -4.963402
v 2.966045 -71.56551 -4.442221
v 7.422326 -60.89323 -8.136483
v 5.620904 -60.9283 -7.004216
v 15.29367 -66.00181 -8.001399
v 10.06723 -69.44523 -9.165454
v 9.107779 -71.11688 -9.095891
v 9.910494 -17.32865 -9.006795
v 9.513544 -19.03071 -9.795176
v 9.292233 -20.8559 -10.51849
v 10.7057 -100.1558 -9.664857
v 8.688026 -101.5258 -9.394661
v 7.685343 -100.8462 -9.206548
v 9.689669 -100.8339 -9.547784
v 19.15978 -51.66202 4.049476
v 1.673336 -45.91133 -2.375297
v 0.763842 -47.4824 -0.193621
v 18.71071 -78.98183 -2.124816
v 19.39064 -48.31966 1.43939
v 19.47678 -48.92745 0.37186
v 6.062436 -10.12482 -7.126907
v 4.847114 -34.22939 -9.728154
v 5.59951 -32.78218 -10.8422
v 7.052351 -85.2462 -8.782996
v 7.199031 -86.84609 -8.850105
v 7.004263 -83.72518 -8.722358
v 13.04969 -48.03173 -8.939199
v 12.5451 -49.50035 -9.03917
v 13.28684 -50.90481 -8.807705
v 13.53404 -52.68928 -8.624604
v 12.20863 -54.02055 -9.107421
v 14.91003 -53.19351 -7.89069
v 15.405 -54.82547 -7.522296
v 16.93285 -56.10169 -6.698903
v 16.37877 -58.47077 -7.175596
v 14.43513 -56.02462 -8.183832
v 15.52618 -57.08419 -7.517439
v 13.06824 -56.625 -8.84558
v 12.6126 -58.43312 -8.968958
v 14.13013 -59.90231 -8.28758
v 18.01391 -54.85743 -5.507779
v 16.90799 -85.2258 -7.064468
v 19.48347 -53.08969 -0.117116
v 10.80379 -20.0115 -9.644521
v 14.54715 -50.76868 -8.118961
v 15.14729 -49.55573 -7.642623
v 15.92602 -50.49129 -7.063528
v 16.54848 -51.63472 -6.698301
v 17.37133 -52.74712 -6.205467
v 17.01191 -50.19373 -6.339832
v 17.99006 -50.11966 -5.425854
v 18.74714 -49.83217 -4.08787
v 19.17218 -50.80652 -2.743982
v 18.46787 -51.31104 -4.762012
v 18.29762 -52.71785 -5.094911
v 18.76282 -53.84821 -4.144253
v 16.03366 -52.82915 -7.06682
v 17.28655 -48.94976 -6.06696
v 17.64894 -47.76538 -5.679306
v 18.44787 -47.6177 -4.65399
v 18.93317 -47.92818 -3.436194
v 18.21278 -46.38155 -4.965143
v 18.17837 -45.05898 -4.926843
v 18.73967 -45.31548 -3.761847
v 19.10711 -46.02551 -2.749844
v 19.26919 -47.93881 -2.208235
v 19.19604 -53.35481 -2.868714
v 17.43454 -44.5489 -5.702374
v 19.2339 -52.0896 -2.616473
v 17.20678 -88.65598 0.937183
v 17.31565 -86.18616 1.149748
v 19.31314 -57.77856 2.317101
v 17.17663 -102.0013 -4.264904
v 13.48732 -36.75918 -8.85472
v 15.03881 -36.05425 -7.720203
v 19.15618 -62.77348 0.784018
v 19.28691 -62.63405 -0.36688
v 17.98344 -17.86381 0.970441
v 17.80896 -17.57928 -0.498017
v 17.12063 -16.12868 -1.382434
v 17.4907 -18.56907 -2.149889
v 15.85182 -103.168 -0.746482
v 17.87785 -66.17032 -5.876872
v 16.73438 -66.75211 -7.031591
v 18.18837 -65.06403 -5.429922
v 17.85689 -63.29815 -5.845871
v 3.955793 -92.92535 -3.969168
v 4.323145 -92.84734 -6.253348
v 5.531712 -93.54634 -7.976449
v 4.117195 -94.73558 -3.760367
v 4.298919 -96.57479 -3.725767
v 11.64637 -93.51795 -9.616713
v 8.821723 -91.94522 -9.318926
v 10.09981 -90.6505 -9.50058
v 9.569358 -89.00814 -9.431592
v 7.349302 -91.43321 -8.964681
v 6.224336 -92.29944 -8.469547
v 6.969871 -90.03902 -8.798076
v 7.701112 -88.8049 -9.055215
v 5.705313 -89.98637 -8.094712
v 1.973657 -87.76186 2.537751
v 5.114861 -101.5907 1.751071
v 1.107355 -51.25513 -0.889404
v 16.00108 -13.58493 5.250237
v 4.78437 -95.60406 -0.407889
v 4.692834 -96.07028 1.34992
v 19.12532 -62.11535 -3.175753
v 18.87486 -60.48219 -4.005583
v 18.6245 -61.88913 -4.626713
v 18.41251 -59.20963 -4.976178
v 17.43082 -59.31944 -6.272923
v 18.25833 -20.31193 0.167027
v 17.94673 -20.14081 -1.415515
v 17.89049 -21.47051 -1.951283
v 17.42035 -21.94902 -3.351101
v 16.74046 -22.61236 -4.720037
v 16.76891 -24.36827 -4.937348
v 15.88203 -23.43022 -6.16096
v 16.77248 -21.06197 -4.431201
v 15.94964 -25.10372 -6.351313
v 17.55968 -25.38716 -3.827275
v 17.71665 -26.99156 -4.028739
v 18.35001 -26.64121 -2.634028
v 18.82335 -27.61725 -1.576413
v 15.03525 -22.41114 -7.053158
v 15.0606 -20.86241 -6.726235
v 17.83122 -22.69002 -2.380364
v 18.19064 -23.86984 -1.637838
v 18.45022 -23.5479 -0.253964
v 18.49055 -22.33022 0.315119
v 18.30542 -21.41147 -0.462677
v 16.00567 -26.61391 -6.476857
v 16.15416 -28.14638 -6.62789
v 15.11409 -29.10328 -7.850108
v 15.05492 -25.80703 -7.473014
v 19.13472 -27.64447 -0.236251
v 19.36059 -28.65716 0.480075
v 19.48387 -30.22305 0.164081
v 19.65089 -31.39307 1.545035
v 19.21775 -66.47848 -2.126757
v 2.514119 -53.45278 -3.549247
v 3.057103 -54.75361 -4.234545
v 2.728324 -56.27002 -3.881828
v 3.622614 -57.58375 -4.987234
v 1.874728 -56.58398 -2.56493
v 3.089144 -59.22613 -4.39611
v 4.072666 -59.98394 -5.539875
v 4.190692 -61.58157 -5.715342
v 3.400693 -62.488 -4.851124
v 2.369992 -62.12083 -3.552094
v 1.794157 -61.75255 -2.173375
v 1.497656 -60.83706 -1.093982
v 3.991932 -54.47722 -5.235084
v 5.131953 -62.20825 -6.593038
v 5.341804 -63.64507 -6.88396
v 6.397236 -64.31634 -7.671537
v 4.530334 -64.59319 -6.150485
v 7.435925 -63.51646 -8.257029
v 8.480494 -64.3448 -8.707124
v 9.6706 -63.80067 -9.001534
v 9.958413 -62.37665 -9.093849
v 8.786206 -61.38585 -8.746575
v 10.81917 -64.38626 -9.183359
v 11.27834 -66.17355 -9.129601
v 12.1907 -64.13124 -8.896712
v 8.577584 -65.68224 -8.749115
v 7.502724 -66.66091 -8.417798
v 7.43914 -68.22948 -8.439988
v 8.42415 -69.49338 -8.901413
v 9.588852 -66.43439 -9.092328
v 10.61215 -67.45971 -9.16338
v 12.50986 -62.79726 -8.905674
v 12.53028 -61.43684 -8.94062
v 12.75816 -59.94152 -8.918516
v 12.37818 -65.45807 -8.84045
v 13.60491 -66.07738 -8.636385
v 14.20703 -67.41352 -8.517653
v 13.57632 -63.40652 -8.490723
v 14.7664 -62.79501 -8.21594
v 14.78657 -61.37838 -8.147471
v 15.92518 -62.30704 -7.559568
v 17.1121 -61.6472 -6.627159
v 16.83542 -63.28067 -6.917768
v 14.61076 -64.1648 -8.319491
v 7.673927 -62.20075 -8.252952
v 11.37807 -61.90236 -9.100141
v 15.46303 -64.84258 -7.886095
v 16.51119 -64.51527 -7.188102
v 3.701757 -64.11198 -5.279285
v 3.846624 -65.28896 -5.460033
v 4.588717 -65.81052 -6.284166
v 5.254405 -66.95369 -6.886778
v 6.514371 -66.01138 -7.806597
v 11.5814 -59.31209 -9.081135
v 10.42322 -59.86493 -9.045335
v 10.25083 -61.13148 -9.061023
v 4.957509 -50.33983 -5.941981
v 5.40356 -48.94095 -6.133252
v 6.440809 -47.54236 -6.697747
v 14.23554 -94.80761 -9.097716
v 8.099309 -18.24339 -9.805422
v 6.653591 -17.52381 -9.720413
v 6.66679 -15.93388 -9.000516
v 6.446018 -18.931 -10.34094
v 6.139627 -20.43374 -10.9268
v 7.521553 -21.27329 -11.01687
v 6.698862 -22.64128 -11.55603
v 7.591309 -24.11111 -11.69658
v 9.270156 -23.89729 -11.26699
v 10.09609 -22.49983 -10.607
v 11.54728 -23.04408 -10.04899
v 12.64483 -22.17462 -9.145979
v 6.72496 -101.2013 -8.864952
v 4.022688 -94.06635 -5.232118
v 4.647501 -94.74439 -6.851254
v 4.673476 -96.60138 -6.836002
v 4.548574 -95.40296 -2.356238
v 19.65344 -32.81811 1.01283
v 19.43559 -34.08193 0.082155
v 19.74413 -33.04691 2.482924
v 1.85543 -53.89003 -2.515671
v 1.357995 -53.20591 -1.47184
v 1.585347 -54.91449 -1.96902
v 1.269555 -55.5366 -1.103021
v 1.415486 -56.62559 -1.49889
v 1.636917 -57.74173 -2.086514
v 1.666295 -58.99333 -2.123936
v 2.261547 -59.35246 -3.309213
v 2.367333 -60.71952 -3.510869
v 0.990076 -55.12167 -0.149203
v 1.444147 -59.63074 -1.128978
v 1.253207 -57.3928 -0.766566
v 13.52529 -60.91386 -8.518999
v 18.16316 -73.87652 2.389389
v 11.43585 -7.363282 -4.697174
v 11.74644 -8.368003 -4.458107
v 12.49769 -8.459236 -3.548969
v 13.05162 -7.527188 -2.710776
v 10.54607 -8.069714 -5.384892
v 12.69444 -9.425943 -3.435765
v 13.06542 -10.81392 -3.522875
v 13.11098 -12.1178 -4.413881
v 13.3359 -9.604192 -2.71471
v 13.69339 -8.958282 -1.780651
v 13.82381 -7.91197 -1.306055
v 12.24165 -11.31781 -4.701108
v 11.16371 -10.784 -5.241308
v 10.91599 -11.95149 -5.969875
v 11.10839 -13.20788 -6.500013
v 12.32766 -13.73648 -6.069408
v 9.786275 -12.34993 -6.677151
v 13.97544 -12.88725 -4.014006
v 19.43952 -28.75855 2.666096
v 19.19957 -27.39338 2.664911
v 17.52102 -93.93882 -2.110947
v 19.33905 -50.00331 3.038595
v 17.57944 -17.83851 4.707021
v 4.974624 -100.2615 -2.008515
v 18.01303 -70.87656 -5.715574
v 17.71147 -71.95167 -6.125265
v 17.53915 -73.33855 -6.340748
v 17.15431 -71.1029 -6.72212
v 16.38865 -70.12512 -7.349957
v 16.20778 -71.35576 -7.498881
v 15.97719 -72.54075 -7.673785
v 15.50576 -69.37065 -7.929948
v 16.84391 -68.96356 -6.974567
v 17.7446 -68.79712 -6.076411
v 16.64274 -73.47788 -7.183074
v 17.49276 -75.94692 -6.445637
v 17.91486 -74.85104 -5.859411
v 17.79579 -95.31911 -4.459376
v 17.56324 -95.53849 -6.080641
v 17.87165 -93.81414 -4.523848
v 17.98222 -92.32996 -4.442808
v 17.35926 -94.14835 -6.625079
v 18.60919 -80.55578 -2.067589
v 18.58898 -81.6875 -3.25996
v 4.343639 -94.96685 1.608306
v 4.819732 -95.09447 0.596496
v 4.620834 -94.17748 -0.493613
v 4.420733 -92.67096 -1.061454
v 16.93442 -19.79009 -3.913848
v 16.71469 -18.56734 -3.943718
v 15.99806 -17.55517 -4.587774
v 16.16501 -16.22802 -3.672759
v 19.28591 -30.72735 -1.159055
v 19.17385 -32.13676 -1.647558
v 6.711153 -61.74611 -7.782168
v 4.654461 -67.96871 -6.421483
v 5.562453 -68.14687 -7.249763
v 5.927814 -69.29047 -7.581385
v 6.100646 -70.55223 -7.736349
v 7.230104 -71.05946 -8.420209
v 6.444829 -72.19399 -8.029099
v 6.893672 -73.67244 -8.350364
v 5.72547 -74.9872 -7.60823
v 8.461653 -73.87968 -9.022079
v 9.039419 -75.66225 -9.197997
v 5.455685 -72.97593 -7.327535
v 4.115668 -68.96347 -5.916404
v 4.4103 -70.19682 -6.260287
v 3.739782 -67.93175 -5.433111
v 7.765172 -76.8762 -8.896549
v 9.36209 -77.34444 -9.281544
v 9.92977 -78.86275 -9.385069
v 11.51194 -79.23212 -9.212952
v 4.139131 -71.3634 -6.010044
v 4.621205 -72.44996 -6.503176
v 9.508199 -72.67032 -9.184312
v 10.44883 -76.25529 -9.310406
v 10.5259 -80.31466 -9.361013
v 10.83144 -81.63816 -9.365119
v 12.18643 -82.30696 -9.239905
v 13.2077 -81.34303 -9.012012
v 5.218155 -70.43504 -7.026853
v 15.46773 -16.52385 -4.855082
v 14.46686 -16.2693 -5.866699
v 14.07171 -17.27449 -6.673292
v 14.49872 -18.35665 -6.635779
v 15.48458 -18.59017 -5.738004
v 13.14461 -16.76267 -7.219409
v 15.47306 -19.77773 -6.116255
v 16.07517 -20.55168 -5.382956
v 12.42622 -15.96107 -7.272771
v 12.63899 -14.94744 -6.613656
v 13.54603 -14.76629 -5.797083
v 14.34494 -14.45153 -4.874417
v 15.04634 -14.43835 -3.955552
v 15.6407 -14.17519 -2.855791
v 16.15342 -13.95976 -1.343657
v 15.41182 -13.08791 -1.947669
v 14.79459 -11.74191 -1.598803
v 15.67365 -15.26316 -3.715731
v 16.18255 -13.26193 0.054467
v 16.535 -13.6949 1.32661
v 17.06284 -14.84942 1.163491
v 17.46186 -15.76417 1.877007
v 17.25246 -15.72658 3.475313
v 12.34625 -17.35286 -7.952146
v 12.3368 -18.42079 -8.312897
v 15.94095 -12.16789 0.745498
v 15.35463 -11.40514 0.274143
v 16.36049 -13.27202 2.734891
v 16.17897 -12.13971 3.266739
v 17.21138 -15.49166 -0.101448
v 15.60737 -11.62399 2.592946
v 13.73255 -18.81563 -7.50351
v 5.881702 -62.00465 -7.25112
v 19.10997 -65.05769 0.564009
v 19.2435 -64.87986 -0.757766
v 19.28692 -63.74929 -1.302152
v 19.22969 -63.43853 -2.678979
v 19.0752 -64.50993 -3.298886
v 19.17095 -65.56801 -2.862857
v 14.50497 -9.416232 0.021678
v 14.32984 -10.23593 -1.032683
v 14.236 -11.02383 -1.988998
v 4.940801 -98.09056 -0.825621
v 4.85433 -96.84669 -0.735788
v 4.783074 -98.19727 -2.052714
v 4.605967 -97.51817 -3.035975
v 4.329425 -97.65966 -4.164326
v 4.41953 -98.90263 -4.355177
v 4.158378 -96.85808 -5.05514
v 4.320657 -99.2598 -5.542995
v 4.592814 -98.34328 -6.644539
v 5.072673 -99.4234 -7.532228
v 6.033165 -99.03741 -8.434046
v 6.442406 -97.71715 -8.670534
v 5.687885 -96.79584 -8.162466
v 5.305984 -95.52868 -7.774195
v 7.186802 -96.71434 -9.01185
v 7.533267 -95.45982 -9.104616
v 6.630366 -94.29772 -8.72456
v 8.321377 -94.47375 -9.260108
v 8.392059 -96.82362 -9.302
v 9.562476 -96.57752 -9.453298
v 10.84053 -96.60719 -9.641892
v 8.921247 -97.90277 -9.400165
v 9.771745 -99.06461 -9.514544
v 8.297508 -98.97213 -9.321708
v 7.115112 -98.91593 -8.999423
v 11.3108 -97.74258 -9.680162
v 11.2826 -99.01814 -9.698277
v 12.52119 -99.83691 -9.666581
v 4.355092 -97.28889 -6.043334
v 4.301369 -96.33625 -5.997746
v 4.348135 -95.40418 -6.221844
v 4.820798 -100.9385 -7.022398
v 4.531199 -101.1653 -6.038527
v 4.395542 -100.397 -5.385756
v 3.756003 -78.72704 -5.564609
v 4.622304 -77.91907 -6.691524
v 5.462304 -76.6572 -7.44694
v 5.478476 -78.6942 -7.561594
v 6.543182 -79.42057 -8.418413
v 3.919113 -89.3578 -5.460287
v 3.713374 -89.66674 -3.748027
v 4.367443 -90.72992 -6.429629
v 19.36635 -56.78214 0.637305
v 18.72278 -56.8147 -4.365076
v 10.41735 -31.43615 -10.59865
v 12.33356 -31.55381 -9.828904
v 9.216313 -33.11742 -10.51375
v 13.61552 -32.60185 -8.860985
v 15.22186 -30.68084 -7.807441
v 14.6929 -31.89547 -8.265687
v 14.11499 -28.04166 -8.655302
v 13.43075 -29.32774 -9.228828
v 16.72077 -65.61853 -7.040232
v 11.61649 -9.373053 -4.599631
v 10.86944 -72.94895 -9.241764
v 11.56483 -74.186 -9.17624
v 12.86623 -74.49141 -8.927155
v 13.49801 -75.90594 -8.838076
v 9.828445 -95.57144 -9.491727
v 9.88251 -94.53545 -9.496816
v 10.46298 -93.5058 -9.573371
v 9.73958 -92.61867 -9.473693
v 10.81558 -92.47118 -9.595633
v 10.16027 -91.67924 -9.520633
v 0.838295 -30.93251 -10.66654
v 17.24499 -19.04263 6.13232
v 1.669906 -81.51445 2.280353
v 0.399752 -40.5237 -0.928691
v 18.5875 -74.99177 0.870004
v 18.27139 -21.32934 4.127256
v 3.298625 -14.6375 -8.916916
v 3.729127 -15.75796 -9.217978
v 3.76726 -16.9443 -9.68811
v 3.876607 -18.02974 -10.13314
v 4.194659 -19.05905 -10.49775
v 5.14841 -19.76323 -10.72166
v 4.808545 -20.82807 -11.09982
v 4.04774 -21.72837 -11.38189
v 4.497582 -22.8554 -11.65037
v 2.777416 -16.42329 -9.548512
v 4.845443 -17.2628 -9.747612
v 5.856227 -16.69885 -9.430481
v 9.119531 -47.08335 -8.382651
v 7.862226 -46.80195 -7.552489
v 8.163234 -45.31406 -7.63175
v 7.214357 -44.1918 -6.947688
v 5.844098 -44.73621 -6.121543
v 9.928236 -48.26778 -8.820455
v 6.951206 -42.65821 -6.688467
v 5.665333 -46.29776 -6.103748
v 7.908579 -41.70058 -7.186244
v 7.794901 -40.26089 -7.175992
v 3.0323 -49.2219 -4.150377
v 2.432579 -49.83932 -3.411849
v 11.22539 -49.62362 -9.147292
v 10.71237 -51.06348 -9.084225
v 10.60873 -52.72038 -8.995162
v 11.98315 -50.60865 -9.128182
v 14.4675 -52.00616 -8.172085
v 18.9557 -44.38571 -3.139159
v 18.51367 -64.22829 -4.86362
v 6.275804 -91.02503 -8.481731
v 1.378999 -61.40824 -0.00675
v 13.0506 -20.99279 -8.575348
v 14.05774 -20.63782 -7.685141
v 12.05057 -20.6182 -9.160023
v 9.044815 -11.56704 -6.676873
v 8.876646 -12.48928 -7.091004
v 8.69706 -13.63444 -7.600905
v 9.344021 -14.58613 -7.886998
v 10.4904 -14.48076 -7.43685
v 15.0475 -68.38299 -8.164063
v 15.37918 -67.22089 -7.971167
v 19.34955 -32.97552 -0.628422
v 14.79163 -12.53273 -2.613706
v 18.09602 -56.22132 -5.419618
v 16.08856 -66.19974 -7.489632
v 0.454453 -35.71216 -2.687775
v 0.57465 -34.38602 -5.558933
v 17.80923 -87.42763 -0.455924
v 0.384585 -43.45596 0.041693
v 19.09382 -69.8006 -1.507277
v 3.4277 -103.5073 2.772712
v 7.130586 -48.95306 -7.260485
v 5.728995 -87.60774 -8.072252
v 18.33303 -34.18918 -3.557313
v 3.158373 -41.67883 -4.747851
v 4.260522 -42.27194 -5.225952
v 4.278824 -43.4586 -5.092505
v 3.782049 -44.48139 -4.739849
v 3.593824 -45.62061 -4.620445
v 4.283867 -46.57137 -5.206183
v 3.187645 -46.70338 -4.256074
v 2.376494 -46.69665 -3.388524
v 5.002154 -44.19375 -5.576656
v 3.944588 -47.70911 -4.984811
v 2.380507 -47.78031 -3.351909
v 11.92638 -26.12082 -10.16097
v 12.53743 -55.35927 -9.005756
v 11.34065 -55.03308 -9.130005
v 10.08857 -55.8292 -8.971267
v 19.39776 -50.02313 -1.531848
v 19.46742 -49.59517 -0.51271
v 19.47647 -50.64934 -0.490008
v 19.48149 -51.63623 -0.159071
v 17.29704 -43.5466 -5.775162
v 16.63575 -42.98608 -6.298423
v 3.785018 -96.43787 2.159701
v 18.60934 -26.15369 -1.427085
v 18.53169 -25.03926 -1.00643
v 1.403429 -52.07472 -1.629521
v 1.520124 -50.96731 -1.920078
v 10.04408 -8.969966 -5.740574
v 10.20167 -9.989232 -5.643221
v 17.59735 -92.91702 -1.844267
v 17.69342 -91.89801 -2.019197
v 14.60994 -69.85512 -8.355622
v 13.49169 -69.87283 -8.766914
v 14.30269 -70.93404 -8.480797
v 13.86927 -72.02733 -8.662216
v 12.45845 -70.25465 -8.940774
v 12.14929 -71.36391 -9.009925
v 11.38096 -70.12573 -9.1583
v 13.0598 -68.85386 -8.859344
v 12.21596 -68.13889 -8.961846
v 11.12799 -68.5069 -9.171539
v 11.72376 -67.17027 -9.079379
v 11.45277 -72.10803 -9.143566
v 10.43037 -72.01715 -9.224367
v 12.26149 -66.40194 -8.903708
v 16.83195 -67.85468 -6.969238
v 9.332609 -79.9571 -9.325405
v 8.357459 -80.59937 -9.177999
v 7.36086 -80.0931 -8.884145
v 6.637077 -80.71503 -8.497703
v 6.607197 -81.74159 -8.511829
v 7.467131 -82.40934 -8.911923
v 8.429687 -81.86604 -9.209518
v 9.456177 -82.34127 -9.364375
v 7.691868 -99.80678 -9.192471
v 5.619942 -23.04709 -11.69772
v 6.31986 -24.00367 -11.90928
v 2.212883 -100.2681 2.897691
v 19.58353 -34.98616 2.650969
v 17.99959 -84.85399 -0.08276
v 3.639086 -84.35206 -1.568873
v 19.33298 -61.78447 -0.865003
v 19.25524 -61.69712 0.153387
v 3.681144 -66.27253 -5.30104
v 5.78124 -100.1488 -8.249719
v 10.82313 -75.12107 -9.256497
v 5.942731 -42.03589 -6.113082
v 5.607172 -40.9112 -6.314108
v 10.48826 -57.01658 -9.078082
v 9.445515 -56.72454 -8.82462
v 9.802755 -57.81868 -8.964745
v 9.913563 -58.86873 -9.009362
v 18.82634 -59.07726 3.696175
v 0.277835 -41.19066 2.581018
v 17.84286 -78.81031 1.988104
v 17.65578 -81.27023 1.737284
v 1.321715 -75.26354 2.049588
v 2.587264 -9.096778 -8.222779
v 3.611446 -8.198717 -8.032471
v 3.416093 -9.918604 -7.904279
v 4.570488 -8.778432 -7.659435
v 19.39892 -41.58837 0.34723
v 19.35713 -40.45787 -0.288857
v 19.35426 -39.18263 0.037127
v 19.25384 -38.00837 -0.98694
v 18.89795 -38.55606 -2.62532
v 19.26734 -40.71639 -1.427976
v 19.05796 -39.95092 -2.311171
v 18.67168 -39.48754 -3.330769
v 18.3333 -40.20284 -4.130328
v 17.68589 -39.47485 -5.152092
v 18.41326 -41.28109 -4.088294
v 18.04186 -41.93491 -4.863016
v 19.0953 -41.23818 -2.354206
v 19.08857 -42.32316 -2.497583
v 18.52202 -37.19966 -3.387623
v 17.51196 -38.23215 -5.2503
v 17.55776 -36.93121 -5.060742
v 16.76963 -36.06749 -5.872273
v 17.334 -34.92444 -5.141575
v 15.87397 -36.75039 -6.781764
v 15.79995 -38.28132 -6.822051
v 15.10726 -39.74467 -7.493221
v 16.74136 -38.66125 -6.004663
v 15.7352 -41.11407 -6.872226
v 14.13266 -39.31694 -8.542157
v 13.09826 -38.27049 -9.041983
v 19.40956 -38.95322 1.136243
v 19.46279 -37.93466 1.744559
v 19.41635 -36.91943 1.109963
v 19.32369 -36.93227 -0.140575
v 19.51246 -35.76877 1.159323
v 19.20349 -36.18373 -0.976469
v 19.03361 -35.38956 -1.793263
v 18.60303 -35.68369 -3.085078
v 19.23968 -34.86639 -0.798649
v 19.17327 -37.09534 -1.286582
v 18.99269 -37.56749 -2.223923
v 19.26508 -33.89816 -0.884093
v 19.14736 -33.19123 -1.701595
v 18.88746 -33.61129 -2.738926
v 18.76105 -34.68866 -2.69401
v 5.711965 -36.58618 -7.993932
v 9.768073 -36.98699 -8.4244
v 7.827346 -29.45888 -11.62837
v 9.099119 -28.46053 -11.47829
v 9.220794 -27.10983 -11.53611
v 10.33358 -26.08666 -10.99174
v 10.20773 -29.1534 -10.99159
v 11.18496 -28.49533 -10.5823
v 11.60968 -27.31819 -10.42075
v 12.20574 -28.90586 -10.02275
v 12.53422 -30.21014 -9.781865
v 10.39869 -30.28056 -10.74529
v 8.416633 -31.28401 -11.15864
v 18.94114 -67.75847 -3.75137
v 2.939137 -77.03323 0.171438
v 16.18978 -78.85478 -7.597845
v 1.94649 -67.46398 -0.247054
v 14.18663 -48.20511 -8.316384
v 16.97142 -15.71985 4.786073
v 15.05734 -10.66638 1.082822
v 18.69463 -74.04775 0.343476
v 14.16888 -72.9723 -8.585887
v 13.20568 -73.38439 -8.848099
v 14.98913 -73.39751 -8.217215
v 14.91405 -74.39941 -8.266222
v 15.66038 -74.97542 -7.901555
v 3.344112 -84.05214 -2.711239
v 3.681787 -85.49602 -1.984463
v 3.550601 -86.54504 -2.873748
v 3.522685 -86.15169 -4.494962
v 3.701886 -87.65704 -2.581902
v 4.020577 -88.18729 -1.595821
v 4.037473 -87.57175 -0.586898
v 3.738818 -88.75851 -2.93934
v 4.185323 -89.02102 -0.91416
v 3.930818 -86.57376 -0.724439
v 15.7741 -35.55141 -6.904604
v 15.50481 -34.19294 -7.208583
v 15.04049 -33.04919 -7.688318
v 16.21656 -33.56826 -6.471319
v 16.71131 -32.60426 -5.972235
v 16.47941 -31.4021 -6.464487
v 17.37671 -31.6922 -5.349709
v 18.06988 -31.85113 -4.192327
v 18.41033 -30.81865 -3.551759
v 18.11573 -29.2898 -3.976697
v 17.05168 -30.55137 -5.761224
v 16.86242 -29.38931 -5.979164
v 17.51284 -29.47275 -4.977828
v 18.15985 -33.03527 -3.911841
v 18.84607 -31.36213 -2.604375
v 18.96662 -54.14279 4.095802
v 0.087053 -43.73748 2.334404
v 1.255698 -62.31529 0.56875
v 18.83663 -26.27713 4.212913
v 19.06221 -27.21344 3.759483
v 4.071386 -89.19759 0.960075
v 3.829111 -87.96186 1.146272
v 4.252 -89.59621 0.002072
v 17.25776 -100.3417 -6.556447
v 17.49689 -100.0159 -5.466886
v 14.33369 -8.451345 5.337286
v 2.836827 -78.33855 -2.870811
v 3.388794 -75.86794 -5.036986
v 2.510084 -74.53785 0.809185
v 2.745349 -75.0554 -0.048045
v 13.59213 -97.6693 -9.385646
v 4.268425 -86.2808 -6.24076
v 15.79255 -87.76289 -8.06713
v 16.82313 -88.71339 -7.226344
v 17.81214 -88.17616 -5.915271
v 17.9348 -86.54322 -5.784534
v 18.31516 -85.95165 -4.50818
v 18.33697 -86.00949 -2.93135
v 18.44347 -84.50909 -4.134208
v 18.23544 -83.55148 -5.173013
v 18.41444 -84.61198 -2.785449
v 18.34121 -83.55782 -1.799567
v 18.5172 -82.48383 -2.343855
v 2.265105 -69.1448 -2.811682
v 19.11141 -47.08606 -2.816904
v 4.812864 -71.18691 -6.638336
v 14.77061 -9.781809 0.887592
v 0.667571 -44.21351 -0.57467
v 9.835835 -75.08092 -9.287792
v 10.08647 -38.50005 -8.247837
v 10.04967 -39.83255 -8.325189
v 9.910495 -40.98527 -8.45291
v 9.104672 -39.39594 -7.813946
v 8.085364 -39.25698 -7.483504
v 3.967102 -75.10899 -5.960149
v 4.843566 -75.39366 -6.814442
v 14.70305 -87.03191 -8.641768
v 13.58281 -86.13417 -9.068101
v 12.49979 -86.81419 -9.344718
v 12.31636 -88.10486 -9.408519
v 13.46337 -89.29679 -9.197227
v 10.81198 -88.15652 -9.532065
v 14.52005 -88.25146 -8.793583
v 9.798001 -87.33065 -9.45758
v 9.704496 -85.93032 -9.442801
v 8.492473 -86.33616 -9.23657
v 16.1701 -89.75291 -7.794857
v 16.30221 -91.10169 -7.74406
v 15.39498 -90.48751 -8.3902
v 14.36204 -90.15438 -8.916162
v 14.49739 -91.20409 -8.889951
v 14.52255 -92.29394 -8.906902
v 14.76621 -93.34958 -8.832591
v 15.47399 -92.72188 -8.432318
v 17.24238 -95.96405 -1.64502
v 17.43269 -95.1363 -2.343906
v 17.76628 -88.87017 -1.304722
v 17.79546 -89.84129 -1.793957
v 18.01945 -90.07407 -2.786885
v 18.20441 -89.31955 -3.590234
v 18.22363 -88.36275 -4.214145
v 18.14553 -87.51838 -5.013751
v 18.23739 -88.10098 -3.101886
v 18.00203 -88.12266 -2.098077
v 0.240719 -38.66877 -0.900026
v 0.155144 -38.18916 -2.097202
v 0.941919 -38.06388 -2.779153
v 1.077334 -39.03191 -3.102314
v 0.85749 -40.16412 -2.225547
v 1.605203 -38.93391 -4.172026
v 2.329897 -39.44747 -4.371613
v 3.208155 -39.17963 -5.131173
v 3.646289 -40.10667 -5.488647
v 4.545582 -39.93202 -6.301007
v 4.976386 -39.01894 -6.829268
v 14.64105 -98.69823 -8.997898
v 14.99825 -99.70391 -8.898979
v 14.46265 -100.813 -9.162191
v 13.57889 -101.7181 -9.41989
v 3.026395 -80.8724 1.054519
v 3.417261 -81.32552 0.197447
v 3.27981 -80.7337 -0.93015
v 3.440341 -82.03188 -1.178677
v 3.578025 -83.14735 -0.967868
v 19.25822 -59.64884 1.994277
v 19.26153 -59.10095 1.13187
v 19.32946 -59.6088 0.000697
v 19.37775 -58.41359 -0.291543
v 18.74873 -73.52158 -4.133863
v 18.72094 -74.55826 -4.159781
v 18.44607 -72.98151 -4.958148
v 2.086524 -45.07076 -3.071752
v 17.86964 -53.68113 -5.660143
v 17.42781 -54.4183 -6.208725
v 16.73627 -55.03613 -6.774593
v 15.97841 -55.7673 -7.225286
v 17.49666 -55.43613 -6.16883
v 17.79506 -24.2403 -2.7897
v 18.62377 -22.38643 1.469305
v 16.62104 -94.0037 -7.611259
v 6.662465 -68.72723 -8.006378
v 8.982604 -44.4901 -8.069443
v 9.096173 -43.40098 -8.092922
v 8.110137 -44.26117 -7.511435
v 9.047565 -49.03114 -8.417023
v 1.850903 -51.63074 -2.519883
v 17.10984 -91.42233 -7.04603
v 17.44293 -92.30643 -6.545224
v 17.59352 -90.8896 -6.299119
v 17.73948 -89.54379 -6.05015
v 17.21374 -93.20519 -6.90732
v 15.18229 -55.71646 -7.711563
v 14.58792 -55.08465 -8.103435
v 13.74846 -55.40097 -8.536487
v 14.77893 -54.1453 -7.986296
v 15.55273 -53.81714 -7.399404
v 18.92958 -45.50391 4.642174
v 3.371614 -27.01689 -12.01215
v 4.655868 -26.26944 -12.10243
v 4.17199 -28.01887 -12.00963
v 4.542002 -25.07897 -12.01892
v 3.416231 -24.1568 -11.9011
v 5.526894 -25.58044 -12.08864
v 16.60049 -96.38782 -7.667854
v 17.23959 -96.22881 -6.828292
v 17.53233 -96.98923 -6.039024
v 18.84091 -28.73143 -1.97084
v 19.11842 -29.68043 -1.456919
v 16.77704 -27.26959 -5.651338
v 17.38962 -27.59349 -4.819623
v 17.94088 -28.02024 -3.952882
v 1.61022 -55.85995 -2.01381
v 4.565602 -93.19305 0.132588
v 4.377961 -92.92425 1.272823
v 4.149434 -91.90464 1.442506
v 17.38506 -19.51607 -2.810745
v 5.451344 -88.66873 -7.84095
v 4.858867 -88.1019 -7.141268
v 4.283703 -88.5683 -6.297434
v 17.19466 -40.37433 -5.686165
v 16.49921 -40.76686 -6.307073
v 17.36473 -41.33931 -5.593496
v 3.442799 -84.78841 -4.492267
v 3.713348 -83.91363 -5.356083
v 4.330006 -84.1701 -6.308673
v 4.230487 -83.18238 -6.155664
v 15.75018 -31.47657 -7.270199
v 17.41254 -100.9148 -5.750916
v 18.07632 -88.55537 -5.110376
v 15.88251 -96.46645 -8.298848
v 19.40432 -41.66339 3.076491
v 18.83123 -28.31254 5.113786
v 19.56866 -30.72785 3.384961
v 19.62614 -29.96361 2.526969
v 19.59329 -30.37204 1.562931
v 19.68063 -30.92476 2.409277
v 18.95368 -40.56812 4.638498
v 0.42977 -45.61649 1.009286
v 0.944126 -49.1732 -0.595947
v 14.26136 -10.26566 6.899096
v 18.03557 -19.46768 4.128112
v 18.88155 -69.98614 0.798177
v 19.01113 -68.86095 0.028948
v 19.00075 -67.63095 0.690245
v 19.32485 -37.03855 2.807096
v 17.35333 -46.78389 -5.890633
v 16.59466 -46.30255 -6.470269
v 15.79354 -46.91581 -7.022759
v 14.90084 -46.29645 -7.709537
v 16.61199 -45.15273 -6.410543
v 14.04017 -45.56032 -8.438981
v 15.72371 -44.56034 -6.964758
v 13.58273 -44.34373 -8.742985
v 12.44727 -43.57071 -9.167994
v 13.21315 -46.23364 -8.869564
v 15.83675 -43.54064 -6.85116
v 15.06727 -43.64698 -7.492234
v 11.31293 -44.01883 -9.169133
v 17.76531 -94.47631 -5.532632
v 16.65718 -14.92813 -1.338126
v 16.80215 -14.74975 3.940482
v 8.320527 -93.45184 -9.247016
v 6.574163 -76.34247 -8.295771
v 18.57885 -81.50711 -2.298593
v 19.39492 -57.44255 -0.097301
v 18.37593 -54.13377 -4.978749
v 18.55068 -55.09245 -4.679931
v 15.08755 -45.29101 -7.522991
v 19.42181 -45.15511 -0.68428
v 19.43056 -46.14955 -0.735292
v 3.183488 -79.50776 -0.476434
v 3.058785 -78.6422 -0.904227
v 2.923161 -77.94131 -1.800154
v 18.6493 -76.54909 -0.840849
v 18.87077 -75.94893 -2.056953
v 18.74408 -77.28325 -1.616127
v 2.434964 -42.78766 -3.920666
v 15.19039 -58.35254 -7.757732
v 15.71728 -59.57069 -7.580517
v 16.71226 -60.03434 -7.000667
v 14.26653 -58.79181 -8.217038
v 13.52096 -58.31869 -8.628805
v 14.89199 -59.44729 -7.995891
v 15.22653 -60.36302 -7.895225
v 17.39043 -60.32998 -6.317634
v 3.167342 -64.72486 -4.643363
v 2.471225 -64.65393 -3.767601
v 2.273101 -63.61138 -3.409101
v 2.04319 -64.31391 -2.640877
v 1.846123 -65.12559 -1.839204
v 1.755188 -64.02115 -1.653103
v 1.661054 -62.98341 -1.409547
v 1.563455 -61.93414 -1.127578
v 1.835884 -65.74673 -0.921751
v 1.669886 -63.66225 -0.687406
v 13.48924 -22.91034 -8.649845
v 13.8134 -24.04778 -8.566413
v 14.27088 -25.05391 -8.215465
v 13.14561 -24.86981 -9.167586
v 11.97924 -24.72045 -10.01196
v 12.77287 -25.79427 -9.517984
v 13.20199 -26.89383 -9.29284
v 14.30532 -22.7567 -7.864158
v 17.77619 -93.53361 -2.986989
v 19.24718 -65.72816 -1.385423
v 3.630613 -77.06773 -5.422462
v 4.155806 -100.9887 2.283157
v 4.187253 -100.0114 2.172948
v 3.453059 -101.5891 2.632886
v 14.9741 -12.72306 6.796148
v 14.89827 -11.71869 6.333566
v 15.65928 -11.31479 5.708695
v 0.637876 -63.98991 1.766511
v 0.279332 -55.16741 1.773034
v 0.350641 -57.69558 1.746768
v 18.27753 -24.77965 5.684501
v 0.881307 -20.30231 -11.01935
v 16.42229 -96.02942 0.278926
v 0.265786 -51.36608 1.926031
v 16.84654 -91.1174 0.832054
v 1.826618 -90.2689 2.648507
v 19.06524 -33.22623 5.389998
v 18.96386 -30.77793 5.448196
v 18.60305 -65.26114 3.363336
v 0.852211 -26.91798 -11.79688
v 15.79564 -102.162 -0.446898
v 4.964865 -103.574 -3.144308
v 16.7134 -103.5622 -7.621008
v 17.23249 -103.5825 -5.231956
v 8.439792 -5.731502 -6.702296
v 0.841133 -24.21321 -11.78467
v 0.549372 -6.969456 -7.458396
v 1.318687 -5.902289 -7.896102
v 14.27648 -5.696476 1.402963
v 1.613175 -85.27179 2.450995
v 1.33306 -79.02161 2.254099
v 18.96982 -49.21412 4.593868
v 13.66565 -8.200436 7.190562
v 2.357012 -103.6013 2.953861
v 0.846484 -35.83645 -5.002591
v 0.988796 -35.87703 -6.166616
v 1.568666 -36.1724 -5.332181
v 2.270148 -36.43223 -6.125725
v 2.10909 -37.51943 -5.41033
v 0.696177 -36.4104 -3.948856
v 2.69151 -35.72005 -7.015505
v 1.406315 -36.82005 -4.438123
v 0.109236 -41.8895 0.911289
v 0.139129 -40.90313 0.244586
v -0.03489 -40.11879 1.166552
v 0.263578 -39.18457 0.95482
v 18.26562 -80.18072 0.466099
v 18.28735 -81.00869 -0.262594
v 16.63153 -102.3211 -2.12557
v 0.827753 -56.03981 0.482786
v 2.402856 -25.08081 -11.91203
v 0.302909 -37.07782 0.926159
v 0.398692 -38.03653 1.059524
v 18.07591 -22.41618 5.320803
v 0.552193 -49.60313 0.753824
v 2.07479 -30.25234 -11.31466
v 2.302113 -29.28736 -11.58504
v 2.673925 -30.98633 -11.23671
v 3.533357 -29.21726 -11.82478
v 4.012943 -30.2041 -11.65526
v 5.502653 -28.53115 -12.04054
v 6.676363 -27.98395 -12.02879
v 6.87667 -26.79272 -12.05751
v 7.777859 -26.02157 -11.83173
v 8.01754 -25.03075 -11.69769
v 7.5716 -28.48452 -11.81238
v 19.29595 -34.7916 4.106633
v 19.38074 -32.30594 4.110057
v 19.51735 -33.04756 3.476964
v 19.14832 -29.03592 4.252567
v 19.0342 -63.52954 2.304037
v 4.581956 -102.3323 -4.754691
v 17.1008 -102.2959 -6.877111
v 16.75107 -101.6934 -7.536989
v 15.55601 -102.2629 -8.722124
v 9.882519 -6.838382 -5.905829
v 10.14503 -7.611064 -6.019347
v 19.39654 -48.84577 2.837744
v 19.37015 -50.69892 1.635126
v 2.158396 -27.83914 -11.86473
v 17.13612 -94.26949 -0.620747
v 13.9689 -6.749433 -0.56686
v 15.7299 -12.65729 4.777762
v 18.919 -66.84674 2.014125
v 7.593197 -7.03485 -6.859131
v 8.265116 -7.571926 -6.597026
v 6.713768 -7.130569 -7.14845
v 5.834645 -7.606796 -7.38534
v 1.96337 -7.109873 -8.3725
v 16.90398 -97.62628 -1.039559
v 16.94501 -98.55187 -1.585923
v 0.471261 -46.63611 0.932293
v 2.907363 -20.05358 -10.88278
v 2.23552 -18.52344 -10.39036
v 2.194951 -22.24598 -11.49493
v 2.198926 -23.32678 -11.71975
v 1.610305 -33.05768 -9.517568
v 1.633592 -31.98605 -10.45358
v 2.854605 -33.38061 -10.03793
v 3.614496 -32.58282 -10.68543
v 4.732854 -31.9775 -11.09537
v 2.864799 -34.13442 -9.069551
v 5.444664 -29.78396 -11.82158
v 18.41318 -78.79919 -0.091568
v 18.55096 -78.96947 -1.102559
v 11.18552 -101.8066 -9.719218
v 14.49325 -7.10633 2.884289
v 14.47005 -6.958464 1.930748
v 14.43232 -7.446295 0.988912
v 5.262389 -102.2893 -1.466001
v 5.413135 -101.8199 -0.525721
v 12.64636 -6.632995 -3.20225
v 12.00088 -6.650924 -3.977833
v 0.67712 -45.28367 -0.188222
v 0.890155 -45.94932 -0.723457
v 1.227465 -45.76765 -1.572306
v 0.61446 -42.27212 -1.162895
v 1.461911 -41.02378 -3.041099
v 2.052347 -40.55502 -3.889969
v 1.419019 -41.95815 -2.695627
v 2.561391 -41.16764 -4.300624
v 1.364093 -47.43558 -1.741356
v 1.65236 -48.20194 -2.232121
v 17.25837 -92.7501 -0.439387
v 1.792367 -49.94627 -2.40505
v 18.70514 -23.68728 2.161485
v 18.84304 -24.39499 1.410275
v 18.7588 -24.64221 3.590482
v 18.93244 -25.392 2.371964
v 19.05139 -26.34184 2.34656
v 19.14727 -26.63763 0.865074
v 18.51374 -20.71238 2.30174
v 18.65148 -71.85194 1.624851
v 18.70347 -70.91139 1.71069
v 3.182688 -97.27401 2.540915
v 3.204367 -98.2817 2.578222
v 2.648621 -83.46533 1.886538
v 2.7067 -84.42098 1.954942
v 3.176391 -85.12112 1.632816
v 2.252313 -77.20474 1.528484
v 2.315993 -78.18637 1.589704
v 0.318152 -37.55916 -0.587152
v 0.669153 -36.90268 -1.908597
v 19.3181 -47.3608 3.576499
v 19.32126 -43.50665 3.800382
v 19.29109 -42.51637 3.85289
v 0.625009 -52.22475 0.661674
v 0.795541 -51.43168 0.053737
v 1.067031 -34.55202 -6.831771
v 1.137826 -34.08574 -7.811442
v 3.031493 -91.92351 2.294032
v 3.804493 -85.74922 0.129487
v 3.618043 -84.34007 0.644814
v 3.507184 -83.30592 0.638396
v 3.739238 -84.86377 -0.097673
v 18.94131 -25.63633 0.508107
v 19.35926 -45.53954 2.788602
v 19.38724 -46.22487 2.026594
v 19.44472 -46.80165 0.667648
v 19.39138 -44.41375 2.119315
v 19.41117 -42.71994 2.144549
v 19.40846 -42.64644 1.19608
v 19.42942 -40.69114 2.20396
v 14.69111 -8.531815 1.601168
v 15.05759 -10.1221 2.449946
v 15.66091 -10.49855 2.866605
v 1.910555 -34.98144 -7.298623
v 1.925183 -34.49236 -8.30112
v 19.42305 -43.68145 0.863175
v 19.42615 -45.33605 0.92665
v 19.41877 -43.81773 -0.011277
v 19.38844 -43.1185 -0.560706
v 19.30376 -43.21158 -1.576475
v 19.39244 -42.28593 -0.218279
v 19.35125 -41.38562 -0.606249
v 18.77403 -43.27755 -3.517642
v 7.959976 -10.4897 -7.304102
v 7.540389 -11.98986 -7.226747
v 6.779058 -13.17869 -7.835887
v 7.219974 -14.13734 -8.149634
v 6.637136 -14.97802 -8.587532
v 5.428606 -15.19858 -8.824757
v 6.482369 -11.08781 -7.895623
v 5.917956 -11.94144 -8.168166
v 5.154243 -13.82034 -8.442558
v 6.571693 -8.560429 -6.959961
v 19.31289 -53.83159 2.177886
v 19.35543 -52.14039 1.804838
v 4.80318 -101.716 -3.23581
v 4.653642 -99.87195 -3.492588
v 3.253665 -34.98588 -8.195241
v 4.091687 -35.33415 -8.572707
v 4.304651 -36.18374 -8.106631
v 3.561866 -36.64581 -7.396902
v 3.700773 -37.52613 -6.808666
v 3.040413 -38.14644 -5.994072
v 4.684446 -37.7722 -6.76813
v 5.316195 -37.27312 -7.374592
v 5.854561 -35.25676 -9.155951
v 7.54598 -35.62843 -9.400589
v 8.783861 -35.44176 -9.273683
v 9.291152 -34.30536 -9.8525
v 6.985583 -34.80192 -9.593955
v 7.157121 -33.65236 -10.41016
v 10.12219 -33.5876 -10.09559
v 10.97236 -34.33405 -9.512129
v 10.18731 -32.52499 -10.43995
v 9.248366 -31.9974 -10.82085
v 12.13713 -33.87488 -9.710477
v 13.29671 -33.93029 -8.980978
v 13.8094 -35.2396 -8.798222
v 11.50326 -35.37769 -9.040794
v 12.32947 -36.17532 -9.441917
v 10.77243 -36.29652 -8.695852
v 12.21059 -32.70636 -9.67889
v 8.388824 -32.6011 -10.77474
v 8.234522 -33.60652 -10.33343
v 9.539143 -30.97379 -11.00971
v 9.069404 -36.30329 -8.765579
v 8.583652 -37.27206 -8.289522
v 7.61704 -37.83585 -8.040026
v 7.076274 -36.57773 -8.879844
v 6.341685 -38.23046 -7.930374
v 5.973858 -39.04428 -7.409538
v 6.618797 -39.72079 -7.026775
v 4.809258 -97.37747 1.45173
v 17.08283 -98.38718 -7.003067
v 16.50114 -98.27849 -7.831812
v 15.94257 -94.83903 -8.204755
v 15.11216 -94.51105 -8.684243
v 12.85817 -92.11041 -9.418735
v 12.71696 -93.22154 -9.469482
v 13.40725 -94.0619 -9.343996
v 11.97165 -92.60044 -9.564101
v 12.27464 -90.55295 -9.482673
v 11.17198 -90.25514 -9.56648
v 10.34552 -89.66245 -9.513269
v 15.46397 -10.15134 3.947912
v 14.75563 -9.02952 2.944171
v 17.98547 -86.20393 -1.002139
v 18.14227 -86.26884 -1.986312
v 18.24084 -87.08632 -2.700774
v 0.961736 -59.47246 0.67622
v 3.065182 -78.0749 0.15892
v 2.838445 -76.72099 -1.129551
v 2.729348 -75.71935 -1.225258
v 19.15478 -61.72899 2.102917
v 19.35859 -60.27566 -1.29582
v 19.32218 -59.67006 -2.127621
v 19.33312 -58.30042 -2.169426
v 19.14866 -60.09168 -3.071921
v 19.11588 -61.09765 -3.233874
v 14.64972 -41.91339 -7.896405
v 14.94188 -40.85751 -7.62291
v 13.67566 -41.77873 -8.783663
v 13.26301 -40.77917 -8.984442
v 12.21668 -40.68592 -9.246535
v 5.112294 -98.32256 0.613653
v 5.193652 -99.52663 0.965698
v 5.3346 -100.5793 0.686237
v 5.193552 -99.68583 -0.565564
v 16.08257 -48.14499 -6.874814
v 2.536042 -73.84757 -2.396081
v 2.640373 -74.42595 -3.249263
v 2.925933 -74.14619 -4.195825
v 3.087922 -72.95157 -4.614274
v 2.603646 -73.91743 -1.153412
v 2.472254 -72.51653 -2.760923
v 2.67961 -75.65051 -2.554846
v 2.778843 -76.49023 -3.337041
v 2.779434 -77.37016 -2.925327
v 3.855249 -73.52176 -5.794466
v 2.212758 -72.43838 0.902732
v 18.08522 -90.4593 -4.52174
v 18.05323 -91.38727 -4.281087
v 18.01324 -91.79569 -3.39791
v 11.68008 -41.89432 -9.221169
v 10.61265 -42.01654 -8.909664
v 18.28475 -19.14457 2.693265
v 17.75068 -17.30689 3.359302
v 18.81564 -72.84454 -0.062693
v 18.91364 -71.1617 -0.030247
v 18.91515 -74.39647 -2.94512
v 18.92417 -74.97516 -2.155346
v 18.83135 -74.38367 -1.135828
v 18.91412 -71.35057 -3.62268
v 18.56112 -69.12579 -4.681422
v 18.84152 -68.59261 -4.033893
v 19.05258 -68.45537 -3.129953
v 19.18079 -67.51344 -1.449614
v 19.09885 -67.59679 -0.380425
v 18.30368 -67.51597 -5.210891
v 18.76698 -66.06902 -4.212401
v 18.69207 -76.65957 -4.026426
v 1.868226 -11.20522 -8.260625
v 2.815778 -11.09356 -8.029673
v 4.623334 -10.95328 -7.509443
v 2.001149 -14.58173 -8.99252
v 1.621293 -65.98983 0.635816
v 17.99536 -83.1784 0.390393
v 3.429485 -52.25531 -4.624081
v 4.112198 -52.57902 -5.304666
v 4.773115 -51.92853 -5.865993
v 5.448992 -53.667 -6.449967
v 6.148073 -54.26365 -6.991329
v 7.051079 -53.79764 -7.473201
v 6.082003 -55.38722 -6.983668
v 7.146482 -52.60903 -7.468757
v 5.182845 -55.87936 -6.420188
v 4.647449 -57.01857 -5.967208
v 4.690369 -54.12693 -5.915139
v 7.893304 -51.99975 -7.913105
v 6.761532 -55.87838 -7.490674
v 7.597644 -55.55892 -7.977609
v 7.806826 -54.48275 -8.053189
v 8.829721 -54.52367 -8.563133
v 9.453546 -53.47261 -8.788022
v 8.847435 -52.58367 -8.505081
v 9.765571 -51.85268 -8.847845
v 9.517245 -50.78335 -8.656322
v 6.36869 -52.17281 -6.942291
v 8.673593 -50.53232 -8.274114
v 7.870613 -50.93914 -7.889003
v 7.140341 -50.34605 -7.37463
v 5.201962 -57.83981 -6.49737
v 6.204348 -57.93277 -7.280859
v 4.341463 -58.25059 -5.727132
v 6.070651 -59.26347 -7.251916
v 6.952839 -59.83704 -7.823167
v 8.029065 -59.37624 -8.338211
v 8.447424 -60.36744 -8.534449
v 3.656528 -58.62891 -5.036616
v 3.038305 -58.15701 -4.296139
v 3.045768 -57.14521 -4.28141
v 3.457096 -56.19208 -4.757987
v 8.025521 -58.28802 -8.288043
v 7.960879 -57.2684 -8.180896
v 8.912065 -58.64151 -8.663897
v 9.332207 -55.29726 -8.772282
v 6.195892 -60.22438 -7.351235
v 5.370695 -59.92294 -6.748829
v 4.800063 -60.763 -6.226986
v 6.374376 -51.0288 -6.858168
v 4.34792 -90.96208 0.464152
v 4.222266 -90.51719 -1.792644
v 4.318415 -91.50188 -1.155094
v 3.932337 -90.39394 -2.892244
v 3.86127 -91.22942 -3.661698
v 3.846036 -91.98749 -4.326353
v 3.995772 -92.01381 -5.491511
v 4.411368 -91.79948 -6.454345
v 4.974425 -92.56244 -7.339343
v 4.027765 -92.16182 -3.315438
v 4.357307 -92.60455 -2.254339
v 3.981707 -93.03172 -5.292346
v 4.80914 -93.65776 -7.116225
v 4.335139 -93.95899 -6.228764
v 4.165087 -93.24028 -3.0248
v 19.44861 -47.67559 -0.707378
v 14.77089 -96.53873 -8.91924
v 12.90623 -95.94762 -9.508345
v 11.93718 -95.56248 -9.638025
v 11.83024 -94.53474 -9.630763
v 3.022496 -80.0744 -2.415411
v 3.048082 -80.9324 -3.192672
v 3.203906 -80.68837 -4.242056
v 3.298614 -79.60309 -4.579132
v 3.505973 -81.49918 -4.984818
v 3.145573 -81.96437 -2.856828
v 3.034744 -78.84264 -3.828681
v 3.178869 -82.64659 -3.564989
v 3.377745 -82.49246 -4.533707
v 3.975429 -81.20272 -5.809143
v 4.18093 -80.25962 -6.170234
v 5.316615 -81.82706 -7.547704
v 4.98028 -80.55404 -7.154587
v 5.46337 -79.73834 -7.591679
v 9.450991 -83.92793 -9.400249
v 5.521453 -83.39565 -7.778194
v 9.995889 -44.85744 -8.733051
v 10.24976 -45.92382 -8.895382
v 11.28866 -46.14697 -9.138125
v 11.39959 -47.32701 -9.157385
v 2.582574 -51.16105 -3.591439
v 3.704014 -50.67173 -4.826305
v 11.15281 -83.78578 -9.398435
v 11.68521 -84.66104 -9.384511
v 11.39207 -82.85045 -9.334585
v 5.525499 -85.35033 -7.854863
v 5.030792 -84.35091 -7.299763
v 5.182761 -86.19933 -7.518212
v 11.20443 -85.6651 -9.445144
v 12.99952 -84.70419 -9.178932
v 13.3544 -83.6367 -9.057891
v 13.01871 -82.74798 -9.106751
v 15.20637 -84.90675 -8.357819
v 14.78446 -83.76698 -8.538381
v 14.60973 -85.83173 -8.667608
v 16.1216 -84.99403 -7.777965
v 15.43424 -83.07938 -8.206055
v 16.48181 -82.79131 -7.421387
v 16.47174 -81.51302 -7.408372
v 17.17188 -82.16308 -6.825929
v 17.81681 -81.8921 -5.950514
v 18.21137 -81.10438 -5.311734
v 18.54112 -81.31784 -4.289724
v 14.58472 -81.80304 -8.580824
v 15.37196 -81.00693 -8.187598
v 15.12604 -79.99818 -8.30031
v 14.20867 -79.66274 -8.672302
v 14.02261 -78.63266 -8.70682
v 13.45287 -80.33575 -8.918199
v 14.7585 -77.95712 -8.435052
v 14.34441 -76.78403 -8.565605
v 16.90399 -80.21644 -7.045661
v 17.64196 -80.11563 -6.256116
v 17.98124 -78.91488 -5.808795
v 18.52781 -79.57089 -4.465395
v 12.11156 -76.88144 -9.093204
v 12.20627 -78.16031 -9.084099
v 17.37795 -78.22942 -6.559688
v 16.18721 -76.96772 -7.546985
v 15.55982 -76.22977 -7.975138
v 17.13579 -100.9914 -3.693356
v 17.33316 -98.64633 -3.557704
v 17.54615 -98.59936 -4.452453
v 17.27062 -97.90384 -3.017619
v 17.6453 -96.90678 -3.994278
v 17.65776 -97.55897 -4.696167
v 19.40796 -39.596 3.095071
v 1.194694 -43.64237 -1.961421
v 1.680572 -43.76479 -2.731814
v 19.32653 -54.78904 1.63396
v 19.43704 -54.63124 0.637892
v 19.41187 -54.52448 -1.28634
v 19.29428 -54.31544 -2.350934
v 19.1922 -55.12786 -2.870651
v 19.07144 -54.25117 -3.304005
v 19.38982 -56.42312 -1.567042
v 8.677143 -15.6986 -8.592183
v 9.310969 -16.49958 -8.786119
v 7.662742 -15.60283 -8.732348
v 11.04076 -15.64894 -7.798335
v 10.56423 -16.5103 -8.439947
v 11.0491 -17.44656 -8.688948
v 2.448896 -72.22813 -0.919314
v 2.275514 -67.66336 -3.035003
v 2.579594 -67.50131 -3.869637
v 2.717576 -66.56174 -4.155241
v 2.864591 -68.26733 -4.365944
v 2.665571 -69.16872 -4.022686
v 2.504418 -65.6488 -3.815226
v 2.113467 -66.22005 -2.635888
v 3.177781 -69.85743 -4.796766
v 2.650253 -71.00504 -3.844945
v 3.050612 -70.71368 -4.63218
v 3.49555 -71.51862 -5.275815
v 10.08563 -70.56852 -9.176085
v 9.193834 -70.1144 -9.08726
v 8.247492 -70.54049 -8.864169
v 8.223754 -71.53892 -8.900211
v 10.25022 -18.27532 -9.255053
v 8.859382 -19.89339 -10.31843
v 0.566226 -47.82876 0.615078
v 18.74485 -78.90021 -3.318107
v 18.74728 -77.81141 -3.598348
v 18.78879 -78.16112 -2.666667
v 19.41588 -49.50722 1.112389
v 5.418269 -9.499981 -7.241848
v 5.63953 -33.70139 -10.30488
v 6.207252 -31.69601 -11.32569
v 6.689457 -86.09516 -8.610016
v 6.583719 -84.50862 -8.533947
v 8.019467 -84.08648 -9.112546
v 12.383 -48.61826 -9.092491
v 12.21703 -47.72551 -9.135437
v 13.29309 -48.94554 -8.83204
v 13.29093 -49.98636 -8.82163
v 13.01685 -51.87425 -8.919533
v 12.50025 -52.88337 -9.065496
v 11.51463 -53.23991 -9.062881
v 13.20926 -53.72795 -8.76667
v 14.08363 -53.45903 -8.357519
v 17.11614 -57.46184 -6.595526
v 14.72621 -56.92813 -8.027825
v 11.77872 -57.49789 -9.090896
v 16.50774 -86.20083 -7.483459
v 16.32046 -87.10583 -7.652637
v 16.76598 -84.02769 -7.169839
v 17.56371 -84.3504 -6.390399
v 19.44746 -52.51267 -1.023752
v 19.40167 -53.0083 0.856509
v 11.75871 -19.45336 -9.045761
v 10.39704 -21.02214 -10.09142
v 15.25572 -50.81681 -7.568995
v 18.37487 -49.60728 -4.837293
v 18.66441 -48.82841 -4.248188
v 19.05271 -49.95327 -3.183202
v 18.88427 -50.82616 -3.754981
v 17.82581 -52.16929 -5.655215
v 18.66367 -53.00046 -4.352975
v 19.3054 -46.04346 -1.81388
v 18.03355 -43.98495 -5.053568
v 19.31021 -51.38047 -2.064346
v 16.92841 -102.3477 -3.439101
v 14.50529 -36.98428 -8.277643
v 15.20159 -37.19925 -7.494665
v 14.02111 -37.87563 -8.652442
v 14.29872 -36.00856 -8.394117
v 14.70293 -35.12674 -8.023637
v 17.81501 -16.99798 1.337701
v 18.06039 -17.88052 2.173959
v 18.16047 -18.75504 0.654478
v 17.57414 -16.62039 -0.600518
v 17.30162 -17.33107 -1.8595
v 17.79624 -18.36662 -1.145718
v 17.78522 -19.25123 -1.58505
v 17.40659 -66.80679 -6.381809
v 17.83208 -64.27631 -5.885116
v 4.119574 -95.67345 -4.261499
v 4.306994 -95.68191 -3.282356
v 9.097038 -90.93211 -9.365136
v 7.905979 -92.20503 -9.14403
v 7.024764 -92.25243 -8.850739
v 7.589711 -90.59954 -9.043468
v 8.221526 -91.25307 -9.205118
v 7.047791 -87.94425 -8.80617
v 8.659995 -88.62458 -9.271667
v 7.698822 -89.66599 -9.062747
v 1.036306 -50.3608 -0.76425
v 4.952335 -96.42658 0.325625
v 19.28717 -61.7393 -2.221317
v 18.86262 -62.51071 -3.975863
v 18.39028 -62.82567 -5.064898
v 17.85084 -62.11419 -5.83619
v 17.28971 -62.57246 -6.46034
v 18.52087 -60.92625 -4.807083
v 18.8463 -59.4614 -4.088922
v 18.62638 -58.04193 -4.587741
v 17.98016 -59.74765 -5.629854
v 17.92966 -58.61668 -5.682751
v 18.14623 -19.76353 -0.520608
v 17.21714 -22.63069 -3.918654
v 17.00301 -23.44282 -4.407594
v 17.33952 -24.34438 -3.929546
v 16.44442 -23.40496 -5.282043
v 16.98353 -21.86393 -4.24473
v 17.24432 -21.18609 -3.643043
v 16.18792 -24.28981 -5.809572
v 16.56492 -25.19372 -5.492234
v 15.48192 -24.24539 -6.813833
v 17.39701 -26.15376 -4.379826
v 18.1626 -27.28205 -3.249685
v 17.88382 -26.22734 -3.438325
v 15.71014 -22.53011 -6.30992
v 15.40439 -21.65981 -6.563971
v 14.7166 -21.60483 -7.267702
v 18.6435 -23.95369 0.524814
v 18.11492 -20.93519 -1.186284
v 15.77931 -27.36167 -6.9109
v 15.51178 -28.11155 -7.343989
v 15.91004 -29.09012 -7.051886
v 15.68304 -25.83963 -6.777547
v 16.27005 -25.88156 -6.034716
v 15.40561 -26.57633 -7.19214
v 14.42478 -26.5242 -8.185557
v 19.56546 -31.14396 0.556038
v 2.347464 -52.60528 -3.297003
v 2.957751 -52.87343 -4.068242
v 2.505243 -54.3954 -3.560262
v 3.006644 -53.8701 -4.159227
v 2.617221 -55.37382 -3.731204
v 2.227125 -55.98254 -3.163582
v 3.414018 -60.09096 -4.792596
v 3.789069 -60.8456 -5.275773
v 3.983003 -62.43662 -5.532429
v 2.930682 -61.90134 -4.277308
v 2.7582 -62.84058 -4.084755
v 1.99185 -62.43262 -2.77098
v 1.692006 -60.94121 -1.918368
v 1.965029 -61.08953 -2.779297
v 6.02055 -63.59978 -7.398427
v 5.653884 -62.88293 -7.111228
v 5.660072 -64.42481 -7.182353
v 7.147854 -64.34686 -8.141178
v 10.30819 -63.19503 -9.143157
v 9.119414 -62.20016 -8.864954
v 10.71031 -65.36685 -9.137479
v 8.533936 -66.7947 -8.820998
v 8.238241 -67.73639 -8.746905
v 7.090021 -67.43201 -8.240882
v 7.628311 -69.15162 -8.525062
v 9.227859 -68.76675 -9.022503
v 10.13704 -68.3461 -9.110509
v 10.47492 -66.57408 -9.11523
v 11.62977 -64.89547 -9.065977
v 14.49458 -66.46045 -8.395514
v 14.43784 -65.30582 -8.406817
v 16.42922 -61.61618 -7.230632
v 5.895995 -66.59023 -7.440755
v 6.17138 -65.19518 -7.588129
v 9.402116 -60.60038 -8.918202
v 5.535936 -49.78695 -6.276533
v 5.661963 -50.68048 -6.409253
v 4.647338 -49.41613 -5.649043
v 4.109138 -48.7033 -5.153419
v 5.676584 -47.98188 -6.225461
v 6.297493 -48.72346 -6.652504
v 8.8339 -17.44865 -9.370723
v 7.639853 -17.49863 -9.574092
v 7.134233 -16.70293 -9.281128
v 6.04191 -18.20114 -10.06776
v 7.434902 -18.92857 -10.18575
v 8.429177 -19.07374 -10.08019
v 6.747444 -19.72228 -10.62391
v 8.539341 -21.57991 -10.91322
v 6.378656 -21.41528 -11.26246
v 7.543977 -22.15735 -11.27948
v 7.562143 -23.15669 -11.49291
v 9.716353 -24.87414 -11.18576
v 9.290825 -22.96456 -11.06869
v 10.12475 -23.46257 -10.78845
v 10.9969 -22.3234 -10.17196
v 11.858 -22.23673 -9.707272
v 12.35695 -23.01347 -9.475964
v 4.011053 -93.87743 -4.254866
v 4.369851 -94.56436 -2.829846
v 4.76177 -95.98886 -1.443697
v 4.678748 -94.8704 -1.375626
v 19.61813 -33.7193 0.901555
v 19.53778 -34.66595 0.849339
v 19.76646 -33.38151 1.689112
v 19.72076 -32.31809 1.822203
v 19.70941 -33.97252 2.571565
v 1.051609 -53.48304 -0.563507
v 1.995954 -57.41816 -2.814716
v 2.014179 -58.412 -2.845233
v 2.695319 -59.93407 -3.915457
v 1.27637 -59.44077 -0.287699
v 1.081808 -57.81168 0.023043
v 0.939299 -56.94593 0.320624
v 13.23659 -6.818694 -2.205058
v 13.71533 -10.9404 -2.830016
v 13.39697 -11.56325 -3.648214
v 11.54118 -11.53737 -5.324925
v 11.56841 -13.90955 -6.649893
v 12.83067 -12.98397 -5.22302
v 19.41432 -28.41278 1.717618
v 5.163031 -100.8283 -1.301674
v 4.887781 -99.36516 -2.293026
v 15.42105 -71.61279 -8.003041
v 16.92612 -75.46303 -6.951291
v 16.39005 -74.85046 -7.36571
v 17.94307 -76.66606 -5.850815
v 18.39128 -77.21549 -4.967582
v 17.32741 -76.94448 -6.619792
v 17.96657 -73.93264 -5.781594
v 17.70088 -95.36337 -3.542863
v 17.72778 -95.84909 -5.22001
v 17.84112 -94.54855 -4.05892
v 17.89152 -93.04571 -4.918008
v 17.87267 -92.10514 -5.370168
v 17.2767 -95.03527 -6.77193
v 18.6942 -79.79065 -2.645684
v 18.64704 -80.79693 -2.971463
v 18.5405 -82.5285 -3.976171
v 4.523626 -93.61256 -1.277657
v 17.10892 -18.25178 -3.004224
v 16.65913 -15.9988 -2.510856
v 16.36124 -17.03195 -3.849337
v 6.478696 -71.30586 -8.018801
v 7.000515 -72.79337 -8.371644
v 7.702152 -73.33349 -8.767609
v 6.224567 -73.13187 -7.898814
v 5.695109 -73.95406 -7.567107
v 8.533825 -72.82555 -9.005093
v 6.527056 -74.64247 -8.188268
v 8.284957 -74.93063 -9.026665
v 8.086097 -75.92148 -8.986553
v 7.533825 -78.11743 -8.843496
v 7.371086 -79.09844 -8.864661
v 8.534325 -78.00105 -9.173968
v 10.11715 -77.92396 -9.360798
v 10.82682 -78.59118 -9.290064
v 12.36314 -79.86377 -9.111051
v 9.36263 -73.61176 -9.172889
v 9.541414 -76.4352 -9.280869
v 8.656405 -76.73369 -9.163043
v 11.37937 -80.10531 -9.261909
v 16.05182 -18.45256 -4.873853
v 14.26026 -15.34364 -5.558514
v 14.37595 -13.68025 -4.178182
v 15.8163 -13.17663 -1.107671
v 15.24001 -12.3493 -1.408517
v 15.15805 -11.64659 -0.69785
v 14.71588 -10.97848 -0.91337
v 16.18099 -13.02184 1.053639
v 16.83671 -14.2013 1.968687
v 17.54435 -16.11686 2.643152
v 17.50841 -16.49838 3.437982
v 15.756 -11.39246 1.065804
v 16.59091 -13.94932 3.192315
v 15.69722 -11.57285 3.824195
v 12.97198 -18.95377 -8.09406
v 19.11838 -64.19024 0.728217
v 19.04841 -65.04504 1.543226
v 19.12178 -66.07918 0.149884
v 4.844872 -97.52599 -7.141209
v 4.649744 -99.28624 -6.697557
v 5.150419 -96.38982 -7.567649
v 4.786457 -95.73369 -7.063782
v 5.230366 -94.49586 -7.675757
v 5.943992 -94.91874 -8.290318
v 6.352716 -93.31909 -8.555784
v 7.439556 -94.55573 -9.051448
v 10.50982 -98.49414 -9.610171
v 11.703 -100.5071 -9.716184
v 13.17755 -99.02649 -9.509092
v 4.46593 -101.3145 -5.067762
v 4.301342 -78.75882 -6.355449
v 4.773932 -76.97362 -6.844255
v 5.308438 -77.64603 -7.368213
v 6.159922 -78.69738 -8.108042
v 3.704254 -88.25167 -4.904699
v 3.661956 -87.15083 -4.937627
v 3.736686 -90.05629 -4.711818
v 4.323513 -89.70496 -6.340818
v 4.958503 -90.28462 -7.29212
v 19.38146 -56.26005 1.323215
v 19.33264 -57.21741 1.516892
v 19.01022 -56.3025 -3.588725
v 18.98898 -57.55673 -3.665669
v 11.29934 -32.0378 -10.13347
v 11.44415 -30.90703 -10.28604
v 13.30475 -31.58778 -9.216439
v 14.53114 -29.91699 -8.400031
v 13.43853 -28.42702 -9.18943
v 12.84148 -75.35568 -8.938273
v 13.72367 -74.94712 -8.763251
v 12.68831 -76.2224 -8.984805
v 0.364938 -39.59888 -0.883075
v 18.65053 -75.3708 0.027033
v 18.34152 -20.85823 3.348544
v 5.500787 -18.961 -10.41862
v 8.407283 -47.37323 -7.948249
v 7.685405 -47.67273 -7.525474
v 7.131544 -47.09226 -7.089015
v 6.452796 -46.58372 -6.639558
v 8.58094 -46.50215 -7.980157
v 7.64322 -45.97064 -7.36216
v 7.426296 -45.06253 -7.146752
v 6.631376 -44.91013 -6.636678
v 6.396454 -43.96431 -6.426043
v 9.836672 -47.40441 -8.756855
v 7.481286 -43.31653 -7.045749
v 5.264743 -45.45718 -5.825495
v 7.15039 -41.82698 -6.80027
v 8.892203 -41.68411 -7.76247
v 8.344545 -40.93584 -7.392445
v 10.50791 -49.00996 -8.990196
v 11.08456 -51.92115 -9.108507
v 13.64732 -19.776 -7.87747
v 16.14381 -67.30803 -7.468904
v 19.07894 -70.41405 -2.166065
v 7.879394 -49.06744 -7.773066
v 6.363948 -87.00861 -8.437615
v 3.504507 -42.55075 -4.691877
v 2.890014 -44.5555 -4.047759
v 4.980831 -46.7271 -5.734444
v 2.493612 -48.74446 -3.486071
v 19.3397 -49.16412 -1.87031
v 18.85501 -26.92424 -0.923215
v 10.96659 -9.950536 -5.10891
v 12.8705 -72.10972 -8.945246
v 13.41058 -67.94141 -8.751068
v 10.94212 -69.36602 -9.149507
v 6.813957 -82.89066 -8.626572
v 6.234772 -83.50446 -8.313903
v 18.16014 -84.39877 -0.966705
v 5.013195 -41.71448 -5.746039
v 3.215004 -7.466935 -8.352419
v 19.40596 -41.20335 1.141278
v 19.14969 -38.69484 -1.686298
v 18.13143 -39.38456 -4.400025
v 18.55985 -38.16237 -3.42919
v 18.07194 -36.93338 -4.222098
v 17.41827 -35.92654 -5.128373
v 17.71258 -34.00053 -4.538336
v 17.98399 -34.92733 -4.176091
v 16.13138 -37.53486 -6.518531
v 15.21652 -38.78126 -7.418448
v 15.80357 -39.255 -6.81698
v 16.00778 -42.10097 -6.691934
v 14.51138 -40.06163 -8.139562
v 13.38609 -39.10971 -8.985333
v 12.49721 -38.96073 -9.251918
v 12.1206 -37.96944 -9.3525
v 10.99383 -38.11865 -8.94641
v 18.72825 -36.52678 -2.86298
v 6.992667 -29.88588 -11.70809
v 6.259303 -30.50386 -11.6882
v 8.714614 -29.26969 -11.48396
v 9.487717 -26.25994 -11.39843
v 8.594593 -26.45773 -11.68764
v 11.15343 -25.46686 -10.55547
v 9.943476 -28.33599 -11.13669
v 11.14455 -26.51886 -10.63203
v 13.33459 -30.21589 -9.277586
v 7.525555 -31.50908 -11.23263
v 8.070173 -30.39102 -11.39448
v 14.87243 -48.64961 -7.813147
v 3.431351 -85.98609 -3.594984
v 3.497152 -86.93319 -3.884019
v 14.25464 -33.15982 -8.307565
v 16.94703 -33.89121 -5.586117
v 18.48221 -29.92168 -3.327055
v 18.47472 -29.01522 -3.120736
v 3.490417 -87.13027 1.518684
v 4.015012 -87.45258 0.360231
v 2.649327 -75.4931 0.719133
v 12.66467 -97.42118 -9.596588
v 3.794252 -86.01838 -5.425857
v 17.31708 -88.00249 -6.750471
v 17.3496 -86.1318 -6.621612
v 17.64004 -85.29215 -6.28379
v 18.10829 -85.79473 -5.350198
v 18.36881 -86.39394 -3.735144
v 18.42104 -85.42462 -3.701009
v 18.31577 -85.12105 -4.71926
v 18.47382 -83.50784 -4.201145
v 18.28648 -82.80713 -1.062189
v 9.375952 -37.83952 -8.126773
v 10.6718 -40.24697 -8.918792
v 15.5004 -86.92627 -8.234317
v 13.93226 -86.90868 -8.986459
v 11.64308 -87.34682 -9.445585
v 13.14052 -88.45239 -9.262974
v 14.31114 -89.13274 -8.903823
v 9.932598 -88.20402 -9.469307
v 7.626758 -85.9931 -8.988746
v 15.86546 -88.79202 -8.018409
v 16.08573 -92.04318 -7.938826
v 17.31207 -96.41534 -2.436321
v 17.86927 -87.97308 -1.18253
v 4.036588 -39.33658 -5.936598
v 15.37861 -100.9542 -8.778863
v 13.36511 -100.5894 -9.458545
v 19.28172 -58.61014 1.913994
v 17.98063 -72.76549 -5.742292
v 16.27806 -93.11881 -7.877958
v 9.067561 -48.05656 -8.406973
v 17.27621 -89.41424 -6.835583
v 2.659596 -26.31035 -11.98148
v 4.603391 -27.19131 -12.08144
v 17.68646 -28.6638 -4.570057
v 3.336159 -84.43316 -3.646153
v 15.31446 -32.19159 -7.615377
v 18.91019 -67.9261 1.566294
v 14.72218 -47.19684 -7.888939
v 14.17245 -43.69875 -8.311704
v 13.03036 -42.66624 -9.053988
v 6.962737 -77.16065 -8.521014
v 6.088634 -77.06992 -7.992166
v 5.911297 -75.89896 -7.786058
v 18.55257 -55.99235 -4.684338
v 18.84819 -76.22783 -3.023347
v 13.44918 -59.29778 -8.647182
v 1.586253 -64.17842 0.112956
v 11.45257 -23.96877 -10.25616
v 12.38086 -26.93535 -9.89628
v 17.94279 -93.10782 -3.851291
v 4.146981 -77.29297 -6.174082
v 3.505617 -77.93823 -5.176346
v 0.20966 -42.78764 0.679144
v 18.43251 -80.62048 -1.127603
v 4.446622 -30.99488 -11.44702
v 5.912931 -26.4737 -12.17767
v 19.37669 -50.69212 2.506809
v 19.30869 -51.01068 3.376216
v 19.44118 -51.06854 0.75634
v 4.651228 -32.88343 -10.63952
v 10.58619 -101.0868 -9.660671
v 18.37206 -20.23154 1.330895
v 0.648715 -53.22306 0.662334
v 4.499025 -15.20835 -8.941321
v 6.564967 -33.00795 -10.82988
v 10.11011 -34.53278 -9.609554
v 13.21045 -35.90585 -9.160107
v 12.91309 -33.11286 -9.203392
v 17.43473 -97.91974 -6.245162
v 13.7345 -91.87537 -9.18923
v 12.64043 -89.69625 -9.393007
v 10.88387 -91.12331 -9.582017
v 10.96007 -89.02837 -9.549053
v 19.21827 -59.00327 -2.749939
v 19.33908 -57.3567 -2.025493
v 14.66037 -42.87318 -7.878759
v 15.28942 -41.80802 -7.261749
v 3.113831 -75.06745 -4.516482
v 2.68435 -72.37733 -3.801959
v 3.092503 -76.59561 -4.336808
v 18.63975 -75.73675 -4.328692
v 6.422902 -57.0195 -7.357057
v 7.041978 -57.67274 -7.750167
v 4.39621 -59.16863 -5.829394
v 3.587269 -55.25138 -4.853974
v 3.985841 -56.7623 -5.321715
v 8.554467 -56.57403 -8.490001
v 5.512774 -92.18887 -7.94419
v 19.46341 -46.90389 -0.230678
v 10.98648 -94.23249 -9.616506
v 4.745415 -82.33985 -6.912164
v 9.667036 -84.91785 -9.427645
v 17.92304 -82.85672 -5.792955
v 11.20892 -76.76711 -9.234063
v 13.09183 -78.40048 -8.943604
v 17.0922 -97.92142 -2.167089
v 11.20021 -54.11586 -9.068258
v 17.53892 -56.66885 -6.131482
v 17.14921 -58.43864 -6.582235
v 16.32597 -57.49875 -7.157306
v 12.70987 -57.49431 -8.940646
v 15.31414 -35.02018 -7.414911
v 13.96073 -27.13955 -8.722712
v 3.476467 -48.5862 -4.558146
v 4.778875 -48.49136 -5.693168
v 16.95664 -16.79694 -2.464191
v 5.112679 -74.50161 -7.039771
v 13.85008 -98.50213 -9.315261
v 3.616701 -88.77962 -4.105764
v 14.20127 -29.01277 -8.649886
v 7.024961 -48.08448 -7.094388
v 6.113533 -43.02391 -6.201271
v 17.90351 -37.73705 -4.605645
v 12.66047 -37.1123 -9.331111
v 10.69032 -37.26646 -8.579665
f 1540 436 178
f 173 174 1453
f 1575 451 310
f 527 179 180
f 180 396 527
f 163 373 162
f 1660 1662 278
f 166 632 165
f 171 172 387
f 388 521 1066
f 1535 972 1521
f 2 997 1
f 997 353 774
f 538 4 5
f 6 503 380
f 7 8 1539
f 435 350 1539
f 427 190 547
f 1216 1217 847
f 384 505 1461
f 318 383 504
f 195 196 1537
f 186 187 574
f 166 167 522
f 1107 148 406
f 366 146 481
f 153 154 573
f 705 1702 271
f 1509 403 84
f 141 142 367
f 672 904 1079
f 142 483 367
f 466 91 92
f 133 518 132
f 139 1412 138
f 1514 389 523
f 518 133 382
f 130 516 371
f 158 557 157
f 398 99 506
f 115 601 114
f 1508 160 161
f 122 1190 121
f 119 120 385
f 123 431 122
f 524 112 113
f 114 392 113
f 109 110 374
f 1418 580 1036
f 1596 450 1529
f 425 341 1342
f 460 16 563
f 48 1123 47
f 24 25 1555
f 457 48 49
f 575 57 58
f 1545 438 356
f 530 400 529
f 1545 55 56
f 440 54 55
f 440 357 1546
f 426 27 28
f 702 1265 648
f 560 30 31
f 23 393 22
f 365 462 701
f 716 1709 525
f 1122 35 36
f 1446 1450 498
f 34 541 33
f 540 309 409
f 1810 1811 226
f 501 378 39
f 97 687 399
f 1488 1487 204
f 97 399 96
f 345 411 808
f 1480 1484 667
f 92 93 386
f 324 398 871
f 492 109 374
f 324 687 398
f 298 369 463
f 106 107 1548
f 491 374 110
f 535 407 65
f 88 444 87
f 407 675 331
f 71 1536 70
f 413 468 347
f 590 1635 507
f 80 81 1041
f 1560 346 403
f 80 1041 394
f 78 1554 77
f 1553 75 1554
f 1562 417 1455
f 161 162 490
f 176 177 559
f 696 362 458
f 1411 11 12
f 149 150 988
f 381 317 510
f 1454 391 127
f 446 355 1544
f 1262 1263 610
f 936 937 592
f 930 934 730
f 67 68 536
f 2038 1313 883
f 1631 2085 578
f 803 1968 1363
f 189 1431 188
f 1403 1983 214
f 502 174 175
f 1550 49 50
f 528 163 164
f 562 458 61
f 894 213 928
f 1772 1773 809
f 366 481 705
f 95 1538 94
f 1956 1502 1074
f 1481 1482 412
f 2093 1845 1812
f 380 316 538
f 307 374 491
f 404 82 1510
f 1173 1146 553
f 9 558 435
f 137 546 136
f 116 484 115
f 391 126 127
f 1235 916 1237
f 185 1544 184
f 520 170 171
f 1117 1030 1031
f 1906 720 1907
f 419 68 69
f 792 791 290
f 410 541 34
f 17 18 402
f 430 158 159
f 223 1273 1274
f 771 44 45
f 1950 690 1070
f 1394 1396 1393
f 332 1122 409
f 1132 1755 790
f 405 328 988
f 2071 204 1487
f 1256 1253 1254
f 773 86 87
f 144 1189 143
f 84 403 83
f 468 469 1389
f 421 339 1411
f 340 1412 423
f 1124 123 124
f 261 1666 1667
f 427 342 1431
f 436 559 177
f 456 361 1550
f 397 528 164
f 458 362 1551
f 134 510 382
f 1578 363 461
f 485 1060 1061
f 84 85 1509
f 1702 708 271
f 252 1420 1421
f 595 1376 1387
f 1681 662 1682
f 580 1035 1036
f 1096 1932 1001
f 181 630 396
f 1541 156 157
f 102 463 101
f 841 1808 280
f 1495 1496 1491
f 111 491 110
f 42 493 41
f 172 519 387
f 168 521 388
f 1543 66 67
f 1395 1394 1430
f 1721 288 1618
f 834 250 790
f 153 573 390
f 774 198 199
f 840 72 73
f 138 1412 424
f 69 507 419
f 159 556 430
f 1676 1674 655
f 1552 14 15
f 102 103 368
f 586 1632 1634
f 11 1411 422
f 1043 565 1943
f 642 1667 1668
f 165 632 397
f 63 1121 408
f 28 1342 426
f 149 988 406
f 375 111 112
f 377 42 43
f 1470 693 1203
f 310 451 1097
f 311 442 1247
f 154 155 389
f 18 989 402
f 188 1431 428
f 59 1551 459
f 380 5 6
f 715 823 232
f 384 193 194
f 517 129 371
f 116 370 484
f 182 183 395
f 171 387 520
f 167 388 522
f 98 99 398
f 400 45 46
f 92 386 466
f 444 88 372
f 150 151 405
f 20 1511 19
f 1455 292 1562
f 64 65 407
f 36 37 409
f 49 1550 457
f 482 145 366
f 335 1008 1465
f 1055 260 1052
f 420 124 125
f 1435 740 1733
f 12 13 421
f 139 140 423
f 29 30 425
f 189 190 427
f 343 1108 1597
f 344 1248 1564
f 85 86 411
f 1006 1009 1005
f 71 72 413
f 555 197 429
f 1561 349 280
f 435 8 9
f 1413 451 351
f 557 158 430
f 3 4 437
f 536 68 419
f 446 185 186
f 438 56 57
f 1457 442 357
f 1548 358 1547
f 1089 1090 744
f 1824 476 861
f 50 51 456
f 60 61 458
f 460 15 16
f 480 78 79
f 25 26 462
f 146 147 481
f 142 143 483
f 103 104 464
f 1432 369 298
f 117 118 576
f 130 131 516
f 89 90 443
f 2020 1248 373
f 374 1588 1587
f 524 113 392
f 308 1451 1452
f 494 43 44
f 39 40 501
f 1098 1971 2099
f 6 7 503
f 546 137 424
f 1708 713 382
f 299 1517 735
f 194 195 505
f 120 121 1058
f 93 94 465
f 172 173 519
f 168 169 521
f 155 156 523
f 1318 390 312
f 301 1214 1045
f 1244 392 320
f 23 24 525
f 1563 394 335
f 183 184 526
f 1191 396 321
f 1939 323 1032
f 99 100 506
f 841 399 324
f 46 47 529
f 1557 401 364
f 1700 329 704
f 1559 403 345
f 404 346 1006
f 151 152 539
f 843 406 328
f 65 66 535
f 688 408 331
f 37 38 540
f 742 410 332
f 773 411 86
f 666 1481 1493
f 840 413 72
f 1843 1275 842
f 1371 1372 1373
f 1843 842 1429
f 1007 256 1008
f 1259 499 1258
f 69 70 507
f 125 126 1434
f 13 14 544
f 577 422 339
f 140 141 545
f 636 424 340
f 560 31 448
f 646 426 341
f 190 191 547
f 548 428 342
f 429 198 774
f 159 160 556
f 1124 431 123
f 1423 992 218
f 433 1636 1325
f 1793 1797 828
f 9 10 558
f 451 436 351
f 538 437 4
f 575 438 57
f 1984 1131 1132
f 1545 440 55
f 442 441 357
f 1457 357 289
f 772 443 90
f 1922 281 990
f 1645 776 445
f 574 446 186
f 447 1572 1343
f 449 448 359
f 359 1619 1090
f 300 1626 1202
f 1413 351 277
f 354 536 876
f 1855 240 880
f 1391 1017 471
f 885 886 474
f 51 52 561
f 651 361 264
f 61 62 562
f 697 362 266
f 16 17 563
f 461 1577 1344
f 26 27 564
f 298 463 368
f 1547 464 104
f 1538 465 94
f 386 1732 1196
f 1460 467 399
f 413 1583 468
f 892 470 891
f 2066 1465 1863
f 813 1012 1013
f 885 474 1857
f 1763 1071 796
f 1022 1935 807
f 1836 1829 858
f 1351 1024 800
f 1288 1921 990
f 1479 1481 666
f 1783 1784 657
f 79 394 480
f 147 148 1107
f 712 366 271
f 1189 483 143
f 485 370 1585
f 1056 1060 269
f 1059 1056 1057
f 1047 260 1044
f 1368 1371 1367
f 245 1276 1448
f 1248 490 373
f 111 375 491
f 1587 492 374
f 42 377 493
f 771 494 44
f 1589 495 494
f 246 1590 1591
f 610 1261 1262
f 1251 1252 2065
f 508 2049 1280
f 1254 1255 207
f 40 376 501
f 1108 502 379
f 1539 503 7
f 193 384 504
f 1537 505 195
f 100 369 506
f 1536 507 70
f 751 1158 1160
f 1847 508 1846
f 381 510 135
f 263 1970 1102
f 2017 1236 2018
f 958 962 720
f 1650 1652 533
f 937 941 592
f 1341 516 131
f 756 371 273
f 713 518 382
f 1453 519 173
f 387 1779 1065
f 631 521 169
f 1067 388 285
f 1541 523 156
f 1516 524 392
f 1555 525 24
f 1544 526 184
f 1600 527 396
f 528 397 1939
f 1123 529 47
f 1601 530 529
f 1606 531 1605
f 1607 1608 566
f 1295 2016 1239
f 616 1870 1076
f 1543 535 66
f 419 1635 1853
f 1212 1392 1213
f 380 538 5
f 152 390 539
f 38 378 540
f 1618 541 410
f 1002 1003 543
f 1010 1011 812
f 1552 544 14
f 141 367 545
f 293 546 424
f 191 383 547
f 342 1622 548
f 549 1623 1125
f 1632 262 1622
f 2057 1127 1397
f 1150 1151 832
f 1688 679 1147
f 1230 1402 832
f 659 429 291
f 1508 556 160
f 593 430 295
f 10 422 558
f 559 436 1575
f 560 448 1573
f 52 441 561
f 62 408 562
f 17 402 563
f 27 426 564
f 337 1042 1044
f 1606 1607 566
f 1604 1602 333
f 1254 207 1256
f 723 1716 1713
f 1672 653 1710
f 1899 949 948
f 1682 993 572
f 389 573 154
f 428 574 187
f 459 575 58
f 119 576 118
f 339 1625 577
f 1627 578 1626
f 578 1627 1628
f 572 993 1923
f 258 1643 899
f 899 1322 1323
f 644 1360 1361
f 1721 1723 288
f 1186 1634 735
f 1186 230 1185
f 588 1182 1183
f 665 2042 1183
f 1640 598 1639
f 1582 590 347
f 472 884 888
f 592 941 945
f 295 618 593
f 234 1045 1046
f 1964 224 1962
f 595 1388 1410
f 597 1373 2055
f 1796 829 1794
f 583 1795 1794
f 745 1727 1724
f 484 601 115
f 602 1621 1642
f 1642 1644 603
f 297 1620 1578
f 1738 1109 760
f 1650 1651 613
f 607 1647 1648
f 1654 1240 1653
f 915 1222 1233
f 1259 1406 611
f 1215 847 1174
f 612 1155 1992
f 1715 723 1714
f 1135 570 964
f 1242 2019 1870
f 2019 1655 1656
f 616 1076 1958
f 1129 619 1657
f 1661 619 1129
f 1141 1142 626
f 622 1927 1109
f 244 759 1736
f 1119 737 1117
f 1034 736 1033
f 432 1564 1565
f 626 1139 1140
f 1927 622 1924
f 1694 691 1296
f 628 1694 1296
f 395 630 182
f 520 631 170
f 522 632 166
f 296 1674 1664
f 296 1673 655
f 634 1674 1675
f 1663 636 340
f 1442 1441 2063
f 1440 1441 635
f 1084 1082 1961
f 1957 1074 1502
f 991 642 1668
f 242 1210 1211
f 1727 1728 600
f 644 1472 1473
f 778 1475 1744
f 1666 646 341
f 1669 647 646
f 1646 1344 243
f 456 1670 649
f 851 1815 1816
f 1671 651 264
f 1671 653 652
f 1347 264 1345
f 334 654 483
f 1676 655 255
f 1268 709 1266
f 1270 709 1269
f 657 1269 2026
f 291 660 659
f 673 765 316
f 1679 227 1680
f 1679 1680 662
f 227 673 2050
f 1683 664 1682
f 1331 2042 1683
f 1781 1478 1479
f 816 1279 2034
f 2069 1888 924
f 668 2070 2102
f 1329 1478 1483
f 1491 2072 1490
f 1082 672 1080
f 765 660 291
f 2050 316 1358
f 1068 286 1576
f 453 1310 1311
f 677 1310 1309
f 1299 1302 1298
f 1182 1180 1181
f 664 1683 1684
f 1038 241 996
f 1764 682 1762
f 800 1466 1467
f 1020 1017 804
f 996 1927 1924
f 1821 211 1818
f 398 687 98
f 1685 688 331
f 1691 689 688
f 1070 219 1749
f 1312 691 247
f 1203 692 309
f 309 1470 1203
f 1207 2010 1206
f 695 1207 1208
f 458 1696 696
f 697 266 1130
f 690 1951 1697
f 1751 1750 784
f 700 1476 1477
f 462 1699 701
f 305 702 701
f 1463 703 648
f 704 2046 1700
f 481 1701 705
f 995 1703 707
f 843 306 406
f 1782 222 1786
f 709 1268 1269
f 711 1707 1765
f 1409 683 1408
f 1266 712 271
f 714 1708 317
f 715 714 317
f 381 293 1365
f 365 268 716
f 1347 850 1814
f 724 955 957
f 957 955 956
f 981 958 720
f 1903 718 956
f 960 722 962
f 1714 723 570
f 1815 571 850
f 1900 725 950
f 940 726 946
f 728 914 1212
f 940 944 727
f 1804 1807 700
f 931 934 930
f 976 977 931
f 732 680 1684
f 970 965 733
f 951 209 947
f 735 230 1186
f 987 1920 323
f 1937 238 2048
f 1027 739 1025
f 1914 974 285
f 267 904 1720
f 1720 904 1350
f 1695 742 332
f 743 1721 1722
f 744 1725 1726
f 2009 745 249
f 746 2091 1731
f 215 1168 1169
f 1166 1167 750
f 749 1170 1171
f 1168 1166 748
f 752 1154 1444
f 1445 1151 752
f 1150 1153 752
f 1272 754 414
f 1733 516 338
f 273 1735 1734
f 1735 273 1719
f 1718 1719 740
f 1986 1661 625
f 1424 1143 1144
f 1881 919 1884
f 861 855 1824
f 921 983 985
f 760 1737 1425
f 660 765 673
f 1300 1301 1299
f 1307 1300 210
f 767 1317 1315
f 1749 219 1751
f 770 1925 1740
f 400 771 45
f 466 772 91
f 444 773 87
f 997 774 199
f 1564 775 344
f 1348 776 1742
f 777 1743 1349
f 1362 645 1359
f 1482 1485 412
f 998 1928 1929
f 1118 999 780
f 783 986 837
f 833 1803 1805
f 1750 1751 785
f 785 1751 1752
f 1070 788 1357
f 838 1213 1476
f 1308 1296 1306
f 2077 1330 923
f 969 834 1801
f 793 1756 290
f 1757 1758 794
f 1318 793 290
f 794 1758 1760
f 1040 681 1756
f 795 1760 1761
f 1826 685 857
f 798 1766 1767
f 1954 1467 1767
f 1071 1072 360
f 801 1770 803
f 1783 657 2026
f 1092 806 1967
f 1091 1092 684
f 1776 1014 1775
f 1935 1023 473
f 862 1837 1839
f 1289 411 327
f 1287 1286 254
f 1777 815 1776
f 809 1773 1774
f 1004 543 1003
f 814 1013 1014
f 1523 910 1522
f 478 1292 1293
f 1284 225 2031
f 1974 817 511
f 818 1780 1781
f 819 1782 1786
f 1506 802 1505
f 1787 711 1409
f 658 1328 1329
f 1365 2052 317
f 537 913 912
f 825 1789 1110
f 1975 434 1111
f 1792 828 1474
f 828 1792 1793
f 829 1793 1794
f 1210 831 1800
f 830 1798 1210
f 1149 1150 832
f 1803 789 2041
f 1801 834 790
f 949 1901 725
f 1780 836 221
f 2100 1330 2041
f 1879 1806 839
f 1805 839 833
f 401 840 73
f 1276 841 324
f 842 1808 1809
f 843 328 1415
f 1812 1844 868
f 1280 1845 869
f 1220 847 1217
f 552 1231 1989
f 1222 1225 1216
f 1319 849 241
f 1814 850 717
f 948 949 725
f 1917 761 1987
f 917 855 1822
f 1821 1822 854
f 853 1820 917
f 1315 1316 455
f 857 1825 1826
f 858 1830 1827
f 1836 475 862
f 1953 1954 1072
f 861 854 1822
f 862 1834 1836
f 886 863 1838
f 864 1839 1837
f 1277 2032 2031
f 1366 1429 245
f 2055 1381 867
f 868 1844 1256
f 1259 1260 2024
f 869 1260 2025
f 279 1849 1448
f 872 1448 1849
f 279 1513 1432
f 1116 1001 1932
f 337 875 431
f 1853 536 419
f 878 877 294
f 897 294 590
f 880 879 882
f 474 927 880
f 1856 454 898
f 884 882 591
f 883 1856 898
f 591 897 888
f 928 885 472
f 1321 886 213
f 887 1838 1861
f 591 888 884
f 475 1836 1828
f 892 890 469
f 894 891 470
f 469 1862 892
f 229 1863 893
f 893 1002 470
f 1866 894 470
f 543 1018 1019
f 590 257 897
f 454 1860 1867
f 1322 899 445
f 900 1656 901
f 962 963 720
f 1869 900 901
f 945 1898 513
f 1079 714 715
f 1145 1148 214
f 1328 1842 2095
f 1876 1877 908
f 1506 820 802
f 1873 907 1871
f 907 1874 1875
f 911 1878 1879
f 1931 729 1000
f 912 913 911
f 929 913 537
f 1241 1223 1224
f 1222 1223 1233
f 918 917 762
f 1882 918 762
f 919 1882 982
f 920 1881 1886
f 983 921 605
f 1518 923 1887
f 922 1886 1518
f 924 1888 2033
f 925 1889 1890
f 925 1890 1278
f 474 1858 1859
f 894 928 891
f 913 929 914
f 931 930 537
f 976 931 537
f 933 932 730
f 1134 730 935
f 731 936 934
f 960 961 722
f 731 979 980
f 937 980 1892
f 1025 938 1892
f 939 1894 1025
f 933 940 932
f 942 941 515
f 1897 942 515
f 1894 1895 515
f 965 944 209
f 2098 513 1868
f 940 946 944
f 952 946 726
f 1899 948 724
f 851 239 949
f 1457 1458 442
f 959 951 725
f 953 952 726
f 1902 726 933
f 958 954 514
f 953 955 952
f 1903 956 719
f 956 571 957
f 960 958 514
f 1900 959 725
f 514 1520 960
f 961 960 1520
f 722 1904 962
f 963 962 1904
f 1905 964 200
f 966 965 209
f 209 951 966
f 968 967 969
f 969 967 734
f 834 969 734
f 1212 970 733
f 1897 1895 943
f 972 1910 1521
f 1914 1915 974
f 1352 739 1027
f 975 1916 1914
f 912 976 537
f 1031 1094 624
f 1026 1936 738
f 1436 979 978
f 208 980 979
f 958 981 954
f 762 1820 1917
f 983 605 1918
f 1144 761 1424
f 782 1746 986
f 782 986 985
f 1919 987 974
f 405 988 150
f 989 19 1511
f 1428 1064 1427
f 1089 991 449
f 625 1661 1565
f 663 1035 993
f 1923 1035 994
f 710 1707 1788
f 996 1941 1038
f 1 997 199
f 1747 839 201
f 1928 1138 999
f 1969 624 1094
f 874 1852 1116
f 1003 893 542
f 542 1933 1003
f 1933 1004 1003
f 1006 1005 256
f 1006 256 1007
f 256 1933 1008
f 1465 1008 542
f 346 1009 1006
f 270 1010 1009
f 811 1011 1010
f 1013 1012 220
f 1014 1013 220
f 1775 1774 810
f 1016 1015 814
f 1522 1016 814
f 1093 1967 804
f 1019 1018 813
f 1019 813 1391
f 1022 1020 806
f 1416 1021 807
f 1023 1022 806
f 806 1091 1023
f 1024 1023 1091
f 1026 1025 208
f 1436 208 979
f 1028 1027 738
f 738 1030 1028
f 1030 1033 1938
f 1031 1030 738
f 1031 738 1936
f 2021 1029 736
f 1034 1033 737
f 1980 737 1119
f 1036 1035 663
f 674 275 1437
f 1437 1036 663
f 1039 1038 685
f 685 1942 1039
f 681 1040 1039
f 404 1041 81
f 1043 1042 301
f 1045 1043 301
f 1943 1042 1043
f 1214 301 391
f 1214 1046 1045
f 1048 1047 565
f 565 1050 1048
f 1050 2054 1944
f 1051 1050 565
f 1945 565 1043
f 1053 1052 487
f 1054 1053 487
f 487 1944 1095
f 1056 1055 486
f 1060 1056 486
f 269 385 1057
f 120 1058 385
f 875 1059 336
f 1061 1060 486
f 486 233 1061
f 1420 1062 1947
f 1063 1062 1420
f 2035 1278 1291
f 284 1973 1535
f 1949 521 322
f 285 987 1067
f 1068 676 1686
f 2097 452 1854
f 1692 1070 690
f 1826 1071 797
f 1952 1072 1071
f 1073 1383 1955
f 416 1956 1955
f 1501 1083 1500
f 1525 1526 903
f 1970 1098 1972
f 1333 216 1105
f 714 1079 904
f 1532 1081 232
f 1438 1081 638
f 1960 1082 639
f 639 1533 1534
f 640 1965 1963
f 1964 1087 1086
f 1086 1966 1088
f 1501 1502 640
f 1381 1382 867
f 1090 1089 449
f 359 1090 449
f 1092 1091 806
f 806 1020 1967
f 1468 1093 804
f 1115 1094 978
f 1378 1095 1049
f 488 1096 1054
f 235 1100 1097
f 1100 1098 1097
f 1334 1077 1333
f 1100 235 1101
f 1226 1101 235
f 1099 1105 1102
f 1076 1525 216
f 1104 512 1911
f 1078 1334 1099
f 903 1896 1909
f 306 1107 406
f 2099 1971 1108
f 627 1662 1659
f 747 1169 1353
f 1975 1111 826
f 1976 1977 1112
f 1184 589 1180
f 1171 1172 749
f 1115 824 1969
f 1336 1116 228
f 1118 1117 624
f 1118 624 1930
f 1120 1119 780
f 1137 1120 780
f 407 1121 64
f 409 1122 36
f 457 1123 48
f 420 1124 124
f 262 1632 1633
f 1633 1125 262
f 1127 550 1982
f 1128 1147 1146
f 775 1129 295
f 1130 266 1951
f 1132 1131 698
f 1132 698 1755
f 1195 1469 236
f 1520 1134 935
f 1905 1135 964
f 1918 1136 983
f 1138 1137 780
f 999 1138 780
f 1140 623 984
f 623 1140 1139
f 1985 620 1737
f 1141 1985 1142
f 1143 984 1144
f 1918 1144 984
f 1145 1128 1146
f 1128 1982 1147
f 1688 1147 550
f 905 1148 1145
f 1150 1149 753
f 1158 1153 1150
f 752 1444 1445
f 1174 1152 612
f 1158 1150 753
f 1175 1153 751
f 418 1990 1155
f 1155 1990 1991
f 1283 500 1282
f 1159 1158 753
f 1994 753 1148
f 509 1162 1160
f 1847 1161 750
f 1162 509 1163
f 1164 1163 509
f 1995 509 1159
f 749 1165 1164
f 1166 1168 1167
f 1188 1999 2091
f 1169 1168 748
f 1353 1169 748
f 905 1173 1170
f 553 1177 1171
f 1171 1177 1243
f 1145 1173 905
f 1993 1174 612
f 1161 1175 751
f 825 1110 1176
f 1146 1528 553
f 679 1179 1178
f 1181 1180 1179
f 1179 679 1181
f 1688 1181 679
f 1183 1185 230
f 1185 1182 587
f 2044 588 1332
f 1182 1185 1183
f 1187 1186 1185
f 587 1187 1185
f 2010 1188 694
f 482 1189 144
f 431 1190 122
f 321 1194 1191
f 1218 1192 236
f 848 1227 1192
f 1599 2083 395
f 2083 1194 321
f 272 2003 1196
f 1199 2004 2002
f 1196 2003 1197
f 272 1732 1272
f 1201 1200 223
f 2007 1201 223
f 578 231 1202
f 1471 283 2064
f 2064 283 1450
f 1206 1205 693
f 1207 1206 693
f 1470 2011 693
f 1207 693 2011
f 1813 1208 226
f 1211 1210 643
f 1472 1211 643
f 970 1212 914
f 1476 1213 787
f 391 319 1214
f 1426 1174 1157
f 1222 1216 206
f 848 1218 1217
f 1192 1218 848
f 1469 1219 236
f 846 1228 1220
f 1228 1221 1220
f 1223 1222 206
f 1223 206 1224
f 1426 1224 206
f 1226 1225 915
f 1226 915 1234
f 1226 1227 1225
f 1229 1232 554
f 1230 1229 554
f 554 1393 1230
f 1230 1231 1229
f 1228 1232 1229
f 916 1235 1233
f 1235 1234 1233
f 1235 1237 1236
f 2018 534 2079
f 1238 1237 916
f 1241 1238 916
f 609 1282 1295
f 533 1652 1653
f 1223 1241 916
f 2079 534 1530
f 1243 1114 1977
f 1246 320 1061
f 1245 1244 1246
f 320 1246 1244
f 1339 1247 239
f 1249 2020 303
f 1250 1249 303
f 303 1939 2021
f 1253 2022 568
f 1252 497 1844
f 2022 1251 246
f 1610 1611 568
f 1254 1611 1612
f 1256 207 1257
f 207 1261 1257
f 1261 1258 1257
f 2023 1259 1258
f 1990 1260 611
f 1264 1262 1261
f 1264 1261 207
f 1649 1262 607
f 207 1255 1264
f 305 1265 702
f 1268 271 708
f 1271 1267 709
f 271 1268 1266
f 1268 708 2026
f 1270 2027 2029
f 1270 1271 709
f 1273 1272 414
f 1274 1273 414
f 414 1561 1275
f 414 1275 1274
f 1448 1276 871
f 2034 2032 865
f 1291 225 1290
f 1279 2031 2032
f 1845 1280 845
f 1649 1281 1263
f 1281 608 1295
f 1449 1283 1282
f 1292 1279 816
f 1285 478 1286
f 1777 1286 478
f 411 1289 808
f 1289 1287 254
f 1287 1289 1288
f 1427 1290 477
f 2035 1064 926
f 1279 1292 1284
f 1294 2036 906
f 2036 1293 816
f 1281 1295 1282
f 1297 691 677
f 691 1297 1296
f 1309 1297 677
f 1300 1299 210
f 2038 1307 210
f 1314 1301 767
f 766 1304 1302
f 1305 1303 629
f 1304 766 1887
f 2100 1356 1305
f 1303 1306 678
f 883 898 1307
f 1070 1308 788
f 1297 1309 1298
f 1313 1310 453
f 1312 1311 677
f 691 1312 677
f 1069 1313 453
f 1314 767 1315
f 767 2037 1317
f 1827 1316 768
f 1867 1317 898
f 1318 290 1616
f 1319 312 1515
f 1321 1320 863
f 886 1321 863
f 445 1743 1326
f 1324 1323 582
f 1797 1324 582
f 1324 1325 1323
f 445 1326 1322
f 1474 1327 212
f 1328 909 1842
f 1478 1329 670
f 2041 1330 837
f 1332 2043 202
f 2043 1331 994
f 1105 1099 1334
f 1334 1333 1105
f 1101 1335 1078
f 2045 1336 228
f 2081 2045 228
f 2075 1338 375
f 1816 239 851
f 1250 1340 1249
f 518 1341 132
f 425 1342 29
f 1624 548 1623
f 313 1700 2046
f 649 1670 1346
f 649 1346 1345
f 850 1347 650
f 1348 243 1463
f 645 1349 1348
f 1084 1350 672
f 1833 1351 860
f 2048 1027 1028
f 1165 1353 748
f 2049 695 1209
f 1356 1355 1305
f 2100 1305 629
f 786 1357 1355
f 275 674 1358
f 261 1360 1359
f 1667 1361 1360
f 1667 1360 261
f 644 1362 1360
f 1504 1363 203
f 1408 802 821
f 2052 823 715
f 866 1843 1429
f 1370 1366 245
f 489 2096 1369
f 1932 1369 874
f 1370 872 1850
f 1372 1371 205
f 1377 1374 1372
f 1381 1373 596
f 1377 1372 205
f 1379 594 1051
f 2053 234 1046
f 205 1049 1377
f 1369 1378 1368
f 1376 1379 234
f 1380 595 1410
f 596 1088 1381
f 1088 416 1382
f 416 1383 1382
f 1386 1384 1073
f 415 1385 1384
f 1386 1073 2007
f 1387 1376 2053
f 2056 1387 758
f 888 1389 890
f 1880 1390 917
f 1017 1391 1015
f 733 1392 1212
f 1394 1393 554
f 1430 1394 554
f 1133 1399 1395
f 1398 1396 248
f 2057 549 1125
f 1343 1398 248
f 1195 1399 1133
f 355 447 1400
f 1401 1395 1399
f 1230 1393 1403
f 1403 1402 1230
f 1001 1404 1245
f 233 1405 1246
f 2059 610 1263
f 1283 1407 500
f 1409 1408 821
f 821 1786 1787
f 1086 1410 1388
f 421 1411 12
f 423 1412 139
f 2001 1413 277
f 1193 1414 1413
f 792 1415 791
f 1320 1416 807
f 1865 1417 895
f 2085 1418 231
f 1418 579 1419
f 1421 1420 326
f 1196 1421 326
f 1422 1120 1137
f 1423 1422 626
f 1424 761 1425
f 1817 1425 761
f 1174 1426 1215
f 477 1288 1428
f 477 1428 1427
f 866 1429 1366
f 1232 1430 554
f 427 1431 189
f 1433 1432 298
f 298 1581 2081
f 301 1434 391
f 1435 267 1720
f 1936 1436 978
f 1437 1037 1940
f 1439 1438 638
f 1440 1439 638
f 638 1531 1441
f 638 1441 1440
f 1664 1442 259
f 1442 634 1443
f 1154 1155 1444
f 612 1445 1444
f 1446 2064 1450
f 334 1447 654
f 279 1448 871
f 1283 1449 1157
f 283 1594 1452
f 1452 1451 1450
f 283 1452 1450
f 502 1453 174
f 128 1454 127
f 229 1862 1456
f 1584 469 468
f 289 1459 1457
f 1458 1457 1459
f 1459 289 1568
f 841 1460 399
f 348 1461 505
f 1605 1462 530
f 1463 648 2047
f 2068 291 429
f 1465 542 1863
f 1091 1466 1024
f 684 1467 1466
f 1016 1468 804
f 1133 1469 1195
f 1471 309 378
f 309 1471 1470
f 1473 1472 643
f 1473 643 1798
f 827 1474 1473
f 1362 1475 778
f 1753 1477 787
f 1752 1477 785
f 1479 1478 670
f 1480 1479 670
f 1492 1480 670
f 1482 1481 667
f 2069 1482 667
f 836 1483 221
f 1840 1484 479
f 2070 1485 1482
f 1487 1486 668
f 668 1889 1498
f 204 1500 1534
f 1490 1489 669
f 1491 1490 669
f 1495 1491 669
f 2095 670 1328
f 1440 1493 412
f 1443 1494 635
f 1497 1495 669
f 1063 1496 926
f 669 1489 1498
f 668 1498 1487
f 1503 1499 1489
f 1501 1500 1075
f 1502 1501 1075
f 1502 1075 1957
f 1490 1503 1489
f 1874 1504 203
f 908 1877 1506
f 908 1506 1505
f 658 1507 1506
f 490 1508 161
f 411 1509 85
f 403 1510 83
f 22 1511 20
f 1513 506 369
f 506 1513 1512
f 352 1514 523
f 278 1515 1514
f 1244 1516 392
f 383 318 1517
f 1519 1518 763
f 1884 1519 763
f 1134 1520 514
f 1521 237 1916
f 1522 814 1523
f 814 1014 1523
f 218 1524 1034
f 216 1525 1106
f 1076 902 1526
f 902 1527 1526
f 553 1528 1178
f 231 1529 1202
f 1654 1530 1240
f 1081 1531 638
f 1081 1532 1531
f 1534 1533 1488
f 204 1534 1488
f 322 1535 1521
f 413 1536 71
f 555 1537 196
f 467 1538 95
f 435 1539 8
f 527 1540 179
f 557 1541 157
f 437 1542 3
f 536 1543 67
f 446 1544 185
f 438 1545 56
f 440 1546 54
f 105 106 1548
f 105 1548 1547
f 541 1549 33
f 456 1550 50
f 458 1551 60
f 460 1552 15
f 1554 75 77
f 480 1554 78
f 462 1555 25
f 1585 1556 269
f 480 1557 364
f 1455 1558 292
f 1559 345 1771
f 1559 1560 403
f 1275 1561 280
f 480 1562 292
f 1465 1563 335
f 1565 265 992
f 265 1565 1564
f 575 1566 438
f 439 1984 1569
f 1569 1568 1567
f 439 1569 1567
f 1567 1570 356
f 442 311 1571
f 574 1572 446
f 560 1573 302
f 558 1574 435
f 559 1575 310
f 876 1576 354
f 563 1577 460
f 1646 1578 461
f 492 1579 358
f 2080 1337 2081
f 2080 1580 282
f 590 1582 257
f 840 1583 413
f 330 1584 1583
f 1556 1585 370
f 1061 1586 485
f 374 307 1588
f 307 1337 1588
f 771 1589 494
f 531 1590 325
f 1609 531 1606
f 308 377 1592
f 1251 1593 246
f 1452 1594 376
f 1596 1595 350
f 450 1596 350
f 1102 1597 263
f 1400 1598 355
f 2083 287 1195
f 1191 1600 396
f 1123 1601 529
f 1604 333 651
f 1672 1603 652
f 1671 1604 651
f 1606 1605 253
f 1607 1606 253
f 1603 1607 253
f 1614 1608 567
f 1609 566 1610
f 566 532 1610
f 1612 1611 532
f 1612 532 1613
f 2084 532 1608
f 567 1672 2089
f 1576 1615 535
f 1318 1616 390
f 791 1617 290
f 742 1618 410
f 1618 1619 541
f 1578 1620 363
f 1621 297 1642
f 585 1622 342
f 1125 1623 262
f 548 1624 314
f 602 1625 339
f 577 1625 1627
f 577 1627 1626
f 1629 1627 258
f 258 899 1629
f 1325 1630 581
f 1630 1631 1628
f 1634 585 299
f 586 1633 1632
f 585 1634 1632
f 507 1635 419
f 1630 1636 579
f 2086 1640 1641
f 202 1638 1637
f 1796 433 829
f 599 1640 1639
f 1184 1641 1113
f 1644 1642 297
f 899 1643 603
f 1578 1644 297
f 1645 604 1742
f 1578 1646 604
f 1648 1647 533
f 2088 1648 533
f 608 1649 1648
f 1647 1650 533
f 1613 1651 606
f 1135 1652 613
f 1654 1653 614
f 614 1905 1655
f 614 1655 1654
f 901 1656 200
f 1129 1657 618
f 1659 244 1109
f 244 1659 1658
f 1514 1660 278
f 1565 1661 432
f 1659 1662 621
f 1664 1663 633
f 296 1664 633
f 2063 636 259
f 1667 1666 641
f 1668 641 302
f 641 1668 1667
f 1666 1669 646
f 561 1670 456
f 653 1671 264
f 653 1672 652
f 545 1673 296
f 1676 1675 1674
f 1780 1675 656
f 2029 255 1270
f 1461 1677 274
f 227 1678 660
f 1681 1679 662
f 674 1680 227
f 1677 1681 274
f 993 1682 662
f 1331 1683 572
f 1684 665 1717
f 675 1686 1687
f 1068 1686 286
f 1312 1687 676
f 1126 1688 550
f 1681 1689 274
f 318 384 1690
f 1685 1691 688
f 1070 1692 628
f 1693 690 1697
f 1692 1694 628
f 1205 1695 692
f 562 1696 458
f 1693 1697 696
f 1131 1698 697
f 564 1699 462
f 563 1700 313
f 1107 1701 481
f 306 1702 705
f 1702 1703 706
f 995 1704 706
f 995 1705 710
f 707 843 1706
f 682 1764 1765
f 713 1708 714
f 329 393 1709
f 1713 1710 717
f 850 1711 717
f 723 1712 570
f 1710 1713 217
f 1135 1714 570
f 1715 569 1716
f 1614 1716 569
f 1684 1717 732
f 1962 1718 741
f 1735 1719 758
f 1718 1720 741
f 1722 1721 742
f 1695 1722 742
f 743 1724 1725
f 1725 1724 600
f 1725 600 1726
f 2090 600 1728
f 745 2009 1729
f 1731 1730 746
f 745 1729 1727
f 1789 1730 747
f 1169 1731 215
f 465 1732 386
f 1435 1733 338
f 273 1734 756
f 1387 1735 758
f 1737 1736 759
f 1424 1737 620
f 1109 1738 622
f 1464 1739 765
f 764 1817 1819
f 211 1741 1740
f 1646 1742 604
f 1349 1743 776
f 1327 1744 212
f 1138 1745 623
f 1747 781 998
f 781 1747 1746
f 1130 1748 698
f 1748 1749 784
f 1753 1750 785
f 1749 1751 784
f 1357 1752 219
f 1477 1753 785
f 1356 1754 786
f 1748 1755 698
f 290 1756 792
f 1415 1757 251
f 1756 1758 792
f 1759 710 1705
f 1761 1760 681
f 681 1039 1761
f 1763 1762 795
f 1761 1763 795
f 1766 1764 796
f 1764 798 1765
f 796 360 1766
f 1767 360 1954
f 799 1770 2101
f 1409 1769 683
f 803 1770 684
f 1772 1771 808
f 1773 1772 254
f 1286 1773 254
f 1776 1775 810
f 1014 220 1775
f 1777 1776 810
f 1286 1777 810
f 1010 1778 811
f 1065 1779 284
f 1780 656 2029
f 1781 221 1478
f 2026 1782 819
f 819 1786 1785
f 1507 1784 820
f 819 1785 1783
f 1787 1786 222
f 222 995 1788
f 1788 995 710
f 1730 1789 584
f 1789 1790 584
f 1111 1791 826
f 1791 1792 827
f 1794 1793 583
f 1795 583 1111
f 1111 1976 2092
f 599 1639 1796
f 1324 1797 829
f 1473 1798 827
f 1790 1799 830
f 1210 1800 830
f 1750 1801 790
f 959 1802 834
f 1805 1803 837
f 833 1806 1807
f 986 1805 837
f 1807 1806 838
f 1807 838 1476
f 1809 1808 841
f 1276 1809 841
f 1811 1810 844
f 1812 1811 844
f 1844 1812 844
f 845 1813 1811
f 1710 1814 717
f 850 650 1816
f 850 1816 1815
f 1425 1817 764
f 1819 211 1740
f 211 1819 1818
f 1818 1820 853
f 1822 1821 853
f 917 1822 853
f 1741 1823 857
f 1390 1824 855
f 1823 1825 857
f 1826 686 1952
f 1316 1827 856
f 2094 1827 768
f 1831 1833 860
f 476 1830 1829
f 1833 476 1829
f 1953 1832 860
f 1833 1831 476
f 473 1024 1835
f 859 1835 1351
f 1829 1836 859
f 475 1861 1838
f 475 1838 1837
f 1935 1839 864
f 1484 1840 865
f 1842 1841 479
f 479 1492 2095
f 1385 1843 866
f 1252 1844 844
f 1812 1845 845
f 1280 1846 508
f 1161 1847 870
f 750 1848 1847
f 2062 279 1432
f 1851 1850 873
f 2061 1852 1851
f 2061 1851 873
f 877 1853 294
f 879 1854 877
f 927 1855 880
f 1313 1856 883
f 880 1857 474
f 1838 1858 886
f 887 1861 1860
f 887 1860 1859
f 1828 1861 475
f 1456 1862 469
f 229 2066 1863
f 894 1866 1865
f 894 1865 1864
f 1002 1866 470
f 1867 889 2094
f 2098 1868 722
f 513 1869 1868
f 1076 1870 902
f 1294 1871 805
f 1875 1872 907
f 1842 1873 906
f 1504 1874 908
f 1468 1875 203
f 1873 1876 907
f 1328 1877 909
f 1213 1878 728
f 1806 1879 838
f 1390 1880 455
f 1881 763 1886
f 982 1882 762
f 1881 1883 918
f 1885 1884 919
f 982 1885 919
f 1518 1886 763
f 1518 1887 922
f 1484 1888 667
f 924 2033 1890
f 924 1890 1889
f 961 1891 592
f 1025 1892 208
f 515 1893 938
f 1025 1894 938
f 939 1895 1894
f 1909 1896 943
f 1895 1897 515
f 941 942 1898
f 957 1899 724
f 1459 1900 950
f 1458 1901 239
f 954 1902 514
f 981 1903 719
f 1868 1904 722
f 1655 1905 200
f 1712 1906 570
f 200 1907 963
f 1909 512 1106
f 903 1909 1106
f 1521 1910 237
f 1911 972 1973
f 1912 237 971
f 1025 1913 939
f 975 1914 285
f 1913 1915 973
f 1912 1916 237
f 1917 982 762
f 1144 1918 605
f 1352 1919 974
f 238 1920 1919
f 773 1921 327
f 1922 372 1946
f 1035 1923 993
f 1925 622 1738
f 1925 1924 622
f 849 627 1926
f 1926 1927 996
f 1138 1928 781
f 1929 999 1930
f 1929 1930 1000
f 976 1931 824
f 1369 1932 488
f 1008 1933 542
f 1294 1934 815
f 807 1935 864
f 1436 1936 1026
f 1938 1937 1028
f 1030 1938 1028
f 323 1939 397
f 1437 1940 1036
f 1741 1941 770
f 1826 1942 685
f 1047 1943 565
f 1050 1944 1048
f 234 1945 1045
f 1922 1946 281
f 1946 1947 1062
f 926 1948 1063
f 521 1949 1066
f 1070 769 1950
f 1130 1951 769
f 1826 1952 1071
f 1351 1953 860
f 1467 1954 800
f 416 1966 1956
f 1502 1956 1087
f 1499 1957 1075
f 1333 1958 1076
f 1959 1077 1335
f 1534 1960 639
f 1501 1961 1083
f 1718 1962 224
f 1962 1963 1085
f 1964 1085 1965
f 1502 1965 640
f 1956 1966 1087
f 804 1967 1020
f 1468 1968 1093
f 1931 1969 824
f 1102 1970 1099
f 263 1971 1970
f 1100 1972 1098
f 1911 1973 1104
f 1973 1974 1104
f 1790 1975 826
f 1977 1976 434
f 1243 1977 434
f 1997 1978 1114
f 1978 1979 1112
f 737 1980 1034
f 1127 1981 550
f 1147 1982 550
f 1983 1128 1988
f 1131 1984 315
f 620 1985 1141
f 759 619 1986
f 605 1987 1144
f 1983 1988 214
f 1445 1989 1151
f 1260 1990 418
f 1407 1991 611
f 1991 1992 1155
f 1283 1993 1156
f 753 1994 1159
f 1170 1995 905
f 1176 1996 1172
f 1177 1997 1114
f 1184 1113 1998
f 1354 1999 1188
f 1194 2000 1191
f 1227 2001 1192
f 2002 1197 2003
f 1272 2003 272
f 2002 2004 1198
f 1273 2005 1199
f 2008 2006 1200
f 1386 2007 223
f 2008 1201 1074
f 1205 2009 249
f 1206 2010 694
f 1204 2064 2012
f 1204 2012 2011
f 1210 242 2013
f 991 2014 642
f 1295 2015 609
f 2088 608 1648
f 1242 616 2017
f 2017 2018 1242
f 2019 615 1655
f 1248 2020 1249
f 2021 1250 303
f 1251 2022 1253
f 1261 2023 1258
f 1845 2024 869
f 1175 2025 418
f 2026 819 1783
f 1269 2027 1270
f 657 2028 2027
f 1780 2029 836
f 1291 2030 225
f 1284 2031 1279
f 2033 2032 1277
f 2033 1277 1890
f 816 2034 1840
f 1064 2035 1291
f 1293 2036 1294
f 1307 2037 1300
f 1307 2038 883
f 1040 2039 241
f 1507 2040 822
f 1803 2041 837
f 1183 2042 588
f 1331 2043 1332
f 588 2044 1180
f 2081 228 1433
f 1463 2046 703
f 1463 2047 1348
f 1919 2048 238
f 695 2049 1354
f 227 2050 674
f 1408 2051 1364
f 823 2052 1365
f 1387 2053 757
f 1944 2054 1049
f 2055 1373 1381
f 1387 2056 1388
f 549 2057 1397
f 276 2058 1338
f 1407 2059 500
f 896 1019 2060
f 1852 2061 228
f 2061 2062 1433
f 1665 2063 637
f 2012 2064 1446
f 1251 2065 496
f 1455 417 2066
f 1584 2067 1456
f 353 2068 774
f 1888 2069 667
f 2069 2070 1482
f 1498 2071 1487
f 2002 2072 1491
f 1495 2073 926
f 1504 2074 1363
f 524 2075 375
f 735 2076 732
f 1519 2077 1518
f 2077 2078 783
f 2019 2079 615
f 1580 2080 1581
f 2045 2081 1337
f 503 2082 380
f 1194 2083 1195
f 532 2084 1613
f 578 2085 231
f 1640 2086 598
f 1264 2087 607
f 1653 2088 533
f 1716 2089 217
f 600 2090 1726
f 2091 215 1731
f 2092 1795 1111
f 1258 2093 868
f 1827 2094 1828
f 479 2095 1842
f 1850 2096 489
f 452 2097 1068
f 961 2098 722
f 559 2099 379
f 1330 2100 629
f 799 2101 1768
f 924 2102 2069
f 21 2103 3950
f 23 3949 2451
f 23 22 3949
f 2377 2545 2105
f 27 26 2424
f 4087 2651 2304
f 31 30 2619
f 2348 2507 3614
f 34 3711 35
f 2348 3947 2447
f 3032 2404 2318
f 3032 42 41
f 37 2629 2447
f 2105 2106 2377
f 2378 2108 2546
f 4017 4019 2546
f 2113 2114 2400
f 2547 2302 2379
f 2907 2115 2116
f 45 2379 46
f 2410 2333 3094
f 2506 4195 4213
f 2628 2443 52
f 2606 2388 2308
f 57 56 2606
f 50 2473 2367
f 2106 2544 2377
f 67 66 2368
f 3848 3849 4796
f 2556 60 59
f 2383 2486 63
f 63 2486 64
f 66 65 2485
f 2402 74 2415
f 3975 3014 2448
f 2415 2313 2402
f 2176 2433 2362
f 3525 3528 2779
f 70 2492 71
f 2385 59 58
f 2392 3996 3093
f 2493 3999 4000
f 2163 2493 2417
f 3047 3046 2264
f 2158 2159 2366
f 2595 2338 2417
f 2602 2154 2469
f 2152 2490 2151
f 2384 2152 2153
f 2144 2387 2143
f 2557 2386 2146
f 2386 2306 2571
f 3093 2169 2170
f 2294 4008 2524
f 3953 2454 2123
f 2618 2124 2125
f 3576 2126 2127
f 3096 4391 2129
f 2430 2339 3683
f 2455 3978 2454
f 2471 196 195
f 2337 3427 2416
f 2706 2365 2472
f 2373 187 186
f 2374 184 2525
f 2608 3685 4116
f 2524 4008 2373
f 181 180 2394
f 178 3010 179
f 4124 2527 2714
f 170 2514 171
f 3033 3582 3583
f 2389 4126 2514
f 4138 4139 2543
f 2537 4015 2536
f 164 163 2395
f 2585 159 158
f 2401 158 157
f 162 161 2912
f 182 181 2575
f 2610 2329 2609
f 3577 119 2425
f 3965 2372 4084
f 2140 3543 2427
f 2428 2336 3544
f 2371 2609 124
f 4084 2372 3578
f 2138 2139 2615
f 2303 2428 2616
f 3543 2140 2141
f 2134 2135 3544
f 3577 2425 2311
f 2134 2429 2133
f 154 2405 155
f 2743 2744 3017
f 149 2914 150
f 148 2913 2407
f 142 141 3955
f 3090 3835 3836
f 140 2466 141
f 2360 3960 3961
f 129 128 3945
f 3009 134 133
f 3500 3518 3896
f 3943 136 135
f 2356 2466 3983
f 2320 2405 3152
f 2118 2119 2518
f 2404 4826 3097
f 2375 167 2535
f 2793 4162 4839
f 2437 2166 2495
f 2291 4354 2601
f 2611 2416 191
f 2762 3313 3314
f 2657 4846 4289
f 3244 4482 4497
f 173 3826 174
f 2750 4145 2902
f 3874 2388 2558
f 4127 2720 2227
f 2572 2362 3975
f 2486 2305 2369
f 2479 4106 4115
f 145 2397 146
f 2439 2850 2361
f 3519 2786 3511
f 4247 2471 2290
f 2315 2907 2403
f 3960 2515 132
f 3857 3167 3169
f 2376 189 3921
f 2954 3192 3193
f 3305 2768 3304
f 4650 4637 2974
f 2462 177 3954
f 172 2390 2560
f 44 2547 45
f 2192 2861 4203
f 160 2406 161
f 69 68 2916
f 156 155 2909
f 3758 3759 3089
f 144 143 2915
f 2440 2392 2171
f 2301 2377 2544
f 2469 2154 2155
f 2961 4296 4291
f 2561 2159 2160
f 3086 2767 3083
f 2554 4641 4643
f 2718 2634 4010
f 2295 4004 2628
f 4724 2483 3606
f 2726 2227 2719
f 2369 65 64
f 2774 3481 3482
f 137 2442 3045
f 2429 2617 2133
f 2572 2174 2175
f 4229 2891 2702
f 2908 2117 2118
f 2450 3961 130
f 3086 3084 2505
f 2431 2618 2125
f 2550 2238 4025
f 2239 2663 3580
f 2178 2644 2177
f 2910 154 153
f 3754 3755 3767
f 4260 4262 2940
f 2466 140 3956
f 2335 3543 2426
f 3630 3628 3629
f 3991 3432 2247
f 3038 61 60
f 2206 4407 3198
f 2471 195 3964
f 3427 193 192
f 3648 3049 3647
f 2613 28 27
f 2434 2342 3711
f 3149 183 182
f 3094 49 48
f 3150 166 165
f 4001 4002 2258
f 171 2514 2390
f 2523 3921 188
f 2517 2370 2120
f 126 3011 2409
f 3873 2172 2173
f 2156 2456 2363
f 4031 2566 4029
f 4211 2225 2869
f 2226 3877 4222
f 2107 2544 2106
f 2582 2400 2114
f 2574 2394 180
f 2380 2547 44
f 2576 2395 163
f 2916 2398 69
f 2584 2401 157
f 2578 2396 151
f 2580 2397 145
f 4018 2277 4017
f 3948 2164 2165
f 3576 2431 2126
f 3826 2436 174
f 2281 2844 4189
f 2144 2571 2387
f 2153 2602 2384
f 2705 3460 4254
f 29 3613 2432
f 2134 3544 2429
f 129 3945 2450
f 3956 140 139
f 2372 122 121
f 3964 195 194
f 3058 3252 3279
f 2161 3575 2418
f 35 3711 2435
f 2374 185 184
f 2367 51 50
f 2375 168 167
f 3862 3991 2247
f 3962 2167 2168
f 136 3943 2442
f 187 2373 2523
f 2378 2107 2108
f 2380 44 43
f 2941 3687 4267
f 2304 2382 3917
f 2383 63 62
f 2145 2146 2386
f 2155 2363 2469
f 56 55 2388
f 2362 2175 2176
f 2296 2719 2720
f 2425 119 118
f 3055 3042 3052
f 74 2402 75
f 2583 2113 2400
f 3903 3151 2234
f 2518 2119 2370
f 3579 2496 2317
f 2404 41 40
f 3981 3980 2319
f 3777 3152 2241
f 2579 152 2396
f 2585 158 2401
f 2242 3765 3779
f 2581 146 2397
f 4260 4261 2243
f 2812 4173 3827
f 2247 3434 3435
f 2556 59 2385
f 2249 3117 3430
f 2391 72 71
f 2392 2170 2171
f 2575 181 2394
f 2410 48 47
f 2577 164 2395
f 2141 2142 2426
f 2135 2136 2428
f 2416 192 191
f 2162 2163 2417
f 3095 3096 199
f 3683 3684 2340
f 27 2424 2613
f 34 33 2434
f 2259 3655 3654
f 2173 2174 2408
f 135 134 2441
f 2443 53 52
f 2262 3698 4745
f 2447 38 37
f 2437 2165 2166
f 3950 2350 3949
f 2351 3976 3979
f 4335 2758 4331
f 2452 2110 2111
f 3039 2455 4351
f 2463 2355 4082
f 2805 2465 4168
f 2467 139 138
f 4024 4741 2557
f 2359 3625 2603
f 2824 2516 4177
f 2168 2169 2439
f 2176 2177 2433
f 2156 2157 2456
f 2693 3685 2918
f 194 193 2472
f 2561 2160 2418
f 2473 50 49
f 3991 3992 2477
f 2305 4378 4377
f 2120 2121 2517
f 2610 2371 4696
f 4717 3577 3578
f 2830 2519 4008
f 2525 184 183
f 2535 167 166
f 3966 2376 2300
f 3709 2377 2301
f 2108 2109 2546
f 3910 2379 2302
f 2548 43 42
f 2615 2139 2427
f 2619 30 2432
f 2487 62 61
f 3674 2384 2307
f 58 57 2555
f 2146 2147 2557
f 3678 2387 2306
f 55 54 2558
f 169 168 2559
f 3845 4794 2721
f 2492 70 2398
f 2171 2172 2440
f 2648 3591 3091
f 180 179 2574
f 163 162 2576
f 151 150 2578
f 145 144 2580
f 3013 2398 2327
f 4288 2955 3224
f 2114 2115 2582
f 157 156 2584
f 2644 2402 2313
f 2908 2403 2117
f 40 39 2586
f 3152 2405 2321
f 3154 2406 2322
f 3098 2407 2324
f 2572 2408 2174
f 3428 2409 2329
f 47 46 2594
f 3135 4425 4424
f 3146 3799 3800
f 2512 4200 3715
f 2944 4285 3926
f 3012 2415 73
f 191 190 2611
f 2163 2164 2493
f 2597 2418 2338
f 3193 3194 2954
f 4667 4668 3467
f 4706 4542 3298
f 3301 3846 3751
f 4426 3143 2689
f 26 25 2612
f 118 2130 2425
f 2142 2143 2614
f 2844 2427 2335
f 2136 2137 2616
f 2848 2429 2336
f 2339 3682 3683
f 2340 3684 3067
f 2800 2432 2341
f 2644 2433 2177
f 33 32 2620
f 2658 2435 2342
f 3653 3654 2343
f 2495 2166 2167
f 4460 2298 3204
f 3093 2439 2169
f 3873 2440 2172
f 3009 2441 134
f 2622 2442 2345
f 52 51 2628
f 2206 3114 3115
f 3817 3818 2937
f 3063 4371 3721
f 37 36 2629
f 2833 2699 4118
f 2789 4155 4158
f 2347 4745 3201
f 3976 2451 2350
f 2906 2452 2111
f 3977 2453 2452
f 2455 2454 2354
f 4351 2279 3039
f 2157 2158 2601
f 4156 4157 2790
f 2457 4157 4159
f 4320 4852 2459
f 2539 2730 4135
f 3708 3709 2301
f 2463 2462 2355
f 2355 4081 4082
f 2465 2464 2356
f 4168 2288 2805
f 3983 2466 2357
f 138 137 3045
f 3431 2468 2299
f 3046 2363 2264
f 2917 2470 2364
f 2471 2365 4120
f 3427 2472 193
f 3094 2473 49
f 3988 2474 2473
f 2476 2475 2368
f 3992 2297 2477
f 2297 3828 2477
f 2921 2922 2228
f 3068 4376 2672
f 2673 4104 4106
f 3588 4105 3900
f 2482 4108 4107
f 4226 2642 4221
f 3133 4423 4420
f 2485 2369 4377
f 2305 2486 2383
f 3038 2487 61
f 3993 2488 2487
f 2489 3995 2669
f 2283 2490 2384
f 2491 3302 3050
f 3997 2492 2398
f 3948 2493 2164
f 3959 2494 2131
f 2495 2167 3962
f 3579 2497 4002
f 3292 3293 3866
f 2824 2932 2235
f 3721 4372 3063
f 3495 3496 3494
f 3316 3320 3315
f 3318 2771 3317
f 3511 3512 3510
f 2903 3310 3311
f 3309 2766 4701
f 4195 2295 2852
f 3099 2507 2293
f 4398 4399 3105
f 2854 2509 3121
f 2256 3989 3990
f 2511 2855 2860
f 3730 4842 2513
f 3738 3024 3725
f 2389 2514 170
f 2516 2515 2360
f 4177 2287 2824
f 2697 2517 2121
f 3056 2370 2261
f 4009 2519 2224
f 4009 4010 2520
f 3234 4487 4488
f 4490 2636 4489
f 2373 4008 3545
f 2524 2374 4012
f 3149 2525 183
f 4011 2526 2525
f 2714 2527 2255
f 4122 3261 4705
f 2528 2714 4121
f 2529 4511 3263
f 3581 4720 3580
f 4527 4813 3274
f 4524 2532 4523
f 3213 4468 4467
f 3150 2535 166
f 4013 2536 2535
f 2723 2722 4128
f 2563 2725 3109
f 2539 2727 2730
f 2752 2744 4142
f 3878 2732 2898
f 4422 3133 4421
f 4136 2543 4131
f 2107 2378 2544
f 4016 2545 2377
f 3952 2546 2109
f 2302 2547 2380
f 3032 2548 42
f 4021 2549 2548
f 2565 4026 4028
f 3536 4694 3535
f 2565 3100 3916
f 4645 3416 4644
f 4031 4823 2207
f 2606 2555 57
f 3157 2385 2267
f 3958 2557 2147
f 3944 2558 54
f 168 2375 2559
f 3165 2560 2390
f 2561 2418 4066
f 3100 2551 4392
f 2723 2538 2722
f 2756 3771 3770
f 4025 4026 2565
f 4027 2566 4026
f 2566 4027 4029
f 3097 3724 2318
f 4040 2661 4042
f 4046 4300 2963
f 2386 2571 2145
f 2362 2572 2175
f 4101 2209 4102
f 3010 2574 179
f 3617 2394 2270
f 2912 2576 162
f 3618 2395 2272
f 2914 2578 150
f 3923 2396 2275
f 2915 2580 144
f 3852 2397 2276
f 2907 2582 2115
f 3603 2400 2269
f 2909 2584 156
f 3871 2401 2274
f 3947 2586 39
f 4053 2587 2408
f 2449 2792 4161
f 2592 3456 3450
f 2194 3438 3439
f 3449 2588 3448
f 3108 3453 3451
f 3502 3529 2799
f 46 2379 2594
f 4060 4065 2596
f 4855 3015 4337
f 4059 2597 2338
f 2236 4062 4064
f 4062 2236 4061
f 2638 4498 3241
f 2158 2366 2601
f 4355 2602 2469
f 2359 4076 3625
f 3059 4368 4369
f 3501 3514 3515
f 2388 2606 56
f 3433 2247 3432
f 3684 3685 2608
f 2610 2609 2371
f 3547 4696 2289
f 190 2376 2611
f 3951 2612 25
f 3228 2424 2284
f 2143 2387 2614
f 4072 2615 2427
f 2137 2381 2616
f 4075 2617 2429
f 4077 2618 2431
f 4078 2619 2432
f 32 2382 2620
f 4080 2621 2436
f 4001 2622 2345
f 2258 3940 2622
f 3669 3670 2624
f 3540 4695 3518
f 4170 2694 4172
f 2809 3662 3665
f 51 2367 2628
f 36 2435 2629
f 2630 2752 4146
f 2236 4060 4061
f 4556 3326 3327
f 3493 3492 2781
f 2224 2717 2718
f 3560 4705 3261
f 3559 3236 3256
f 2636 4487 4489
f 4497 4498 2638
f 3229 4481 4482
f 3244 3242 4500
f 3722 3723 2712
f 4219 2881 2862
f 3877 2882 4222
f 2402 2644 2178
f 4084 3578 2645
f 3626 3631 2231
f 3625 2286 3626
f 2650 3091 3591
f 3080 2649 3077
f 3594 2847 3593
f 3917 3919 2304
f 4091 2980 4311
f 2803 4416 3128
f 3126 2979 4309
f 3185 3187 2956
f 3170 3423 4440
f 4291 2657 4289
f 4086 2658 2342
f 4093 2659 4092
f 4093 4094 2659
f 4039 2966 4038
f 2195 2982 3129
f 4099 2663 4082
f 3478 2209 4679
f 2543 4136 4138
f 3276 4529 4530
f 2667 4099 4100
f 3270 3273 3561
f 3901 2670 3900
f 3160 3162 3901
f 3161 3159 3160
f 2672 4103 2673
f 4104 2673 2481
f 4437 3588 2670
f 2674 4104 4105
f 3611 4539 3868
f 3605 2483 3220
f 4109 2678 4108
f 2482 3608 3867
f 2988 4315 4317
f 3783 4780 2925
f 4110 2678 4109
f 3219 3220 2684
f 4761 3737 2879
f 2483 3290 3291
f 3135 3141 4423
f 4609 2999 4616
f 3023 3735 3736
f 3112 4405 4404
f 3130 2734 4349
f 2412 3801 3146
f 3359 2996 4601
f 2918 2250 2917
f 2216 2813 4174
f 4231 2891 4232
f 4246 2843 2904
f 2454 2697 2122
f 3911 3912 2271
f 2699 3998 4118
f 3718 2273 3013
f 4700 3550 2890
f 3459 3460 4746
f 2702 3704 3705
f 2702 2888 4229
f 3458 2702 2891
f 2337 2706 2472
f 3710 2707 4732
f 2251 2706 3847
f 4484 3231 3232
f 3643 3642 3645
f 3723 4755 2712
f 4179 2641 4178
f 4381 4380 3070
f 4123 2715 4121
f 3905 4522 4123
f 3906 3904 3905
f 4834 3560 4704
f 2528 4125 2717
f 2722 2719 2537
f 2728 3714 2227
f 2721 3844 3845
f 4128 2722 2537
f 3109 3929 2724
f 3619 2334 3618
f 2723 3929 3109
f 2727 2726 2538
f 2927 2725 2743
f 2728 4129 4130
f 2539 4135 3924
f 2730 4255 4132
f 2743 3017 2193
f 2734 4348 4349
f 2630 2928 3881
f 4243 4244 2900
f 4465 3211 3570
f 4237 2736 2898
f 2737 4134 4140
f 3659 2460 3658
f 3658 2741 4736
f 2738 3659 3660
f 4141 2460 3924
f 2742 4140 2750
f 2744 2743 2563
f 2744 2563 4142
f 3109 3110 2563
f 3621 3620 2272
f 2242 3869 3765
f 3764 3037 4776
f 3763 4770 3754
f 3878 2898 4236
f 3899 2541 3897
f 4143 2752 2745
f 2564 4778 4147
f 3148 2688 4422
f 2746 3623 3624
f 3768 3769 3770
f 3768 2423 3755
f 4333 2758 4854
f 3380 3532 2183
f 2711 3639 3638
f 2203 4802 3886
f 3323 3885 2764
f 2766 3309 3308
f 4855 2596 4065
f 3328 3016 4555
f 3086 3088 2767
f 3077 4387 3030
f 4373 3064 3721
f 4257 4258 2934
f 4682 3324 3325
f 2771 3318 4552
f 3490 2632 3479
f 3327 3329 4556
f 2632 4556 3479
f 4563 3332 4561
f 3524 3485 2198
f 2778 3483 3488
f 3205 2778 4461
f 3204 3205 2229
f 3049 3526 3527
f 2784 3509 3510
f 2782 3497 3498
f 3499 2783 3501
f 3521 3574 2786
f 3539 3332 4562
f 3481 2774 3489
f 2787 4152 3690
f 4090 4088 2652
f 2789 4154 4155
f 4155 4156 2790
f 4753 3720 3719
f 3438 2792 4160
f 2792 3438 3445
f 2983 4313 2459
f 3439 3440 2796
f 3440 3441 2796
f 3719 3720 2213
f 3436 4753 3434
f 2590 4471 4472
f 2341 4165 2800
f 2253 3461 3462
f 3461 3463 4254
f 4307 4306 2978
f 3120 4412 4182
f 3983 3984 2288
f 3664 3667 2625
f 4169 2807 2805
f 4737 4172 2808
f 2199 3661 3662
f 3508 2811 3507
f 3499 4685 2783
f 2694 2813 2812
f 4174 2694 2815
f 2814 4180 4051
f 4170 2815 2694
f 2815 4170 4171
f 4585 3347 4266
f 4595 3353 4596
f 4344 4341 2816
f 2821 4564 3337
f 3523 2785 3521
f 3505 3506 3504
f 3516 2810 3507
f 3113 2824 2287
f 3263 4516 4508
f 3119 2337 2416
f 3689 3232 4485
f 3243 3244 4500
f 4379 2186 3694
f 2519 2830 2224
f 3031 3147 2845
f 2841 2245 4185
f 4181 2449 2837
f 3850 2834 2216
f 2835 3850 3019
f 2216 4174 4343
f 4181 2837 2833
f 2282 4184 2839
f 4186 2696 4188
f 3677 3678 2306
f 2841 4186 4188
f 3927 3928 2264
f 3927 2264 3043
f 4183 2844 2335
f 2845 4190 3285
f 3594 2846 4267
f 2381 4073 4074
f 4191 2848 2336
f 2647 3627 3628
f 3681 2439 2331
f 3541 2252 3527
f 2853 3208 2509
f 3208 2852 2508
f 2855 3121 2413
f 4196 2855 2413
f 2859 4268 3715
f 4196 4197 2856
f 4284 4268 2942
f 3122 2875 4198
f 2856 4200 2860
f 2860 4200 4201
f 2873 4217 4216
f 2863 4201 4210
f 4210 4751 2864
f 3839 4872 3838
f 4205 4842 2866
f 4278 4279 2944
f 2511 4202 2871
f 2871 2868 2511
f 4212 2862 2873
f 2861 2192 2876
f 4209 2192 4206
f 3876 2862 2881
f 4225 2226 4223
f 2510 4396 4397
f 2877 2876 2192
f 4204 4206 2192
f 2878 4206 4207
f 2513 4758 3730
f 3732 3733 2880
f 2882 2881 2872
f 4220 2882 2872
f 3287 2872 4537
f 4227 2642 3164
f 3287 3288 2883
f 3156 2267 2385
f 3164 2642 3163
f 2889 2888 2233
f 4723 3673 2233
f 3602 2314 3603
f 2891 4230 4232
f 2892 4232 4233
f 4699 4698 2952
f 2657 4306 4307
f 3566 4710 3565
f 4401 4403 2541
f 4674 4676 2896
f 4236 2898 2750
f 2899 4237 4240
f 4238 2899 4239
f 4239 4241 4243
f 4805 2751 3899
f 3066 4374 2501
f 3075 4384 2696
f 2905 4246 3075
f 2583 2906 2112
f 2403 2907 2116
f 2518 2908 2118
f 2405 2909 155
f 2579 2910 153
f 2585 2911 159
f 2406 2912 161
f 2581 2913 147
f 2407 2914 149
f 2464 2915 143
f 2475 2916 68
f 2918 4247 2290
f 4247 2917 2364
f 3386 3174 3247
f 3425 4443 2920
f 2479 2923 2921
f 2922 4249 3432
f 4115 3129 2479
f 2679 4109 3867
f 2683 3780 3782
f 4746 2705 3704
f 2725 2927 2538
f 2753 4148 4837
f 3624 2755 2746
f 4582 4583 3345
f 4564 2821 4563
f 2933 2932 2445
f 3114 3118 2445
f 2934 3118 4257
f 2206 3115 4407
f 2647 3628 3630
f 2937 3819 3820
f 3820 4784 2937
f 3551 3552 2939
f 2940 4262 4263
f 2281 4189 3147
f 2942 4467 4269
f 4269 4270 2943
f 2942 4269 4278
f 3467 3569 4669
f 2946 3468 3563
f 3567 3568 2946
f 4850 3214 4277
f 4274 4275 2950
f 3103 2210 3102
f 2951 4272 4273
f 2704 4699 4233
f 3597 3595 3596
f 2954 4456 3190
f 2953 3191 3475
f 3186 3185 3222
f 3185 3186 2957
f 4441 3170 3184
f 2956 3187 4452
f 4290 2695 3007
f 4292 3884 2961
f 3183 3184 3884
f 4295 2963 4294
f 2964 3413 3403
f 3423 3171 3422
f 4048 2975 4038
f 3402 3401 2967
f 4297 2968 4296
f 4302 4298 2970
f 2964 4045 4046
f 2656 3388 3389
f 2920 3386 3387
f 4631 4632 2181
f 3405 3406 3407
f 4041 4036 4037
f 2969 4297 4298
f 2188 4040 4050
f 4299 2968 4297
f 4308 4299 2979
f 2653 4304 4305
f 4088 4089 2254
f 3129 2982 2923
f 4312 2983 2195
f 4832 4114 2195
f 2985 4831 3861
f 4327 4328 2994
f 4112 2680 4111
f 2480 4780 3784
f 2662 4322 4321
f 4321 4322 2990
f 2991 4322 3295
f 4327 2992 4324
f 4453 4326 2994
f 2986 3296 3297
f 4316 2681 4315
f 3893 3894 2997
f 4614 4743 3695
f 4608 4613 3367
f 4609 4610 2999
f 3374 4619 4620
f 2996 3359 3378
f 3358 3359 3004
f 3003 3356 4599
f 4597 3004 4604
f 3359 3362 3004
f 3250 3251 2185
f 4290 2960 4289
f 3191 3595 3902
f 2515 3009 133
f 2462 3010 178
f 2609 3011 125
f 2391 3012 72
f 3435 3013 2327
f 3872 2433 2313
f 4818 2278 3970
f 4555 2765 3327
f 2630 3017 2744
f 4340 3018 2815
f 3019 4343 4344
f 3020 4346 3551
f 3021 4347 3551
f 3733 3734 3022
f 3023 3734 3735
f 3728 3730 4758
f 4801 2732 3880
f 3883 3145 4434
f 3563 3564 2946
f 4604 3363 3028
f 3030 3029 2831
f 3077 3030 2831
f 4350 3031 3029
f 2404 3032 41
f 4720 3581 3582
f 3744 3745 3776
f 3741 3742 3092
f 3742 3744 2241
f 2214 3753 3752
f 2556 3038 60
f 4150 2279 4149
f 4731 2760 3639
f 4755 4730 3635
f 2261 3052 3053
f 2456 4354 3043
f 3279 3280 2221
f 2299 3045 2442
f 3047 2264 2905
f 2905 4357 3047
f 2491 3050 3048
f 3050 3647 3651
f 2491 2263 3302
f 2312 4358 2517
f 4358 3052 3051
f 3042 4359 3053
f 4455 3189 4454
f 4358 3055 3052
f 3553 3056 2261
f 2598 4064 4063
f 3006 3552 3251
f 3059 3860 4368
f 3060 4368 3200
f 3721 4371 2499
f 3320 2771 3321
f 3721 2446 4373
f 3688 3065 4373
f 4549 3307 4548
f 3064 4373 3426
f 4149 3067 2608
f 3069 3068 2228
f 4788 2922 4659
f 3242 3248 3693
f 3176 2919 4444
f 3072 4381 4382
f 4448 4382 2713
f 3180 3179 2957
f 3075 2696 4187
f 3117 4410 4408
f 3082 3080 3077
f 3078 2649 4388
f 3196 2649 3081
f 3082 3077 2831
f 4547 2768 3306
f 3554 2831 3021
f 3084 3083 2939
f 3672 2939 3552
f 2599 4364 4363
f 2505 3555 3086
f 3892 2599 3891
f 3304 3088 2766
f 3758 3756 3757
f 3757 3375 3835
f 4388 3091 3078
f 2215 3740 3739
f 2392 3093 2170
f 2410 3094 48
f 2470 3095 198
f 2339 2430 4391
f 4035 3097 2265
f 4797 2324 3853
f 4092 3099 2293
f 3535 4282 4283
f 4394 4275 2562
f 4392 3102 3100
f 4275 4280 2950
f 4394 3104 4393
f 4396 4398 3105
f 2510 3122 3210
f 4100 3107 2573
f 3443 2194 3439
f 2723 3109 2725
f 4144 2212 2746
f 4847 2736 4238
f 4778 2755 3771
f 2287 4406 3113
f 3115 3114 2444
f 2262 3697 3698
f 2262 3429 3697
f 3429 2262 3428
f 3114 2206 3118
f 4828 2611 4069
f 3120 2449 4161
f 2854 3121 2855
f 3121 2509 3210
f 4714 2533 3572
f 2533 3571 3572
f 3474 4678 4712
f 3557 3127 4416
f 4415 3557 3126
f 4417 3128 3127
f 2479 3129 2923
f 3856 3130 3026
f 3131 3856 4419
f 3132 4419 3133
f 4421 2690 4433
f 4433 2690 4798
f 3135 4422 4425
f 3825 2688 3138
f 4786 2689 3794
f 4428 2688 3148
f 3139 4426 4427
f 3789 3790 3368
f 3141 4424 4431
f 3142 4431 3146
f 3769 3773 2756
f 3144 4623 3381
f 3145 4432 4433
f 3146 2686 3799
f 2222 3147 3031
f 4148 4836 2754
f 2575 3149 182
f 2577 3150 165
f 3255 3151 2316
f 3153 3152 2321
f 4809 2321 3923
f 3154 2322 3870
f 3912 3155 2271
f 4435 2555 2308
f 3158 3157 2267
f 2887 3158 2267
f 3160 3159 2671
f 3162 3160 2671
f 2248 3161 3160
f 3164 3163 3162
f 4226 3163 2642
f 2671 2887 3164
f 4438 2310 4835
f 4438 3165 2390
f 3199 3168 2933
f 4258 4259 2934
f 2499 4371 3200
f 3181 3172 4441
f 3171 3423 3424
f 3425 4442 3173
f 3173 4442 3176
f 3246 3240 4502
f 3247 3174 3246
f 3177 3176 2600
f 3179 3177 2600
f 4449 3179 3180
f 3181 3179 2600
f 4447 3180 4450
f 3181 2600 4442
f 3183 3182 2958
f 3184 3183 2958
f 3184 2958 4441
f 3187 3182 3183
f 3074 4450 4451
f 3182 3187 3185
f 4453 3532 3188
f 3192 3189 2205
f 3194 3475 2954
f 3595 3191 2953
f 2205 3073 3192
f 3073 3193 3192
f 3195 3194 2419
f 3223 2419 3222
f 3197 3196 2938
f 3816 2938 3815
f 3818 3819 2937
f 3168 3199 2934
f 2499 3200 3169
f 4406 3201 2444
f 4849 2461 4252
f 2774 3484 3487
f 3542 3204 3541
f 3204 2851 3541
f 4555 3207 2765
f 4337 3207 3016
f 2852 3208 2853
f 2256 3209 3208
f 3210 3106 4398
f 2901 4242 3729
f 3212 4261 3739
f 3213 2942 4268
f 4469 2875 3215
f 4414 4397 3215
f 3348 2931 4568
f 3864 2799 3529
f 4471 4473 3218
f 3780 3801 2412
f 3605 3219 2683
f 4775 2757 3761
f 3223 3222 2956
f 3224 3223 2956
f 3007 3224 2956
f 4472 3330 3225
f 4664 4479 3227
f 3648 3649 2780
f 2284 4252 3464
f 4480 4481 3229
f 3230 4481 3234
f 3232 3233 2827
f 3233 3231 2640
f 3231 3233 3232
f 2521 3907 3713
f 4704 2635 4834
f 3236 4491 3256
f 4495 3238 4494
f 3238 4493 4494
f 2636 4490 3245
f 2522 3247 3246
f 3176 4446 2919
f 3248 3241 2919
f 4486 3243 2828
f 4483 4482 2640
f 4493 3245 3237
f 3174 4503 3246
f 3391 3392 3238
f 3693 3248 3071
f 4679 4680 2740
f 3251 3252 3058
f 3252 3250 2843
f 3250 3252 3251
f 3253 4316 3785
f 3496 2184 3494
f 3865 3255 2316
f 4509 4508 3256
f 3257 4507 3272
f 3812 3803 3258
f 4509 2189 3560
f 3805 3804 2530
f 3261 4509 3560
f 3260 3806 3804
f 4522 4521 2715
f 3583 3265 4515
f 4514 4517 3268
f 3858 3859 3267
f 2531 4514 3270
f 4719 4519 3581
f 3269 4518 4519
f 4520 4526 3270
f 3271 3264 4511
f 3858 3272 3266
f 3275 3274 4523
f 4523 4525 3275
f 3275 4525 4528
f 4528 4529 3276
f 2665 3476 3277
f 3277 3476 3657
f 3282 3279 3252
f 3044 4534 3280
f 4535 3281 2291
f 2843 3282 3252
f 3781 4779 2691
f 3633 2603 3625
f 3286 3285 2841
f 3286 2841 4188
f 4843 2878 4208
f 4538 3288 2643
f 3656 2880 3291
f 3656 3290 3289
f 3291 3290 3656
f 2933 3292 2932
f 3857 3294 3293
f 3857 3293 2498
f 4314 3295 2662
f 3861 3295 2985
f 2681 4541 3297
f 3562 2817 4588
f 4707 3562 4706
f 3005 3373 3376
f 4618 2818 4545
f 4056 3302 2263
f 4804 2783 3896
f 3308 3304 2766
f 3307 3305 2393
f 4549 3305 3307
f 3426 2393 3066
f 3556 4701 3555
f 3312 2504 3315
f 3311 3308 3309
f 3312 3311 3309
f 3309 2763 3312
f 3312 2763 3313
f 2763 4550 3314
f 3312 3315 3311
f 2504 3322 3316
f 2770 3324 3317
f 3318 3317 3324
f 4553 3319 2184
f 4552 3321 2771
f 3829 3321 3319
f 2504 3313 3834
f 3322 2504 3834
f 3325 3324 2770
f 2770 3323 4554
f 3325 2770 4554
f 3327 2764 3328
f 4802 2764 3885
f 3488 3329 2765
f 4559 3217 4470
f 3331 4558 4560
f 4563 4561 3335
f 2821 4567 4562
f 3337 4566 2821
f 3332 4560 4561
f 4565 2931 3349
f 2820 4571 4570
f 4589 2352 4470
f 3339 4570 4571
f 4572 3340 4571
f 4590 4591 2820
f 4573 3340 4572
f 2816 4341 4342
f 4574 3339 4571
f 4582 3345 2930
f 4587 3347 4585
f 4544 3347 3300
f 4589 3348 3338
f 3351 3349 2931
f 3350 4591 4592
f 3531 2931 3348
f 3003 4335 3356
f 3358 3353 3002
f 3362 4604 3004
f 4617 3028 3373
f 3001 3532 3533
f 4595 3357 2759
f 3378 3358 3002
f 3909 3361 4603
f 4607 4608 3366
f 3379 3893 3909
f 3363 3362 2422
f 3363 2422 4606
f 3364 3363 4606
f 3374 3365 3000
f 3366 4606 4607
f 4614 3368 4613
f 2692 3787 3789
f 3795 4781 2687
f 3370 4609 4616
f 2999 4611 4612
f 4545 2818 4544
f 4621 3372 4545
f 4619 3374 3000
f 3375 4619 3835
f 4587 3376 3300
f 4576 3376 2197
f 3002 3380 3378
f 3378 3380 4622
f 3002 3356 3533
f 3371 4616 4612
f 4566 4841 3334
f 3506 2811 3504
f 4628 3505 3384
f 4266 4265 3385
f 3387 3386 3175
f 3388 3387 3175
f 3175 3390 3388
f 3390 3389 3388
f 3391 3390 3175
f 3392 3175 3247
f 3247 2522 3392
f 3387 3388 3399
f 3399 3394 3393
f 4631 4633 3396
f 4633 2972 3398
f 3807 3396 3806
f 2972 4859 4495
f 3387 3399 3393
f 3401 3400 2656
f 4635 2656 3389
f 2967 3404 3402
f 3404 3403 3402
f 2967 3407 4650
f 2971 3406 3405
f 3412 4649 4863
f 4638 3406 4649
f 3408 4637 4638
f 4651 2973 3420
f 4642 4866 3696
f 4648 3534 4647
f 2181 4632 3421
f 3422 3413 2655
f 3404 2967 4650
f 4637 4636 2974
f 4864 2974 4636
f 3420 2973 4649
f 3417 3420 3537
f 4654 3124 3934
f 3537 3420 3123
f 4782 3397 3809
f 2655 4440 3423
f 2655 3423 3422
f 3170 3424 3423
f 4442 3425 3172
f 2393 3426 3307
f 2416 3427 192
f 3429 3428 3430
f 4408 3429 3117
f 2329 2610 4658
f 4083 3431 2299
f 4659 3432 2477
f 2478 3433 3432
f 3436 3434 3433
f 3013 3435 2607
f 2798 3436 3433
f 4036 2569 4824
f 4838 3703 2457
f 3440 3439 2795
f 3699 3440 2795
f 4325 3441 2458
f 4661 2993 4332
f 4663 2796 3444
f 2796 4660 4662
f 3446 3445 2194
f 3451 3452 3108
f 3448 3447 2589
f 3448 2589 3449
f 3450 3449 2589
f 3451 3450 2589
f 2589 3446 3451
f 3446 3452 3451
f 3108 3454 3453
f 3454 3108 4663
f 3453 3454 3455
f 3457 3456 2592
f 4664 3457 2592
f 3459 3458 2180
f 3128 3459 2180
f 3461 3460 2802
f 3462 3461 2802
f 2802 4417 4702
f 2253 4165 3464
f 2253 3464 3463
f 3465 4665 4666
f 3466 4666 3934
f 4675 4711 4668
f 3471 4675 2420
f 3466 3934 3935
f 3125 3473 3470
f 3470 3473 3936
f 3932 2897 3930
f 3811 3571 2533
f 3473 4678 4677
f 2953 3475 3195
f 2665 4681 3476
f 4679 4681 3478
f 2665 4530 4531
f 3480 3479 2777
f 3482 3480 2777
f 2774 3487 3489
f 2777 3488 3483
f 4690 2778 3528
f 3483 3484 3482
f 3485 3524 3486
f 3649 4734 2780
f 3530 3487 2776
f 3329 3488 2777
f 3203 3519 4688
f 3491 3490 2773
f 3492 3491 2773
f 4683 2773 3481
f 3492 3493 3491
f 3495 3494 2781
f 3509 3495 2781
f 4687 3496 2782
f 2784 3513 3497
f 3499 3498 2502
f 2502 3504 3499
f 3517 2811 3508
f 2783 3303 3514
f 4734 3650 3486
f 2799 3503 3502
f 3505 3504 2502
f 3384 3505 2502
f 4627 3506 3383
f 3506 2822 3507
f 2810 3508 3507
f 2781 3492 4686
f 3509 2781 4686
f 2633 3489 4688
f 3574 3512 2786
f 3513 2784 3512
f 3303 2500 3514
f 4789 3514 2500
f 2822 3516 3507
f 2625 3671 3663
f 3540 3518 2625
f 3511 2633 4688
f 3522 2775 3938
f 2775 3522 3520
f 3333 4567 3523
f 3523 3334 4625
f 3525 3524 2198
f 4690 3528 3525
f 3527 3526 2779
f 3541 3527 2779
f 4690 3525 2198
f 4477 3529 2593
f 4691 3503 2775
f 3531 3003 4599
f 3533 3532 3380
f 3002 3533 3380
f 3411 4643 4647
f 4276 4282 4693
f 4028 2551 2565
f 4870 3537 3123
f 2799 3538 3503
f 3539 3331 4560
f 4740 3667 3668
f 3542 3541 2779
f 3528 3542 2779
f 2426 3543 2141
f 2428 3544 2135
f 2519 4009 3546
f 3967 3546 2520
f 4697 2289 4085
f 2646 3631 3632
f 3549 4698 4699
f 4230 3550 2704
f 3552 3551 2185
f 3251 3552 2185
f 4454 2261 3053
f 3551 3554 3021
f 3556 3555 2505
f 3556 2505 4390
f 4807 2220 3918
f 4430 3558 3141
f 3559 3256 4507
f 2189 4491 4704
f 3813 3561 2532
f 4706 3562 3299
f 3565 3563 2896
f 3563 3565 4709
f 3566 3565 2896
f 2896 4676 4869
f 3570 3564 2735
f 3837 3567 2947
f 3569 3568 4286
f 3564 3570 3567
f 3474 4677 4678
f 3125 4672 4673
f 3573 4715 4716
f 2785 3574 3521
f 2417 3575 2162
f 2430 3576 2127
f 3578 3577 2311
f 2645 3578 2311
f 2317 4007 4718
f 3580 2663 4099
f 4719 3581 2664
f 3583 3582 2666
f 3583 2666 4517
f 3585 3584 2208
f 3271 3585 2208
f 3585 3586 3584
f 3587 2270 2394
f 2675 4107 4105
f 3589 3622 3621
f 3779 3590 2242
f 3628 3592 2648
f 4193 3592 2849
f 3591 2246 3593
f 2246 3594 3593
f 3596 3595 2953
f 2953 2955 3604
f 2201 4700 3598
f 3601 3598 2890
f 3598 3599 3597
f 2269 2400 4722
f 3602 3601 2890
f 3673 3602 2890
f 3603 3601 3602
f 4288 3604 2955
f 3612 2683 2925
f 3607 3606 2677
f 3608 3607 2677
f 2677 4251 3867
f 3608 3609 3607
f 3611 3610 2211
f 4436 3611 2211
f 2683 3612 3605
f 2613 3613 28
f 3616 2507 3099
f 3615 4725 3616
f 3615 3616 2223
f 2394 3617 2575
f 2395 3618 2577
f 4812 2724 3929
f 3922 4808 2272
f 3589 3779 3622
f 3623 3622 2747
f 3624 2747 2929
f 2747 3624 3623
f 2286 4192 3626
f 3627 3626 2849
f 2849 3592 3628
f 3628 3627 2849
f 2648 3091 4729
f 2187 4784 4785
f 3632 3631 2647
f 2647 3630 4728
f 2603 3633 3284
f 3629 2648 4729
f 2711 3637 3635
f 3637 3636 3635
f 3637 2711 3638
f 2711 4731 3639
f 4833 3639 2760
f 3638 3640 3637
f 3642 3641 2710
f 3645 3642 2710
f 2708 4732 3643
f 3644 3643 4732
f 3646 3645 2710
f 3638 3646 2710
f 3648 4733 3227
f 4733 3647 2217
f 3227 3649 3648
f 3529 3650 2593
f 3049 3527 4735
f 2768 3652 3088
f 3654 3653 2259
f 3655 2259 3249
f 3249 4139 4680
f 4538 3656 3289
f 3657 2739 3658
f 3659 3658 2739
f 3660 3659 2739
f 3477 3660 2739
f 3665 3661 2810
f 2809 4737 3662
f 3662 4737 4738
f 4738 3664 3663
f 3666 3665 2810
f 3516 3666 2810
f 2806 3667 3664
f 2230 3431 3669
f 2230 3669 3668
f 3940 3670 2623
f 3663 3671 2199
f 3085 3672 3006
f 3550 3673 2890
f 2307 3676 3674
f 3675 3674 3676
f 3676 2307 4356
f 3676 3677 3675
f 4184 3678 2840
f 3680 3710 2708
f 2708 2200 3680
f 2439 3681 2850
f 3682 2250 3683
f 3684 3683 2250
f 3685 3684 2250
f 2918 3685 2250
f 3686 3030 4387
f 2650 3687 3686
f 4259 4258 3688
f 3691 2709 3644
f 3690 3689 3691
f 3691 2826 4742
f 4379 3692 2186
f 3694 3693 3071
f 3178 3694 3071
f 4505 3695 2997
f 3410 4641 4642
f 3116 3697 3429
f 3115 3698 3697
f 2795 3700 3699
f 3700 2795 3701
f 3703 3701 2795
f 2990 3702 3700
f 3439 3703 2795
f 3458 3459 4746
f 2705 4253 3706
f 2705 3706 3705
f 2218 3707 3706
f 2218 4747 3708
f 4748 3709 3708
f 3679 3710 3680
f 2434 3711 34
f 3713 3712 2635
f 3235 3713 2635
f 4131 2728 4130
f 3715 2856 4197
f 3716 4749 4750
f 2983 3717 2982
f 3719 3718 2607
f 4753 3719 2607
f 4163 3720 2797
f 3721 3064 4372
f 3072 4382 4383
f 4857 2205 4359
f 4027 3724 2568
f 3738 3725 3131
f 3726 4758 4759
f 3726 4757 3727
f 3726 4756 3824
f 4760 3729 3727
f 3728 3823 3731
f 3732 3731 2685
f 3733 3732 2685
f 3734 3733 2685
f 3735 3734 2685
f 3823 3735 2685
f 4764 3736 3735
f 4766 2880 3656
f 4419 3738 3131
f 2940 4263 4264
f 3092 4767 3740
f 3743 3741 2215
f 3741 4768 3742
f 3298 4707 4706
f 3742 4768 3748
f 3745 3035 3746
f 3762 3746 3035
f 3746 3762 3766
f 3742 3748 3744
f 3750 3748 3036
f 3751 3750 3036
f 3743 3751 3036
f 3746 3752 3745
f 3908 3753 3037
f 3755 3754 2749
f 2749 3761 3772
f 3757 3756 2421
f 3375 3757 2421
f 3090 3760 3758
f 3760 3759 3758
f 4773 3760 3090
f 4775 3761 2196
f 3756 3762 3749
f 3764 3763 2748
f 3765 3764 2748
f 4777 3765 2748
f 4772 3766 3089
f 3767 2423 4256
f 3772 3768 3755
f 3769 2757 4476
f 2756 4405 3771
f 4778 3771 3112
f 2749 3772 3755
f 3143 3139 3773
f 3740 3774 3739
f 3775 2275 2396
f 3777 3776 3034
f 3034 3941 3778
f 3034 3778 3777
f 3622 3779 2747
f 3219 4474 3801
f 3781 2412 3786
f 3783 3782 2691
f 3784 3783 2691
f 2691 4779 3785
f 2691 3785 3784
f 2412 3788 3786
f 3788 3787 3786
f 3146 3788 2412
f 3787 3140 3789
f 3140 3790 3789
f 4781 3791 2687
f 3800 3792 3140
f 3794 3793 3137
f 3798 3794 3137
f 3796 3793 3794
f 3794 2689 3796
f 2689 3797 3796
f 3799 3798 3137
f 3799 3137 3800
f 3792 3800 3137
f 3219 3801 3780
f 3803 3802 2530
f 3804 3803 2530
f 2530 4799 3805
f 3267 3561 3813
f 3807 3806 3260
f 3808 3807 3260
f 3260 3810 3811
f 2533 3809 3808
f 3805 3810 3804
f 3811 3262 4712
f 3258 4634 4496
f 3813 2532 3814
f 4524 3814 2532
f 3817 3815 2769
f 4784 3816 2937
f 2769 3821 3817
f 2935 3198 3818
f 3198 3819 3818
f 2936 3820 3819
f 3688 3821 2769
f 2684 3822 3558
f 3731 3823 2685
f 3824 3728 4758
f 3825 3136 4425
f 2560 3826 173
f 2326 4787 2814
f 4788 3069 2228
f 3319 3062 3829
f 3831 3830 3062
f 3832 3831 3062
f 3833 3832 3062
f 3319 3833 3062
f 2762 3834 3313
f 3835 3000 4615
f 3835 3370 3836
f 3567 3837 3568
f 2947 3840 3838
f 4791 3838 3840
f 2947 3570 4790
f 3841 2865 4757
f 3842 2716 3904
f 3609 3843 3610
f 3844 3714 4131
f 2543 3845 3844
f 3751 3846 3750
f 4795 2337 3119
f 3849 3848 2240
f 3872 2240 3014
f 3850 2216 4343
f 3853 3852 3851
f 2324 2581 3852
f 2835 3854 3853
f 3855 3854 2835
f 3019 3855 2835
f 4798 3856 3026
f 3857 2202 3860
f 3266 4860 3859
f 3266 3859 3858
f 3857 3860 3294
f 3295 3861 3296
f 2475 3862 2327
f 3517 3863 2811
f 3225 3864 3529
f 3056 3865 2316
f 4718 3866 3579
f 2677 3867 3608
f 3611 3868 3610
f 3765 3869 3764
f 3154 3870 3869
f 2322 2585 3871
f 2240 3872 3849
f 2408 3873 2173
f 4214 2558 2346
f 4845 3875 2874
f 2881 3877 3876
f 2882 3877 2881
f 2540 2731 3878
f 2731 3879 3878
f 3881 3880 2733
f 3881 2733 4339
f 3883 3882 2928
f 4837 3883 2928
f 2961 3884 2962
f 3886 3885 2762
f 4803 2762 3314
f 2761 3889 3887
f 4062 4061 3888
f 3891 3890 3889
f 3891 3889 2761
f 4551 3891 2761
f 4551 3892 3891
f 3893 2995 3894
f 4541 3894 2995
f 4316 3895 2681
f 4804 3896 2605
f 3898 3897 2895
f 4814 2895 3931
f 3898 3899 3897
f 3901 2669 2248
f 2669 3901 3900
f 3903 3902 3008
f 3600 3903 3008
f 3842 3904 3617
f 3905 2716 4522
f 2255 3906 3905
f 3713 3907 3712
f 3753 3908 2274
f 4601 4603 3360
f 2302 3915 3910
f 4806 2552 3102
f 3913 3912 3911
f 3911 2552 4806
f 2210 3914 3913
f 2550 3915 2302
f 3916 2550 4025
f 2285 4166 3918
f 4807 3918 2801
f 2220 3919 3918
f 3973 3920 2440
f 188 3921 189
f 3922 2323 3590
f 2396 3923 2579
f 4141 2737 4140
f 4194 3925 2850
f 3926 4810 4811
f 3927 3043 4354
f 3928 3044 3282
f 2723 2257 3929
f 2190 3931 3930
f 3931 2190 4533
f 3931 3932 3930
f 2895 3566 3933
f 3419 4653 4654
f 4673 3935 3124
f 3473 4677 3937
f 3473 3937 3936
f 3538 3938 2775
f 3621 3939 3620
f 3940 2623 4083
f 3752 3941 3034
f 3381 3942 3144
f 2441 3943 135
f 2443 3944 53
f 128 127 3946
f 2409 3428 4816
f 2447 3947 38
f 2437 3948 2165
f 22 21 3950
f 22 3950 3949
f 2451 3951 24
f 2452 3952 2110
f 2618 3953 2124
f 2621 3954 176
f 2466 3955 141
f 2467 3956 139
f 2490 3957 2151
f 3957 3958 2148
f 2617 3959 2132
f 3961 3960 131
f 130 3961 131
f 2439 3962 2168
f 2471 3963 196
f 2472 3964 194
f 2368 66 2485
f 2300 3546 3967
f 2520 2787 3967
f 3967 3968 3966
f 3972 3969 2437
f 3970 2438 3971
f 4460 3971 2438
f 2495 3972 2437
f 3974 3973 2344
f 2587 3974 2344
f 3014 3975 2362
f 2545 3976 2350
f 2906 3977 2452
f 4360 3978 2455
f 4748 2268 3709
f 4721 2239 4720
f 3980 3981 2463
f 4787 3982 2465
f 3984 2357 2468
f 3985 3984 2468
f 3431 3985 2468
f 3985 3986 3984
f 2468 2467 3987
f 3094 3988 2473
f 4821 2333 3155
f 2698 3914 4399
f 3992 3991 2476
f 2476 2368 3992
f 3038 3993 2487
f 2305 2383 3994
f 2669 3995 2248
f 3920 3996 2392
f 3013 3997 2398
f 3997 3998 2492
f 3970 3999 2349
f 2595 4000 2278
f 4002 4001 2496
f 3579 4002 2496
f 3294 4003 2497
f 2628 4004 2443
f 2629 4005 2447
f 2295 2367 4006
f 4718 4007 2516
f 2830 4008 2294
f 4010 4009 2224
f 2718 4010 2224
f 3149 4011 2525
f 2524 4012 2294
f 3150 4013 2535
f 2334 4014 4013
f 2559 4015 2296
f 3709 4016 2377
f 4018 4017 2353
f 2453 4018 2353
f 4020 2277 3707
f 2277 4020 4019
f 3032 4021 2548
f 3724 2238 4022
f 2302 2380 4023
f 2490 4024 2358
f 4026 4025 2238
f 4027 4026 2238
f 3724 4027 2238
f 2566 4028 4026
f 4030 4029 2568
f 4035 4030 2568
f 4029 4034 4031
f 4032 4823 4034
f 4033 4824 4825
f 4030 4034 4029
f 3097 4035 2568
f 4049 4033 3437
f 4039 4038 4037
f 4039 4037 2661
f 4040 4039 2661
f 4036 4049 2661
f 3416 4041 2975
f 4096 4042 3437
f 4040 4043 4039
f 4045 4044 2966
f 4047 4045 2966
f 4047 4046 4045
f 4043 4047 2966
f 4044 4048 4038
f 2661 4049 4042
f 4040 2660 4050
f 2814 4051 2326
f 3614 4052 2348
f 2572 4053 2408
f 2309 4054 4053
f 3448 4055 2232
f 3449 4056 2588
f 3910 4057 2379
f 3155 4058 2271
f 4060 4059 2595
f 4065 2595 2278
f 2596 4061 4060
f 4063 4062 2631
f 4827 2631 3890
f 4067 4064 2598
f 2595 4065 4060
f 2561 4066 2292
f 4064 4067 2597
f 4068 2598 4361
f 3966 4069 2376
f 3678 4070 2387
f 2838 4071 2282
f 2844 4072 2427
f 4072 4073 2615
f 4267 4074 2941
f 2848 4075 2429
f 4075 4076 2617
f 3067 4077 2431
f 2800 4078 2432
f 4078 4079 2619
f 3107 4080 2436
f 4080 4081 2621
f 2280 4082 4081
f 3940 4083 2622
f 4085 4084 2645
f 2231 4085 2645
f 4088 4086 2651
f 3919 4087 2304
f 4089 4090 2981
f 4305 4089 2981
f 4088 4090 4089
f 3919 4091 2652
f 2658 4086 4093
f 2658 4093 4092
f 4094 4093 2254
f 4096 4095 2660
f 4042 4096 2660
f 4094 4097 4095
f 4096 4098 4095
f 4100 4099 2280
f 3107 4100 2280
f 4100 4101 2667
f 3478 4102 2209
f 3900 4103 2669
f 4105 4104 2481
f 3900 4105 2481
f 4108 4106 2674
f 4105 4107 2674
f 4109 4108 2482
f 3867 4109 2482
f 4110 2679 4111
f 4829 2679 4250
f 4112 4829 4830
f 4113 2680 4114
f 2680 2985 4114
f 4110 4115 2678
f 3680 4116 2693
f 3012 4117 2330
f 3718 4118 2273
f 2888 4119 2701
f 2471 4120 2290
f 4123 2714 2255
f 4521 4122 2715
f 2714 4123 4121
f 2714 2717 4124
f 4125 2528 4705
f 2514 4126 2310
f 3714 4127 2227
f 2537 2257 4128
f 2726 2727 4129
f 3924 4130 2539
f 2729 4136 4131
f 4133 4132 2193
f 3017 4133 2193
f 2540 4134 2731
f 4134 4135 2730
f 4137 4136 2729
f 2729 3924 4137
f 3660 4138 2738
f 4138 2740 4139
f 2750 4140 2540
f 2460 4141 2742
f 3110 4142 2563
f 4144 4143 2745
f 2745 3110 4144
f 3111 4145 2736
f 4147 4146 2752
f 2564 4147 2752
f 4148 2411 4429
f 3067 4149 2279
f 3040 4150 2760
f 4010 4151 2520
f 4153 4152 2639
f 4153 2639 4480
f 2833 4154 2789
f 4156 4155 2213
f 3720 4156 2213
f 4159 4157 2791
f 4158 2790 4160
f 2791 4163 4852
f 3438 4160 2457
f 4162 2792 3445
f 2792 4162 4161
f 3720 4163 2791
f 3436 4164 2797
f 3228 4165 2341
f 4166 2800 4165
f 4411 4167 2804
f 2465 2356 4168
f 4169 2805 2288
f 4840 2809 3665
f 4582 4171 2627
f 4737 2808 2626
f 2834 4173 2813
f 2694 4174 2813
f 3516 4175 2823
f 2822 4176 4175
f 2516 2360 4177
f 4179 4178 2828
f 3692 4179 2828
f 3851 4180 2834
f 2833 2789 4181
f 3120 4182 2837
f 4185 2838 2839
f 3678 4184 2282
f 4183 4185 2245
f 4185 4186 2841
f 4184 2840 4187
f 2696 4384 4385
f 4190 4189 2844
f 4183 4190 2844
f 3594 4191 2846
f 4193 4192 2848
f 4191 4193 2848
f 3541 4194 2252
f 4195 2225 4211
f 4197 4196 2413
f 4198 4197 2413
f 3122 4198 2413
f 2875 4199 4198
f 3715 4200 2856
f 2512 4201 4200
f 4201 4202 2860
f 4201 4203 2861
f 4205 4204 2863
f 4844 2863 4210
f 4207 4206 2866
f 4761 4762 3730
f 3737 4208 2879
f 4209 2878 4537
f 2512 4749 4751
f 4212 4211 2869
f 2862 4212 2869
f 4214 2266 3874
f 2266 4214 4213
f 2869 2871 4215
f 4213 4216 2266
f 4218 2873 3876
f 2873 4218 4217
f 2881 4219 2877
f 3287 4220 2872
f 4221 2883 4226
f 4221 4222 2882
f 4224 4223 2884
f 4227 4224 2884
f 4225 2886 4435
f 3288 4226 2883
f 4224 4227 2887
f 3705 4228 2702
f 2888 2889 4229
f 3550 4230 2889
f 4235 4231 2892
f 4233 4232 2704
f 4699 2704 3549
f 2893 2959 4234
f 4234 4235 2892
f 2750 2540 4236
f 4240 2898 2732
f 2899 4348 4239
f 4241 4239 2734
f 2898 4240 4237
f 3130 4241 2734
f 3130 4242 4241
f 4465 4244 4243
f 4465 4243 2901
f 4805 4848 2902
f 3075 4246 2904
f 2917 4247 2918
f 2228 2672 4248
f 3432 4249 2478
f 4250 2480 4829
f 4780 4251 2925
f 4849 4252 2284
f 4252 4253 2926
f 2705 4254 4253
f 2727 4255 2730
f 3767 4256 2929
f 3198 4257 2206
f 2935 4258 4257
f 2446 3168 4259
f 4260 2243 3854
f 3739 4261 2940
f 4265 2836 3385
f 2817 4263 4262
f 2215 4264 3562
f 2836 4265 4262
f 4585 4266 3346
f 3594 4267 2847
f 3715 4268 2857
f 4270 4269 2191
f 4271 4270 2191
f 2191 4468 4850
f 4273 4272 2949
f 4274 4273 2949
f 4277 4275 4274
f 4277 4274 2949
f 4282 4276 2950
f 4850 2949 4271
f 4279 4278 2943
f 3465 4279 2943
f 3103 3101 4280
f 4281 4273 4276
f 4851 3101 4392
f 4282 2950 4851
f 3926 4284 2944
f 4279 4285 2944
f 3569 4286 2858
f 2959 4287 2695
f 4287 4288 2695
f 4290 4289 2959
f 2695 4290 2959
f 4291 2960 4292
f 4291 4292 2961
f 4294 2961 2962
f 2961 4294 4293
f 3413 4295 2655
f 4297 4296 2654
f 4298 4297 2654
f 4298 2654 4300
f 4299 2969 4310
f 4298 4300 2970
f 2653 4309 4310
f 4298 4302 2976
f 4302 4303 2976
f 4304 2977 4305
f 2977 2788 4305
f 4291 4306 2657
f 3128 4307 2803
f 4307 4308 2803
f 3126 4309 2980
f 4299 4310 2979
f 4305 4311 2653
f 4114 4312 2195
f 4319 4313 2984
f 4114 4314 2984
f 4317 4315 2987
f 3785 4316 2988
f 4831 4317 2987
f 2681 4318 4315
f 4314 4319 2984
f 4852 2794 4159
f 2662 4321 2989
f 3295 4322 2662
f 3702 4323 2458
f 3295 4324 2991
f 4326 4325 2992
f 4326 2992 4327
f 4328 4327 2986
f 2986 3297 4328
f 4541 4328 3297
f 2995 3379 4330
f 4332 4331 2758
f 4333 4332 2758
f 2758 4336 4854
f 4470 4334 3216
f 3356 4335 3001
f 3348 4336 3003
f 3207 4337 3015
f 3016 3328 4856
f 3017 2630 4339
f 4171 4340 2815
f 4340 4341 3018
f 4581 2930 3345
f 4344 4343 3018
f 4341 4344 3018
f 3385 2836 4345
f 3250 4346 2842
f 3029 4347 3021
f 4239 4348 2734
f 2542 4349 3025
f 3031 4350 2222
f 2455 2354 4351
f 4731 4730 4352
f 3723 4353 3041
f 2601 4354 2456
f 4356 3046 3047
f 3046 4356 4355
f 3075 4357 2905
f 2517 4358 3051
f 4857 3042 3723
f 2237 4360 2455
f 4362 4361 3057
f 4363 3057 2599
f 3057 4363 4362
f 3085 3006 4364
f 4364 4365 4363
f 3540 4366 2605
f 2624 4367 4366
f 3200 4368 2202
f 3303 4369 3060
f 3303 4370 2500
f 3831 4371 3063
f 3066 4372 3064
f 3688 4373 2446
f 3310 4374 3066
f 4375 4374 2903
f 2489 2669 4376
f 2485 4377 2297
f 4377 4378 3069
f 4380 4379 3070
f 3636 4380 2712
f 4380 4381 3072
f 2713 4447 4448
f 2205 4383 3073
f 3075 2904 4384
f 3250 4385 2904
f 4187 4386 3075
f 2649 4387 3077
f 3196 4388 2649
f 3672 4389 3084
f 3892 4390 3085
f 2129 4391 2128
f 4283 4392 2551
f 4394 4393 3103
f 4280 4394 3103
f 3914 4395 3105
f 4397 4396 3104
f 4394 4397 3104
f 3210 4398 2510
f 3106 3990 4399
f 3939 4400 2724
f 4403 4401 3111
f 4244 4402 2900
f 4402 4403 3111
f 4148 4404 2411
f 3771 4405 3112
f 3201 4406 2287
f 3697 4407 3115
f 3198 4408 2936
f 3548 4409 2249
f 4785 4410 3076
f 4161 4411 3120
f 4412 2804 4413
f 4054 4413 2804
f 4397 4414 2510
f 3126 2980 4415
f 3557 4416 3126
f 4702 4417 3127
f 3856 4418 3130
f 4419 2690 4421
f 4420 2484 4765
f 4422 4421 3134
f 3148 4422 3134
f 4420 4423 2484
f 3799 4424 3136
f 3825 4425 2688
f 4427 4426 3138
f 4428 4427 3138
f 2688 4428 3138
f 4429 3148 4836
f 3558 4430 2684
f 3146 4431 2686
f 3883 4432 3145
f 4421 4433 3134
f 4349 4434 3026
f 2555 4435 3156
f 3611 4436 2885
f 3588 4437 2211
f 3165 4438 3166
f 2446 4439 3168
f 4294 4440 2655
f 3181 4441 2958
f 3181 4442 3172
f 4444 4443 3173
f 3176 4444 3173
f 4446 3071 3248
f 3071 4446 4445
f 4447 3074 4448
f 3193 4448 3074
f 3177 4449 3178
f 2957 4450 3180
f 3186 4451 4450
f 2956 4452 3007
f 4329 4453 2994
f 3553 4454 3054
f 4359 4455 3053
f 3475 4456 2954
f 3902 4457 3191
f 2612 4458 2424
f 3204 2298 4459
f 3971 4460 2229
f 4462 2778 3488
f 2765 4462 3488
f 4464 4463 3206
f 3206 3207 4464
f 4244 4465 2735
f 2243 4466 3098
f 4269 4467 2191
f 4850 4468 3214
f 4468 4469 3214
f 2352 4558 4559
f 4334 4471 3218
f 3330 4472 3217
f 3454 4473 2590
f 4430 4474 2684
f 4475 3220 4540
f 3797 4476 3221
f 3529 4477 3225
f 3455 4478 3226
f 4477 4479 3226
f 3907 4480 2639
f 3234 4481 2521
f 4497 4482 3230
f 4482 4483 3229
f 3689 4484 3232
f 3642 4485 2827
f 4486 2640 4501
f 4488 4487 2636
f 2636 3239 4488
f 4491 4489 3235
f 4492 3236 3559
f 4491 3235 4704
f 3236 4492 4490
f 4493 2522 4502
f 4492 4494 3237
f 4496 4494 2637
f 4494 4496 4495
f 4498 4497 3239
f 4502 3239 3245
f 3248 4499 3241
f 3693 4500 3242
f 4486 4501 3243
f 3246 4502 2522
f 4444 4503 3174
f 3240 4504 3241
f 4506 4505 3253
f 3785 4506 3253
f 3272 4507 2825
f 4509 3256 2189
f 4510 4509 3261
f 4122 4510 3261
f 3271 4511 2529
f 3264 4515 4513
f 4514 4513 3265
f 4517 4514 3265
f 3583 4515 2208
f 4508 4516 2825
f 3583 4517 3265
f 3268 4517 4519
f 3268 4519 4518
f 4514 4520 3270
f 3271 2529 4521
f 4522 2715 4123
f 4523 3273 4525
f 4524 3274 4813
f 4526 4525 3273
f 3270 4526 3273
f 4532 4527 3275
f 4529 4528 2668
f 2668 4518 4529
f 4530 3269 4531
f 4719 4531 3269
f 3276 3277 4532
f 3657 4533 3277
f 3927 4534 3044
f 2601 4535 2291
f 2845 3285 4536
f 4537 2872 2877
f 3656 4538 2643
f 4539 3289 3868
f 4540 3291 3022
f 4541 2681 3895
f 4544 4542 3299
f 4543 2818 4618
f 3347 4544 3299
f 4545 3300 4621
f 3456 4546 2591
f 3196 4547 2938
f 3688 4548 3065
f 2769 4549 4548
f 3556 4550 2763
f 4551 3087 3892
f 2184 4552 3318
f 3496 4553 2184
f 2764 4554 3323
f 3328 4555 3327
f 3479 4556 3329
f 3538 4557 3331
f 4559 4558 3330
f 3217 4559 3330
f 4561 4560 2352
f 2352 3338 4561
f 2821 4566 4567
f 4564 4563 3335
f 4565 4564 3335
f 4565 3335 4568
f 4841 4566 3337
f 3523 4567 3334
f 3348 4568 3338
f 4578 4569 3339
f 3337 3336 4570
f 4572 4571 2820
f 2820 4591 4861
f 4861 4573 4572
f 2819 4574 3340
f 4577 4575 3343
f 3376 4576 3377
f 4342 4577 3343
f 4569 4578 2503
f 4579 3344 4580
f 4581 4580 2819
f 4577 4581 2819
f 4171 4582 2930
f 4583 4582 2627
f 4342 4584 2816
f 4584 4586 3346
f 3343 4575 4586
f 3376 4587 2197
f 3562 4588 3299
f 4589 3338 2352
f 4591 4590 3349
f 4592 4591 3349
f 3349 3351 4592
f 3531 4593 3351
f 3353 3352 4594
f 3357 4595 3354
f 4595 4596 3354
f 4598 4597 3355
f 4617 4598 3355
f 4594 4599 3356
f 4598 4600 3357
f 4603 2996 3909
f 3360 4602 4601
f 4603 4601 2996
f 4604 3355 4597
f 3363 3364 4605
f 4607 4606 2422
f 4602 4607 2422
f 3360 4608 4607
f 4609 3366 4610
f 4608 4610 3366
f 3791 4611 3367
f 3369 3381 4612
f 2998 4743 4614
f 2998 4614 4613
f 3835 4615 3370
f 4612 4616 2999
f 4598 4617 3005
f 3365 4618 3372
f 3835 4619 3000
f 3846 4620 3375
f 4621 3373 3372
f 4330 4622 2183
f 3144 3221 4623
f 4623 4624 3381
f 4626 4625 3382
f 4628 4626 3383
f 4626 4627 3383
f 3505 4628 3383
f 3390 4629 3389
f 4863 2181 3412
f 4633 4631 3395
f 3807 4632 3396
f 4633 3395 4629
f 3806 4634 3258
f 3405 4635 2971
f 2554 3416 4636
f 4638 4637 3407
f 3407 3406 4638
f 4651 4639 2973
f 4639 4640 3408
f 4642 4641 3409
f 4642 3409 4865
f 4647 4643 3410
f 4645 4644 3411
f 4645 3411 4646
f 4692 4646 3411
f 4648 4647 3410
f 3696 4648 3410
f 3420 4649 3412
f 4650 3407 4637
f 4865 4651 3417
f 3537 4652 3417
f 4654 4653 3418
f 4654 3418 4716
f 4867 2948 4272
f 4657 4656 2951
f 4281 4657 2951
f 2329 4658 3430
f 3828 4659 2477
f 4661 4660 3441
f 2993 4661 3441
f 4868 3442 3218
f 3452 4663 3108
f 3455 4664 2592
f 4270 4665 2943
f 3934 4666 2867
f 3466 4670 4668
f 3466 4668 4667
f 4279 4669 2858
f 4671 4670 3469
f 3470 2420 4671
f 4671 4672 3470
f 3935 4673 3469
f 3563 4674 2896
f 4674 4675 3471
f 3936 4676 3471
f 3473 3125 4678
f 4713 4678 3125
f 4679 3477 4681
f 2209 4680 4679
f 3476 4681 3477
f 2632 4682 3325
f 2773 4683 3492
f 3493 4684 2772
f 3863 4685 3499
f 4686 3492 4683
f 3501 4687 2782
f 3203 4688 3489
f 3526 4689 3525
f 3484 4690 2198
f 4691 3520 3519
f 4646 4692 2207
f 4694 4693 3535
f 4692 4694 2207
f 3540 2605 4695
f 2610 4696 3547
f 3548 3547 4697
f 4700 4698 3549
f 4287 4699 2952
f 3550 4700 3549
f 3555 4701 2766
f 4702 3557 4807
f 3559 3257 4703
f 4704 3560 2189
f 4705 3560 4834
f 4542 4706 3299
f 3743 2215 4707
f 4709 4708 3564
f 4708 4709 3027
f 3897 4710 3566
f 4668 4711 3467
f 3811 4712 3571
f 3572 3571 4713
f 4715 4714 3572
f 4673 4715 3572
f 4654 4716 3124
f 3577 4717 120
f 3866 4718 2235
f 4531 4719 2664
f 4721 4720 3582
f 3033 4721 3582
f 2582 3600 4722
f 4723 2453 3977
f 2483 4724 3290
f 3616 4725 3614
f 4096 4726 2223
f 3437 4033 4727
f 3548 4728 3076
f 3079 4729 3091
f 4352 4730 3041
f 4730 4731 2711
f 3710 4732 2708
f 3647 4733 3648
f 3650 4734 3649
f 3048 4735 2252
f 3898 4736 2741
f 4172 4737 2809
f 3662 4738 3663
f 4169 4739 2807
f 3667 4740 2625
f 3675 2386 4741
f 3691 4742 3690
f 4743 2998 3360
f 3893 4744 3361
f 4745 2347 4816
f 2705 4746 3460
f 4252 4747 2218
f 4747 4748 3708
f 4750 3715 2857
f 3715 4750 4749
f 4751 3716 4752
f 3716 4811 4872
f 4753 2607 3434
f 4380 4754 2712
f 4730 4755 3041
f 3824 4756 3024
f 4757 3726 4759
f 4759 2513 3841
f 2513 4759 4758
f 4757 4760 3727
f 4761 3731 3732
f 4207 2866 4762
f 3022 4763 3733
f 3824 4764 3735
f 4420 4765 3736
f 4208 4766 2643
f 4767 3092 4809
f 3743 4768 3741
f 3766 4769 3746
f 4770 3747 4771
f 4772 4771 3747
f 4772 3747 3766
f 3836 4773 3090
f 2196 4774 3760
f 4623 4775 2196
f 2214 4776 3753
f 3767 4777 2748
f 4147 4778 3112
f 3786 4779 3781
f 4250 4780 2480
f 3942 4781 3795
f 3397 4782 3421
f 3814 4783 3813
f 3634 4784 2187
f 2187 4785 3630
f 3798 4786 3794
f 2244 4787 2465
f 3069 4788 3828
f 3254 4789 3833
f 2947 4790 3840
f 3841 4791 2865
f 4842 4792 2513
f 4792 4793 3841
f 2721 4794 3166
f 3644 4795 2826
f 2313 4796 3849
f 2324 4797 3098
f 4434 4798 3026
f 3272 4799 2530
f 3267 4800 3561
f 2542 3025 4801
f 2764 4802 3328
f 3887 4803 2761
f 4369 4804 2605
f 4848 4805 2741
f 2210 4806 3102
f 4702 4807 2801
f 2272 4808 3621
f 2321 4809 3153
f 3837 4810 2945
f 4811 2414 4872
f 4014 4812 2257
f 3930 2897 4813
f 2895 4814 3898
f 3934 2867 4815
f 4816 2262 4745
f 3201 4817 2450
f 3971 4818 3970
f 2319 4819 3587
f 3986 4820 2806
f 3990 4821 2698
f 2207 4822 4031
f 4034 4823 4031
f 4036 4824 4033
f 4034 4825 4032
f 2586 4826 2404
f 2631 4827 4063
f 2611 4828 2416
f 4112 4111 4829
f 3784 4830 2480
f 4317 4831 4112
f 3129 4832 2195
f 3639 4833 2200
f 2718 4834 2635
f 2720 4835 2310
f 4429 4836 4148
f 3883 4837 2754
f 2794 4838 4159
f 2793 4839 3447
f 2809 4840 4170
f 4569 4841 3337
f 4842 3730 4762
f 3288 4843 2643
f 4792 4844 2864
f 4435 4845 4225
f 4289 4846 2959
f 4402 4847 2900
f 2460 4848 3658
f 4458 4849 2284
f 2949 4850 4277
f 4282 4851 4283
f 2791 4852 4159
f 2993 4853 4331
f 3216 4854 4336
f 2596 4855 4337
f 3888 4856 2203
f 2205 4857 3722
f 2219 4858 3677
f 3390 4859 2972
f 3859 4860 2531
f 4861 4572 2820
f 3368 4862 3789
f 2971 4863 3406
f 2975 4864 3416
f 4651 4865 3409
f 4865 4866 4642
f 4656 4867 2951
f 3442 4868 4662
f 2896 4869 3566
f 3573 4870 3123
f 4727 4871 4726
f 4872 4752 3716
f 4873 4874 6340
f 5038 5349 5218
f 5039 5040 6339
f 5217 5347 4876
f 5278 5279 6379
f 5350 5035 5219
f 5465 5031 5032
f 5028 5029 5277
f 5781 5245 5027
f 5085 5284 5474
f 6384 5287 5839
f 4875 4876 5347
f 4879 4880 5211
f 6573 6575 5634
f 4878 5445 4877
f 4883 6353 5312
f 5021 5022 5498
f 5285 5018 5019
f 6346 5017 5018
f 5012 5013 6251
f 5297 6397 5273
f 5273 5009 6334
f 6729 5841 6731
f 5519 6033 5078
f 4997 4998 5449
f 4994 4995 5272
f 5392 6082 6083
f 6163 5002 5003
f 4999 5448 5228
f 5228 4998 4999
f 4988 6355 4987
f 6355 6354 4987
f 6354 5327 78
f 5259 4990 4991
f 6176 5259 6369
f 5236 6374 6373
f 82 81 5235
f 5268 5394 5143
f 5267 84 5236
f 91 90 5628
f 6331 5258 5188
f 6389 5288 6387
f 102 6328 5257
f 105 6364 106
f 6330 97 96
f 99 98 5375
f 5264 97 6330
f 5264 5265 6377
f 89 5288 5233
f 5253 5180 6149
f 5253 5426 5149
f 5223 4889 4890
f 4893 4894 5807
f 6342 4894 4895
f 5722 5198 5280
f 5358 5229 4898
f 6008 6009 6007
f 4906 4907 6329
f 5295 5749 6682
f 5430 5269 4908
f 4899 4900 6345
f 5147 5220 5352
f 5232 4917 5381
f 4919 5862 4918
f 5755 6685 6687
f 6344 4920 4921
f 4925 6349 4924
f 6398 5205 5304
f 5304 4926 6348
f 4934 5214 5333
f 4935 5214 4934
f 5357 4936 5226
f 4925 4926 5304
f 4938 5435 4937
f 5100 5530 6508
f 5246 4980 4981
f 4966 5227 5418
f 6211 4968 5238
f 4965 4966 5418
f 5241 6361 4974
f 5356 4983 4984
f 5172 5423 5906
f 5424 4976 4977
f 4978 4979 5905
f 6094 5111 6093
f 4977 4978 5247
f 5694 5695 5336
f 5400 5170 5311
f 5330 4948 5212
f 5492 6488 6485
f 5428 4949 4950
f 6186 4951 4952
f 5420 4961 4962
f 5243 5785 5166
f 5345 4955 5215
f 4960 5243 4959
f 4957 5421 4956
f 4953 5346 4952
f 4887 6149 4886
f 4903 5376 5231
f 5220 5351 4911
f 5307 4924 6349
f 4944 4945 5425
f 6323 5401 6038
f 5626 5243 4960
f 5897 5721 5896
f 6138 6139 5601
f 5709 6638 6639
f 5459 6641 6642
f 6527 6528 5053
f 5456 5113 6447
f 5699 6629 5690
f 6238 6236 6237
f 5924 6779 6774
f 6205 6201 5057
f 6089 6042 5708
f 5378 5102 6434
f 6268 6270 5650
f 6418 6452 5404
f 6704 5390 5799
f 5343 6604 5674
f 5539 5960 5988
f 5931 5932 5092
f 6064 6063 5587
f 6873 6170 6148
f 5314 101 100
f 5767 5315 5765
f 6348 5305 5204
f 6119 6118 5360
f 6817 6004 6823
f 6512 5261 6359
f 6497 5366 6496
f 5510 5901 5902
f 5593 6547 6550
f 5239 5160 5499
f 5646 6585 6586
f 5565 5458 5557
f 5668 5671 5336
f 5937 5501 5931
f 5093 6096 6097
f 5771 6853 5594
f 5520 5231 5157
f 6429 5084 6430
f 5324 6866 6154
f 5484 6480 6912
f 5432 5829 5838
f 6381 5283 5284
f 5729 5652 6123
f 5076 5523 5524
f 5867 5513 6500
f 5929 5501 5928
f 6590 5659 5660
f 5222 4909 4910
f 5354 6429 6428
f 5770 5899 5497
f 6114 6115 6116
f 5493 6487 6489
f 5427 4884 4885
f 6508 6509 5100
f 6161 6871 5124
f 6421 5282 5599
f 6463 5103 5436
f 5104 5629 6216
f 5105 5481 6195
f 5918 5919 5397
f 5079 5667 5669
f 6124 6125 5651
f 6771 6371 5920
f 102 101 6328
f 5076 5524 6507
f 6515 5452 5553
f 5228 5813 5153
f 5114 6356 6357
f 5666 6122 5159
f 5116 5760 5811
f 6560 5616 6561
f 6015 6016 6826
f 5183 5726 5256
f 6546 6548 5587
f 6819 6005 5127
f 5089 5785 5786
f 6307 6924 5148
f 6401 5091 5306
f 6369 6370 5125
f 5126 5545 6510
f 6012 6823 6930
f 5722 5723 5134
f 5633 5475 5634
f 5598 6065 6067
f 5158 6402 5308
f 6491 6490 5500
f 4989 6335 5249
f 5280 5198 6342
f 85 6343 86
f 5097 5400 5411
f 6487 5493 6486
f 5139 6403 5313
f 5211 5328 5602
f 5206 5309 5550
f 5333 5334 6408
f 5142 5583 5584
f 6447 5207 5395
f 4954 5216 4953
f 5609 6558 5145
f 5036 5219 5035
f 6428 5372 5147
f 5315 5186 5269
f 5467 5180 5253
f 4967 5227 4966
f 99 5225 100
f 6517 5152 6516
f 5189 5271 5396
f 5601 5725 6423
f 6426 6168 5364
f 5195 5276 5436
f 5157 5231 6433
f 5200 5302 5481
f 6122 5115 6592
f 5524 5160 6264
f 5161 5232 6439
f 5015 5240 5014
f 6909 5614 6401
f 5829 5432 5828
f 5886 5122 5885
f 4958 5244 4957
f 5545 5126 6424
f 6188 6097 5439
f 5213 5331 5659
f 5190 5274 5360
f 5237 5386 6161
f 5247 5583 5142
f 6436 5095 5382
f 6395 5764 5291
f 105 5248 6364
f 83 5236 84
f 5177 5230 6367
f 4946 5252 4945
f 5242 5419 5866
f 6492 6458 5505
f 4951 5255 4950
f 5422 5618 6562
f 5012 5256 5011
f 5584 6183 5142
f 102 5257 103
f 5186 5291 5270
f 97 5264 98
f 5188 5258 5262
f 5189 5431 5272
f 5190 5364 5275
f 5009 5273 5008
f 6365 5210 5249
f 5470 5471 6370
f 6372 5927 6388
f 5195 5439 5277
f 5196 6340 4875
f 5033 5278 5032
f 5134 5355 6419
f 6372 5260 6371
f 5200 5483 5303
f 5201 5281 5282
f 5017 5283 5016
f 5203 5286 5287
f 5204 5305 5306
f 4924 5307 4923
f 5451 5394 6446
f 5207 5556 5310
f 4943 5311 4942
f 4883 5312 4882
f 6368 5327 5133
f 5211 5609 5329
f 6518 5330 5559
f 5213 5666 5332
f 4934 5333 4933
f 6308 5779 6695
f 6170 5346 5727
f 6411 5347 6410
f 5146 6167 6165
f 6413 5197 5350
f 5222 5351 6415
f 5221 5353 5354
f 6307 5222 5123
f 5134 6654 6653
f 6135 5356 5787
f 6159 5185 5314
f 5357 5141 5214
f 5462 5179 5418
f 5449 5228 5153
f 5229 6422 6908
f 6368 5250 6367
f 5231 5376 5377
f 5382 5383 6439
f 6389 5500 6490
f 5359 6424 6375
f 6356 5235 5177
f 6378 5199 5267
f 5387 6440 5163
f 5150 6467 6211
f 6093 5160 5239
f 6254 5183 5388
f 6360 5241 5142
f 5886 5420 5242
f 5627 5243 5166
f 5421 6308 5215
f 5782 5245 5169
f 5906 5423 5246
f 5424 5142 5241
f 5224 6363 6362
f 6355 5249 5210
f 5770 6445 5250
f 5578 6235 6236
f 6455 5425 6457
f 5467 5253 5149
f 5427 6459 5209
f 5137 6519 5428
f 5429 6460 5191
f 5257 6390 5863
f 5262 5258 6375
f 6335 5259 5192
f 6337 5260 5194
f 5261 6512 6513
f 5262 5585 6544
f 6376 5263 5188
f 5264 6377 5375
f 6076 6851 5082
f 5830 5470 6471
f 6343 5267 5199
f 5395 5268 5143
f 5315 5269 6404
f 5812 5270 5174
f 5189 5396 5106
f 5272 6461 5625
f 6514 5443 5140
f 5190 5360 5107
f 5155 5226 5435
f 5195 5436 5103
f 5781 5277 5168
f 5278 6379 5465
f 5279 6817 6212
f 5722 5134 6419
f 6380 5157 6108
f 5282 5083 5599
f 5283 6381 5581
f 5085 5631 6382
f 6346 5285 5202
f 5287 5286 6385
f 6318 5839 5088
f 6387 5288 5194
f 5289 5110 5788
f 6393 5298 6392
f 5174 5270 5291
f 5815 5816 5293
f 5817 6720 6108
f 5753 6679 5295
f 6676 5746 6675
f 5042 6664 5737
f 5297 6153 6158
f 5618 5182 6136
f 5819 6721 6745
f 6555 6013 6554
f 5181 5658 5255
f 5200 5481 5105
f 5862 5303 5173
f 6349 5304 5205
f 6401 5306 6400
f 5306 5091 5511
f 5307 6402 5466
f 5308 5086 6197
f 5550 5112 6446
f 5310 6516 5448
f 5783 5311 5170
f 5139 5328 5444
f 6018 5074 6017
f 6328 5314 5185
f 6394 5315 5094
f 6174 5316 5810
f 6101 6102 6249
f 6644 6646 5714
f 6051 5707 6050
f 5982 6809 5045
f 5800 6171 6173
f 6114 5611 6113
f 6155 5324 6154
f 5119 6151 6150
f 6865 6151 6866
f 6180 6879 6877
f 5230 79 5327
f 5211 5602 5118
f 5445 5145 5217
f 6091 5330 5178
f 5213 5659 5115
f 5498 5332 5159
f 5333 6408 5784
f 5334 5101 6407
f 5668 5670 5671
f 5671 5694 5336
f 5686 6616 6614
f 5574 6531 6532
f 6631 5704 5916
f 5453 6282 6279
f 6294 5452 6285
f 5343 5674 6599
f 5675 5680 6609
f 6625 6626 5689
f 5216 4954 5345
f 6186 5346 5181
f 5196 4875 5347
f 5219 5036 5348
f 6411 5349 5196
f 6341 5350 5197
f 5222 4910 5351
f 5220 4912 5352
f 6416 6417 5354
f 6417 6429 5354
f 5134 5223 5355
f 6187 5356 5182
f 5214 4935 5357
f 6420 5358 5201
f 6424 5359 5234
f 6119 6120 5361
f 5361 6115 6117
f 5415 5966 6802
f 5969 5970 5968
f 6425 5275 5364
f 5670 5679 6184
f 6036 5605 6035
f 6011 6825 6824
f 5052 6326 6903
f 5052 6286 6298
f 5571 6288 6289
f 5890 5512 6259
f 6306 5374 6301
f 6702 6703 5797
f 6300 6301 5123
f 5225 5375 5151
f 5377 6432 5102
f 5377 5102 5378
f 6108 5378 5817
f 6434 5817 5378
f 5818 6721 6722
f 6436 5382 6435
f 5095 6449 5382
f 5383 6418 6417
f 5405 6566 5622
f 5409 6699 5794
f 6161 5386 5171
f 5582 5387 5163
f 6251 5388 5183
f 6084 5392 6083
f 5824 5433 5822
f 5855 5801 5832
f 5953 5954 6790
f 5976 5974 5537
f 6446 5394 5206
f 5207 6351 6163
f 5153 5813 5814
f 5705 5917 5916
f 5916 5704 6634
f 6000 6815 5999
f 5097 6120 6861
f 5401 6037 6837
f 6451 6454 5402
f 6566 6453 5060
f 5790 5796 6701
f 6105 6107 5385
f 5489 6483 6222
f 5515 6505 6219
f 5794 5049 6315
f 5719 5792 6314
f 5410 6637 5649
f 5362 6116 6121
f 5414 5977 5978
f 6485 5978 6807
f 6804 5972 5973
f 5961 5966 5415
f 5540 5979 5981
f 5280 5417 5154
f 6092 5418 5179
f 5419 5179 5866
f 5626 5420 5165
f 5215 4956 5421
f 5422 5182 5618
f 5905 5423 5172
f 5241 4976 5424
f 6352 5425 5208
f 5149 5426 5223
f 6353 5427 5209
f 5212 4949 5428
f 6334 5429 5191
f 5148 5430 5222
f 6461 5272 5431
f 5432 5824 5828
f 5390 6854 5799
f 5497 6475 5072
f 5226 4937 5435
f 6379 6212 5156
f 6463 6464 5103
f 5620 6830 6257
f 5168 5277 5439
f 6191 6193 6190
f 6885 6194 5093
f 5480 6657 6660
f 5443 5273 6397
f 5444 5312 6403
f 5217 4877 5445
f 5594 6547 5771
f 5873 5531 5872
f 5228 5448 5152
f 5449 5153 6448
f 5944 5945 6788
f 5519 5143 5451
f 5341 6277 6278
f 6283 5577 6287
f 6266 5077 6865
f 5458 5558 5557
f 5519 5868 5456
f 5458 5565 5910
f 5911 5458 5910
f 6699 6641 5459
f 6099 6645 5736
f 5479 5730 6658
f 6309 5462 5100
f 5528 5530 5523
f 5464 5871 5872
f 5465 5156 6462
f 5302 5466 5158
f 6468 5180 5467
f 6469 6470 5467
f 6036 6498 6499
f 5470 5096 5471
f 6473 5472 6472
f 6474 6475 5472
f 6854 6084 6085
f 5888 5475 5633
f 6048 6841 6049
f 5059 6155 6869
f 5663 5664 5662
f 6045 6046 5478
f 6594 5730 5479
f 6665 5708 5735
f 6196 6197 5482
f 5486 5621 6481
f 5173 5303 5483
f 6436 6437 5095
f 5768 5407 6482
f 5407 6887 6482
f 6565 5406 6567
f 6227 5488 6226
f 6733 6484 5844
f 5842 6731 6732
f 5842 6730 6729
f 5492 5548 6486
f 6706 5803 6488
f 6798 5963 5416
f 6590 5115 5659
f 5442 5740 5742
f 5497 5899 6176
f 5498 5159 6385
f 5238 5499 5160
f 5167 6490 6491
f 5926 5928 5501
f 5846 6736 6735
f 5935 5075 6110
f 5589 6057 6058
f 6496 6493 5508
f 6553 6035 5605
f 5074 6018 6019
f 6742 5853 5854
f 5510 6758 5859
f 6675 5299 6678
f 6500 5131 5511
f 6501 5513 5867
f 5308 6252 5086
f 5513 6501 6502
f 6221 5515 6219
f 6219 6220 5488
f 5688 6618 6619
f 5998 6813 5995
f 5519 5078 5868
f 5520 5157 6380
f 5968 5970 5521
f 5522 5974 5975
f 5528 5523 5076
f 5160 6093 6264
f 5528 5869 5870
f 5598 6067 6068
f 6066 5526 6185
f 5528 5464 5530
f 5776 5047 5773
f 5100 5463 5530
f 5874 5875 5533
f 6060 5532 5774
f 5122 5242 5866
f 6580 5536 6579
f 6579 5536 5641
f 5638 6578 5476
f 6792 5951 5801
f 5321 6788 5945
f 5988 5989 5539
f 5959 5979 5540
f 5651 5063 6210
f 6737 5655 6589
f 5543 5161 6416
f 5124 6442 6441
f 5932 5504 6209
f 5504 5935 6110
f 5412 6886 6485
f 6886 5548 5492
f 5952 5953 5450
f 5140 5552 5551
f 5553 5551 5454
f 5552 6158 5909
f 5553 5452 6034
f 6284 6286 6903
f 6178 6298 6267
f 6516 5310 5556
f 6766 5458 5913
f 6517 5558 5152
f 5098 5548 6518
f 5560 6519 6862
f 6037 5401 5698
f 5698 5673 6598
f 6742 6743 5564
f 5469 5852 5853
f 5457 6296 6897
f 5912 5568 5911
f 5569 6525 6526
f 5914 5087 6766
f 5703 6528 6613
f 6275 5572 6288
f 6291 5338 6534
f 6289 6239 5251
f 6814 6611 5681
f 6611 6543 5339
f 5054 6600 6601
f 5576 6534 6533
f 5577 6904 6238
f 6234 6179 6877
f 5579 6009 6821
f 6007 6009 5579
f 5240 5581 5162
f 5582 5163 6400
f 5090 6077 6079
f 5584 5527 6325
f 5075 6545 6544
f 5262 6253 5188
f 5587 6063 6546
f 5447 6059 6061
f 6054 6055 5590
f 5065 6927 5877
f 5780 5066 6131
f 5772 5773 5047
f 5120 6253 6549
f 6851 5887 5082
f 6074 6075 6081
f 6393 5616 6848
f 6070 6071 6849
f 5090 6207 5907
f 5601 6551 6310
f 5600 6722 5852
f 5725 5073 5723
f 5139 6828 6552
f 6014 6015 5580
f 5580 6011 6009
f 6555 6556 6557
f 6028 5752 5367
f 6023 6024 5438
f 5442 6670 6672
f 5145 5329 5609
f 6827 6164 5610
f 5992 6111 5363
f 5624 5997 5995
f 5326 6220 6223
f 6620 5690 5069
f 5615 5198 6419
f 6560 6069 6848
f 6075 6076 5082
f 5298 6847 6764
f 6189 6190 5440
f 6024 6025 6031
f 5621 5060 6481
f 5385 6700 6105
f 6581 6584 5643
f 6610 6098 5518
f 5625 5164 6471
f 5243 5626 5165
f 5244 5627 5166
f 5234 5628 5167
f 5631 5632 5630
f 6569 5476 6578
f 6216 5631 5630
f 6569 5630 5632
f 6572 5632 5633
f 5634 6575 6572
f 6577 5638 6575
f 6640 5319 5712
f 5707 6051 6319
f 6271 5059 6272
f 6571 6156 6570
f 5640 5647 5641
f 5325 6586 6585
f 6920 5642 6579
f 5643 5043 5841
f 6734 5623 5845
f 6636 6637 5709
f 6271 6272 5646
f 5641 5647 5535
f 6312 5636 5711
f 5410 5649 5648
f 6157 5324 6155
f 5651 6125 6129
f 6128 5656 6127
f 6587 5654 6922
f 5980 5982 5045
f 5924 6261 5850
f 6126 5653 6125
f 5591 5898 6749
f 5137 5255 5658
f 6096 5093 6890
f 6205 5661 6591
f 5663 5662 6592
f 5287 6386 5088
f 5088 6386 6905
f 6596 5479 6838
f 6049 5478 6048
f 5159 5332 5666
f 5668 5667 5079
f 5336 5697 6628
f 6168 5669 5155
f 5670 5342 5671
f 5671 5672 5694
f 6598 6599 5672
f 6606 5678 6605
f 6602 5676 6601
f 6602 5575 5676
f 6694 5337 6627
f 5691 5686 6541
f 5624 6811 6098
f 6520 5679 5365
f 6610 5681 6612
f 6613 5573 6543
f 6816 5399 6814
f 5825 5827 5433
f 5704 6633 6634
f 5573 6542 6543
f 6615 5344 6617
f 6443 6444 5069
f 6622 5690 6620
f 6146 5891 6621
f 6623 5690 5614
f 6618 5344 6625
f 6237 6239 5572
f 6241 6242 5370
f 5054 5778 5694
f 5697 5336 5695
f 5697 6311 5101
f 6628 5101 5335
f 6606 5401 5678
f 5867 6259 5512
f 5734 5480 6660
f 5737 6666 5042
f 5702 6185 6630
f 6631 6524 5703
f 5705 6634 5835
f 5915 5916 5917
f 5706 5918 5917
f 5707 6042 6043
f 5480 5734 5735
f 6700 5409 5795
f 6640 5712 5710
f 6263 5636 6262
f 5459 5793 6699
f 6314 5792 5459
f 5714 6643 6644
f 5318 6646 6647
f 5809 6709 6708
f 6100 5717 6650
f 5798 5719 6651
f 6698 5792 5719
f 5721 5897 5877
f 5721 5879 5880
f 5723 5073 5724
f 5725 5723 5154
f 5724 5149 6653
f 6864 5601 6139
f 5119 6460 6911
f 6170 5727 5108
f 5728 5729 6123
f 6128 6131 5066
f 6657 5730 6656
f 5733 6662 5734
f 6659 6658 5732
f 6663 5742 5700
f 5735 5708 6040
f 5736 5460 6089
f 6099 6857 5042
f 5739 6103 5738
f 6100 6101 5717
f 5739 5701 6103
f 6668 5740 5442
f 6673 5757 5741
f 6663 6671 5742
f 6204 6203 6202
f 5608 6247 5851
f 6032 5746 6677
f 6674 6675 5746
f 5861 5900 5510
f 6678 6679 5748
f 5749 5750 6680
f 5380 5820 6217
f 5293 6719 6690
f 5900 5901 5510
f 5757 6688 5753
f 6265 6103 6104
f 6842 6685 5755
f 6875 6174 5759
f 5757 5701 6669
f 6052 6842 5755
f 5094 5315 5767
f 5762 5763 5761
f 6750 6752 5591
f 5811 5762 5761
f 6206 5761 5763
f 6432 5377 6431
f 5765 5316 5767
f 5766 6303 6304
f 6396 5767 5759
f 5482 6197 6198
f 5769 6503 6504
f 6366 5133 6365
f 5772 5047 6852
f 5774 5773 6693
f 5776 5773 5532
f 5775 6748 5873
f 6321 6053 6054
f 5047 6850 6072
f 5772 5771 5777
f 5695 5694 5778
f 5779 5116 5780
f 6761 6762 5904
f 5245 5781 5168
f 5331 5782 5169
f 5274 5783 5170
f 5386 5784 5171
f 5785 5089 5762
f 5786 5720 5897
f 6135 5787 5110
f 5788 5175 6390
f 5791 5790 6697
f 5796 5790 5373
f 6698 5373 5791
f 6642 6314 5459
f 6699 5409 6639
f 5795 5794 5408
f 6700 5385 6636
f 6701 5796 5084
f 6899 5374 6306
f 6709 6305 5718
f 5055 5954 5955
f 5976 5950 5393
f 5391 5831 6723
f 5827 6258 5433
f 5070 6088 6087
f 5959 5540 5958
f 6141 6142 5805
f 5969 5992 5363
f 5807 4894 6342
f 5923 5943 6784
f 5718 6708 6709
f 6691 6304 5316
f 5811 5761 6762
f 5812 5174 6431
f 5813 6714 5814
f 5397 5919 6767
f 6137 5816 6718
f 5816 5058 6248
f 5820 5818 6720
f 5818 6722 6310
f 5819 5048 5852
f 5820 5380 6721
f 5822 5433 5823
f 5433 6258 5823
f 5821 5822 5823
f 5825 5833 5061
f 5834 5827 5825
f 5827 5831 5391
f 6258 5391 5802
f 5164 6461 5829
f 5838 5431 5106
f 5829 5830 5164
f 6172 6171 5391
f 5856 5855 5832
f 5706 5833 5432
f 5827 5834 5826
f 6725 5684 6728
f 6727 5682 6812
f 5857 6141 5805
f 5838 5106 5918
f 5129 6383 6384
f 5045 5984 5987
f 5642 5841 6729
f 6181 5325 6880
f 6585 5843 5325
f 5844 5489 6227
f 5845 5623 6568
f 5655 5983 6589
f 6739 5848 6737
f 6003 6926 6002
f 6246 6739 6892
f 5986 5808 5984
f 6891 5744 6257
f 6138 5852 5469
f 5853 5564 6523
f 6758 5510 5902
f 6792 5393 5950
f 5856 5857 5858
f 6141 6143 5044
f 5393 5855 5858
f 5750 5861 5860
f 5861 5750 5299
f 5900 5299 5747
f 5862 5173 6435
f 5248 5863 5175
f 5864 5176 6374
f 5235 5865 5177
f 6746 5122 5866
f 5867 5512 6501
f 5868 5457 6466
f 5870 5869 5529
f 5528 5870 5464
f 5872 6747 5532
f 5532 6060 6845
f 5873 6748 5874
f 6509 5874 5533
f 5875 5885 6746
f 5885 5876 5720
f 5879 5721 5877
f 5878 6321 5879
f 5880 5879 5590
f 6749 5898 5880
f 6751 5883 6750
f 6892 6260 5502
f 5883 5903 5904
f 6781 5884 5933
f 5885 5122 6746
f 5420 5886 5165
f 6550 5120 5593
f 5888 5474 6477
f 6578 5889 5639
f 5892 5512 5890
f 5892 5893 5051
f 6756 5892 5051
f 5893 6145 5894
f 5894 6757 6218
f 6224 5326 6223
f 5898 5896 5721
f 5897 5720 5876
f 5898 5591 6206
f 6176 5899 5192
f 5901 5747 5752
f 5902 5901 5300
f 6758 5509 6742
f 6761 5066 6762
f 5904 5761 6206
f 5247 5905 5172
f 6207 5172 5906
f 6065 5090 5907
f 6068 6067 6846
f 6299 5555 6297
f 5911 5910 5566
f 5911 5568 5913
f 5053 6524 6917
f 6766 5087 6714
f 5915 5914 5398
f 5397 5814 6208
f 6635 5917 5705
f 5915 5917 5397
f 5397 5917 5918
f 6448 6767 5396
f 5109 6371 6771
f 6770 5922 6769
f 5924 6774 6261
f 6785 6786 5939
f 5064 5926 6777
f 5922 6779 6771
f 5501 5938 6783
f 5925 6776 6778
f 5941 5929 5930
f 5931 5929 5503
f 6246 5502 5930
f 5931 5092 5937
f 5504 5546 6209
f 5934 5504 5933
f 6844 5935 5934
f 5075 5585 6110
f 5936 5046 6843
f 5938 5500 5132
f 5132 5927 6783
f 5990 5940 6787
f 5045 6929 5981
f 5929 5941 5503
f 5942 6893 6754
f 5943 6788 6787
f 5944 5450 5945
f 5947 5321 5945
f 6794 5055 6874
f 5947 5538 5948
f 5956 5539 5948
f 5949 5950 5976
f 5855 6792 5801
f 6794 6874 5951
f 5953 6082 5392
f 5954 5953 5392
f 6794 6790 5055
f 6704 5955 5390
f 6805 6801 5537
f 5958 5957 5322
f 5958 5540 5960
f 6707 5962 5804
f 5960 6808 5988
f 6796 5804 5961
f 5979 5962 5541
f 5063 6129 6130
f 6132 5063 6130
f 6922 5653 6587
f 5521 5971 6802
f 5968 5974 5522
f 5969 5968 5522
f 5969 5363 5970
f 5971 5521 5970
f 5414 6087 6803
f 5971 5970 5972
f 5973 6250 5977
f 5975 5976 5393
f 5975 6806 5985
f 5949 5976 5537
f 5978 5977 5413
f 6087 5978 5070
f 5980 5979 5541
f 5980 5045 5981
f 5981 6929 6808
f 5983 5982 5654
f 5983 5655 5984
f 5987 5984 5808
f 5996 5985 5806
f 6894 5850 6261
f 6810 5987 5940
f 5988 5990 5989
f 5948 5989 5947
f 5989 5990 5321
f 5991 5541 6799
f 5992 5806 5993
f 5612 5993 5997
f 5997 5993 5994
f 5995 6813 6811
f 5985 5996 5522
f 5997 5624 6323
f 5998 5682 5999
f 5999 6815 6610
f 6816 6814 6000
f 6634 6633 5684
f 6002 5848 6246
f 5850 6738 6926
f 5579 6930 6005
f 6007 5579 6005
f 6007 6820 5071
f 6008 6007 5071
f 6008 5580 6009
f 6822 6010 6821
f 6829 6023 5438
f 6822 5041 6010
f 6823 5081 6817
f 6027 6030 5606
f 5118 6552 6015
f 6016 6015 5603
f 6825 6826 5604
f 6017 5074 6553
f 5139 5313 6018
f 6019 5507 6835
f 6020 5138 6494
f 6213 5437 6465
f 5620 6563 6564
f 5438 6021 6829
f 5607 6832 6024
f 6830 5620 6025
f 6030 6027 6026
f 6028 6831 5752
f 6028 5367 6029
f 6025 6832 6833
f 6555 6030 6013
f 6834 6031 5620
f 6247 6032 5745
f 6033 5452 6294
f 5553 6034 5112
f 6036 6035 5366
f 6556 6036 5300
f 6037 6039 6837
f 6038 6322 6323
f 5062 6837 6836
f 5732 5480 6040
f 6044 6041 5461
f 6042 5707 6320
f 6050 5713 5319
f 6040 6044 5732
f 6838 6045 5478
f 6262 6047 6839
f 6573 6840 5050
f 6841 6048 5475
f 6838 6049 5665
f 6051 6050 5319
f 6895 5711 6263
f 6052 5755 6684
f 6054 6053 5447
f 6321 6054 5590
f 6055 6843 6056
f 5880 5590 6056
f 6058 5447 5588
f 5588 6782 6844
f 6061 5774 5592
f 5775 5873 6845
f 5588 5447 6061
f 6064 5588 6062
f 6063 5446 6546
f 5075 6064 5587
f 6849 6066 5598
f 6066 6185 6077
f 6846 6067 5908
f 6070 5598 6068
f 6070 6073 5597
f 6071 6070 5597
f 5526 6066 6849
f 5047 5776 6850
f 6074 6073 5596
f 6074 5595 6078
f 5617 6160 6870
f 6851 5151 5265
f 6079 5527 5584
f 6080 6072 6071
f 5583 6079 5584
f 5047 6072 6080
f 6074 6081 5595
f 5114 6082 5549
f 6084 6083 5389
f 6086 5390 5955
f 6085 5072 6854
f 5954 6086 5955
f 5415 6802 6803
f 6803 6088 5415
f 6089 5708 6665
f 5080 6090 5952
f 5252 6091 5178
f 5419 6092 5179
f 6855 6093 5111
f 5184 6183 6883
f 4973 6095 4972
f 6255 6256 6890
f 6885 5440 6193
f 6098 5678 6608
f 5715 6644 6645
f 6101 6858 5296
f 6101 5296 6102
f 5756 6712 6713
f 5738 6103 6265
f 5754 6684 6265
f 6105 6106 6107
f 5405 5622 6106
f 6107 5622 6568
f 5157 5378 6108
f 6859 6109 5656
f 5504 6110 5546
f 5972 6860 5611
f 6113 6038 5062
f 6114 6113 5062
f 6114 5362 6250
f 6115 5361 6116
f 5097 6456 6121
f 6427 6118 6117
f 5360 6118 5107
f 5170 5400 6861
f 6116 6120 5097
f 5977 6121 5413
f 5159 6122 5662
f 6147 5108 6123
f 6587 6126 5542
f 6129 6125 5653
f 6735 6126 5656
f 6126 6127 5656
f 6128 5066 6859
f 5651 6129 5063
f 6799 6800 5965
f 6131 5729 6696
f 6133 6132 5964
f 6133 5494 6134
f 5658 6863 5137
f 5356 6135 5182
f 5298 5618 6136
f 6686 6137 5759
f 5601 5600 6138
f 5725 6864 5073
f 6140 5468 6652
f 6142 6141 5044
f 6142 5806 5985
f 6143 5837 6812
f 5371 6144 5890
f 5894 6145 5517
f 6888 5693 6242
f 6148 5651 5301
f 5301 5658 6873
f 5254 6149 5180
f 6153 5297 6150
f 6151 6865 6153
f 6266 6267 5555
f 5077 5909 6158
f 6155 6154 5323
f 6155 5059 6157
f 6570 5630 6569
f 6268 5324 6157
f 5140 6158 5552
f 5185 6159 5117
f 6160 5617 6561
f 5237 6161 5124
f 5268 6162 5394
f 5207 6163 5395
f 6166 5145 6164
f 5146 5218 6167
f 6166 5121 6410
f 6273 5121 6166
f 6169 6168 5365
f 5669 6169 5079
f 5346 6170 5181
f 6171 5800 6704
f 6172 5801 6173
f 5800 6173 6874
f 6686 6174 5756
f 6724 5683 5856
f 5497 6176 5125
f 6559 6177 5117
f 6877 6178 6878
f 6327 6179 5578
f 6181 5491 6233
f 6880 5325 5843
f 6586 6182 5650
f 6360 6183 5184
f 5670 6184 5342
f 6077 6185 5527
f 5255 6186 5181
f 5422 6187 5182
f 6097 6188 5440
f 5619 6563 6190
f 6191 6190 5056
f 6191 5441 6193
f 6672 6192 5744
f 6097 6885 5093
f 6255 6194 5495
f 6199 6195 5482
f 6196 5158 5308
f 6502 6915 6914
f 5482 6198 5768
f 6199 5485 6479
f 6481 6200 5486
f 6661 5496 5733
f 5441 6192 6203
f 5496 6203 5743
f 5495 6204 6202
f 6205 5057 6593
f 6206 5591 6752
f 5583 6207 5090
f 5397 6208 5915
f 5092 5932 6209
f 6133 6210 5063
f 5150 6211 5238
f 5437 6463 6465
f 6022 6213 6021
f 6215 6214 5412
f 5136 6215 5411
f 6156 6216 5630
f 6681 5751 6680
f 6505 5515 6504
f 6221 6219 5488
f 5326 6230 6226
f 6221 6887 6231
f 6222 5487 6482
f 6224 5613 6225
f 5895 6241 6245
f 6225 6232 6233
f 6227 6226 5490
f 6227 5489 6222
f 6228 5491 6229
f 6732 6229 5842
f 6226 6230 5490
f 5769 5515 6231
f 6233 6232 5369
f 6228 6233 5491
f 5578 6179 6234
f 6236 6240 5370
f 6238 5578 6236
f 6238 6274 5577
f 6904 6326 6327
f 6244 5692 6292
f 5613 6224 6245
f 5517 6241 5895
f 6244 6243 5693
f 5370 6243 6237
f 6626 6244 5693
f 5895 6245 6224
f 6246 5848 6739
f 6247 5608 6833
f 6842 6248 5058
f 6648 6249 5317
f 5611 6250 5973
f 5256 6251 5183
f 6914 5513 6502
f 6376 6253 5120
f 5240 6254 5388
f 6194 6255 5093
f 6890 5169 6096
f 6891 6257 5608
f 5823 6258 5802
f 5890 6259 5699
f 6893 6260 5882
f 5986 6894 5808
f 6574 6262 5636
f 5711 5636 6263
f 6264 5525 6507
f 6265 5296 6858
f 5909 6266 5555
f 6267 5368 6878
f 5368 6882 6881
f 6152 6866 6867
f 6270 5646 6586
f 6571 6272 5059
f 6272 5536 6580
f 6164 6273 6166
f 6275 6274 5572
f 6275 5341 6287
f 6276 6538 6277
f 6277 6281 6278
f 6278 6279 6282
f 6295 5078 6294
f 6280 5457 5868
f 6281 6293 6278
f 6287 5341 6282
f 6326 5577 6283
f 6284 5554 6286
f 6285 5452 6515
f 6286 6297 6298
f 6287 5577 6274
f 6288 5572 6239
f 6290 6289 5251
f 6290 5576 6535
f 5691 5338 6291
f 6624 6292 5692
f 6278 6293 5455
f 6033 6294 5078
f 6280 6295 6279
f 5566 5910 6897
f 5555 6267 6298
f 6298 6178 6876
f 5554 6299 6297
f 6300 6306 6301
f 6302 6303 6301
f 6303 6302 5068
f 6303 5766 5123
f 5316 6304 5810
f 5718 6305 5798
f 5797 6899 5372
f 6924 5766 6691
f 5779 6308 5116
f 5179 5462 6309
f 5601 6310 5600
f 6906 6311 5544
f 6313 6312 5711
f 6313 5710 6638
f 6314 5318 6651
f 5408 5794 6315
f 6453 6910 6451
f 6106 6317 5405
f 5477 6318 6049
f 6839 6902 5637
f 6320 5461 6041
f 6053 6321 5878
f 6113 6322 6038
f 6608 6323 5624
f 5525 6855 6325
f 5584 6325 5111
f 6327 6326 5052
f 6904 5578 6238
f 5257 6328 5185
f 5270 6329 5186
f 5264 6330 5187
f 5263 6331 5188
f 5272 6332 5189
f 5275 6333 5190
f 5273 6334 5191
f 5249 6335 5192
f 5259 6336 5193
f 5288 6337 5194
f 5277 6338 5195
f 5349 6339 5196
f 4875 6340 4874
f 5278 6341 5197
f 5807 6342 5198
f 5260 6343 5199
f 5303 6344 5200
f 5358 6345 5201
f 5283 6346 5202
f 5285 6347 5203
f 5304 6348 5204
f 5307 6349 5205
f 6162 6350 5206
f 5310 6351 5207
f 5311 6352 5208
f 5312 6353 5209
f 5327 6354 5210
f 6354 6355 5210
f 6358 6356 5114
f 5114 6357 5389
f 5235 6358 5176
f 6374 6359 5261
f 6361 6360 5184
f 4974 6361 4973
f 6363 5224 4985
f 5248 6362 6363
f 106 6364 4986
f 5327 6365 5133
f 6366 5899 5770
f 6357 6367 5250
f 6368 5133 5770
f 6176 6369 5125
f 6370 5471 6472
f 6372 6371 5109
f 5260 6372 5194
f 5267 6373 5135
f 6373 6374 5261
f 5126 5262 6375
f 5187 6376 5120
f 5375 6377 5151
f 5920 6378 5135
f 5465 6379 5156
f 5520 6380 5281
f 5581 6381 5162
f 5631 5162 6382
f 5202 6383 5129
f 5129 6384 5839
f 6386 6385 5159
f 6905 6386 5662
f 6389 6387 5132
f 5132 6388 5927
f 5233 5288 6389
f 5863 6390 5175
f 6392 6391 5290
f 6392 5298 6136
f 6846 6847 5067
f 5315 6394 5186
f 5764 6395 5292
f 6137 6396 5759
f 5443 6397 5140
f 5205 6398 5131
f 5131 6399 5511
f 6401 6400 5163
f 6629 6401 5614
f 5307 5308 6402
f 5312 5313 6403
f 5148 5315 6404
f 5726 6405 5323
f 6406 6156 6869
f 5544 6907 6906
f 5784 6408 5171
f 5335 5334 6409
f 6410 5121 6411
f 6412 6411 5121
f 5349 6412 5218
f 5197 6413 5127
f 6872 6414 5146
f 5222 6415 5123
f 6417 6416 5161
f 6429 6417 5084
f 6701 6418 5404
f 5722 6419 5198
f 6422 6420 5128
f 6421 5599 6551
f 5358 6422 5229
f 6908 5725 5154
f 6375 6424 5126
f 5435 6425 5155
f 6168 6426 5365
f 6427 5561 6520
f 5354 6428 5221
f 6428 6429 5372
f 5372 6429 6430
f 6432 5174 5764
f 6717 6432 5764
f 5378 5157 6433
f 5817 6434 5379
f 6435 5173 6436
f 6436 6438 6437
f 6450 6437 5403
f 6437 6438 5484
f 5383 5161 6439
f 6441 6440 5124
f 6909 6441 5614
f 6442 5069 6623
f 5069 6442 6443
f 5069 6444 5687
f 6357 6445 5389
f 5451 6446 5112
f 5556 6447 5113
f 6767 6448 5153
f 6452 6449 5402
f 6451 6450 5403
f 6454 6451 5384
f 6418 5383 6452
f 6910 5405 6317
f 6452 6454 5404
f 5425 6455 5208
f 6121 6456 5413
f 6455 6457 5136
f 6459 6458 5138
f 6020 6459 5138
f 6150 6460 5119
f 5625 6461 5164
f 6465 6462 5156
f 6464 6463 5437
f 6464 5619 6189
f 5436 6465 6463
f 5565 6466 5457
f 6211 6467 5227
f 6468 5099 6493
f 6470 6469 5468
f 6470 5099 6468
f 5830 6471 5164
f 5497 6472 5472
f 5434 6473 5821
f 6475 6474 5473
f 5497 5472 6475
f 5129 6476 5202
f 5888 6477 5477
f 6438 6478 5484
f 6479 5485 6480
f 6912 6480 5060
f 6200 6481 5485
f 5768 6482 5486
f 6484 6483 5489
f 5406 6484 5845
f 6886 5412 6214
f 6488 6486 5493
f 5494 6133 6489
f 6913 6488 5803
f 5964 6798 6928
f 6389 6490 5233
f 6491 5092 6511
f 6494 6492 5506
f 5506 6492 6493
f 6494 5507 6020
f 6035 6495 5366
f 6497 6496 5508
f 5366 6498 6036
f 6758 6499 5509
f 5902 5300 6499
f 6252 6500 5513
f 6502 6501 5514
f 6252 6914 5086
f 6915 5769 6198
f 5769 6504 5515
f 6756 6504 5514
f 5523 6506 5524
f 5702 6507 5525
f 6509 6508 5531
f 5533 6901 6509
f 5585 6510 5546
f 6209 6511 5092
f 6513 6512 5080
f 6513 5921 6768
f 5551 6514 5140
f 6285 6515 5554
f 5448 6516 5152
f 5558 6517 5557
f 5098 6518 5559
f 5428 6519 5212
f 5679 6520 5562
f 6493 6521 5508
f 6522 5564 6743
f 5853 6523 5469
f 6918 6524 5398
f 5912 6525 5053
f 6526 5570 6529
f 6527 5573 6528
f 6528 5703 6524
f 6530 6529 5340
f 6530 5574 6542
f 6531 6537 6532
f 5339 5574 6532
f 6291 6534 5576
f 6537 6534 5575
f 6290 6535 5571
f 6536 5570 6538
f 6532 6537 5575
f 5571 6538 6276
f 5575 6539 5676
f 6540 5677 6603
f 6541 5686 6614
f 6527 6542 5573
f 6543 5685 6613
f 6253 6544 5586
f 6544 6545 5586
f 6548 6546 5593
f 6547 5594 6550
f 6545 6548 5586
f 5586 6549 6253
f 5120 6550 5887
f 6423 6551 5601
f 6015 6552 5603
f 6017 6553 5604
f 6554 6013 6825
f 6555 5606 6030
f 6556 5300 6557
f 6831 6557 5752
f 6164 6558 5610
f 6177 6559 5290
f 6069 6560 5596
f 6559 6561 5616
f 5422 6562 5246
f 6257 6563 5620
f 6564 6022 6834
f 6483 6565 5487
f 6453 6566 5405
f 6566 6567 5622
f 6107 6568 5623
f 6578 6570 6569
f 6156 5630 6570
f 6869 6571 5059
f 6569 6572 5476
f 6575 6573 5635
f 6576 5534 6577
f 6572 6575 5476
f 5648 6576 5636
f 5534 5638 6577
f 6570 6578 5639
f 5642 6585 6580
f 6272 6580 5646
f 6584 6581 5644
f 6582 5645 6583
f 6734 6583 5623
f 5643 6584 5043
f 5843 6585 5642
f 6586 5650 6270
f 6588 6587 5542
f 5654 6588 5983
f 6589 5847 6737
f 6590 5661 6592
f 6205 6591 5495
f 6593 6592 5661
f 5730 6593 5057
f 6596 6594 5479
f 6318 6595 5665
f 6838 5479 6045
f 5667 6597 5669
f 6599 6598 5673
f 6600 6599 5674
f 6601 6600 5674
f 6601 5676 6603
f 6602 5675 6919
f 6603 5677 5778
f 6602 6604 5675
f 6607 5678 6098
f 5401 6606 5698
f 5343 6605 6607
f 6098 6608 5624
f 6919 5339 6532
f 5999 6610 5518
f 6612 5339 6609
f 5680 6612 6609
f 5703 6613 5399
f 6541 6614 5677
f 5691 6615 5686
f 6614 6616 5337
f 6620 6617 5688
f 6619 5371 6622
f 5689 6146 6621
f 5069 5687 6620
f 6144 6621 5891
f 5699 6622 5371
f 5069 5690 6623
f 6624 5692 6625
f 5689 6618 6625
f 6146 6626 5693
f 5697 6627 5696
f 6628 6923 5336
f 5690 6629 5614
f 5869 6630 5529
f 6632 6631 5703
f 5399 6816 6633
f 5684 6633 6001
f 5916 6634 5705
f 5835 6635 5705
f 6637 6636 5645
f 6638 6637 5410
f 6639 6638 5710
f 6700 6639 5409
f 6051 6640 5711
f 6642 6641 5713
f 6642 5714 6314
f 6644 6643 5460
f 5714 6646 5318
f 5715 6645 6099
f 5715 6649 6647
f 5716 6708 6925
f 6249 6648 5717
f 6650 5715 6099
f 6100 6650 6099
f 5798 6651 5718
f 6469 6652 5468
f 5134 6653 5223
f 6653 6654 5724
f 5345 6655 5216
f 6657 6656 5731
f 6657 5732 6658
f 6659 5732 6044
f 6045 5479 6659
f 5734 6660 5733
f 5496 6661 6201
f 5700 5734 6662
f 6671 5743 6670
f 6664 5042 6857
f 6089 6665 5736
f 6100 6666 5738
f 5742 6667 5700
f 6669 6668 5741
f 5740 6669 5701
f 6672 6670 5743
f 5496 5743 6671
f 6672 5744 5851
f 5757 6673 5294
f 6675 6674 5747
f 6676 6675 5748
f 6677 5294 6673
f 6673 5745 6677
f 6679 6678 5749
f 6689 6679 5753
f 6682 6680 5751
f 6217 5751 6681
f 5295 6682 5758
f 5757 6683 5754
f 6265 6684 5296
f 6687 5756 6102
f 6686 5759 6174
f 5296 6687 6102
f 6689 5294 6676
f 6676 5748 6689
f 6217 6690 5751
f 6304 6691 5766
f 6231 6692 5769
f 5592 6693 5777
f 6694 5778 5677
f 6308 6695 5215
f 6131 6696 5780
f 5791 6697 5049
f 5798 6698 5719
f 5794 6699 5793
f 6105 6700 5795
f 5790 6701 5404
f 6703 6702 5798
f 6703 5374 6899
f 5955 6704 5800
f 6171 6705 5802
f 6707 6706 5416
f 6797 5804 6796
f 6711 6708 5716
f 6305 6709 5068
f 6711 6710 5809
f 6648 5317 6711
f 6174 6712 5756
f 5756 6713 6102
f 5152 6714 5813
f 6690 6716 5293
f 5379 6716 5820
f 5292 6717 5764
f 6137 6718 5292
f 6690 6719 5758
f 6310 6720 5818
f 6745 6721 5380
f 6310 6722 5600
f 6172 6723 5832
f 5856 5832 6724
f 6175 6725 5836
f 6175 6726 5683
f 6727 5836 6728
f 6001 6728 5684
f 6731 5841 5043
f 6880 6730 5491
f 6729 6731 5842
f 6229 6732 5490
f 6484 6733 5845
f 6583 6734 5644
f 6109 6735 5656
f 6740 6736 5846
f 6002 6926 5848
f 5986 6738 5850
f 6739 5849 6892
f 6736 6740 5847
f 6260 6741 5657
f 5853 6742 5564
f 6743 6497 5508
f 6143 6744 5837
f 5860 5819 6745
f 5875 6746 5533
f 5776 5532 6747
f 5065 5874 6748
f 6750 6749 5881
f 6752 5883 5904
f 6759 6760 5657
f 6206 6752 5904
f 5046 5936 6754
f 5942 6754 5884
f 5120 6755 5187
f 6501 6756 5514
f 6223 6757 5895
f 6499 6758 5902
f 6760 5883 6751
f 6260 6760 5882
f 6762 5066 5780
f 5761 5904 6762
f 6764 6763 5130
f 6763 6764 5908
f 6293 5567 6765
f 5914 6766 5913
f 5396 6767 5919
f 6769 6768 5921
f 6769 5922 6771
f 6770 5320 6774
f 6778 6779 5925
f 6770 6772 5923
f 5923 6773 5944
f 6261 6774 5320
f 6003 6775 5924
f 6783 6776 5926
f 5064 6777 6775
f 6779 5109 6771
f 6774 6779 5922
f 5933 5932 6780
f 5942 6781 5941
f 6064 6782 5588
f 5132 6783 5938
f 6770 6784 5320
f 5939 5940 6785
f 5320 6786 6261
f 5939 6787 5940
f 5944 6788 5943
f 6789 5946 6791
f 5946 6789 6790
f 6791 5946 6794
f 6792 5950 6793
f 6792 6793 5951
f 6790 6794 5946
f 5322 6795 5958
f 6797 5415 6088
f 6707 5804 6797
f 6132 6798 5964
f 5991 6799 5965
f 6130 6800 6132
f 5956 6801 5957
f 6803 6802 5971
f 6803 6087 6088
f 5972 6804 5971
f 6801 6805 5967
f 5393 6806 5975
f 6485 6807 5412
f 5540 6808 5960
f 5045 6809 5984
f 5840 6808 6929
f 5624 5995 6811
f 6727 6812 5837
f 6811 6813 5518
f 6814 5685 6611
f 6610 6815 5681
f 6633 6816 6001
f 6818 6817 5279
f 5127 6818 5197
f 6007 6819 6006
f 6820 6006 6872
f 6012 6821 6010
f 6822 6011 6824
f 6012 5081 6823
f 6822 6824 5041
f 6826 6825 6011
f 6015 6826 5580
f 6164 6827 5071
f 6552 6828 5603
f 6010 6829 6012
f 6257 6830 5608
f 6557 6831 5606
f 6028 6832 5607
f 6830 6833 5608
f 5438 6834 6022
f 6019 6835 5074
f 6837 5062 6038
f 5401 6837 6038
f 6596 6838 5665
f 6262 6839 5637
f 6047 6840 6048
f 6049 6841 5477
f 6685 6842 5058
f 5589 6843 6055
f 6844 6058 5588
f 5872 6845 5873
f 6068 6846 5067
f 5067 6847 6393
f 6560 6848 5616
f 5526 6849 6071
f 5529 6072 6850
f 5887 6851 5265
f 5595 6852 6078
f 5082 6853 6081
f 6084 6854 5390
f 6264 6855 5525
f 6094 6856 6095
f 6664 6857 5736
f 6265 6858 5738
f 5903 6859 5066
f 6112 6860 6111
f 6119 6861 6120
f 5494 6862 6134
f 6862 6863 6134
f 6139 5073 6864
f 6153 6865 5077
f 6865 6866 6152
f 6152 6867 6269
f 5323 6868 5726
f 6571 6869 6156
f 6076 5617 6870
f 6442 6871 5544
f 6414 6872 6006
f 5181 6873 5658
f 5801 6874 6173
f 5316 6875 5767
f 6877 6876 6178
f 6877 6179 6876
f 6881 6878 5368
f 6182 6879 6180
f 5491 6181 6880
f 5368 6269 6882
f 6182 6882 5650
f 5184 6883 6094
f 6257 6884 5056
f 6194 6885 6193
f 5547 6886 6214
f 6231 6887 5407
f 6242 5517 6888
f 5131 6252 6889
f 5169 6890 6256
f 5744 6891 5851
f 5849 6260 6892
f 5502 6893 5942
f 6786 6894 6261
f 6051 5711 6895
f 6152 6896 6266
f 5565 6897 5910
f 6898 5809 6710
f 6306 5372 6899
f 5421 6900 6308
f 6509 6901 6309
f 6319 6902 6320
f 6283 6903 6326
f 5578 6904 6327
f 6905 5664 6595
f 5101 6906 6407
f 6407 6907 5171
f 5417 6908 5154
f 6441 6909 6440
f 5405 6910 6453
f 5429 6911 6460
f 5484 6912 5403
f 6485 6913 5070
f 6915 6502 6503
f 5769 6915 6503
f 5530 6916 6508
f 5053 6917 5912
f 5568 6918 5914
f 6609 6919 5675
f 5641 6920 6579
f 6107 6921 5385
f 5653 6922 5965
f 5335 6923 6628
f 5765 6924 6691
f 5318 6925 6651
f 6737 6926 6738
f 5877 6927 5878
f 5416 6928 6798
f 5840 6929 6810
f 6004 6930 6823
f 8275 7126 7421
f 4919 4918 7213
f 7919 4908 4907
f 7356 4911 4910
f 7195 4910 4909
f 7919 7204 7123
f 4927 4926 7501
f 7815 7134 7424
f 8753 7273 4925
f 4922 7322 7174
f 7323 4924 4923
f 8400 8401 8347
f 4906 4905 7918
f 6931 7930 4893
f 8757 6936 6937
f 8757 7279 7156
f 7280 7566 8808
f 7181 6940 6941
f 7157 7278 8807
f 7186 7331 4898
f 7264 4902 7435
f 4899 4898 7331
f 6931 6932 7677
f 7275 4895 8755
f 8815 7249 7290
f 7265 4905 4904
f 4946 7326 7176
f 4948 4947 7327
f 4941 8626 7235
f 7467 7139 7234
f 8626 4941 4940
f 4941 7235 4942
f 7399 8890 8861
f 4953 8752 7271
f 8752 4953 4952
f 8105 7674 9014
f 7168 4961 4960
f 4957 8745 4958
f 7327 7664 4948
f 8690 8472 8187
f 4935 7221 7863
f 7189 4965 4964
f 8739 8740 4969
f 7599 7417 7109
f 7502 8669 7110
f 6963 7328 7182
f 4974 4973 8767
f 7354 6973 6974
f 6975 6976 7599
f 8759 7281 7158
f 7120 7634 7199
f 8195 7592 9437
f 4935 4934 7221
f 7137 9554 7705
f 6948 6949 7633
f 8840 9616 9451
f 6952 7357 6951
f 6955 7712 7197
f 7277 8806 7276
f 7301 5008 5007
f 7236 7142 8743
f 5002 5001 8743
f 9102 7746 9100
f 7433 5005 7238
f 7170 7301 5007
f 7170 5007 5006
f 8748 4999 4998
f 8768 5040 7188
f 8750 5030 5029
f 7149 8750 7266
f 5040 8768 4873
f 8389 5038 5037
f 7332 8738 7188
f 7218 7129 7704
f 5017 8408 5018
f 8765 5021 5020
f 8207 7533 7629
f 5023 5022 8273
f 8657 8514 7318
f 7197 7950 7116
f 7288 7383 2157
f 7167 2156 2155
f 7340 2164 2163
f 2161 8746 2162
f 2162 7226 2163
f 2159 2158 7169
f 7287 7701 7167
f 6960 6961 7183
f 6960 7329 6959
f 7099 7382 7177
f 2151 2150 8761
f 7302 7082 7177
f 7239 2166 2165
f 8716 7303 8715
f 4994 7333 4995
f 8832 8831 7227
f 8774 7194 8769
f 7214 8777 9608
f 4992 8506 4993
f 7194 2175 2174
f 2173 2172 7228
f 2171 7171 2172
f 7215 9475 8778
f 76 2179 4987
f 8324 2176 2175
f 7201 2168 7289
f 8764 5026 5025
f 7175 5011 5010
f 9198 7466 7180
f 4917 8082 4918
f 4991 4990 8405
f 7257 8466 9544
f 8097 7822 8099
f 9347 9344 8049
f 5025 5024 7426
f 7208 9069 9640
f 9170 9171 9172
f 8484 7438 8482
f 7654 8141 9405
f 8414 7025 8413
f 9189 7847 7848
f 9147 7781 9145
f 8770 7054 8769
f 8607 7976 7452
f 4944 7179 8666
f 7998 9311 9312
f 7023 8813 9614
f 7166 6946 6947
f 7380 8570 8571
f 8228 7641 8225
f 7834 8726 8728
f 9248 7537 7927
f 8178 7831 8182
f 7296 5027 5026
f 9201 8705 7866
f 8516 7493 9098
f 7050 7436 8510
f 8717 7303 8716
f 7617 8983 8984
f 7032 9368 8390
f 9068 7992 9067
f 7814 7079 7203
f 8575 8576 7017
f 8222 7230 8225
f 7252 8793 8794
f 9163 7800 8635
f 8918 7521 8917
f 8336 7405 8335
f 8326 9578 7042
f 8183 7316 8179
f 8280 8281 7335
f 7864 8856 7367
f 7694 9024 7022
f 7468 7467 7089
f 4950 8751 4951
f 8413 7025 9516
f 7975 7976 8607
f 7206 8074 8075
f 7476 8204 7040
f 7277 7532 7036
f 8980 7005 8979
f 8833 8836 7059
f 7151 8752 7270
f 7989 8069 7224
f 8596 8597 8595
f 8642 8130 9401
f 7637 8238 7060
f 8757 7278 6936
f 7640 8217 8231
f 7503 7524 7078
f 9430 8206 8205
f 7679 9016 7080
f 8391 9513 7069
f 7043 8284 7370
f 7086 7392 7406
f 8485 7438 8484
f 7608 8700 7046
f 7474 8895 7090
f 9232 7900 7285
f 7373 8361 8362
f 7192 7794 7117
f 8125 9398 7866
f 9002 7344 8997
f 7462 8982 8393
f 7012 8926 8927
f 8848 8667 7359
f 8192 8193 7314
f 7030 7839 7840
f 7143 7606 7238
f 8831 8833 7059
f 7860 7861 7038
f 9610 7031 8794
f 8279 8286 8278
f 9159 9161 7797
f 7269 9368 8803
f 7972 7984 7401
f 7715 7324 7141
f 9452 8520 9663
f 9507 8095 8360
f 7051 8781 8782
f 7926 9245 9246
f 7251 9264 8882
f 8208 6997 8207
f 7102 8804 7272
f 9375 7237 8784
f 7098 8672 8673
f 8924 7036 7532
f 7157 7921 7429
f 8920 7078 7524
f 7041 9019 7682
f 8673 9025 9441
f 7125 8271 8790
f 8409 7099 7177
f 4894 8755 4895
f 2177 7229 7172
f 7294 7295 8816
f 8608 7406 7392
f 7045 7444 7445
f 7046 7607 7608
f 7867 7284 7468
f 7103 7179 8660
f 7815 9463 9167
f 7043 8281 8282
f 7148 7264 7373
f 7523 7710 7711
f 7145 7225 7335
f 7096 7526 8922
f 9314 7999 8722
f 4922 7174 4923
f 7701 7702 7062
f 8410 8412 8411
f 8817 7056 8741
f 4955 7178 4956
f 9164 7064 7805
f 7802 8470 7104
f 5015 7185 5016
f 7807 8674 7106
f 7071 8849 7865
f 4897 7186 4898
f 7109 7593 7594
f 7837 7591 7110
f 4927 7187 4928
f 7572 9581 8234
f 7181 7351 8840
f 8061 7640 7861
f 5039 7332 7188
f 6953 7198 6952
f 5034 7193 5035
f 8644 7441 8643
f 7166 7299 7637
f 7120 7199 8083
f 6970 7200 6969
f 7122 7378 8566
f 7195 7355 8391
f 7149 7266 7436
f 8833 8831 7341
f 7678 7080 8867
f 7562 8737 7127
f 7189 7418 8105
f 5023 7218 5024
f 7216 7423 7920
f 8877 8876 7229
f 8901 7434 8902
f 7133 7205 8779
f 7221 7526 7096
f 7203 7420 7814
f 7136 7356 7716
f 5018 7219 5019
f 4993 7220 4994
f 7473 7090 8879
f 8690 7314 7952
f 7324 7715 9033
f 7236 7714 7142
f 5004 7238 5005
f 4958 7248 4959
f 7145 7370 7226
f 4900 7249 4901
f 7147 7250 7251
f 7148 7378 7265
f 7149 7440 7267
f 7150 7268 7269
f 4953 7271 4954
f 4925 7273 4926
f 8627 9587 7061
f 7154 7795 7275
f 6950 7276 6949
f 7156 7279 7280
f 7429 7921 9239
f 7158 7281 7282
f 9587 7239 8785
f 6959 8762 6958
f 6972 7294 6971
f 7444 7124 7296
f 7607 7129 7297
f 8813 7023 9202
f 7165 7502 7590
f 7166 7639 7300
f 7167 7703 7288
f 7504 7128 7321
f 8828 7334 7095
f 8507 7141 7301
f 7434 8901 8770
f 4989 7241 7205
f 7173 8868 8671
f 8818 7152 7323
f 7175 7802 7325
f 7176 7807 7327
f 8409 7177 7082
f 8508 7144 7350
f 7179 8880 8660
f 8826 7865 9198
f 9581 7067 8234
f 7078 8822 8821
f 7329 8823 7160
f 7840 7184 7104
f 8518 7330 7665
f 8824 7146 7331
f 8594 7353 7612
f 7712 8329 7115
f 9434 8472 7070
f 7354 8842 7161
f 7601 7191 7113
f 7794 7192 7118
f 8870 7217 7425
f 8324 7194 7131
f 7356 7195 9034
f 8741 7837 7110
f 7713 7197 7116
f 8844 7155 7357
f 7199 8847 8083
f 7358 8847 7199
f 8790 8791 7252
f 8599 7685 8598
f 8275 7421 7203
f 8326 7204 7122
f 8780 7215 8779
f 7206 8075 8079
f 7992 9066 9067
f 9049 7209 9048
f 9185 7648 9184
f 7688 7690 7597
f 8709 7735 8708
f 8559 7581 8558
f 7422 8868 7173
f 8777 7214 7133
f 7017 8578 9475
f 7815 7424 7216
f 7217 8870 7562
f 7426 8872 7162
f 7427 8875 7163
f 7333 8826 7180
f 9612 9613 7096
f 8781 7222 7136
f 8070 8071 7223
f 7990 9306 9304
f 8827 7335 7043
f 7340 8830 7159
f 8271 8832 7227
f 7228 8883 8325
f 8324 8877 7229
f 9096 7570 9095
f 7231 8795 8796
f 8498 9550 7583
f 8783 7233 7083
f 7234 8878 7467
f 7431 8880 7179
f 7714 7223 8078
f 8784 7237 7142
f 7433 7097 7170
f 8754 7239 7153
f 8787 7084 7241
f 8780 7241 7084
f 9138 9648 9137
f 7208 8001 9045
f 9337 8045 9339
f 8940 7555 9621
f 9518 8420 8421
f 7952 7314 8817
f 8788 7086 7168
f 8858 7435 7093
f 8789 7107 8668
f 9264 7951 8882
f 7125 8790 8792
f 8795 8837 7253
f 9588 8628 9611
f 9205 6992 9620
f 9348 7000 9347
f 8460 8465 7257
f 7260 8956 8934
f 8957 7456 8932
f 8926 8925 7545
f 7981 9294 8638
f 7811 9165 7363
f 7550 8772 8775
f 7148 7373 7049
f 7918 7265 7122
f 7149 7436 7050
f 7267 8885 7604
f 8801 7106 8390
f 9366 8066 9367
f 8802 7270 7150
f 8661 7102 7178
f 7272 8663 8101
f 7273 8805 7501
f 7274 9439 7924
f 7408 7275 7108
f 7276 8806 7633
f 8240 9453 7036
f 8758 7278 7157
f 8587 9580 7112
f 7280 7037 7566
f 8811 7282 8810
f 7282 7039 7503
f 7867 7283 9202
f 8904 8892 8893
f 8698 8699 9236
f 7895 9229 7894
f 7167 7701 7062
f 7383 7094 7169
f 8814 7289 7153
f 7290 8565 8103
f 8720 8719 7291
f 9309 7997 7305
f 8041 9325 7658
f 7294 8816 7635
f 7295 7040 8093
f 7949 7296 7124
f 8273 7297 7129
f 8104 7283 8812
f 7166 7637 7060
f 7602 7300 7114
f 8742 7301 7141
f 7302 7160 8823
f 8005 7293 8003
f 8141 8164 8140
f 7996 9076 8002
f 9409 8148 9408
f 9003 7005 8980
f 8139 8140 7657
f 7969 9286 9284
f 7960 9276 9247
f 7449 8593 8392
f 7819 8249 8694
f 7137 7705 7219
f 7316 8183 8184
f 9435 8190 8191
f 7928 9248 9249
f 7002 8260 8088
f 7015 7796 9158
f 9161 7799 9577
f 8121 9397 8688
f 8272 7321 7128
f 7098 7322 7173
f 8753 7323 7152
f 9602 7715 7141
f 7464 7325 7104
f 7176 7805 7064
f 8801 7664 7106
f 8819 7328 7158
f 8762 7329 7160
f 8408 7330 7137
f 8747 7331 7146
f 7127 8736 8738
f 7180 4995 7333
f 7095 7334 7169
f 8287 8280 8279
f 8282 8052 9349
f 7824 8173 8188
f 8057 9355 9356
f 7823 8316 8317
f 8760 7340 7159
f 8833 8834 7342
f 7342 7870 7545
f 8938 9620 6992
f 9000 9006 7651
f 9455 8242 9606
f 8905 7346 8903
f 8686 9631 7624
f 7511 9241 8433
f 8703 7684 9476
f 8745 7350 7144
f 8840 7351 7113
f 7600 7352 7112
f 8404 7353 7130
f 8763 7354 7161
f 8391 7355 7123
f 8407 7356 7136
f 8756 7357 7155
f 8846 7358 7200
f 7071 8667 8848
f 7361 8856 7864
f 7369 8857 7033
f 8299 7385 9659
f 8854 7366 8852
f 8852 8853 7364
f 8046 9660 9341
f 8580 7368 8579
f 8856 8857 7369
f 8577 7017 8576
f 7369 8668 7865
f 8829 7370 7092
f 8630 8631 7538
f 7392 7086 7372
f 7093 7290 8103
f 7049 8362 7667
f 8123 9009 9010
f 8616 7595 8557
f 9126 7769 8548
f 7122 7265 7378
f 8570 8572 8569
f 7380 8526 9561
f 7771 9132 9130
f 9029 7382 7099
f 7169 2158 7383
f 8358 8615 8357
f 8342 8339 8338
f 8046 9341 9342
f 7483 8289 9483
f 7244 9038 7726
f 8347 7725 8346
f 7243 9305 9303
f 9166 7812 8601
f 7026 7978 8608
f 7960 7675 9617
f 7394 7975 7962
f 7395 8862 8863
f 8167 8168 7826
f 7317 8176 8177
f 9289 7966 7973
f 8865 8890 7399
f 7985 7401 7984
f 8066 9364 8320
f 8431 7512 9521
f 8504 8135 8136
f 7968 9297 7983
f 8333 8334 9501
f 7504 8276 9477
f 7183 7407 7100
f 7186 7408 7108
f 7410 9398 9399
f 9199 9152 7780
f 9388 9390 8118
f 9131 9134 6991
f 9129 8163 7772
f 9407 7307 8144
f 8385 9112 7756
f 8380 8381 8245
f 7417 7165 8515
f 8105 7418 7128
f 7737 7101 7247
f 7420 7135 7814
f 8082 7421 7126
f 7173 4920 7422
f 7423 7130 7920
f 8505 7424 7134
f 8869 7425 7193
f 8764 7426 7162
f 8765 7427 7163
f 8574 7215 8780
f 7157 7318 7921
f 7430 7164 8812
f 7179 4943 7431
f 8881 7432 7147
f 7170 5006 7433
f 8925 8775 7490
f 7435 7249 8815
f 8510 8511 7437
f 8486 8488 7437
f 7006 9103 9105
f 9259 9263 7579
f 8885 7267 7440
f 7738 9079 9080
f 8212 7534 8211
f 9090 9091 7936
f 9553 9552 7045
f 8489 7438 8486
f 8889 8392 7446
f 9546 8482 7447
f 9556 8652 7749
f 8889 8886 7445
f 9574 9206 7872
f 7451 8356 7977
f 9288 9286 7969
f 7964 9278 9280
f 8611 8291 8613
f 8542 8539 8540
f 7012 8925 8926
f 7628 8991 7259
f 8301 8302 7729
f 8421 8423 7508
f 7496 8426 8425
f 7913 7471 7912
f 9273 9272 7958
f 7540 7896 7898
f 7184 7464 7104
f 7465 7105 9007
f 7466 7107 8789
f 8891 7139 7467
f 8892 7467 7468
f 7494 7469 8698
f 7912 7910 7911
f 9231 7900 9230
f 7347 8425 7507
f 7469 7494 8904
f 8413 7475 8896
f 7475 9516 8897
f 7479 8973 8899
f 9427 9428 6982
f 7825 8173 8174
f 8204 8536 7477
f 7480 9435 8473
f 8057 9354 8799
f 7833 8060 8310
f 8680 7246 8697
f 8676 8677 7622
f 7787 8478 8479
f 7696 9026 7931
f 7790 8364 8365
f 7694 7022 7693
f 8021 7734 8020
f 7490 8902 8836
f 8647 8648 7439
f 9079 7738 8488
f 9003 9004 7005
f 7495 8698 7009
f 7346 8905 8906
f 8418 7498 8414
f 7495 8907 8906
f 7806 8439 8440
f 8441 8443 7808
f 8911 7519 7500
f 7501 7111 8981
f 7590 7502 7110
f 7503 7514 7524
f 7504 7044 8670
f 7428 8575 8574
f 8579 7368 8577
f 8424 7508 8423
f 8422 9518 8421
f 8448 8449 6994
f 9525 7511 8433
f 9243 7922 9622
f 8452 8451 7810
f 8496 7585 8494
f 7500 7514 8911
f 7002 8094 8095
f 8099 8313 7515
f 7517 7515 8313
f 7518 8087 8084
f 7869 7524 7500
f 7094 8277 8278
f 7711 7763 7522
f 7521 8918 7763
f 7703 7710 8277
f 8822 7182 8821
f 7525 9203 8412
f 8922 7526 9226
f 8351 7891 9225
f 9171 7820 9465
f 8322 9653 8606
f 9217 7880 8624
f 9238 8348 7531
f 8924 8106 9384
f 7562 7072 7563
f 9255 6997 8065
f 9443 8216 7638
f 7117 8354 7193
f 7537 7926 7927
f 8630 8632 8628
f 7906 7539 7899
f 7895 7896 7541
f 9209 7875 9211
f 9213 6978 8304
f 8677 8678 7622
f 8013 8020 8026
f 7547 8926 7870
f 8956 8454 7553
f 8454 7547 8933
f 7012 8927 8928
f 8581 8582 7813
f 8773 8772 7550
f 9049 9050 7209
f 6990 9059 9060
f 8454 8956 7557
f 8936 8935 7554
f 8954 7260 8953
f 9242 7922 9240
f 7456 8931 8932
f 9493 8297 8298
f 8959 7560 8958
f 6985 8582 8583
f 9670 9566 8455
f 8736 8737 7029
f 8737 7563 7029
f 8462 9541 8344
f 8461 7836 8460
f 8513 7077 7566
f 8961 7319 7567
f 8961 8962 7569
f 8633 8634 7569
f 7576 8561 8562
f 7571 7568 7573
f 8234 7067 9451
f 8633 7569 7573
f 8963 8964 7575
f 9576 9584 8563
f 8965 7212 8969
f 9572 8559 8550
f 8549 9570 8548
f 8553 8554 7580
f 9120 7415 9121
f 8524 9586 9557
f 6998 8569 9008
f 7402 8497 8498
f 8502 8500 8501
f 7513 8491 8493
f 7589 9295 8257
f 7556 8946 8943
f 8638 8639 7588
f 7834 8725 8726
f 7591 7593 7590
f 7593 7591 7028
f 8899 8900 7480
f 7593 7109 8515
f 7594 7085 8841
f 8617 8620 7595
f 7596 7686 7687
f 7597 7690 9021
f 7955 9266 8201
f 7190 7599 7109
f 7600 7112 8809
f 7351 7601 7113
f 7191 7602 7114
f 7193 7603 7117
f 7192 7604 7118
f 7605 8530 8531
f 8977 7238 7606
f 8589 7607 7046
f 9098 7745 8591
f 9104 9101 7493
f 8516 7609 8702
f 9534 9544 7611
f 8594 7612 7053
f 7924 7925 8394
f 7614 8393 8982
f 8986 9266 7955
f 7698 8202 8203
f 7617 8597 8596
f 9465 7820 9466
f 8027 7489 8032
f 8651 8424 7620
f 7621 8681 8685
f 9211 8471 7543
f 9114 9115 7483
f 8436 9632 8988
f 7760 9115 9114
f 8682 9595 7626
f 8991 7628 8990
f 8437 7511 9525
f 7563 8992 8993
f 8993 8994 7029
f 8677 8996 7632
f 8677 7632 9593
f 7299 7633 7119
f 7634 7120 8810
f 7635 7121 9376
f 8260 8085 8088
f 8239 8240 7638
f 8215 9443 8214
f 7114 7300 7639
f 8221 8225 7641
f 8231 8218 7641
f 9260 7941 9257
f 8267 7744 8268
f 7644 9450 8229
f 8997 8998 7645
f 7839 7030 7841
f 9189 7850 9634
f 9181 7648 7844
f 9004 9635 7650
f 9454 9108 8241
f 8544 7652 8517
f 9607 9606 8241
f 8149 8150 6988
f 9405 8141 8142
f 9420 8146 9410
f 9407 9412 7307
f 8039 8040 7304
f 7308 8014 8015
f 8019 7659 8018
f 8003 7293 8002
f 8008 7663 8007
f 8010 9336 8044
f 7308 8007 8014
f 7106 7664 7327
f 8518 7665 7052
f 7666 9180 9001
f 8568 8569 7379
f 7668 8618 8619
f 8174 8175 7825
f 7682 9017 7670
f 9492 8541 7672
f 9492 7365 8297
f 7483 8291 8611
f 9014 7674 9246
f 9245 7926 7537
f 8186 7537 8185
f 7154 8755 7930
f 7596 7680 9016
f 7679 9015 7681
f 8671 8672 7098
f 7686 7681 7670
f 8704 9018 7684
f 8119 7699 8118
f 7684 8703 8704
f 8109 7709 8108
f 7687 7688 7597
f 7693 7687 7597
f 8107 7689 7690
f 7689 8110 8111
f 8116 7691 9021
f 8467 7598 7694
f 8024 7544 8376
f 8672 8328 7022
f 7988 7695 9024
f 8198 8199 7034
f 9027 7598 7696
f 8307 7698 7933
f 6996 8201 8202
f 7786 8118 9390
f 9020 6986 7688
f 8411 7702 9030
f 9031 7702 7016
f 9032 7288 7703
f 8871 7704 7087
f 8874 7705 7088
f 8331 9500 9261
f 9123 7872 9206
f 8647 7439 7767
f 8107 8110 7689
f 8277 7710 7523
f 7711 7522 8919
f 7197 7712 7115
f 7198 7713 7116
f 8070 9369 7074
f 9033 7715 7057
f 8782 7716 7409
f 9119 9035 7764
f 9035 9036 7243
f 7726 9038 7719
f 9044 9059 9061
f 9070 9071 7731
f 9064 7851 9063
f 7730 9047 9048
f 9051 9053 8303
f 9213 9214 6978
f 8045 9338 7726
f 7724 9042 9046
f 9585 8294 8614
f 7484 9209 8301
f 9638 9060 9637
f 9064 9070 9072
f 7210 9320 8009
f 7736 8013 8026
f 9333 8029 7735
f 7882 9653 9218
f 8023 9330 8013
f 7101 7737 7419
f 7739 9079 9081
f 9088 9401 8130
f 8350 8348 8349
f 9095 7741 9555
f 8228 8226 7644
f 7570 9096 9097
f 9097 9645 7940
f 8592 7311 8590
f 7748 9105 9106
f 7750 9107 9108
f 7447 8481 8480
f 9125 8521 7766
f 7750 9109 9646
f 7751 8381 8382
f 9597 8243 9598
f 8653 8654 7749
f 8383 8384 7756
f 7755 9416 8154
f 9208 7872 9207
f 9120 9121 7765
f 9419 9154 7784
f 9124 9123 7766
f 7761 9115 9116
f 9494 7484 8301
f 7762 8684 7875
f 9031 7763 7702
f 9119 7764 6995
f 7765 9647 9112
f 7766 7749 8654
f 8646 8647 8331
f 9461 8248 8246
f 8548 7769 8547
f 9132 7770 9130
f 9569 9132 8546
f 9141 7773 9134
f 9135 9137 7779
f 7785 9390 9155
f 9152 9151 7780
f 7777 9139 9140
f 8528 8529 9564
f 9221 7771 9133
f 6991 9134 9135
f 9199 9201 7866
f 9156 8469 7202
f 7414 9417 8159
f 8264 9472 9473
f 9423 8160 8155
f 9156 7202 9157
f 8118 9386 7485
f 7487 8477 8478
f 8117 8109 7485
f 9385 7486 8112
f 8367 7791 8370
f 8370 7792 8364
f 8114 7692 8115
f 8261 7656 9420
f 7794 7035 8127
f 7108 7275 7795
f 7797 7796 7015
f 8824 8825 9651
f 9163 9162 7798
f 8564 8565 7290
f 7319 8961 9624
f 7648 9181 9182
f 7104 7325 7802
f 7030 7842 7843
f 7804 9187 7845
f 8897 7806 9164
f 7025 8415 8439
f 7106 7327 7807
f 8442 7809 8441
f 8447 8444 8445
f 8498 8504 7402
f 7812 8706 7405
f 7405 8336 9502
f 7813 8582 8333
f 8703 7814 7349
f 7815 9167 8921
f 7817 7528 7891
f 7915 9170 9172
f 7008 8984 9630
f 7819 7008 9173
f 9272 9273 7618
f 9175 9174 7823
f 8096 7515 8095
f 8317 9177 7823
f 8196 7826 8168
f 8166 8167 8170
f 7317 8165 8166
f 7974 8171 8172
f 8132 9402 8645
f 9381 8100 7829
f 8179 7831 8178
f 9404 7397 8133
f 7832 8310 8312
f 7834 9359 8725
f 8059 9603 9356
f 9604 8730 8731
f 9467 7258 8941
f 9437 7837 7056
f 8088 8089 7002
f 7847 7841 7030
f 7104 7803 7842
f 9180 7841 7646
f 7030 7840 7842
f 7847 7647 7841
f 8533 7844 7648
f 9182 9183 7846
f 8151 8138 8149
f 9190 7850 9189
f 7648 9182 9184
f 9188 8149 6988
f 9191 9000 7850
f 8033 8137 7851
f 7996 7997 9309
f 8114 8318 7692
f 9326 7306 8610
f 8142 9194 9195
f 9343 9196 7857
f 9197 9348 7857
f 7858 9228 8058
f 8233 8234 9451
f 7862 7859 9616
f 7861 7640 8386
f 8229 7862 7038
f 4936 7863 7298
f 7864 7021 8601
f 9198 7865 7107
f 7410 9152 9199
f 7868 9202 7023
f 9093 7868 7740
f 9203 7869 7016
f 7870 7546 8933
f 9205 7343 9535
f 7242 8554 8555
f 7706 7947 9261
f 9208 7874 7756
f 9211 7543 9212
f 8302 8301 8304
f 9217 8305 7880
f 7878 9217 9216
f 8303 9215 9652
f 8625 7881 8624
f 7881 8621 8622
f 7958 9274 9275
f 8707 9219 7885
f 7884 9219 7886
f 9655 7882 9218
f 7886 7551 8345
f 7887 8022 8042
f 8081 7734 8021
f 8250 8322 9599
f 9559 8525 9558
f 9226 7891 7527
f 9228 7892 7482
f 8305 7893 7541
f 7894 7286 7895
f 7895 7898 7896
f 7896 7897 7905
f 7897 8602 8603
f 7898 7906 7899
f 7902 7540 7899
f 9232 9233 7900
f 9233 6989 7902
f 7902 6989 7903
f 8602 7897 7903
f 8695 8696 7889
f 7880 7541 7905
f 7907 7906 7631
f 7908 7910 7471
f 7909 7908 7471
f 9231 7285 7900
f 7911 7910 7461
f 7911 7472 7912
f 7912 8306 7913
f 7470 7914 8534
f 9093 7914 7470
f 7528 9169 9170
f 8352 7916 7621
f 9238 9225 7917
f 7204 7918 7122
f 7355 7919 7123
f 9464 7312 8249
f 7233 9239 7083
f 9529 9242 8437
f 8430 8432 8490
f 7034 8200 7925
f 8393 7614 8394
f 7927 7926 7001
f 9404 8134 9661
f 8689 7831 8179
f 7396 9282 8131
f 4893 7930 4894
f 7933 7931 7697
f 8035 8036 8259
f 7933 7698 9027
f 9268 7934 9269
f 9092 7938 9361
f 8062 7443 9254
f 8237 8062 9091
f 8062 9254 7938
f 8211 7534 8210
f 8965 8966 8968
f 9260 7944 9259
f 8969 8970 7578
f 8970 9628 7578
f 9259 8308 7946
f 9643 7937 9086
f 7947 7946 7708
f 7947 7706 9262
f 8646 7948 7768
f 7266 7949 7124
f 7950 7029 8994
f 8070 8357 7224
f 8690 7952 7101
f 7953 8128 8129
f 7117 7794 8127
f 7957 7956 8986
f 9629 8985 9272
f 9271 7956 7957
f 7958 9275 9273
f 9654 7883 9218
f 7961 7962 7396
f 7961 7396 8645
f 7963 7975 7310
f 9281 7963 9277
f 7964 9280 9289
f 9284 9283 7965
f 8725 7833 8732
f 7967 8172 8131
f 7966 9283 9285
f 9288 9287 7970
f 8640 8639 7970
f 8355 7971 7452
f 7972 9506 7984
f 8311 7974 9291
f 6981 8169 8171
f 7975 7394 7976
f 7976 7977 8356
f 9292 7451 7977
f 7978 7393 8608
f 7393 7979 7960
f 9297 9299 7983
f 9295 9296 7982
f 9665 9471 8257
f 9285 7983 7261
f 7400 9382 7985
f 7986 7985 7024
f 7986 7403 8135
f 9366 9367 8068
f 8734 7616 8199
f 7989 9304 8069
f 9307 7991 9370
f 9069 7992 9068
f 9066 9308 7994
f 8071 8072 7223
f 9372 8076 7994
f 9075 9076 9639
f 8037 7997 9310
f 8717 7998 9312
f 8076 8077 7027
f 7170 7097 8309
f 7097 9373 8079
f 7719 9038 9045
f 8197 9317 8002
f 8003 9318 8005
f 7308 8041 9335
f 8037 8715 7303
f 8006 7662 8007
f 8014 8007 7663
f 8008 9320 8011
f 8009 8044 8034
f 8043 8044 9336
f 9322 9330 8012
f 8018 7659 9323
f 8013 7736 8023
f 9325 8041 8015
f 8140 8610 7306
f 9327 7854 9193
f 7854 9192 9193
f 9329 8012 8373
f 8373 8372 8019
f 8020 7734 8026
f 8021 7733 8022
f 7887 8711 9601
f 8373 8376 7544
f 7792 8370 9509
f 8318 8319 7692
f 8032 7736 8026
f 8027 8028 8029
f 7888 8712 8713
f 8031 7489 8029
f 8030 9269 9270
f 8031 7934 9253
f 8035 8032 7489
f 8010 8033 7851
f 8009 8034 7210
f 9332 8035 7853
f 8259 8036 7697
f 7997 8037 7303
f 8395 7801 8038
f 9334 7660 9335
f 8138 8139 7657
f 9335 7660 9318
f 8042 7732 9220
f 8043 7552 8403
f 8044 8009 9321
f 8342 9660 9340
f 8047 9341 8296
f 8330 9499 7728
f 8967 8562 8048
f 8049 9344 9343
f 8287 8288 9346
f 9174 9176 7821
f 9347 9349 8052
f 8282 8283 7043
f 9352 8055 9351
f 8285 8387 7538
f 8798 8799 7564
f 8057 9356 9354
f 9357 8059 9356
f 7834 8729 9603
f 8060 7833 8725
f 7060 8061 7639
f 9086 9090 7936
f 8221 8219 7642
f 9442 7013 8215
f 9362 8065 6997
f 8067 9364 9365
f 8320 8450 8451
f 7032 9366 9368
f 8069 8071 8070
f 8357 7074 7951
f 8072 8071 8641
f 7058 8784 8078
f 8080 7058 8073
f 8076 7207 9067
f 7027 9314 8079
f 7305 9372 9308
f 7998 9313 9315
f 7714 8078 7142
f 7097 8079 8000
f 7206 7606 9374
f 8028 8081 7888
f 7213 8082 7126
f 8083 8084 8087
f 8260 7518 8084
f 8085 7636 8088
f 8093 8086 7121
f 8811 7039 7282
f 8088 8091 8089
f 9378 8090 8094
f 7669 9381 8098
f 8091 7838 9377
f 8092 7040 8205
f 8093 7121 8816
f 8089 8094 7002
f 8095 7515 8360
f 8096 8097 8099
f 8097 9380 8317
f 8175 8174 8098
f 8912 8313 8314
f 9426 8100 7830
f 8101 9382 8102
f 7065 8508 8509
f 8103 8733 8361
f 8813 9612 7096
f 7189 8105 7070
f 9384 8106 7533
f 8108 8107 6986
f 8108 7709 8110
f 8119 9391 7685
f 7709 8112 8110
f 8111 8114 8115
f 7486 8111 8112
f 8477 8113 7788
f 8114 8363 8318
f 8115 8377 8116
f 7690 7689 8116
f 7709 8117 8113
f 9388 8118 7699
f 7699 8119 7685
f 7018 9392 9394
f 8688 9397 8124
f 9396 8123 9395
f 9605 7374 8733
f 7375 9395 8688
f 8531 7011 8532
f 8126 8532 9400
f 8127 7954 8354
f 8128 7953 9265
f 7442 9361 9363
f 9088 7739 9087
f 8645 7396 8131
f 9402 8132 7397
f 8165 8134 9404
f 8182 7317 8177
f 7583 8636 8637
f 7402 8136 8451
f 8137 7852 9074
f 8149 8138 7657
f 9326 8610 8016
f 8141 8140 7306
f 8141 7654 8164
f 8142 7655 8143
f 8148 7654 8143
f 8144 7307 9411
f 8544 8545 7652
f 8538 8146 9420
f 8147 9422 9413
f 7345 9006 8157
f 9184 8151 7849
f 8156 7653 9191
f 8138 8151 7304
f 7752 9596 9414
f 9414 9416 7755
f 8378 8154 8160
f 7758 9423 9419
f 8157 7654 8148
f 7345 8157 8148
f 7855 9192 8375
f 9649 7783 9153
f 8160 7416 8378
f 8161 7757 8385
f 9128 9129 7772
f 8163 7413 9141
f 7657 8164 8150
f 8182 8165 7317
f 7825 8175 9425
f 8167 7826 8170
f 8168 6981 8196
f 8169 7828 8171
f 8170 8188 8173
f 6981 8171 7974
f 7967 7398 8172
f 8174 8173 7339
f 8175 8098 7829
f 8166 9425 7317
f 8176 9426 8177
f 8182 8134 8165
f 8179 7316 8689
f 8179 9427 8183
f 8180 9428 9427
f 9429 7477 8191
f 7831 8134 8182
f 8184 8183 9431
f 8185 9432 7019
f 8194 7928 8689
f 9245 8186 7676
f 9434 9433 8187
f 9179 8188 7338
f 8189 9438 9227
f 9435 8195 7315
f 8191 7477 8473
f 9436 8192 7314
f 8193 7056 8817
f 9248 8194 7537
f 8900 8195 7480
f 9438 7832 9227
f 7852 8197 8002
f 7695 7988 8734
f 8200 8199 7616
f 8200 7615 7925
f 9267 8201 6996
f 8202 7698 8307
f 8203 7598 9027
f 8205 8204 7477
f 8205 7838 8092
f 9377 8206 7478
f 8209 8207 6997
f 9362 8208 7953
f 9384 8209 7534
f 7534 8209 8210
f 8211 7535 8212
f 8924 8212 7036
f 8235 8236 8064
f 8214 7638 8240
f 8215 7013 8216
f 8238 8216 7060
f 8230 8231 7641
f 8218 8219 8221
f 9445 8220 9444
f 9446 8220 8063
f 8221 8222 8225
f 7744 8266 8224
f 7945 9448 7937
f 8691 7744 8224
f 8225 8226 8228
f 7743 9096 8227
f 7742 9555 8232
f 8230 7641 8228
f 8230 8229 7038
f 7038 7861 8386
f 8218 8231 8217
f 8232 6999 8233
f 8229 8233 7859
f 9581 8587 8588
f 8235 8064 9442
f 8237 8236 7443
f 8063 8220 9445
f 8216 8238 7638
f 8806 9453 7119
f 8214 8240 7036
f 7650 9635 8735
f 6987 9454 8244
f 9456 7752 8244
f 8244 7752 9457
f 7755 8379 8380
f 7492 9082 9460
f 8487 7003 8485
f 9460 8248 7492
f 7312 8597 8694
f 8322 8250 7463
f 8939 8941 7258
f 9469 8254 9623
f 8950 8951 8938
f 8943 8944 7556
f 8256 8254 9469
f 8493 8492 7586
f 8731 9658 9471
f 8464 9542 9469
f 8323 8259 7932
f 9507 7002 8095
f 8262 8261 7793
f 8397 7783 8159
f 9473 7787 8264
f 9474 7782 9153
f 8227 8265 7743
f 8266 7744 8267
f 7940 8267 8269
f 8269 8267 8268
f 8269 7212 8968
f 7942 8970 9627
f 8271 7125 8832
f 7418 8272 7128
f 7218 8273 7129
f 7017 8577 8578
f 9019 8474 9476
f 9477 8276 7406
f 8277 7094 9032
f 8279 8278 7020
f 8286 7095 7169
f 8828 8280 7335
f 7335 8281 7043
f 8053 9351 8283
f 8283 7371 8284
f 7092 7370 8284
f 7092 8284 8285
f 7094 8286 7169
f 8280 8287 7336
f 9346 8288 8050
f 8289 9585 9479
f 7387 9485 9484
f 8611 7673 9114
f 8295 9491 8297
f 8341 8335 7454
f 8294 7729 8614
f 9487 9667 8295
f 9503 7386 8338
f 8297 9493 9492
f 8542 8543 7558
f 9659 8342 9340
f 9504 8300 7384
f 9494 8301 7729
f 8302 9053 9054
f 7725 9050 9051
f 8304 6978 9495
f 8305 7878 9213
f 7913 8306 7009
f 9268 8307 7934
f 6984 7948 8308
f 8507 8309 7066
f 9438 9496 7832
f 7974 8311 6981
f 9227 8312 7892
f 7517 8313 7516
f 8314 6983 8912
f 8315 7821 8914
f 9174 8316 7823
f 8317 7339 9177
f 8025 9331 8319
f 8319 7853 8323
f 8067 8447 8450
f 7478 8181 8321
f 8322 7889 8696
f 8035 8323 7853
f 8324 7131 8877
f 7194 8325 7132
f 8326 7042 8974
f 8851 8327 7055
f 7687 9498 7596
f 7115 8329 7188
f 9480 8330 9666
f 8646 8331 7708
f 8431 9522 9523
f 8333 9501 8706
f 8334 7454 8335
f 8335 8341 8336
f 8336 8337 9502
f 8339 7391 8337
f 8342 8338 7386
f 7385 8343 8340
f 7864 8340 7361
f 8336 8341 7362
f 8339 8342 7385
f 8857 8343 7384
f 8729 7834 8728
f 8345 7879 9216
f 8346 7725 9652
f 9050 9073 7209
f 7740 7868 8349
f 8349 8348 9505
f 8348 8350 7531
f 7891 8351 7527
f 9237 8352 7620
f 8353 8685 9527
f 8869 8354 7072
f 9506 8355 7309
f 8356 7451 8890
f 9264 8358 7951
f 8615 8358 7390
f 7517 7039 8359
f 7515 7517 8360
f 8858 8361 7373
f 7373 8362 7049
f 8363 8365 8364
f 8364 8367 8370
f 8366 8365 7789
f 9508 7793 8374
f 8367 8368 8369
f 8374 7793 8261
f 9510 7854 9328
f 8025 9509 7544
f 8012 8023 8376
f 9328 7854 9327
f 9329 8373 8019
f 8375 8374 8261
f 7855 8375 8158
f 8024 8376 8023
f 8116 8377 7488
f 7755 8154 8378
f 7755 8378 8379
f 8380 8245 9415
f 8245 8381 7751
f 8382 7450 9109
f 9511 8383 7874
f 8385 8384 7416
f 8385 7757 9112
f 7038 8386 8230
f 8055 9353 8388
f 7014 8388 8056
f 7332 8389 7127
f 8443 8390 7808
f 7195 8391 7069
f 8392 8480 8481
f 7614 7053 8394
f 7925 8393 8394
f 8395 7304 8151
f 8216 8396 7060
f 8159 9421 8538
f 8399 7560 8959
f 8583 8399 6985
f 8402 8400 7732
f 7731 9071 9642
f 8401 8402 7731
f 8403 7552 9072
f 7423 8404 7130
f 7214 8405 7133
f 7420 8406 7135
f 7222 8407 7136
f 7219 8408 7137
f 8411 7099 8409
f 8412 8410 7100
f 7702 8411 7016
f 8411 8412 7016
f 8418 8414 8909
f 8415 8414 7498
f 8415 7499 8439
f 8442 8444 7809
f 9519 8427 8449
f 8418 8425 8419
f 9517 8419 8417
f 9519 8420 7509
f 8421 7508 8422
f 8428 8435 7348
f 8424 7507 7620
f 8651 7620 7460
f 8419 8425 7347
f 7507 8425 8426
f 9533 7512 8446
f 8429 8428 7348
f 9520 8429 7512
f 8430 7513 8431
f 8431 9549 9522
f 8490 8432 7923
f 8990 8437 7459
f 8650 7510 8649
f 8435 7510 9526
f 9632 7624 8987
f 8437 7628 9529
f 8438 9531 9669
f 7025 8439 7806
f 8674 8440 7808
f 8443 8441 7809
f 8444 8448 6994
f 8390 8443 7032
f 8445 8444 6994
f 8445 7810 8447
f 8446 7512 9523
f 8067 7809 8447
f 8416 9517 8449
f 8449 8417 9519
f 8067 8450 8320
f 8320 8451 8136
f 7402 8451 8452
f 8332 8453 8446
f 8454 7548 8927
f 7561 9531 9532
f 8800 8457 9536
f 8461 8460 9540
f 7565 9537 8459
f 8459 9354 9539
f 8465 8460 7836
f 8461 8462 8463
f 8463 8462 7232
f 8464 8463 8258
f 9468 8464 8252
f 8465 8251 8952
f 8251 8941 8942
f 8467 7691 9026
f 7088 7705 8468
f 8469 7781 9147
f 7104 8470 7803
f 9545 8471 7632
f 7189 8472 7419
f 8899 8473 7479
f 8474 7041 9015
f 8476 8475 7487
f 8476 7793 9508
f 8477 7788 8478
f 9473 8478 7787
f 9157 8479 7786
f 9590 8480 7748
f 8489 8481 7438
f 8482 9547 8484
f 9546 9547 8482
f 8484 8487 8485
f 8485 8488 8486
f 7045 8886 8489
f 9081 8487 8247
f 8512 8488 7738
f 8481 8489 7446
f 8430 8490 7513
f 8491 8492 8493
f 8492 8256 9591
f 9549 7585 9522
f 8500 8495 7404
f 8496 8500 7584
f 8497 8496 7584
f 8452 8503 7402
f 8498 7583 8504
f 8639 8640 9589
f 8501 8500 7404
f 9589 8502 7588
f 8500 8502 7584
f 7585 8497 8503
f 8136 7402 8504
f 7221 8505 7134
f 7220 8506 7138
f 7141 8507 7066
f 8508 7065 8862
f 8509 8102 8864
f 8512 8510 7437
f 8511 9552 9553
f 8512 7738 9078
f 8513 7319 8514
f 7015 7318 8514
f 7590 8515 7165
f 9004 9005 7005
f 8517 7652 8735
f 7330 8518 7137
f 9554 7313 7705
f 9555 8520 6999
f 7766 8521 7749
f 8552 7377 9569
f 8523 9586 8556
f 8571 8570 8658
f 7778 9563 9560
f 8527 9562 8530
f 7605 8974 8975
f 8528 7011 8530
f 7777 9400 9564
f 8527 8530 7605
f 8531 7069 9513
f 9565 8532 7409
f 8533 7648 9185
f 8534 7913 9236
f 8150 8535 8156
f 8473 8536 7479
f 8537 7360 8848
f 8538 8147 9412
f 8540 8539 7259
f 8542 8540 7457
f 9012 8541 7671
f 8539 8542 7558
f 8955 8543 7559
f 7345 9409 9662
f 8545 8145 9598
f 8552 9569 8546
f 9127 8547 7769
f 9126 8548 7580
f 9628 8970 8971
f 7577 8969 9626
f 9570 8551 7580
f 9572 8552 7581
f 8555 8554 8553
f 7242 9112 9647
f 9574 8555 7873
f 9575 8556 7581
f 9576 7376 8557
f 8559 8560 7577
f 8550 8559 7577
f 8561 8560 7376
f 7576 8965 9625
f 8562 7575 8964
f 8563 7376 9576
f 7799 9392 8565
f 8103 8565 7018
f 8566 7379 8573
f 8568 7049 7667
f 7667 9008 8569
f 8570 8569 6998
f 8570 7380 8572
f 8526 8571 8525
f 8573 7379 8572
f 8573 7042 9578
f 9475 8574 7017
f 7017 8574 8575
f 8579 7506 8773
f 8578 8577 7368
f 8578 8274 9475
f 8580 8579 7262
f 8580 7813 8853
f 8399 8583 7560
f 8333 8582 6985
f 8584 7456 8958
f 8931 8584 7549
f 7572 9452 9663
f 7037 7280 9580
f 8587 7112 8588
f 7181 8588 7352
f 7129 7607 8589
f 7704 8590 7311
f 8591 7745 8592
f 8593 8592 7006
f 8593 7449 8888
f 7353 8594 7130
f 9582 7312 7920
f 7617 7008 8597
f 8595 8597 7312
f 8600 8598 7685
f 8599 7683 9636
f 7700 8600 6986
f 9502 8601 7812
f 8602 7889 8603
f 8603 8606 8604
f 7881 7530 8604
f 7885 9219 8621
f 8604 8606 7882
f 7975 8607 7310
f 7392 7026 8608
f 9584 8609 7575
f 9325 8610 7658
f 8611 8613 8612
f 7672 7673 8612
f 8612 8613 7365
f 9499 8614 7728
f 8357 8615 7224
f 9396 8617 8618
f 8620 7375 8124
f 8618 7668 9396
f 8619 6998 9008
f 8609 8620 8124
f 8622 8621 7884
f 9217 8624 7542
f 8345 7542 8623
f 7881 8622 8624
f 7530 8625 7905
f 7235 8626 7139
f 8629 7253 8793
f 8628 8632 9611
f 8795 8629 7254
f 7538 8388 8632
f 8631 7092 8285
f 7014 8797 9611
f 6979 9397 8634
f 8121 9393 8635
f 8635 7320 9163
f 7583 9550 9551
f 7583 8637 8135
f 7981 8638 7588
f 9287 8640 7970
f 9589 8640 8499
f 7010 8641 8071
f 8130 8642 7441
f 7118 8885 8644
f 7050 8644 7440
f 8645 7929 9251
f 8647 8646 7768
f 8331 8647 7767
f 9458 8648 8246
f 7510 8650 8436
f 9527 8650 7460
f 8650 8651 7460
f 7748 9106 8653
f 8654 8655 7753
f 8654 7753 9124
f 9646 7448 7750
f 7404 8656 8255
f 8513 8657 7077
f 8571 8658 8524
f 8659 7574 8963
f 8897 8660 7475
f 8661 7271 8804
f 8663 8664 7024
f 8101 8663 7024
f 8664 7987 9301
f 8664 8665 7987
f 4945 8666 7326
f 8826 8667 7071
f 7033 8668 7369
f 4972 8669 7502
f 7674 7128 8670
f 7173 8671 7098
f 7695 9025 9024
f 8673 7075 8818
f 7106 8674 7808
f 7910 8675 7461
f 8681 8679 7622
f 8678 9593 7623
f 8697 7622 8678
f 7461 8676 8679
f 8682 8680 7625
f 8685 8686 7624
f 9594 7246 8682
f 8682 8683 9595
f 7625 8684 7762
f 8685 7624 9527
f 8686 7246 9594
f 8687 7760 9114
f 8688 8122 9394
f 9403 8689 7928
f 8472 8690 7101
f 8691 7643 9257
f 8692 9597 9598
f 8693 8125 9609
f 7312 8694 8249
f 8696 7904 7529
f 9465 9599 7529
f 8681 8697 7246
f 8699 8698 7469
f 8699 7470 9236
f 8591 8700 7609
f 8701 7610 8702
f 9005 8702 7005
f 8703 8705 8704
f 7683 9017 9018
f 8704 8705 7004
f 8333 8706 7364
f 8710 7211 8707
f 8713 8712 8708
f 8709 7959 8714
f 7888 8022 9601
f 8711 7887 9656
f 8708 7735 8713
f 7888 8713 8028
f 8030 8714 7619
f 9183 9186 7801
f 8718 8717 8716
f 8717 7292 9313
f 8720 7292 8718
f 8723 7804 7057
f 8721 8724 7066
f 9313 8721 7999
f 9314 8722 8000
f 7715 8723 7057
f 7291 7715 9602
f 8725 8732 8726
f 8726 8727 8728
f 9300 8727 7983
f 8729 7256 9603
f 9539 8729 8344
f 8729 8730 8344
f 7232 8462 9604
f 8726 8732 7261
f 8361 8733 7374
f 9441 8734 8199
f 9607 7650 8735
f 8738 8736 7115
f 7563 8737 7562
f 7127 8738 7332
f 8740 8739 7140
f 8740 7196 4970
f 7837 8741 7056
f 7324 8742 7141
f 7237 8743 7142
f 7238 8744 7143
f 7248 8745 7144
f 7226 8746 7145
f 7249 8747 7146
f 7432 8748 7147
f 7265 8749 7148
f 7267 8750 7149
f 7270 8751 7150
f 7271 8752 7151
f 7273 8753 7152
f 7289 8754 7153
f 7275 8755 7154
f 7276 8756 7155
f 7278 8757 7156
f 7429 8758 7157
f 7328 8759 7158
f 7239 8760 7159
f 7302 8761 7160
f 8761 8762 7160
f 7294 8763 7161
f 7296 8764 7162
f 7297 8765 7163
f 7430 8766 7164
f 7417 8767 7165
f 4873 8768 6957
f 8774 8769 7054
f 8770 7263 8771
f 8776 7054 8771
f 8930 8773 7550
f 8773 7506 8776
f 7194 8774 7131
f 8775 7012 8928
f 8776 7506 8576
f 7055 8327 9608
f 7055 8778 8274
f 8778 8779 7215
f 8780 7084 8574
f 8781 7051 8838
f 8693 9609 7409
f 7677 8783 7154
f 8080 9375 7058
f 8785 7061 9587
f 2177 8786 2178
f 7241 7240 8787
f 4959 8788 4960
f 7466 8789 7250
f 8792 8790 7252
f 8793 8791 7081
f 7341 8792 7031
f 8794 8793 7253
f 8792 8794 7031
f 8796 8795 7254
f 8796 7255 8800
f 8798 8797 7014
f 9537 9538 7564
f 8057 8799 8056
f 7231 8800 8456
f 7664 8801 7268
f 7151 8802 7073
f 7073 8803 8068
f 7271 7272 8804
f 7273 7274 8805
f 7633 8806 7119
f 7157 8807 7077
f 7077 8808 7566
f 9580 8809 7112
f 8811 8810 7120
f 8811 8087 8359
f 7867 8812 7283
f 8813 7096 8922
f 8791 8814 7081
f 7435 8815 7093
f 7635 8816 7121
f 8193 8817 7314
f 7152 8818 7075
f 8821 8819 7078
f 7078 8820 7503
f 7328 8821 7182
f 7100 7182 8822
f 7302 8823 7082
f 7146 8824 7063
f 7797 9161 9651
f 7865 8826 7071
f 7145 7335 8827
f 8280 8828 7095
f 8830 8829 7092
f 8631 8830 7092
f 7227 8831 7171
f 8831 8832 7341
f 8836 7342 7545
f 8834 7031 8835
f 9205 8835 7343
f 8925 8836 7545
f 8837 7343 9610
f 7814 8838 7349
f 8839 7866 8705
f 7181 8840 7067
f 8842 8841 7085
f 7085 8898 8843
f 7295 8843 7476
f 7155 8844 7076
f 8845 7630 9383
f 8847 8846 7068
f 8083 8847 7068
f 8849 8848 7360
f 7865 8849 7367
f 7367 8850 7864
f 8851 7366 8854
f 8853 8852 7368
f 7813 8333 8855
f 8851 8854 7811
f 8333 7364 8855
f 7865 8856 7369
f 8857 7384 7033
f 8361 8858 7093
f 8358 8859 7390
f 8861 8860 7395
f 9292 8861 7451
f 8863 8862 7065
f 8861 8863 7399
f 7400 8864 8102
f 7984 8865 7400
f 9477 8866 7044
f 8868 8867 7080
f 8671 8868 7080
f 8870 8869 7072
f 7562 8870 7072
f 8872 8871 7087
f 7087 8887 8873
f 7444 8873 7445
f 8875 8874 7088
f 7608 8875 7088
f 7229 8876 7172
f 8876 8877 7428
f 7467 8878 7089
f 8880 8879 7090
f 8660 8880 7090
f 7074 9369 9618
f 7074 8882 7951
f 8770 8883 7434
f 7059 8884 7171
f 7604 8885 7118
f 8489 8886 7446
f 8887 7449 8889
f 7311 8888 7704
f 7446 8886 8889
f 8861 8890 7451
f 8891 7047 8894
f 8891 8892 7047
f 8893 7469 8904
f 8894 7047 8904
f 8660 8895 7475
f 8413 8896 7346
f 8660 8897 7103
f 8536 8898 7479
f 8473 8899 7480
f 8195 8900 7592
f 8770 8901 7263
f 8836 8902 7059
f 8896 8903 7346
f 8892 8904 7047
f 8906 8905 7495
f 7346 8908 8413
f 7496 8906 8907
f 8413 8909 8414
f 8418 8909 7496
f 7620 8910 7472
f 8911 7516 8912
f 8912 7516 8313
f 8913 7520 8919
f 7821 9176 8915
f 8051 8288 8916
f 8916 9619 8919
f 7869 8917 7521
f 8918 7522 7763
f 7711 8919 7523
f 8822 8920 7525
f 9226 8921 7048
f 8922 7527 9614
f 7076 8923 7155
f 8212 8924 7534
f 8836 8925 7490
f 8927 8926 7547
f 8927 7548 8928
f 8775 8928 7550
f 8930 7262 8773
f 8581 8930 7549
f 8584 8931 7456
f 7557 8932 8454
f 7870 8933 7547
f 8935 8934 7554
f 7555 8948 8953
f 8935 8936 9621
f 8938 8937 7546
f 6992 8950 8938
f 8939 7258 8940
f 8940 8943 8946
f 8941 8251 9467
f 8466 7257 8952
f 8949 9623 8943
f 8945 8944 6980
f 9622 7922 9669
f 8948 8946 7561
f 8947 9622 9669
f 8953 8948 8455
f 8944 9623 8254
f 8466 8950 6992
f 7554 8938 8951
f 8465 8952 7257
f 8455 9566 8954
f 8954 7558 8955
f 8957 8955 7559
f 8955 8956 7260
f 8958 8957 7559
f 8958 7560 8584
f 7455 8959 8298
f 9265 8960 7954
f 7569 8635 9624
f 7569 8962 7573
f 8609 8963 7575
f 8562 8964 8048
f 8966 8965 7576
f 8968 8966 7940
f 8048 7570 8967
f 8965 8968 7212
f 9626 8969 7578
f 8971 8970 7942
f 7943 9573 9628
f 8900 8972 7592
f 7593 8973 7594
f 8975 8974 7042
f 7605 8975 8527
f 8527 8975 8976
f 7433 8977 7097
f 8701 8978 7610
f 8702 8979 7005
f 8980 7645 9003
f 7501 8981 7187
f 8596 8982 7617
f 7617 8984 7008
f 8984 7618 9466
f 8985 7956 9272
f 7957 8986 7955
f 8987 7459 8988
f 8434 8436 8988
f 8987 8989 7459
f 8437 8990 7628
f 8991 7671 9567
f 8960 8992 7563
f 7029 7563 8993
f 7950 8994 7116
f 8995 7630 8994
f 9545 7286 7894
f 8998 8997 7344
f 8998 7649 9003
f 7651 8517 9633
f 9000 7653 9006
f 8997 9001 7646
f 7647 9189 9634
f 9004 9003 7649
f 9005 7650 8516
f 8702 9005 8516
f 8544 9006 7345
f 7465 9007 7185
f 8619 9008 7668
f 9009 8123 9396
f 9010 7374 9605
f 9012 9011 7458
f 8541 9012 7672
f 8670 9013 7674
f 8105 9014 7070
f 7681 9015 7041
f 8671 9016 7680
f 8599 9017 7683
f 9018 8704 9600
f 9018 9019 7684
f 7700 9020 7686
f 9022 7691 8467
f 8467 7694 9023
f 7597 9023 7693
f 7695 9441 9025
f 7022 9025 8672
f 8116 9026 7691
f 8203 9027 7698
f 9388 9389 7411
f 9030 9029 7099
f 7701 9030 7702
f 7763 9031 7521
f 7383 9032 7094
f 7324 9033 7175
f 7195 7069 9034
f 9036 9035 7718
f 9036 7719 8001
f 7719 9037 7726
f 9045 9038 7720
f 9041 9039 7723
f 9049 9040 7724
f 9043 9041 7721
f 7724 9040 9042
f 7208 7720 9043
f 9069 9641 7992
f 7719 9045 8001
f 9046 7389 9052
f 9047 7730 9637
f 7209 9642 9048
f 9049 7724 9050
f 9073 7725 8347
f 8303 7725 9051
f 9052 7389 9053
f 9495 9053 8302
f 8302 9054 7729
f 9055 7726 9077
f 8614 9056 7728
f 9058 9057 7727
f 8330 9058 7388
f 9061 9059 6990
f 9060 7722 9062
f 9061 7992 9641
f 9062 9074 9075
f 7851 8137 9074
f 9064 7552 9065
f 7851 9065 8010
f 9067 9066 7994
f 9068 7207 7991
f 9069 9068 7991
f 7208 9044 9641
f 9072 9070 7731
f 7730 9048 9642
f 9064 9072 7552
f 8401 9073 8347
f 9075 9074 7852
f 9062 9075 6990
f 9076 7996 9309
f 9055 9077 7727
f 8644 9078 7441
f 7739 9088 9080
f 7441 9080 8130
f 8247 9460 9082
f 9083 9082 7492
f 9087 9083 7935
f 9091 9089 7936
f 9086 7937 9090
f 9643 9086 6984
f 9088 9092 7442
f 9401 9088 7442
f 9083 9089 7935
f 9090 8063 9091
f 9091 8062 9089
f 9092 7935 9360
f 9644 7470 8699
f 8659 9094 7574
f 9096 9095 7742
f 7743 9645 9097
f 8966 9097 7940
f 9099 9098 7493
f 9103 9099 7746
f 9102 9100 7747
f 8241 7747 9101
f 9106 9102 7448
f 8592 9103 7006
f 9104 7650 9607
f 9105 7748 8480
f 9106 7448 8653
f 7448 9107 7750
f 9108 6987 9110
f 9110 9109 7750
f 9109 9110 7751
f 9111 8244 9457
f 9208 9112 7242
f 9113 7753 9646
f 8687 9114 7673
f 9115 7761 9488
f 9117 9116 7762
f 8294 9117 7484
f 8300 9118 7390
f 9035 9119 7718
f 9122 9120 7757
f 9121 7769 9126
f 7415 9122 8162
f 9125 9123 7707
f 9113 9124 7753
f 8331 9125 7707
f 9121 9126 7765
f 8547 9127 7770
f 9128 7772 9131
f 8163 9129 8162
f 9133 9130 6991
f 7772 9141 9134
f 7770 9132 8547
f 9133 7890 9221
f 9135 9134 7773
f 9135 7779 9223
f 9149 9136 7774
f 9138 9137 7412
f 7777 8529 9648
f 7776 9152 9140
f 9399 9140 7410
f 9142 9141 7413
f 9136 9142 7774
f 9143 7781 8469
f 9144 7784 9145
f 8264 9148 7782
f 7758 9146 8163
f 8469 9147 7202
f 7787 9148 8264
f 9136 9149 7412
f 9151 9150 7775
f 7780 9151 7411
f 9151 9152 7776
f 7783 9472 9474
f 9154 8155 9418
f 8469 9155 7775
f 8469 9156 7785
f 8479 9157 7787
f 7015 9158 7318
f 9161 9159 7798
f 9163 9160 7800
f 9651 9161 7063
f 9161 9162 7799
f 9160 9163 7798
f 8897 9164 7103
f 9165 7021 7360
f 7811 7812 9166
f 8921 9167 7048
f 7891 9168 7817
f 9170 9169 7818
f 7528 9170 7915
f 9172 7529 7904
f 7915 9172 7904
f 7820 7818 9173
f 8316 9174 7821
f 9175 7856 9343
f 8915 9176 8051
f 9178 9177 7824
f 9178 7856 9175
f 9179 7338 9196
f 9001 9180 7646
f 9182 9181 7845
f 9182 7846 9184
f 8395 9183 7801
f 7849 9188 9185
f 8533 9185 7848
f 7845 9186 9183
f 9186 9187 7007
f 8149 9188 7849
f 9190 9189 7848
f 9191 9190 6988
f 9000 9191 7653
f 9192 7854 9510
f 9193 8017 9327
f 7306 9194 8142
f 8142 9195 7655
f 7892 9196 7338
f 8054 9197 7858
f 8826 9198 7180
f 9398 9199 7866
f 9028 7004 9200
f 8705 9201 7004
f 8813 9202 7283
f 8920 9203 7525
f 9204 7871 9620
f 8835 9205 7871
f 9123 9206 7707
f 9123 9207 7872
f 7872 9208 7242
f 9210 9209 7484
f 7762 9210 9117
f 8471 9211 7875
f 8304 9212 7877
f 9214 9213 7878
f 9215 9214 7879
f 9215 8303 9495
f 9214 9216 7879
f 8305 9217 7878
f 9655 9218 7883
f 8621 9219 7884
f 7886 9220 7551
f 9222 9221 7381
f 9222 8522 9568
f 9224 9223 7779
f 9224 7778 9559
f 8351 9225 7531
f 7048 7891 9226
f 8312 9227 7832
f 7858 7892 9228
f 7894 9229 7893
f 7902 9230 7900
f 7285 9231 7909
f 9233 9232 7901
f 7902 7900 9233
f 7902 9234 7540
f 8695 9235 7904
f 8534 9236 7470
f 8352 9237 7916
f 9225 9238 7531
f 9158 9239 7921
f 9242 9240 7511
f 9241 8432 9524
f 7922 9242 8438
f 9244 8945 6980
f 9657 6980 8491
f 9246 9245 7676
f 9246 7674 9013
f 7001 7926 9247
f 8194 9248 7928
f 9661 9249 7397
f 9249 9250 7929
f 8645 9251 7961
f 8259 9252 7932
f 8307 9253 7934
f 9255 9254 7939
f 9255 8065 9361
f 8270 9256 7942
f 9258 9257 7643
f 9257 9258 7944
f 8308 9259 7944
f 9256 7941 9260
f 7706 9261 7873
f 7579 9262 7943
f 9262 9263 7947
f 8358 9264 7033
f 8960 9265 7536
f 8201 9266 7615
f 8201 9267 7955
f 8031 9270 7934
f 9269 7619 9271
f 9333 8031 8029
f 9271 7619 9274
f 7956 7958 9272
f 9466 9273 8250
f 9271 9274 7958
f 9273 9275 7463
f 9293 9276 7960
f 9281 9277 7964
f 7965 9283 9280
f 7965 9279 7969
f 9280 7966 9289
f 9281 7967 9282
f 8131 9282 7967
f 9280 9283 7966
f 7969 9284 7965
f 7973 9285 7261
f 9284 9286 7453
f 8640 9287 6993
f 7452 9288 7969
f 9289 7398 7964
f 8172 9290 7974
f 8311 9291 7833
f 8861 9292 7026
f 7979 7962 9293
f 9295 9294 7981
f 8257 9295 7982
f 8255 9296 7404
f 9299 9297 7980
f 7453 9298 9284
f 9300 9299 7589
f 8727 9300 7835
f 8066 9301 7987
f 9303 9302 7717
f 9035 9303 7717
f 9305 9304 7989
f 9304 9305 7990
f 9307 9306 7991
f 9307 7993 8641
f 9372 7305 8077
f 9076 9309 7995
f 8037 9310 7293
f 8077 9311 7998
f 8717 9312 7303
f 8721 9313 7292
f 9315 7027 8077
f 7998 9315 8077
f 9317 9316 8003
f 8197 7661 9317
f 8005 9318 7660
f 9335 9319 7308
f 8008 8009 9320
f 8044 9321 8010
f 9322 8012 9329
f 9324 9323 7659
f 9324 8016 9325
f 8610 9325 8016
f 9194 9326 8017
f 9328 7659 8019
f 7659 9328 9327
f 9322 9329 8018
f 8011 8013 9330
f 8319 9331 7853
f 9332 8032 8035
f 9270 9333 8030
f 7660 9334 8040
f 9334 9335 8041
f 8043 9336 7552
f 9338 7388 9077
f 7726 9338 9077
f 9340 9339 6995
f 9660 8342 7386
f 8047 9666 9342
f 7388 9342 8330
f 9343 7856 9196
f 9343 9344 7337
f 9176 9345 8051
f 8287 9346 7336
f 9348 9347 8049
f 9197 7000 9348
f 8282 9349 8053
f 8058 9350 7858
f 8283 9351 7371
f 9353 9352 7481
f 8388 9353 8056
f 8799 9354 7564
f 9356 9355 8058
f 9354 9356 7256
f 9358 9357 7482
f 7482 8060 9358
f 9603 9359 7834
f 9089 9360 7935
f 9092 9361 7442
f 9363 7953 8129
f 9363 8129 9401
f 8320 9364 8067
f 7809 9365 8443
f 9364 9366 7032
f 9367 7987 8665
f 8390 9368 7269
f 9618 9369 7714
f 9370 7207 9371
f 8076 8075 9371
f 8077 8076 9372
f 7206 9373 7606
f 7206 9374 8080
f 7058 9375 8784
f 7635 9376 7200
f 9378 9377 7478
f 8100 9378 7478
f 7669 9379 8094
f 8097 8098 9380
f 7829 8098 9381
f 8102 9382 7400
f 8995 9383 7630
f 8924 9384 7534
f 8365 9385 7789
f 9387 7786 8479
f 7788 9387 8479
f 7411 9155 9390
f 7780 7411 9389
f 9390 7785 9156
f 9391 8109 9583
f 7799 8120 9392
f 8688 9393 8121
f 9394 8122 9605
f 9396 9395 7375
f 9009 9396 7668
f 8609 9397 6979
f 9199 9398 7410
f 9140 9399 8126
f 9140 9400 7777
f 8642 9401 8129
f 8645 9402 7929
f 7928 9249 9661
f 9661 8134 9403
f 7654 9405 8143
f 9408 9406 8144
f 8146 9412 9407
f 8143 9408 8148
f 8145 8545 9662
f 9410 8158 9420
f 9409 9411 8145
f 9413 9412 8147
f 9413 8152 8692
f 7755 8380 9415
f 7755 9415 9414
f 9416 8153 9417
f 8159 9417 8153
f 8160 9418 8155
f 9146 9419 7784
f 8538 9420 7656
f 8538 9421 8147
f 9413 9422 8152
f 7758 8160 9423
f 8132 9424 8133
f 8176 9425 8175
f 7829 9426 8176
f 8179 8180 9427
f 9429 9428 8181
f 6982 9429 8191
f 8205 7477 9430
f 7315 8184 9431
f 8192 9432 8184
f 8472 9434 8187
f 7676 9434 9014
f 8195 9435 7480
f 9432 9436 7019
f 7837 9437 7592
f 9496 9438 8196
f 7924 9439 7034
f 7075 9440 7152
f 9441 7695 8734
f 9442 8064 9444
f 8215 8216 9443
f 9445 9444 8064
f 8063 9445 8237
f 9447 7937 8223
f 8223 7642 9447
f 8223 7937 9448
f 7643 9449 8223
f 8233 8229 9450
f 8233 9451 7859
f 7572 8234 9452
f 8239 9453 8240
f 9606 9454 8241
f 9456 9455 8243
f 8244 8242 9456
f 9111 9457 8245
f 7491 9547 9459
f 9459 8483 9556
f 8248 9460 8246
f 9462 9461 7768
f 9461 9462 8248
f 9464 7091 7920
f 8249 9463 9464
f 9171 9465 7529
f 9273 9466 7618
f 8949 9467 8252
f 8464 9468 7836
f 8256 9469 7587
f 9665 9470 8258
f 8731 9471 7232
f 9474 9472 8264
f 9473 7487 8478
f 7783 9474 9153
f 8574 9475 7215
f 9476 7684 9019
f 7504 9477 7044
f 9346 9478 7336
f 9483 9479 8290
f 9480 9666 9481
f 9484 9481 7387
f 8296 7387 9482
f 7483 9483 8291
f 9481 9484 8290
f 8613 9485 8292
f 9486 8293 9487
f 9489 9487 8295
f 7761 8294 9488
f 8613 9489 7365
f 8341 9490 7362
f 7455 8297 9491
f 9492 7672 8612
f 9492 9493 7457
f 7484 9494 8294
f 9053 9495 8303
f 8310 9496 8311
f 8377 9497 7932
f 8328 7596 9498
f 8614 9499 7245
f 9261 9500 7873
f 8706 9501 7405
f 7405 9502 7812
f 9341 9503 8296
f 8300 9504 8299
f 7914 9505 7285
f 7972 8355 9506
f 7002 9507 8260
f 8476 9508 8366
f 8371 9509 8370
f 9192 9510 8369
f 8382 9511 7450
f 7450 9512 9113
f 8531 9513 7605
f 7454 9514 8398
f 7183 8410 9515
f 7475 8413 9516
f 8449 9517 8417
f 8420 9518 7509
f 9519 7509 9668
f 8427 9519 9668
f 8430 8431 9521
f 9523 9522 8332
f 8431 9523 7512
f 9241 9524 8433
f 8437 9525 8434
f 9526 7510 8436
f 9632 9527 7624
f 7459 8437 9528
f 9242 9529 8438
f 8539 9532 7259
f 7561 8947 9669
f 8539 9566 9670
f 9533 8427 9520
f 7231 8456 9534
f 8837 9535 7343
f 8460 9536 8457
f 9354 9537 7564
f 7564 9538 8798
f 9541 9539 8344
f 8461 9540 7565
f 9539 9541 8459
f 9469 9542 7587
f 9205 9543 6992
f 9543 9544 8466
f 7543 9545 7894
f 9547 9546 8483
f 9547 7491 8484
f 8256 9548 8254
f 8494 9549 8493
f 8640 9551 8499
f 7583 9551 8636
f 7045 9552 7444
f 7437 9553 8486
f 7313 9554 8519
f 9095 9555 7742
f 8652 9556 8483
f 9586 8524 8619
f 7890 9224 9559
f 7890 9559 9558
f 9559 9560 8525
f 8976 9561 8527
f 8530 9562 8528
f 9562 9563 8528
f 7011 8528 9564
f 7716 9565 7409
f 8954 9566 7558
f 8541 9567 7671
f 9222 9568 7771
f 9132 9569 8547
f 7580 8548 9570
f 9571 8550 9626
f 9571 9572 8550
f 9262 9573 7943
f 7242 9574 7872
f 8523 9575 8522
f 9576 7595 9584
f 8565 9577 7799
f 8573 9578 8566
f 8584 9579 7549
f 8586 9580 8587
f 7067 9581 8588
f 7312 9582 8595
f 9391 9583 8600
f 8620 9584 7595
f 9585 8289 9488
f 9557 9586 8523
f 9587 7153 7239
f 8627 9588 8629
f 8639 9589 7588
f 8480 9590 7447
f 7586 9591 8656
f 7322 9592 7174
f 8471 9593 7632
f 9594 7626 9631
f 8989 9595 7627
f 9597 9596 7752
f 9456 9597 7752
f 9411 9598 8145
f 7529 9599 8696
f 9018 9600 7683
f 8710 9601 8711
f 7291 9602 8724
f 9603 8059 9359
f 7232 9604 8731
f 9394 9605 8733
f 9606 8242 9454
f 9607 8241 9101
f 7055 9608 8777
f 8839 9609 8125
f 8835 9610 7343
f 7014 9611 8632
f 9613 8104 7298
f 7863 7096 9613
f 8351 9614 7527
f 8834 9615 7342
f 7113 9616 8840
f 7393 9617 8866
f 7074 9618 8881
f 7020 9619 8916
f 9205 9620 7871
f 8939 9621 8936
f 9243 9622 8945
f 9469 9623 8949
f 7569 9624 8961
f 7576 9625 8561
f 7577 9626 8550
f 8969 9627 8970
f 8549 9628 8551
f 7618 8984 9629
f 9173 9630 7820
f 9594 9631 8686
f 9527 9632 8436
f 9635 9633 8517
f 7647 9634 9002
f 8735 9635 8517
f 9600 9636 7683
f 9638 9637 7730
f 9060 9638 7722
f 9066 9639 7995
f 9306 9640 9069
f 9061 9641 9044
f 9642 9071 7730
f 7937 9643 7945
f 7284 9644 8893
f 7940 9645 8267
f 8655 9646 7753
f 7242 9647 8554
f 9224 9648 8529
f 7783 9649 8159
f 7784 9154 9650
f 7797 9651 8825
f 7879 9652 9215
f 7463 9653 8322
f 8709 9654 7959
f 9655 7885 8605
f 9656 7886 7211
f 6980 9657 9244
f 7589 9658 9300
f 6995 9659 9340
f 9339 9660 8046
f 7928 9661 9403
f 8545 7345 9662
f 7572 9663 8585
f 8487 9664 8247
f 7982 9665 8257
f 9481 9666 8047
f 9487 7454 9667
f 9668 9520 8427
f 7561 9669 9531
f 8539 9670 9532
