v -23.17478 -104.2369 0.718917
v -22.30742 -104.4224 1.772794
v -21.57808 -104.6362 2.873565
v -20.41492 -104.7953 3.775312
v -19.14383 -104.9382 4.602498
v -17.66759 -105.0532 5.23759
v -15.9746 -105.1174 5.484529
v -14.24844 -105.1369 5.399282
v -12.55528 -105.1294 5.142649
v -10.90293 -105.105 4.774662
v -9.283561 -105.071 4.338188
v -7.674707 -105.0298 3.881936
v -6.059111 -104.9857 3.43961
v -4.427439 -104.9409 3.02879
v -2.7635 -104.8939 2.689965
v -1.074475 -104.8461 2.42182
v 0.6484921 -104.7986 2.307262
v 2.378003 -104.7467 2.285284
v 4.079416 -104.6969 2.062342
v 5.629311 -104.6547 1.510349
v 6.920362 -104.6544 0.687022
v 6.721472 -103.4128 0.720812
v 6.464442 -102.177 0.73901
v 6.220664 -100.9399 0.767071
v 5.989179 -99.70205 0.797116
v 5.76447 -98.46235 0.829673
v 5.539637 -97.22247 0.862354
v 5.333402 -95.98137 0.906242
v 5.109613 -94.74021 0.934701
v 4.876958 -93.50032 0.953356
v 4.651617 -92.25951 0.976275
v 4.422626 -91.01896 0.995269
v 4.18933 -89.7786 1.00986
v 3.963646 -88.53761 1.02846
v 3.741274 -87.29635 1.046134
v 3.525751 -86.05421 1.066611
v 3.31817 -84.81127 1.091852
v 3.118943 -83.56729 1.122577
v 2.920657 -82.32328 1.153579
v 2.726274 -81.07837 1.186094
v 2.535261 -79.83302 1.220842
v 2.343572 -78.5873 1.255246
v 2.15661 -77.34131 1.292834
v 1.969235 -76.09506 1.328964
v 1.787728 -74.84804 1.366627
v 1.610749 -73.60074 1.405597
v 1.43948 -72.35251 1.446098
v 1.276865 -71.10337 1.490257
v 1.120557 -69.85351 1.536208
v 0.9718403 -68.60226 1.585812
v 0.8209875 -67.35126 1.63382
v 0.6739777 -66.09932 1.681784
v 0.5395819 -64.84656 1.735553
v 0.4098411 -63.5917 1.792141
v 0.2793051 -62.33769 1.848424
v 0.1610331 -61.08231 1.909867
v 0.05120734 -59.82629 1.974452
v -0.03558566 -58.56867 2.047615
v -0.1118073 -57.31037 2.123605
v -0.1789373 -56.04893 2.204496
v -0.2430461 -54.78707 2.287245
v -0.3050563 -53.52399 2.370515
v -0.3646389 -52.2614 2.455002
v -0.4181301 -50.99512 2.54441
v -0.4586909 -49.73083 2.639461
v -0.4850039 -48.4639 2.741418
v -0.4933325 -47.19693 2.851052
v -0.4289689 -45.93063 2.963336
v -0.2708543 -44.66846 3.07186
v -0.2610837 -43.40271 3.179155
v -0.2527145 -42.14011 3.285037
v -0.3336191 -40.88361 3.372109
v -0.3650827 -39.63534 3.38121
v -0.3834689 -38.44684 3.295564
v -0.4982003 -37.40532 3.239676
v -0.6609195 -36.19939 3.249132
v -0.3838721 -36.7326 4.279876
v -0.3556103 -36.21639 5.37655
v 0.02274254 -35.64876 6.305887
v -0.4794487 -35.2587 7.386057
v -0.3376749 -34.65284 8.458538
v -0.2240145 -33.94195 9.482013
v -0.09101306 -33.13928 10.44789
v -0.02067006 -32.28395 11.37239
v 0.03785694 -31.38005 12.26502
v -0.001338856 -30.47014 13.14383
v -0.03125966 -29.47715 13.90494
v -0.04840966 -28.30514 14.3518
v -0.06352826 -27.12649 14.80378
v -0.07315746 -25.93233 15.26073
v -0.08419366 -24.69748 15.66835
v -0.08642246 -23.44774 16.01628
v -0.09259086 -22.18647 16.3351
v -0.1004463 -20.91593 16.62784
v -0.1103835 -19.62456 16.84686
v -0.1195157 -18.33227 16.99775
v -0.1263631 -17.03276 17.00779
v -0.1319729 -15.73958 16.90805
v -0.1418863 -14.45295 16.79426
v -0.1531353 -13.18269 16.59659
v -0.1709573 -11.93133 16.34542
v -0.1988831 -10.68537 16.0861
v -0.2214791 -9.44055 15.90293
v -0.2383869 -8.194298 15.7924
v -0.2478929 -6.954409 15.71188
v -0.2555803 -5.725624 15.88067
v -1.957773 -5.8355 15.62727
v -3.675868 -5.919652 15.37368
v -5.387632 -5.962529 15.08418
v -7.05175 -5.997193 14.62612
v -8.663808 -6.014506 14.04946
v -10.13485 -6.055548 13.2718
v -11.58229 -6.100596 12.43339
v -12.96456 -6.170225 11.51313
v -14.38289 -6.261689 10.56021
v -15.85269 -6.386566 9.593825
v -17.23619 -6.558067 8.542789
v -18.64646 -6.797105 7.347717
v -18.91075 -7.758492 7.373997
v -19.18263 -8.864251 7.395031
v -19.45474 -10.01366 7.379786
v -20.5873 -10.58724 7.753994
v -19.91364 -11.53888 7.356222
v -21.13102 -12.23946 7.569709
v -20.82573 -13.28382 7.151433
v -21.40325 -14.36049 7.146702
v -21.98384 -15.41498 7.072343
v -22.54142 -16.46944 6.977383
v -23.03043 -17.54547 6.857109
v -23.44636 -18.6445 6.728668
v -23.83101 -19.75768 6.603716
v -24.17216 -20.88616 6.480719
v -24.46945 -22.02815 6.351658
v -24.76618 -23.18224 6.240007
v -25.07283 -24.34464 6.147063
v -25.29774 -25.52427 6.049146
v -25.62338 -26.70127 6.008815
v -25.91713 -27.89465 5.976083
v -26.04902 -29.09859 5.906333
v -26.17635 -30.31237 5.853595
v -26.30603 -31.52928 5.824277
v -26.394 -32.7514 5.805057
v -26.47492 -33.97615 5.802578
v -26.44974 -35.20357 5.781342
v -26.35821 -36.43026 5.742973
v -26.25341 -37.65836 5.689061
v -26.10513 -38.88537 5.599152
v -25.92137 -40.10698 5.47964
v -26.06951 -41.33923 5.451923
v -25.85444 -42.56194 5.305409
v -26.21173 -43.77667 5.356097
v -26.19215 -45.01532 5.27084
v -25.98331 -46.23976 5.121782
v -26.22489 -47.4696 5.130473
v -26.43255 -48.70241 5.127332
v -26.53344 -49.94192 5.085328
v -26.49634 -51.18045 5.000302
v -26.4279 -52.41734 4.904888
v -26.23878 -53.64478 4.770969
v -26.43899 -54.8785 4.757947
v -26.47196 -56.11839 4.69293
v -26.272 -57.34554 4.559381
v -26.41302 -58.58331 4.527841
v -26.38831 -59.82251 4.444281
v -26.20072 -61.04996 4.310371
v -26.12867 -62.28693 4.211265
v -26.32366 -63.52127 4.203167
v -26.3594 -64.76199 4.138034
v -26.30379 -66.0002 4.046997
v -26.21532 -67.23623 3.945389
v -26.04771 -68.46548 3.818014
v -26.08683 -69.70541 3.756569
v -25.91009 -70.9339 3.625252
v -25.82988 -72.1702 3.525486
v -25.90399 -73.41011 3.476695
v -25.76703 -74.64266 3.357889
v -25.77649 -75.88278 3.287246
v -25.71737 -77.12093 3.194346
v -25.47715 -78.34301 3.049657
v -25.51039 -79.58334 2.983752
v -25.45121 -80.8213 2.88942
v -25.25457 -82.04776 2.752655
v -25.15086 -83.28318 2.644311
v -25.22783 -84.52304 2.594978
v -25.17307 -85.76141 2.500904
v -25.07985 -86.99786 2.396009
v -24.95674 -88.23195 2.282281
v -24.78787 -89.46133 2.153084
v -24.7007 -90.69749 2.050977
v -24.43237 -91.91419 1.888286
v -24.30317 -93.14736 1.771587
v -24.2657 -94.38593 1.684898
v -24.21845 -95.62405 1.593552
v -24.02451 -96.85071 1.452968
v -23.98989 -98.09011 1.367253
v -23.85875 -99.32329 1.248307
v -23.64225 -100.5472 1.099015
v -23.58106 -101.7855 1.005904
v -23.3413 -103.0067 0.850613
v -12.18488 -71.55927 9.210993
v -12.49427 -57.03208 11.07965
v -14.80268 -96.24373 6.686594
v -14.01059 -37.8541 13.3137
v -13.9445 -25.07064 12.23183
v -12.35354 -14.82889 13.87373
v -17.29559 -79.13506 8.595266
v -7.256496 -77.6338 5.313222
v -18.30625 -64.43362 10.0132
v -7.635498 -63.80645 7.736511
v -5.956286 -50.91432 9.343214
v -17.66585 -48.55993 11.63945
v -5.069524 -96.37693 3.0649
v -4.703421 -42.68407 10.85311
v -16.24251 -87.69258 7.671092
v -6.676353 -87.65139 3.875984
v -20.57711 -71.78849 8.392699
v -5.87854 -71.12633 4.945899
v -20.99915 -57.03668 9.624315
v -5.79378 -57.23812 7.110842
v -6.300402 -35.69634 12.297
v -20.27112 -32.6596 11.37455
v -21.40396 -38.65947 10.63869
v -8.337692 -21.54417 15.02764
v -17.71095 -20.23325 11.35126
v -9.352335 -29.90896 13.44363
v -4.234694 -82.32229 3.179367
v -19.72667 -100.078 5.003729
v -7.340511 -10.82247 15.27347
v -0.5752941 -39.69989 8.461197
v -20.43027 -93.93008 5.566663
v -13.28592 -100.6255 5.869817
v -20.62495 -25.51264 9.961818
v -13.34991 -10.50483 12.37421
v -17.57941 -15.76702 10.85214
v -22.17794 -76.68858 6.945886
v -21.8194 -81.61726 6.526458
v -22.70229 -66.8253 7.704546
v -22.85832 -61.89393 8.049987
v -4.423162 -65.8913 4.368159
v -2.629797 -46.90886 7.570744
v -22.7828 -47.13297 9.098106
v -1.567767 -92.22987 2.617955
v -2.134135 -100.3783 2.662328
v -22.64053 -52.05791 8.939778
v -6.778427 -16.2357 16.20501
v -2.804543 -77.12936 3.020965
v -3.109486 -51.97999 6.0025
v -21.6034 -86.54216 5.971382
v -1.335523 -87.13977 2.65565
v -4.150464 -60.83893 4.934844
v -23.14043 -42.19743 8.94119
v -6.417096 -25.4409 14.32826
v -2.780829 -73.32774 3.11119
v -4.926714 -32.15076 13.39317
v -23.84854 -33.61205 8.936913
v -1.327529 -36.97092 10.60164
v -0.7682533 -43.00407 6.945285
v -8.637589 -101.3101 4.166287
v -23.06805 -28.80819 9.214087
v -16.89504 -11.69174 10.3252
v 0.4599289 -95.84003 2.430506
v -21.93447 -90.22639 5.187839
v -23.71922 -72.95361 6.306102
v -2.720074 -69.52493 3.189044
v -24.26613 -56.90639 7.386545
v -3.148998 -56.93373 4.490515
v -21.31674 -21.96118 9.342216
v 2.299231 -100.7195 2.156751
v -16.55566 -9.152243 9.85238
v -2.518966 -34.45718 12.20237
v -24.17996 -37.24736 8.47581
v -4.48063 -22.84592 15.64719
v -20.57615 -18.62049 9.44904
v -21.85235 -97.60067 3.975581
v -16.737 -102.2173 5.8132
v -10.67515 -8.871241 13.52062
v -23.66653 -79.11752 5.598452
v -24.34953 -49.49554 7.606932
v -4.491695 -13.70688 16.33581
v -4.671904 -18.95448 16.54397
v -4.493761 -27.93401 14.12687
v -4.212207 -8.621451 15.6249
v -0.3957161 -81.9958 2.600299
v -24.18347 -69.23774 6.332921
v -24.41621 -64.3029 6.719088
v -1.863535 -49.34522 5.283902
v -23.30752 -84.04481 5.102199
v 0.8441239 -89.47414 2.398917
v -2.755198 -63.20574 3.554628
v -24.28328 -44.56899 7.668405
v -21.93529 -101.2904 3.296575
v -0.07467646 -38.26615 6.408026
v -23.50448 -26.36764 8.291992
v -0.8991001 -45.52542 5.620115
v -24.86561 -53.17577 7.164889
v -24.42053 -31.11321 8.150362
v -5.418017 -102.3291 3.166124
v -3.77685 -11.19539 16.03052
v -22.89056 -92.67072 4.120227
v -11.67669 -102.7341 5.249243
v -19.20439 -14.24471 9.208472
v 1.8039 -93.17982 2.290443
v -24.89727 -59.34645 6.728581
v -2.446003 -54.35747 4.325821
v 2.745827 -98.14999 2.178761
v -24.44249 -39.6469 7.742426
v -7.6786 -8.355484 14.77057
v -0.3526017 -79.46438 2.600256
v 0.4225657 -84.45458 2.468323
v -24.3248 -75.39487 5.486834
v -1.894864 -66.93717 3.054192
v -24.81662 -46.99436 7.218874
v -0.3408599 -102.449 2.358541
v -23.47783 -87.72704 4.375218
v -2.277147 -59.38146 3.596783
v -19.75717 -102.5879 4.566911
v -22.96495 -24.05708 8.249597
v -22.74212 -95.13148 3.78916
v -20.3863 -16.33674 9.026102
v -13.49828 -8.322366 11.65948
v -24.03384 -81.55922 4.843011
v -24.88675 -66.74016 5.996902
v -25.0349 -61.80422 6.336768
v -3.433772 -16.34146 16.79147
v -0.4772997 -75.68331 2.631972
v -3.23275 -25.35443 15.08749
v -2.95996 -30.41136 13.77689
v -24.76919 -42.06905 7.192368
v 3.126418 -102.7232 2.186297
v -0.1281383 -40.34493 5.633177
v -1.794008 -51.78822 4.177993
v 1.445878 -86.88956 2.209789
v -0.7426753 -71.91115 2.699453
v -25.11804 -34.72048 7.514786
v -0.6143639 -36.70007 8.945193
v -18.80156 -10.37326 9.401952
v -19.38661 -12.07711 9.295438
v -22.48673 -20.60659 8.22386
v -8.541876 -103.2311 4.157833
v -24.7559 -28.64424 7.610382
v 3.11029 -95.58112 1.988594
v -23.61756 -90.1715 3.718961
v -24.95273 -71.65883 5.238977
v -25.47101 -55.60129 6.345979
v -1.660759 -32.73834 12.63402
v -0.5012845 -34.88469 11.05909
v 0.03366114 -42.96855 5.109141
v -22.86239 -98.79652 2.8282
v -2.728409 -20.27238 16.58274
v -15.05213 -103.5 5.710117
v -24.68802 -77.82777 4.63639
v -25.48355 -50.65782 6.534754
v -22.11816 -102.9329 2.686173
v -1.10315 -47.97591 4.347567
v -24.19544 -85.2318 4.002536
v -1.351668 -61.84551 3.054566
v -1.145815 -64.35857 2.904759
v -2.528206 -7.50604 15.69691
v 2.571023 -90.57542 1.975255
v -17.18162 -43.08965 12.18104
v -0.5206311 -69.36666 2.623216
v -1.514189 -56.79995 3.32841
v -3.684236 -103.3828 2.852327
v -0.09841906 -37.59597 5.086767
v 4.516997 -100.4974 1.778314
v -25.2983 -37.13635 7.048153
v -25.32433 -32.24885 7.178808
v -2.364735 -10.01579 15.91475
v -2.340876 -12.51369 16.39962
v -16.29251 -7.724514 9.637694
v -22.04749 -18.34365 8.111261
v -2.18142 -27.77325 14.41529
v -25.49434 -58.05203 5.886365
v -6.154003 -7.39536 15.1427
v -9.37216 -7.434261 13.93975
v 1.078644 -80.60358 2.150611
v 0.7103385 -78.10953 2.232155
v 1.463467 -83.09597 2.081535
v -24.96125 -74.10689 4.712862
v -18.40199 -103.6144 5.16786
v -24.18839 -25.08226 7.405612
v -23.54286 -22.79044 7.59282
v -23.41754 -93.84538 3.028567
v -23.20515 -96.3122 2.806525
v -17.87311 -8.61332 8.617413
v -2.199573 -22.82666 16.02201
v -25.24223 -69.16285 5.038927
v -25.3815 -64.22375 5.369807
v -25.32983 -48.17789 6.327286
v -25.20723 -45.70637 6.441529
v -20.62781 -15.11288 8.317082
v -12.22164 -7.453276 12.27301
v 5.070098 -102.9652 1.590727
v -0.1198993 -36.78167 7.50877
v -24.4095 -82.74342 3.948489
v -24.60901 -80.27707 4.160294
v -25.50204 -60.51693 5.625153
v -2.192028 -15.07815 16.72765
v -2.233377 -17.67271 16.89957
v 0.3475271 -74.35104 2.318281
v 0.07397974 -38.87334 4.780042
v 1.439704 -103.488 2.250884
v -0.5797293 -33.60366 11.76034
v -0.1070123 -35.37656 9.705101
v -25.14191 -43.26133 6.448375
v -25.04587 -40.80036 6.561425
v -1.209508 -50.47257 3.749897
v -1.310715 -52.99746 3.489389
v 2.07744 -85.56553 1.919362
v 2.516152 -88.05161 1.884271
v -1.489712 -31.4203 13.19511
v -17.81939 -28.68789 11.64476
v -0.4618017 -41.60345 4.721391
v -5.673247 -20.84575 16.00057
v -8.411392 -19.07728 15.6037
v -13.03182 -20.18757 13.59499
v -0.4788271 -38.27246 8.187428
v -10.72698 -83.01018 7.140979
v -0.4445845 -45.42264 4.259623
v -19.71946 -12.93955 8.277771
v -6.952011 -103.7844 3.621542
v -10.08385 -103.8685 4.672304
v -25.32478 -29.80019 7.013419
v -25.07105 -27.39234 7.170272
v 3.651601 -94.26141 1.734275
v 4.115491 -96.74323 1.692115
v -23.80062 -91.36816 3.061755
v -24.06454 -88.90613 3.294646
v -22.81317 -101.2243 2.10388
v -25.62813 -53.09882 5.92781
v -18.95459 -11.14596 8.390446
v -23.81081 -54.94442 7.879519
v -9.948739 -97.45395 4.988161
v -10.27495 -92.08302 5.635417
v -13.35434 -103.9779 5.468013
v -25.0044 -76.56476 4.287421
v -21.04711 -103.5692 3.559585
v -0.9268341 -60.55043 2.858562
v -2.625143 -60.8473 3.658637
v -0.7361695 -63.06318 2.707222
v -0.4844089 -65.57153 2.588731
v -2.29292 -65.51769 3.26651
v -1.807479 -26.54832 14.89447
v -1.753194 -29.00408 14.13598
v -5.843511 -99.48731 3.237381
v -24.35301 -86.4387 3.474986
v -23.35327 -86.3304 4.725739
v 3.300501 -91.7673 1.734346
v 1.435102 -91.73981 2.339463
v -13.53554 -102.5909 5.717947
v -24.09376 -76.80601 5.527567
v -1.727194 -47.73055 6.085488
v -3.512837 -49.45426 7.619516
v -5.764607 -47.65625 9.873601
v -11.23698 -49.46818 11.74329
v -0.1861137 -68.07719 2.464208
v 0.1014757 -70.58037 2.358422
v -1.174232 -55.51038 3.16512
v -1.064098 -58.03003 2.990046
v -1.977279 -103.73 2.574034
v -2.342702 -102.2861 2.655236
v 4.708284 -99.21139 1.589759
v -1.857372 -11.28087 16.14616
v -1.899515 -8.777218 15.80906
v -1.847391 -21.5496 16.3653
v -1.815553 -24.0828 15.69495
v -1.872002 -18.98088 16.85399
v -0.08186826 -41.92904 6.21529
v -0.9488071 -41.43648 7.972852
v -2.902492 -40.68576 10.13075
v -7.073867 -39.44134 12.29348
v -2.446446 -43.0858 9.050752
v -10.73133 -43.07655 12.57185
v -4.265015 -45.20195 9.854057
v -7.970053 -45.49329 11.62908
v -12.61962 -46.1882 12.26345
v -6.174307 -30.18202 13.79907
v -8.405829 -32.15432 13.55628
v -14.56156 -32.53297 13.0153
v 0.01760174 -36.75629 6.734254
v -25.4496 -38.33987 6.654543
v -25.66435 -35.88958 6.779364
v -25.67118 -33.44276 6.824722
v -14.97083 -7.341156 10.41215
v -15.09327 -8.681036 10.69639
v -15.26254 -10.36397 11.07361
v -14.64863 -12.26349 12.0481
v -11.92339 -12.47794 13.7175
v -9.044037 -14.01938 15.20967
v -25.75235 -56.79728 5.661271
v -7.808471 -7.102586 14.52139
v -4.437687 -7.051654 15.39991
v 1.272728 -79.32202 1.999074
v 0.9248017 -76.82735 2.09491
v -0.8139871 -77.26943 2.723822
v -2.004292 -78.53373 2.851693
v -5.23254 -78.76365 3.671664
v -2.806908 -80.5307 2.918376
v -7.879962 -80.98274 5.37666
v -11.4873 -78.87232 7.990405
v 1.648442 -81.81469 1.924026
v -25.18363 -72.85213 4.508276
v -16.79791 -103.9938 5.564593
v -23.56338 -95.06576 2.649406
v -23.29372 -97.52943 2.407979
v -1.818626 -13.79757 16.6132
v -0.1084669 -44.15151 4.263003
v -7.766057 -84.39792 4.782602
v -10.85222 -87.29932 6.64994
v -24.16229 -23.88853 7.228062
v -23.44623 -71.06699 6.738357
v -21.61674 -69.34452 8.118531
v -16.6758 -69.39284 9.803213
v -11.30944 -67.05176 9.514524
v -19.38186 -67.22253 9.374018
v -22.76634 -19.37869 7.687075
v -21.89411 -17.20067 7.908626
v -23.50589 -21.61061 7.449332
v -25.33273 -70.38187 4.690205
v -25.46897 -67.91187 4.882592
v -25.68133 -65.44492 5.097494
v -25.5072 -62.96983 5.187701
v -25.69416 -49.39256 6.05913
v -10.82243 -7.146162 13.05811
v 5.200288 -101.6891 1.508625
v -24.50784 -83.96521 3.612577
v -24.83107 -79.02605 4.015241
v -25.71533 -59.26662 5.475773
v 0.4573725 -73.07764 2.227113
v -1.037312 -73.61456 2.786666
v -2.350092 -74.89454 3.006838
v -5.9904 -74.76408 4.564453
v -9.640984 -74.80785 7.633527
v -15.00615 -75.27794 9.218216
v -1.024505 -49.19262 3.722342
v -0.7456489 -46.6656 4.00163
v -12.46835 -62.58314 10.44494
v -19.76869 -103.8088 4.363511
v -25.59022 -44.46564 6.309681
v 2.080282 -84.3011 1.839152
v 2.938643 -89.27464 1.751059
v -1.258718 -38.23734 9.354877
v -3.862728 -38.40036 11.09868
v -5.320499 -103.8848 3.195502
v -25.57036 -31.00023 6.845713
v -24.86321 -26.1992 7.076132
v -23.75588 -92.59315 2.820082
v -23.14453 -89.08153 4.494324
v -21.39605 -88.45023 5.808149
v -18.32496 -90.38518 6.973545
v -19.20654 -87.46926 7.055557
v -17.42628 -83.71178 8.023375
v -13.7009 -90.48787 7.236972
v -19.62719 -85.17982 7.188704
v -23.03735 -99.98735 2.126412
v -25.68959 -54.32869 5.737834
v -25.75955 -51.85673 5.907289
v -11.69425 -104.0535 5.112379
v -25.09324 -75.32181 4.284659
v 3.60946 -93.00058 1.661875
v -0.2439659 -66.81722 2.478082
v -1.146745 -54.24366 3.218352
v -0.2718777 -103.7508 2.35407
v 4.54005 -97.96381 1.576235
v -16.51364 -13.67065 11.10274
v -4.344532 -74.40038 3.536594
v -4.880946 -72.59595 3.983467
v -4.91948 -76.23244 3.677363
v -6.702712 -73.01472 5.513515
v -8.557253 -70.8838 7.481794
v -6.61165 -68.1279 6.26273
v -18.61198 -97.27481 5.911313
v -25.39726 -46.92279 6.06065
v -24.31262 -87.6684 3.287333
v -0.8981719 -59.28259 2.854573
v -17.6182 -7.501222 8.500225
v -9.971751 -102.5139 4.691298
v -11.18182 -101.0269 5.050676
v -11.64094 -99.04318 5.364707
v -14.44691 -98.53 6.397501
v -9.211076 -99.31529 4.325684
v -7.427594 -97.62305 3.733786
v -8.240392 -94.5665 4.311583
v -6.260109 -91.30538 3.564909
v -22.9702 -91.32063 4.284821
v -21.11732 -92.09036 5.424426
v -18.62497 -92.51054 6.581055
v -17.60265 -94.84917 6.588808
v -14.14875 -93.37566 6.962856
v -0.5721623 -44.12867 5.726973
v -1.757594 -44.82603 7.620688
v -15.58627 -66.60434 10.1915
v -24.93882 -51.81807 7.131388
v -14.9837 -15.35525 12.42712
v -15.98054 -17.91654 12.15908
v -13.17841 -17.11792 13.67291
v -10.14687 -16.5144 15.0787
v -12.3709 -97.19357 6.017088
v -10.66029 -95.31583 5.598725
v -2.995352 -89.65081 2.783769
v -13.6031 -7.195135 11.28778
v -7.158237 -102.4432 3.6808
v -6.461811 -100.978 3.435128
v -4.270622 -100.9196 2.944663
v -15.50164 -52.94658 11.59224
v -7.680069 -74.79076 6.184296
v -8.754447 -76.64137 6.824092
v -11.24028 -76.65098 8.17882
v -14.23442 -77.65997 8.850014
v -9.006476 -78.83856 6.679106
v -10.32396 -80.79531 7.211289
v -14.23262 -81.58262 8.373424
v -8.428437 -73.08517 7.086432
v -10.65049 -73.04638 8.355481
v -13.27695 -73.54242 9.211831
v -17.1144 -72.84498 9.336963
v -19.09988 -75.40196 8.562304
v -23.82866 -52.44916 7.994148
v -22.73285 -53.73138 8.755468
v -19.48734 -53.18412 10.63591
v -23.6609 -50.88524 8.174006
v -21.17862 -49.60446 10.04634
v -17.15285 -56.00498 11.11639
v -17.37076 -60.23454 10.65693
v -22.05759 -55.45836 9.10175
v -19.71858 -55.28428 10.37259
v -22.87849 -49.4895 8.906638
v -4.492091 -54.55567 6.767408
v -8.076273 -54.80657 9.868925
v -24.78001 -81.49576 3.765338
v -25.63826 -66.67512 4.923129
v -25.6673 -61.73282 5.224718
v -24.23109 -29.80281 8.155484
v -22.98627 -30.55967 9.622744
v -20.66611 -29.3228 10.66615
v -23.91093 -27.62929 8.259707
v -22.0948 -27.18231 9.592893
v -19.40208 -27.16668 10.80753
v -17.34201 -25.13902 11.16152
v -15.60422 -22.5728 12.04412
v 1.946593 -94.54001 2.279478
v -0.5809613 -93.99432 2.523225
v -4.057105 -93.98164 2.869506
v -2.33437 -95.58329 2.683279
v -1.335708 -97.96082 2.600148
v 2.365647 -96.81383 2.232719
v 0.7313343 -97.75359 2.384431
v 0.0004321436 -99.46662 2.436706
v -1.725587 -68.48955 2.957863
v -4.038181 -67.90649 3.910324
v -1.492351 -70.40204 2.899928
v -3.595023 -71.16991 3.44744
v -4.739563 -69.788 4.150323
v -24.74491 -33.22619 7.887897
v -24.01442 -32.30353 8.69948
v -22.36009 -32.66022 10.16848
v -21.27614 -35.59738 10.86891
v -17.50782 -35.02256 12.56003
v -22.19231 -99.95347 3.332966
v -20.93792 -100.5328 4.113389
v -21.02713 -98.99255 4.370503
v -19.4654 -98.58488 5.359838
v -17.01237 -99.7862 6.091141
v -20.40508 -97.2288 5.057471
v -19.64031 -95.63828 5.712678
v -18.94572 -30.7189 11.77504
v -15.4608 -30.25317 12.41822
v -14.05421 -27.66464 12.40298
v -10.45531 -26.07433 13.2333
v -17.54325 -32.52677 12.38133
v -10.80534 -23.48814 13.57943
v -19.1992 -23.43439 10.43888
v -19.83053 -101.3229 4.729685
v -18.19957 -100.9316 5.598626
v -2.083864 -50.67682 4.959273
v -2.7574 -50.26635 6.39378
v -4.165497 -51.34552 7.676781
v -5.789831 -53.29817 8.682694
v -16.07978 -91.70817 7.221673
v -21.615 -96.19883 4.431029
v -21.98623 -44.60412 9.782792
v -20.39429 -42.33602 10.88376
v -18.32279 -40.1298 12.22304
v -14.21405 -41.06797 13.02919
v -20.04996 -46.63511 10.86411
v -16.67862 -45.87176 12.01167
v -1.647767 -16.37429 16.91476
v -2.42893 -53.01557 4.596435
v -3.455178 -53.91739 5.593109
v -3.831733 -55.62372 5.500632
v -4.01306 -53.09602 6.775759
v 0.4036041 -85.80257 2.492149
v -2.487771 -85.10227 2.783268
v -4.209994 -86.81109 3.053318
v -5.386422 -84.81387 3.45869
v -2.347757 -55.93175 3.993345
v -2.356934 -57.79896 3.794376
v -4.067989 -58.78716 5.123469
v -6.39305 -59.95683 6.981731
v -8.649242 -58.42813 9.594428
v 3.260713 -99.69053 2.078821
v 1.627666 -99.64571 2.288986
v 0.5722789 -100.646 2.345794
v 1.327326 -101.8613 2.208458
v -24.68551 -38.09873 7.717439
v -23.53315 -38.82717 9.083473
v -23.35199 -40.51134 8.99648
v -22.71789 -37.45043 9.814434
v -23.52043 -35.56646 9.333697
v -21.82392 -41.32434 10.00393
v -20.25475 -40.54602 11.17283
v -24.8031 -36.28399 7.801198
v -22.54965 -22.10999 8.383559
v -21.89468 -23.15776 9.000333
v -21.63531 -24.4608 9.371966
v 3.640565 -101.5417 2.041851
v -6.129221 -69.5507 5.464921
v -7.443813 -69.57319 6.835361
v -8.758673 -67.72937 8.081854
v -10.84252 -69.37111 8.998474
v -9.028123 -69.36871 7.99823
v -13.63211 -68.61781 9.895304
v -7.085986 -71.05307 6.288891
v -7.11509 -65.99557 7.089304
v -5.601746 -64.21982 5.873387
v -9.229992 -65.5119 8.727211
v -9.767385 -63.33356 9.419204
v -9.960534 -60.80585 9.924517
v -13.44846 -59.8496 10.89188
v -12.02949 -64.85785 10.08312
v -15.09887 -64.04009 10.49837
v -21.43504 -94.85245 4.794669
v -8.216878 -61.74315 8.382962
v -6.258056 -62.12209 6.762032
v -21.79089 -93.54682 4.742609
v -22.67828 -58.75203 8.436173
v -20.15127 -59.30362 9.830212
v -19.88843 -61.99636 9.698259
v -21.40135 -64.13036 8.764719
v -20.58238 -20.31598 9.676995
v -19.15686 -21.54994 10.52835
v 0.7876927 -88.13264 2.405697
v -1.129544 -88.84663 2.63853
v -0.9852911 -90.54694 2.603678
v -3.01052 -88.10633 2.80279
v -5.145089 -88.89768 3.24557
v -7.489863 -89.57686 4.168613
v -8.932425 -88.03429 5.204283
v -10.88763 -89.67474 6.270138
v -9.094944 -86.02094 5.631724
v -11.06596 -85.1675 7.043533
v -13.58575 -83.90949 8.002397
v -13.49614 -86.52006 7.666703
v -3.834717 -21.34849 16.18248
v -21.66817 -19.27127 8.720116
v -21.05834 -17.6797 8.887965
v -19.09559 -17.36585 10.18323
v -18.67862 -18.87079 10.70186
v -21.30387 -53.03295 9.745337
v -20.32209 -51.3807 10.40418
v -17.77797 -51.66383 11.36583
v -14.64189 -50.40675 11.84003
v -11.711 -52.24459 11.4887
v -19.13106 -49.92041 11.05983
v -20.83549 -101.8991 3.963904
v -7.987416 -52.51054 10.20389
v -8.477912 -50.22963 10.70364
v -8.722363 -47.85128 11.29605
v -4.448594 -57.15897 5.805042
v -19.9506 -48.34034 10.78079
v 0.9203651 -75.56348 2.04556
v -1.524522 -25.32557 15.35648
v -1.33704 -30.19112 13.73795
v -22.8917 -102.45 1.802767
v -24.99884 -54.47824 6.955835
v -3.784984 -99.44219 2.858044
v -4.877119 -98.01142 3.03703
v -3.142117 -97.07716 2.772773
v -16.68598 -26.86023 11.63374
v -17.96104 -58.08543 10.74727
v -15.26081 -57.55047 11.16325
v -14.46044 -55.67098 11.36098
v -11.27431 -54.69365 11.11226
v -5.308502 -58.45026 6.290435
v -6.507657 -58.57251 7.483333
v -7.094391 -57.25718 8.702528
v -7.759874 -59.79407 8.537804
v -5.936224 -55.55038 8.13563
v -8.772568 -56.60214 9.965037
v -4.983558 -59.8558 5.908373
v -24.42431 -43.26669 7.652276
v -23.22441 -43.8405 8.788311
v -23.21693 -45.40678 8.757293
v -22.03491 -43.13329 9.756025
v -20.65302 -43.83011 10.67352
v -19.09944 -43.33033 11.57856
v -19.21195 -45.06595 11.35918
v -18.62615 -41.75948 11.99804
v -16.37269 -41.53598 12.52118
v -14.38217 -43.10183 12.71486
v -16.04178 -39.82848 12.78139
v -17.98299 -37.57387 12.45132
v -13.94548 -39.4806 13.2675
v -10.48921 -38.75542 13.07563
v -10.87174 -35.34309 13.16282
v -11.44628 -40.63026 12.9934
v -8.336113 -41.55331 12.45179
v -3.095937 -32.08762 13.16286
v -4.033911 -33.46923 12.80721
v -6.760091 -33.64661 13.15167
v -4.63858 -34.72739 12.06115
v -4.223358 -36.51419 11.39992
v -6.151406 -37.64307 12.20307
v -8.713358 -36.77857 12.90285
v -9.33214 -33.86148 13.30413
v -11.49199 -32.3951 13.35464
v -24.58699 -70.54864 5.865355
v -21.21473 -31.22034 10.67009
v -21.19095 -37.14671 10.84914
v -19.66389 -36.41745 11.89197
v -19.80117 -38.2267 11.72926
v -19.71541 -34.63953 11.8191
v -22.28995 -25.67342 9.169461
v -15.32872 -61.86567 10.71441
v -8.411126 -91.26765 4.612622
v -7.47443 -92.85139 4.00384
v -6.246257 -94.19909 3.475822
v -6.913895 -95.72414 3.703583
v -8.748395 -96.13219 4.577413
v -5.388218 -92.74075 3.219781
v -3.934419 -91.31252 2.896055
v -16.11926 -85.603 7.946374
v -10.43586 -57.72443 10.50856
v -5.241537 -61.22059 6.008324
v -4.524574 -62.72646 4.968634
v -21.29143 -33.98096 10.8002
v -10.6056 -56.1612 10.7433
v -10.27459 -59.27755 10.2474
v -12.07156 -58.67018 10.83139
v -0.2768043 -40.27472 4.461001
v -4.326572 -17.59207 16.69321
v -6.718544 -17.99234 16.24863
v -24.23472 -40.9416 7.724464
v -5.242865 -80.63986 3.595922
v -6.603642 -82.25906 4.179717
v -20.02867 -83.10076 7.282071
v -18.09529 -81.39451 8.166717
v -20.36657 -79.61601 7.564666
v -23.68584 -48.23516 8.290402
v -5.49131 -68.18705 4.978026
v -5.834296 -66.57587 5.640295
v -17.01932 -50.13889 11.64748
v -15.57637 -48.97699 11.90733
v -16.15389 -47.42939 11.96307
v -13.70464 -47.79727 12.10136
v -11.19847 -47.65587 11.89911
v -18.18087 -46.94618 11.62194
v -10.24055 -46.05748 11.91325
v -11.54768 -44.66121 12.41728
v -13.90679 -44.76219 12.45758
v -14.70609 -46.36393 12.20531
v -9.413171 -44.34333 12.14684
v -6.918778 -43.64735 11.56514
v -8.661197 -42.99873 12.31709
v -12.94061 -30.84986 12.98231
v -8.774323 -17.61469 15.62035
v -11.26701 -18.60297 14.56466
v -6.718368 -79.74419 4.563104
v -8.271051 -82.75967 5.432318
v -9.380936 -84.20235 6.136751
v -4.229848 -15.06445 16.55955
v -6.600107 -14.53046 16.01719
v -6.798981 -12.65418 15.71935
v -9.483379 -11.95858 14.74563
v -17.94369 -11.40642 9.357418
v -1.198675 -47.03364 5.136986
v -1.437303 -46.52176 6.255977
v -1.368495 -45.49807 6.724848
v -2.191222 -45.8614 7.597333
v -3.446611 -46.19087 8.802572
v -3.963732 -47.89536 8.678015
v -2.771753 -45.17961 8.50826
v -5.269914 -49.24517 9.258797
v -2.328541 -44.10394 8.488449
v -3.475341 -44.01166 9.641812
v -5.025482 -44.04934 10.60133
v -6.119825 -45.3601 10.73795
v -1.487125 -43.23933 8.024235
v -7.10388 -46.77432 10.84082
v -1.646923 -42.20822 8.637661
v -2.819354 -41.92824 9.684545
v -1.744169 -40.99382 9.120874
v -1.83631 -39.62701 9.609216
v -3.992726 -41.51939 10.71186
v -6.106618 -41.37058 11.68893
v -4.399178 -39.96449 11.24677
v -1.086339 -44.45611 6.711815
v -7.094474 -48.96203 10.2649
v -7.597035 -99.87316 3.747088
v -14.74963 -71.97736 9.592411
v -13.8301 -70.35621 9.712298
v -16.8748 -71.12108 9.571121
v -19.25616 -70.0302 9.108537
v -20.49329 -22.87419 9.81893
v -12.95901 -88.50788 7.330585
v -12.97354 -34.08626 13.24172
v -13.4048 -35.99144 13.30568
v -15.85454 -36.47131 12.99821
v -15.19718 -34.81415 13.08769
v -11.36258 -37.07009 13.2071
v -11.60873 -60.29454 10.55156
v -13.0888 -61.24477 10.69548
v -11.33985 -61.56533 10.31873
v -9.907809 -62.0809 9.719612
v -19.44402 -77.58158 8.180552
v -16.97608 -76.77771 8.918636
v -13.63149 -49.20334 11.97544
v -12.67041 -50.42922 11.82673
v -13.68105 -51.75108 11.71791
v -10.73205 -50.90842 11.45855
v -13.34415 -53.311 11.56007
v -9.720356 -52.15342 10.99217
v -9.36077 -53.72032 10.65596
v -13.27159 -29.19914 12.65794
v -11.50369 -27.75392 12.98954
v -8.115046 -27.47001 13.65149
v -4.850572 -46.47422 9.70411
v -3.522466 -42.88419 9.988481
v -11.00125 -62.88314 10.03434
v -12.11862 -63.70476 10.2446
v -13.69081 -63.39571 10.51503
v -10.79113 -64.17478 9.754848
v -10.67535 -65.41154 9.466311
v -13.61377 -64.58665 10.37355
v -13.34571 -66.21522 10.14726
v -15.10897 -65.34715 10.36217
v -17.09887 -65.61446 10.13521
v -19.03764 -65.77522 9.631156
v -21.04821 -66.13802 8.754761
v -9.548845 -64.42084 9.047743
v -17.50767 -67.03584 9.931503
v -18.17715 -68.39642 9.61818
v -20.08428 -68.61494 8.938722
v -8.631895 -63.56706 8.62094
v -16.00197 -68.02618 10.00968
v -8.375447 -64.64633 8.300862
v -7.33182 -64.90769 7.454022
v -6.331093 -65.10294 6.506269
v -5.469168 -65.38157 5.477529
v -4.402998 -64.36025 4.594542
v -6.506607 -63.95652 6.854374
v -8.129306 -65.76968 7.941115
v -9.059337 -66.62226 8.386425
v -10.02736 -67.50012 8.855788
v -7.903706 -66.86603 7.607509
v -7.630055 -67.994 7.21957
v -6.889423 -67.08492 6.730923
v -11.20061 -68.23559 9.308093
v -5.735445 -63.11039 6.248383
v -12.52414 -67.76984 9.804931
v -14.1985 -67.41704 10.10931
v -12.2334 -69.10316 9.544288
v -11.93159 -70.31619 9.285913
v -10.29581 -71.07436 8.484728
v -7.966903 -62.76959 8.0237
v -6.932452 -62.97042 7.249245
v -7.303211 -61.92167 7.529229
v -7.510821 -60.77998 7.873702
v -6.58485 -61.07108 7.031566
v -8.95014 -62.53721 8.935716
v -21.59138 -67.8991 8.279163
v -23.1183 -68.27033 7.258259
v -22.54663 -65.24905 7.964812
v -23.02984 -63.72496 7.792041
v -23.89614 -65.82807 6.96331
v -13.9314 -62.31878 10.65126
v -15.17815 -62.95141 10.61019
v -17.64095 -62.54695 10.36249
v -16.64927 -63.53767 10.43035
v -16.39765 -64.63748 10.33906
v -9.666355 -68.50823 8.505653
v -15.57155 -51.58646 11.69219
v -14.79758 -54.27433 11.48821
v -17.32338 -54.18132 11.25005
v -13.08645 -54.78113 11.38513
v -12.10499 -55.7564 11.16474
v -24.18239 -62.91813 6.967936
v -25.49057 -42.00973 6.220755
v 3.190415 -103.8179 2.232365
v -3.859938 -29.21151 14.02309
v 0.1456275 -92.65823 2.463404
v -22.70332 -56.91711 8.561716
v -17.79201 -98.52034 6.051741
v -16.51803 -97.26646 6.489825
v -22.13022 -39.84938 9.981224
v -21.62239 -48.1307 9.878767
v -22.76897 -103.4601 1.670821
v -13.9471 -58.53982 11.05758
v -16.04444 -59.01252 10.96646
v -15.35405 -60.39451 10.86358
v -11.29525 -10.80658 13.66082
v -3.136021 -39.46119 10.50624
v -2.464481 -38.32217 10.29865
v -3.208421 -37.3027 10.78449
v -2.604801 -36.15062 11.0086
v -1.046673 -35.9573 11.10849
v -0.2770997 -36.33121 10.21114
v -0.2682657 -37.44728 9.816795
v -2.102245 -35.36672 11.66209
v -3.668408 -35.4599 11.51108
v -4.995108 -35.76324 11.83673
v -5.728358 -36.64022 12.11961
v -7.224528 -36.60011 12.52365
v -8.279329 -35.27185 12.73912
v -7.733613 -37.73459 12.61813
v -9.331955 -37.8993 13.0344
v -8.725681 -39.13815 12.83991
v -4.866196 -37.4099 11.73778
v -5.194948 -38.57664 11.80894
v -9.964394 -39.9918 12.94783
v -8.325256 -40.33229 12.58809
v -9.91481 -41.1701 12.77021
v -11.29982 -41.879 12.81517
v -12.57734 -42.79914 12.81597
v -19.95086 -64.63313 9.427457
v -19.43746 -63.34094 9.756957
v -20.93153 -62.91274 9.125931
v -21.45787 -61.56796 8.974157
v -22.59887 -60.34313 8.362851
v -20.33675 -60.65885 9.624084
v -18.73802 -61.06032 10.22255
v -24.00181 -60.82111 7.28138
v -21.43537 -59.80676 9.136159
v -21.36496 -58.53046 9.282728
v -16.14832 -98.75043 6.362718
v -15.00444 -99.95412 6.276422
v -15.00895 -101.4158 6.015799
v -21.50917 -46.79333 10.02947
v -20.98431 -45.55512 10.41159
v -22.17664 -45.78348 9.609809
v -0.5859705 -35.7372 8.387903
v -18.68602 -13.14184 9.296114
v -17.86723 -14.00291 10.18807
v -18.21963 -12.46461 10.2561
v -18.54915 -15.09596 10.00366
v -18.86485 -16.23356 10.07052
v -16.94177 -12.57012 11.09675
v -15.73477 -13.0389 11.87389
v -13.82345 -13.669 12.93999
v -15.38126 -14.23133 11.97809
v -16.56392 -14.86478 11.30592
v -15.73031 -11.84037 11.18443
v -15.16625 -11.17217 11.96411
v -13.75345 -11.58333 12.77218
v -16.6526 -10.85544 11.00506
v -16.31474 -10.13059 10.27916
v -17.38366 -9.914021 9.404676
v -18.445 -9.712752 8.406469
v -17.73402 -10.55369 10.22257
v -15.54602 -9.492696 10.61706
v -14.21481 -9.581339 11.54491
v -3.909103 -26.63195 14.55691
v -6.010508 -27.05581 14.09751
v -6.705309 -28.52149 13.75171
v -24.89041 -68.3908 5.804527
v -24.97549 -65.08078 6.024706
v -25.01716 -63.45284 6.132639
v -2.452659 -48.91419 6.592496
v -3.076472 -48.19277 7.575747
v -4.992368 -56.03358 6.590573
v -17.86625 -44.30152 11.89574
v -15.85538 -44.25517 12.27258
v -10.47566 -20.37703 14.61502
v -11.87836 -21.84238 13.67989
v -13.31624 -23.22538 12.8057
v -18.68085 -71.81542 9.11396
v -19.55563 -73.53098 8.592546
v -21.51895 -74.72366 7.564356
v -20.4314 -23.87632 9.830707
v -19.27529 -24.65676 10.4225
v -19.05357 -25.8795 10.73099
v -17.80486 -24.01319 11.02829
v -15.62901 -24.09377 11.81801
v -17.58268 -22.60412 11.20559
v -16.64427 -21.39082 11.76972
v -15.37655 -19.91692 12.4874
v -14.57566 -21.29686 12.70036
v -13.94831 -18.67495 13.27945
v -0.1350011 -91.52229 2.499227
v 0.9185535 -90.63764 2.412236
v -12.6534 -41.27365 13.01809
v -12.84246 -40.22999 13.12979
v -12.26222 -39.02287 13.18475
v -17.22822 -61.41449 10.56283
v -13.52305 -12.64518 12.81964
v -12.45544 -11.19121 13.11147
v -23.2786 -76.00068 6.273036
v -23.2705 -74.46223 6.468475
v -22.33119 -73.43938 7.237666
v -22.27146 -75.56136 7.026676
v -20.67301 -76.1218 7.848018
v -22.76796 -72.20209 7.092667
v -21.99198 -71.04394 7.714824
v -22.83618 -69.92735 7.287658
v -21.53776 -72.56283 7.806972
v -20.71889 -70.48525 8.469109
v -25.34315 -39.57124 6.514346
v -24.61467 -73.30225 5.453209
v -22.10552 -50.736 9.414372
v -9.210668 -89.86247 5.191121
v -9.214604 -93.2672 4.899244
v -11.02547 -93.66902 5.926731
v -12.79787 -94.85371 6.48641
v -12.23122 -92.33143 6.656995
v -16.3418 -62.47677 10.58154
v -9.441767 -10.39267 14.47392
v -18.86417 -59.88218 10.29404
v -17.80758 -59.17858 10.67093
v -19.08742 -58.69099 10.32218
v -19.43115 -57.35995 10.30457
v -0.9851357 -51.70204 3.267951
v 2.743209 -86.76479 1.663981
v 0.5434949 -71.80596 2.132358
v -20.26744 -11.83808 8.381981
v -20.25242 -89.82129 6.25397
v -19.74484 -91.27181 6.322014
v -18.89659 -88.94645 6.979226
v -16.74093 -89.28352 7.436903
v -23.84077 -53.593 7.940372
v -3.401149 -58.00086 4.549357
v -3.256435 -59.01047 4.280223
v -3.901235 -59.79734 4.827355
v -21.51051 -84.26748 6.370347
v -11.88988 -65.94268 9.894166
v -9.383513 -72.10568 7.808065
v -15.99868 -55.133 11.34901
v -18.09712 -56.91713 10.82071
v -16.77874 -57.44329 11.02988
v -18.57573 -55.88628 10.75887
v -18.52842 -54.77842 10.87921
v -19.66736 -54.22757 10.48022
v -21.03984 -54.65609 9.781935
v -18.52388 -53.79929 10.96812
v -17.37053 -52.90842 11.35834
v -14.89975 -88.74635 7.569462
v -15.2685 -89.96342 7.434836
v -16.75099 -90.44974 7.301576
v -14.51064 -87.53531 7.686103
v -15.08083 -86.47372 7.846403
v -14.17817 -85.23845 7.933331
v -15.54569 -84.20243 8.127943
v -15.84809 -82.65336 8.319406
v -12.55371 -84.85958 7.638133
v -11.99396 -83.70144 7.594084
v -12.27643 -82.15694 7.890877
v -12.43872 -80.45223 8.133511
v -14.79175 -79.74844 8.645491
v -12.14926 -85.94827 7.390982
v -12.20161 -87.10487 7.271317
v -10.90906 -86.22692 6.825391
v -9.965399 -85.5023 6.363934
v -9.945341 -86.64693 6.182309
v -9.854655 -87.68484 5.961965
v -10.86904 -88.49119 6.485313
v -9.821226 -88.75529 5.72985
v -9.007589 -87.03218 5.440482
v -7.551026 -86.2532 4.447516
v -7.986491 -87.33076 4.623844
v -7.854874 -88.47848 4.45262
v -11.89083 -89.17566 6.924667
v -12.047 -90.41721 6.837142
v -10.76926 -90.94323 6.104874
v -13.16742 -89.5278 7.257751
v -16.1647 -81.2573 8.483982
v -10.79226 -84.09525 7.049815
v -9.582394 -91.09725 5.362982
v -12.83402 -91.36016 6.960061
v -14.4365 -91.54958 7.199465
v -15.08912 -92.5316 7.121303
v -16.16239 -93.81754 6.966552
v -16.62872 -92.74689 7.048432
v -17.78955 -93.56818 6.696422
v -19.02015 -94.26881 6.191336
v -14.67313 -94.71768 6.858298
v -19.5389 -93.24915 6.124438
v -20.61481 -92.97137 5.605451
v -19.8801 -92.26187 6.110224
v -5.939667 -86.34726 3.606134
v -25.91679 -34.6483 6.587306
v -19.7095 -10.15532 8.483428
v -23.79385 -80.3689 5.305362
v -22.29327 -80.05376 6.448326
v -22.2055 -78.3747 6.716006
v -23.04939 -81.32612 5.776144
v -22.66809 -82.80739 5.829494
v -3.327198 -23.62318 15.62065
v -5.437451 -24.15697 15.00585
v -8.210565 -24.06539 14.21875
v -6.794476 -22.92325 15.03797
v -8.791086 -22.81448 14.47363
v -10.06815 -21.89804 14.32339
v -12.42851 -101.6854 5.551232
v -0.8858687 -85.11692 2.623728
v -1.656207 -83.4743 2.707231
v -1.70725 -86.06007 2.688971
v -3.188069 -86.04822 2.862343
v -4.001566 -85.11609 3.047413
v -4.232251 -83.72517 3.134206
v -5.960808 -83.50911 3.752614
v -3.562601 -92.6563 2.801059
v -2.319942 -93.6109 2.677081
v -8.989511 -61.33095 9.246444
v -8.798536 -60.16784 9.377286
v -19.66668 -15.20449 9.208174
v -17.30578 -80.34798 8.445752
v -18.79393 -79.69099 8.170795
v -19.59635 -80.78301 7.751191
v -21.04739 -80.65189 7.080606
v -20.3879 -81.83234 7.272161
v -19.03107 -82.29231 7.775896
v -17.48509 -82.50297 8.163692
v -18.64224 -78.56209 8.347666
v -17.3089 -77.94077 8.731446
v -15.63984 -78.54736 8.822386
v -20.0297 -78.55811 7.834101
v -21.00595 -77.5049 7.517203
v -21.15789 -78.81725 7.258135
v -18.7413 -83.32592 7.743352
v -18.53799 -84.47093 7.665389
v -18.01088 -85.82085 7.654209
v -17.12638 -84.78069 7.94589
v -19.80392 -84.13855 7.24945
v -18.25876 -77.16061 8.611981
v -19.40617 -76.49947 8.325349
v -18.1022 -76.1352 8.761618
v -17.17104 -74.64223 9.137041
v -16.76211 -75.7007 9.076907
v -15.44509 -76.39728 9.079424
v -13.21862 -76.21273 8.869166
v -11.6326 -75.02103 8.50652
v -15.77504 -77.46111 8.948556
v -15.43361 -73.78994 9.390593
v -11.67606 -91.48585 6.524054
v -12.1333 -8.653296 12.62927
v -11.55765 -9.688105 13.23525
v -12.82759 -9.521637 12.41749
v -3.313389 -66.47334 3.606872
v -25.18559 -57.23729 6.578369
v -24.35969 -58.20427 7.236265
v -23.73317 -59.27772 7.625726
v -3.712379 -78.24489 3.182844
v -3.933706 -79.54159 3.189851
v -5.00481 -77.50236 3.637655
v -6.185499 -76.85441 4.491719
v -7.302458 -76.14133 5.559821
v -6.261045 -78.09106 4.407398
v -7.175712 -78.76533 5.083269
v -7.788147 -79.80035 5.470593
v -8.912266 -80.42531 6.375164
v -9.325195 -81.92236 6.464916
v -8.029819 -78.38044 5.935778
v -8.76806 -77.74136 6.67397
v -10.14121 -78.14763 7.455126
v -7.963375 -77.10232 6.066693
v 0.9891639 -98.74706 2.358697
v -24.04199 -36.2559 8.691096
v -24.32876 -35.1759 8.414962
v -23.26447 -36.55255 9.501525
v -22.39677 -35.86348 10.11405
v -22.67481 -34.47441 9.931272
v -23.7452 -34.59932 9.092852
v -5.254679 -21.89154 15.7699
v -6.781015 -21.55465 15.49173
v -7.554942 -20.31292 15.64757
v -6.593517 -19.2663 16.11527
v -5.107798 -16.04971 16.50917
v -11.39345 -29.71056 13.0423
v -9.828303 -28.53874 13.24764
v -10.85717 -30.99985 13.33126
v -7.222641 -83.31373 4.497287
v -11.33204 -77.76233 8.07099
v -12.79029 -78.25343 8.516802
v -12.7937 -79.37744 8.382816
v -9.121296 -31.07608 13.55462
v -7.376836 -31.13265 13.68761
v -6.661238 -32.19719 13.52663
v -5.739747 -31.24078 13.71862
v -4.588533 -30.39169 13.87115
v -3.90027 -31.27079 13.5769
v -7.785028 -30.08189 13.66837
v -8.162552 -29.08994 13.53218
v -9.967095 -32.0399 13.48931
v -10.36098 -33.08445 13.37656
v -10.9281 -34.18201 13.28317
v -12.92525 -77.22177 8.676232
v -4.89639 -53.72849 7.677883
v -4.787344 -52.49844 7.993021
v -5.793863 -52.07666 8.917219
v -6.87428 -51.79191 9.745136
v -7.186696 -50.68572 10.10876
v -8.350667 -51.40612 10.56089
v -6.84588 -52.92252 9.483808
v -6.836394 -54.16243 9.231301
v -7.929949 -53.65003 9.962954
v -6.974677 -55.3875 9.111517
v -5.774706 -54.41902 8.375734
v -6.244024 -49.92748 9.72993
v -5.216195 -54.88447 7.572777
v -5.033514 -51.22198 8.548604
v -4.308274 -50.30698 8.115686
v -3.512078 -50.50322 7.260777
v -3.454108 -51.40482 6.799445
v -4.332732 -49.33355 8.468337
v -9.4137 -50.9209 11.05247
v -9.747752 -49.79506 11.33374
v -10.02282 -48.60431 11.59681
v -8.56759 -49.01855 10.89753
v -24.33579 -45.87643 7.820982
v -23.80595 -46.95545 8.169661
v -7.239342 -42.44819 11.90191
v -6.01301 -42.87223 11.34819
v -7.065151 -98.76603 3.576494
v -8.370546 -98.43179 4.058794
v -8.669526 -97.38365 4.359286
v -9.536099 -98.37309 4.649728
v -6.229383 -97.98474 3.335374
v -6.385179 -96.88101 3.37477
v -16.52786 -33.75123 12.71443
v -18.3795 -33.76859 12.28552
v -9.634945 -55.03603 10.56897
v -17.68188 -96.19396 6.398231
v -16.25949 -95.59835 6.734636
v -20.40814 -72.77869 8.350324
v -20.86153 -73.80936 8.026853
v -20.26792 -74.80493 8.18633
v -8.153348 -9.583816 14.78637
v -5.890019 -9.660674 15.44663
v -9.207964 -8.608722 14.24831
v -4.340649 -66.92466 4.203693
v -23.46198 -57.66174 7.952331
v -23.41183 -20.44101 7.33019
v 4.359525 -95.45274 1.470597
v -22.52739 -87.24404 5.246609
v -1.187283 -101.39 2.498994
v -3.085071 -68.51482 3.377285
v -2.971597 -67.50629 3.380934
v -4.164026 -68.90784 3.888031
v -2.091572 -99.10884 2.664348
v -3.305244 -98.3057 2.784449
v -19.3182 -22.49395 10.41699
v -13.12332 -43.83028 12.71935
v -22.08039 -63.19745 8.465334
v -8.767293 -88.97037 4.977203
v -6.670557 -85.35117 3.992602
v -6.69288 -56.27252 8.63171
v -7.659568 -56.25185 9.402126
v -6.003375 -56.4938 7.776827
v -18.38277 -102.3534 5.343292
v -0.4865187 -96.87818 2.529648
v -0.9672423 -95.90519 2.584285
v -1.264185 -94.89777 2.604002
v -1.85571 -96.68251 2.660774
v -15.43376 -38.61082 13.00608
v -17.14143 -38.75344 12.60665
v -23.21053 -25.3156 8.306542
v -8.477671 -16.40761 15.67611
v -9.475003 -15.29389 15.23952
v -10.74813 -14.35647 14.55451
v -10.30462 -13.08034 14.56052
v -7.835539 -15.31444 15.77612
v -11.10905 -15.54492 14.55765
v -12.53986 -16.02477 13.92394
v -11.62599 -17.00196 14.44936
v -13.99906 -16.15691 13.12942
v -15.55518 -16.62439 12.27891
v -17.17424 -17.02896 11.34782
v -13.67536 -15.05782 13.14692
v -12.00641 -13.66579 13.86525
v -16.37053 -15.87679 11.65609
v -14.60199 -17.46839 12.90629
v -12.32084 -17.90043 14.13486
v -12.59825 -18.92139 13.92129
v -11.53312 -19.62418 14.33319
v -10.0621 -19.32813 14.97622
v -9.9322 -18.28344 15.19056
v -9.085086 -20.13633 15.23412
v -17.44609 -18.17971 11.35804
v -16.46879 -19.06573 11.94655
v -1.046468 -42.36328 7.721626
v -12.36423 -48.46716 12.01522
v -6.835024 -38.4772 12.3448
v -8.257192 -60.7337 8.686618
v -19.30819 -86.317 7.167099
v -20.6196 -85.90294 6.630592
v -21.81544 -85.37185 6.013436
v -20.45331 -87.01149 6.563007
v -20.24057 -88.13245 6.513169
v -21.32898 -87.49583 5.99601
v -22.44308 -84.54784 5.692252
v -23.29323 -85.18423 4.952569
v -22.50049 -86.01028 5.436796
v -16.84446 -86.61966 7.749833
v -17.7675 -87.49152 7.500965
v -10.4063 -9.794193 13.86962
v -12.32009 -10.3039 12.95562
v -9.773717 -79.75464 7.03731
v -11.04685 -79.91194 7.685721
v -18.55781 -38.52569 12.28433
v -19.45835 -39.35036 11.88493
v -15.24885 -18.71155 12.59521
v -8.513032 -104.2456 4.121082
v -25.64089 -28.55604 6.755431
v -23.81771 -77.95414 5.617214
v -23.08868 -77.22131 6.243542
v -23.94754 -42.33445 8.048895
v -7.289487 -40.97578 12.18449
v -6.215641 -40.30817 11.91711
v -13.53286 -99.45358 6.015295
v -12.88203 -98.34267 5.981239
v -4.832393 -25.74479 14.62123
v -4.464337 -24.84497 15.01299
v -20.02975 -56.34797 10.14722
v -21.14756 -56.03153 9.618798
v -18.6163 -52.45888 11.05374
v -19.09118 -51.47494 10.95465
v -16.19784 -79.76242 8.644888
v -6.754022 -29.41785 13.76355
v -5.324997 -28.87826 13.93358
v -7.465369 -17.12005 16.01993
v -20.7224 -84.95811 6.699316
v -24.2787 -90.12254 2.82604
v -4.249805 -12.42127 16.18027
v -5.616704 -11.42919 15.7614
v -20.32743 -14.00444 8.101628
v -21.96865 -21.3179 8.768004
v -17.98482 -63.48793 10.18609
v -16.60862 -101.0271 5.993744
v -18.08772 -26.55501 11.20086
v -18.14926 -27.64447 11.37529
v -19.61197 -28.34326 10.972
v -21.20335 -28.16109 10.18736
v -21.96765 -29.13312 9.999332
v -21.63383 -30.19022 10.29553
v -12.90851 -83.04131 7.951884
v -14.39991 -83.00184 8.209749
v -2.341765 -82.14982 2.802341
v -24.47881 -34.17692 8.232105
v -5.575415 -15.16287 16.31488
v -14.13797 -78.75352 8.694246
v -1.508832 -81.1708 2.694289
v -1.483404 -80.12229 2.723214
v -0.2558071 -80.65652 2.5629
v -25.48737 -71.60058 4.312803
v -21.40017 -16.09639 7.976105
v -0.009184456 -39.32459 7.189217
v -0.1459127 -40.49557 7.493023
v -2.612445 -64.37449 3.438021
v -3.544823 -65.17497 3.808144
v -3.583982 -63.89629 3.946643
v -3.287811 -18.46984 16.81675
v -22.78556 -97.16767 3.309784
v -0.9321597 -74.67691 2.753904
v -0.7488059 -100.3211 2.479549
v -21.69571 -102.2447 3.298838
v -0.03921866 -38.0826 9.095437
v -13.8358 -42.14028 12.96721
v -15.22941 -42.22154 12.66954
v -11.67999 -38.08366 13.19997
v -21.38061 -82.78639 6.61933
v -0.8102407 -84.18291 2.624107
v -0.1200169 -83.13661 2.559461
v -2.865855 -94.59526 2.726116
v -4.379947 -95.22364 2.904425
v -5.70047 -95.47079 3.219981
v -3.709505 -96.13203 2.82633
v -8.336942 -59.28336 9.2325
v -7.332811 -58.63747 8.523911
v -19.02958 -32.77315 12.07469
v -18.48146 -31.72718 12.04203
v -16.68125 -31.31928 12.34615
v -17.24974 -30.15568 12.03625
v -15.98784 -29.01369 12.10114
v -19.78351 -33.59618 11.69829
v -14.96542 -31.37512 12.71886
v -16.39439 -27.94115 11.86917
v -15.24869 -27.11563 12.04738
v -13.4454 -26.32155 12.43674
v -15.34568 -25.93914 11.88691
v -11.94197 -25.22254 12.84863
v -9.994183 -24.71107 13.47726
v -8.486359 -25.53957 13.79233
v -16.01471 -32.26177 12.65809
v -18.51352 -29.67067 11.6894
v -19.82542 -30.05786 11.17562
v -9.097623 -26.63193 13.52947
v -7.406877 -26.40436 13.92985
v -10.4658 -27.01128 13.20486
v -11.96902 -26.67546 12.84123
v -12.704 -24.25664 12.7267
v -14.15444 -24.04689 12.31927
v -14.65376 -23.20228 12.32495
v -13.95481 -22.26648 12.7702
v -11.33118 -24.34333 13.1491
v -15.44086 -37.5297 13.05584
v -16.76056 -37.1893 12.75909
v -18.06529 -36.28309 12.46665
v -19.07787 -35.52766 12.21828
v -26.05291 -55.54366 5.444778
v -0.5207655 -32.28413 12.30358
v -0.1682889 -34.13578 10.45821
v 4.745399 -103.9194 1.688369
v -3.177144 -14.24956 16.56499
v -3.245996 -13.25404 16.42915
v -25.11293 -49.00534 6.900692
v -24.76106 -48.05469 7.303952
v -11.28344 -8.018151 12.99597
v -22.81537 -93.72516 3.992805
v -10.66927 -53.13773 11.15461
v -11.99125 -53.20437 11.41815
v -12.45038 -66.84806 9.911875
v -23.81733 -67.21682 6.844734
v -9.992129 -37.02851 13.1428
v -9.687778 -35.99641 13.10753
v -22.218 -57.85266 8.808884
v -19.5919 -71.02614 8.872001
v -18.27395 -70.80775 9.325658
v -17.95144 -69.80803 9.516943
v -15.393 -90.90216 7.323698
v -13.7011 -101.6429 5.887042
v -13.27339 -74.92899 9.053648
v -20.74644 -27.14948 10.19956
v -21.29983 -26.37234 9.811168
v -16.74679 -25.92212 11.48118
v -15.82123 -25.07238 11.62358
v -24.05788 -68.14077 6.548414
v -0.2219383 -42.83989 4.051347
v -23.48416 -98.74752 1.973552
v -1.240855 -20.27271 16.69239
v -15.08396 -104.4306 5.573678
v -25.25316 -77.77788 3.785629
v -26.10276 -50.60414 5.696254
v -22.07809 -103.8525 2.500422
v -0.7416071 -47.89217 3.456353
v -24.7942 -85.1818 3.176657
v -0.3778927 -61.76726 2.430032
v -0.1507749 -64.27696 2.298291
v -1.208367 -7.554565 15.73989
v -1.837591 -6.749189 15.63291
v 3.619558 -90.47001 1.45594
v 0.4512797 -69.28417 2.051762
v -0.6707055 -56.72984 2.674637
v -3.636304 -104.2746 2.847523
v -0.4568401 -37.80227 4.025194
v -0.1791991 -37.04931 5.002942
v 5.491417 -100.391 1.234164
v -16.97783 -8.323123 9.278843
v 0.4695259 -38.08926 5.502724
v 0.3939357 -38.97306 5.75981
v -1.756908 -33.64753 12.26141
v -1.318726 -34.4293 11.71919
v -4.446483 -20.08345 16.38392
v -0.07758706 -37.8491 7.406069
v -0.5296387 -37.32626 8.201321
v -24.48753 -55.77358 7.243055
v -23.45472 -56.03975 8.069451
v -1.880993 -60.19412 3.326139
v -2.76258 -62.02636 3.63988
v -3.654429 -62.6638 4.148226
v -3.719613 -61.6304 4.324249
v -1.748956 -62.72898 3.191243
v -1.427316 -66.09435 2.921156
v -23.82037 -86.90496 4.132172
v 2.377046 -92.35232 2.079477
v -12.70227 -103.2108 5.453525
v -24.56302 -76.14372 5.017478
v -1.590931 -48.32972 5.253925
v -1.424415 -102.9075 2.520714
v -3.887596 -102.2639 2.892367
v -3.054905 -8.294295 15.74701
v -3.111834 -9.204902 15.82441
v -3.982421 -10.08443 15.83284
v -0.3094887 -42.81647 6.058538
v 0.1725579 -41.39584 5.934237
v 0.009963344 -41.04627 6.638985
v -16.01651 -8.506038 10.03434
v -14.44629 -8.0688 10.95814
v -4.972855 -7.845483 15.40484
v -6.178944 -8.479625 15.26093
v -0.1255245 -76.54256 2.507173
v -1.40701 -76.38579 2.83574
v -2.877497 -75.98096 3.059799
v -0.5636895 -78.42331 2.659505
v -1.880178 -77.66814 2.855946
v 0.5914533 -81.4506 2.328242
v -16.28834 -103.1206 5.735543
v -15.15175 -102.4568 5.864174
v -24.09253 -71.88446 6.139996
v -24.01933 -84.37899 4.383392
v -24.00729 -83.43201 4.554841
v -24.31924 -79.53258 4.807346
v -0.5731885 -72.79575 2.644643
v -1.910739 -72.49597 2.952454
v -3.403598 -72.29418 3.300862
v -2.034167 -71.41421 2.975478
v -2.084711 -74.03695 2.970408
v -3.261604 -74.13364 3.211606
v -4.123446 -73.35158 3.515144
v -5.373259 -73.71172 4.216661
v -3.522854 -74.9955 3.260234
v -4.657084 -75.31157 3.617599
v -5.620165 -75.6155 4.212399
v -6.534846 -75.58692 4.952034
v -6.855383 -74.68993 5.36496
v -5.851793 -72.86678 4.695345
v -1.533579 -49.7926 4.431458
v -25.046 -44.96669 7.010907
v -24.96272 -44.00584 7.051554
v 1.84342 -88.85628 2.154533
v 1.998724 -89.76961 2.131542
v -4.808361 -103.0911 3.0738
v -6.063482 -103.1264 3.3467
v -22.91318 -90.03857 4.539433
v -22.09915 -89.17866 5.233126
v -22.59487 -88.24165 5.002789
v -8.787772 -102.2762 4.263222
v -10.94997 -101.9647 5.034986
v -9.935618 -101.3457 4.627592
v -10.17455 -100.1934 4.665006
v -8.902642 -100.3067 4.210813
v -10.42018 -99.2054 4.85896
v -11.39029 -100.0266 5.168726
v -21.91114 -91.2794 5.032111
v -20.90283 -90.8344 5.738627
v -22.0893 -92.2027 4.752418
v -0.4792317 -44.80754 5.022126
v -11.2843 -97.90627 5.499235
v -13.999 -97.32491 6.448357
v -15.27625 -97.73192 6.529709
v -10.94965 -96.57181 5.56634
v -12.21954 -95.97034 6.153241
v -13.53898 -95.74829 6.535351
v -6.361236 -101.8431 3.416676
v -7.469609 -101.4807 3.76996
v -5.30548 -101.4218 3.125483
v -5.404076 -100.4756 3.158121
v -2.895814 -101.296 2.748843
v -8.643677 -75.44848 6.913402
v -9.859904 -76.04344 7.581005
v -9.824404 -77.10152 7.417039
v -8.532005 -74.24012 7.003432
v -7.557629 -73.63764 6.279349
v -9.545555 -73.64487 7.733162
v -10.72889 -74.15281 8.249964
v -11.83218 -73.60442 8.808566
v -12.40685 -72.64219 9.140456
v -13.38658 -72.00106 9.422018
v -23.04808 -52.85673 8.596793
v -23.42333 -51.71748 8.365732
v -22.87777 -51.07663 8.822531
v -24.56127 -50.53835 7.379839
v -22.84134 -54.7473 8.612737
v -23.61743 -49.94122 8.261037
v -23.93881 -28.89137 8.406696
v -23.39812 -29.77504 9.028878
v -23.06556 -27.07189 8.855289
v 1.786051 -95.53515 2.314897
v 0.4776557 -94.75907 2.417973
v 0.7514607 -93.79902 2.398313
v 0.9796943 -96.76826 2.374644
v -1.213656 -67.66672 2.810727
v -2.765643 -70.4772 3.16826
v -4.889262 -71.44232 4.087585
v -24.66072 -31.97732 7.938982
v -23.63281 -31.34937 9.062387
v -22.68656 -31.59567 9.94424
v -23.37052 -32.83072 9.457702
v -22.04612 -98.61545 3.69639
v -21.39435 -99.72882 3.965158
v -20.09802 -99.22555 4.925538
v -18.53077 -99.53764 5.646894
v -20.94677 -98.02551 4.601582
v -19.51923 -97.70083 5.471488
v -19.58719 -96.62987 5.602096
v -20.59565 -96.10156 5.126791
v -2.487298 -51.68226 5.096482
v -2.267592 -50.10881 5.607412
v -2.667398 -51.02129 5.791626
v -17.74255 -91.53805 6.977479
v -21.29961 -97.03456 4.502785
v -22.61232 -96.1387 3.711676
v -3.134715 -52.8981 5.50423
v -3.893392 -54.76595 5.931995
v -3.243667 -54.82226 5.030587
v -3.956389 -53.87057 6.384664
v 0.05886114 -86.82278 2.55107
v -1.946378 -55.04557 3.78029
v -3.199346 -56.00069 4.738741
v -1.884713 -58.54337 3.434392
v 3.635594 -98.80061 1.944088
v 0.8583997 -102.6928 2.247199
v -24.89067 -38.89232 7.29518
v -24.06318 -38.16662 8.527885
v -23.79019 -39.6507 8.611046
v -22.54122 -38.55132 9.879933
v -22.77956 -41.34313 9.315063
v -23.60162 -41.35876 8.510809
v -20.78424 -41.35948 10.7091
v -22.80022 -23.19776 8.25897
v 4.214183 -102.3451 1.87571
v -5.60352 -70.17391 4.808551
v -6.701334 -69.08514 6.198207
v -8.31366 -69.9505 7.447677
v -6.397881 -70.50956 5.622772
v -7.996988 -71.90166 6.908824
v -7.392268 -72.61962 6.320261
v -6.664821 -71.90547 5.635978
v -20.40602 -94.89001 5.426286
v -19.17147 -20.41662 10.53935
v -19.70841 -19.52958 10.13617
v -20.37455 -21.2746 9.865784
v 0.07004014 -88.82027 2.522911
v -0.5340319 -87.93902 2.606833
v -0.4961101 -89.67114 2.572787
v -2.375121 -88.87418 2.728587
v -1.74856 -89.65129 2.659696
v -2.378491 -90.54374 2.694179
v -3.842342 -88.8849 2.921561
v -4.498947 -89.91167 3.034747
v -4.507832 -87.89857 3.091728
v -6.078698 -89.89632 3.533506
v -6.543834 -88.77075 3.755665
v -3.368598 -22.25219 16.02242
v -21.62752 -20.15627 8.937088
v -20.11902 -17.14401 9.453042
v -19.47375 -18.27115 10.10166
v -21.45993 -51.86897 9.723605
v -20.38789 -52.42594 10.29761
v -20.27314 -50.31794 10.50312
v -20.66351 -102.8009 3.963545
v -18.90465 -48.90601 11.22608
v -18.86842 -47.84195 11.31593
v -3.37866 -100.2955 2.797354
v -4.839127 -98.93671 3.038236
v -4.407101 -97.15756 2.937408
v -15.66338 -56.4329 11.25225
v -14.05786 -56.78438 11.2356
v -13.50826 -57.64439 11.12017
v -4.484966 -58.08348 5.660416
v -5.217204 -57.56249 6.387152
v -6.004731 -59.08102 6.780315
v -5.901125 -58.07435 6.933629
v -6.497074 -57.6492 7.880611
v -6.999509 -59.47665 7.752012
v -8.122091 -57.43153 9.467317
v -4.755704 -59.02108 5.787714
v -22.79115 -44.62854 9.091425
v -22.8852 -43.04989 9.113203
v -22.44131 -43.88186 9.442532
v -21.45742 -42.30247 10.19445
v -21.5573 -43.85535 10.09665
v -21.08124 -44.62667 10.39931
v -20.05748 -43.16493 11.05481
v -19.7167 -43.99648 11.21589
v -19.46061 -42.49868 11.43475
v -19.83995 -41.61469 11.30001
v -18.43567 -42.65988 11.94337
v -17.39471 -42.12872 12.23172
v -17.6432 -41.13917 12.28567
v -19.21341 -40.81101 11.84538
v -15.55464 -40.79528 12.78748
v -2.918356 -32.96418 12.81767
v -4.02073 -32.65143 13.10031
v -5.31303 -33.11715 13.1421
v -5.533835 -34.10122 12.69108
v -6.9466 -34.63802 12.6001
v -7.989527 -34.18995 13.14195
v -8.044119 -33.14801 13.35246
v -3.705718 -34.254 12.43068
v -24.82837 -69.68276 5.707122
v -21.33063 -32.23648 10.77567
v -19.99219 -31.53449 11.37804
v -21.80969 -37.7939 10.40737
v -20.65552 -36.38701 11.24046
v -20.19623 -35.52749 11.57981
v -20.11908 -37.26362 11.55527
v -20.75765 -38.01859 11.10103
v -20.4276 -38.96586 11.27968
v -21.08954 -39.70399 10.7167
v -7.362911 -90.67819 4.037285
v -7.427325 -91.78932 4.011694
v -7.406343 -93.85284 3.926926
v -7.162178 -94.79845 3.809255
v -7.984042 -95.47751 4.186619
v -9.015372 -95.21726 4.717773
v -9.286627 -94.25882 4.888509
v -9.803397 -95.8856 5.122849
v -7.714066 -96.39272 4.04896
v -5.240095 -93.6769 3.157334
v -6.42174 -93.25116 3.561645
v -5.132419 -91.75536 3.17352
v -5.679614 -60.45205 6.400952
v -4.599671 -61.75199 5.269011
v -9.875326 -56.8752 10.40957
v -9.239124 -57.65744 10.03024
v -11.21347 -57.00772 10.80865
v -10.89048 -58.55853 10.55017
v -9.769784 -58.46124 10.15488
v -5.385109 -18.16484 16.49979
v -5.785446 -17.10444 16.42362
v -4.025401 -81.20487 3.159796
v -5.439059 -81.75424 3.619979
v -6.502765 -81.08086 4.22015
v -5.346549 -82.69645 3.536239
v -5.375022 -69.14337 4.743449
v -5.972606 -67.54629 5.625653
v -5.248799 -67.09529 4.921174
v -18.19079 -50.66544 11.33357
v -16.79482 -49.23413 11.75184
v -17.98274 -49.52242 11.48356
v -15.76307 -49.90778 11.81352
v -16.47017 -48.31578 11.86468
v -15.22663 -48.08457 12.01001
v -17.379 -47.65936 11.77619
v -12.4858 -47.22508 12.15294
v -17.00213 -46.7487 11.90393
v -18.1774 -45.82966 11.70517
v -9.846112 -47.12413 11.63668
v -8.847911 -46.33917 11.61395
v -11.4653 -45.63721 12.19326
v -11.37323 -46.62713 12.02936
v -13.7615 -45.69749 12.29173
v -15.22361 -45.31051 12.24516
v -12.67182 -45.16571 12.46893
v -10.63155 -44.00672 12.41358
v -11.84619 -43.60365 12.61473
v -10.30745 -45.07967 12.12935
v -7.914094 -44.4061 11.81955
v -6.723554 -44.60245 11.27971
v -9.633085 -43.49527 12.36569
v -13.01714 -32.00121 13.14902
v -13.29191 -33.05056 13.20705
v -14.70286 -33.69439 13.13458
v -7.920061 -18.28032 15.87504
v -5.706581 -79.70998 3.846758
v -7.544826 -81.94431 4.957875
v -8.484973 -83.78378 5.438546
v -8.72376 -84.95305 5.463252
v -7.907598 -85.37342 4.797003
v -5.994067 -13.58034 16.01264
v -7.6049 -13.60426 15.62335
v -8.278282 -12.61266 15.26207
v -8.229185 -11.57051 15.10998
v -0.8613127 -46.13262 4.863409
v -2.040429 -47.15701 6.777577
v -3.390669 -47.06753 8.373266
v -5.015309 -48.25332 9.251437
v -3.420172 -44.84636 9.265072
v -5.178481 -44.89826 10.42189
v -5.26584 -45.75116 10.1698
v -5.988545 -46.57364 10.27662
v -7.065653 -45.87844 11.05798
v -1.065146 -40.57376 8.422151
v -1.2439 -39.09848 9.010696
v -5.062853 -41.80308 11.18468
v -5.051786 -40.81636 11.39644
v -3.834805 -40.64598 10.75711
v -7.017432 -47.86489 10.53804
v -14.94752 -69.42497 9.899868
v -15.46117 -70.54247 9.773679
v -16.20892 -72.05479 9.565454
v -12.4102 -35.13105 13.24101
v -11.96096 -36.11679 13.235
v -13.79909 -34.91372 13.24867
v -14.42627 -36.77968 13.32283
v -12.91413 -37.11726 13.27709
v -14.80653 -35.78818 13.23699
v -16.26001 -35.47208 12.87875
v -10.52124 -60.1155 10.23712
v -11.41217 -59.4071 10.61314
v -12.47023 -49.54456 11.90135
v -12.38267 -51.39513 11.69277
v -13.66542 -50.89979 11.79954
v -11.50444 -50.2987 11.69481
v -12.91961 -52.46446 11.61805
v -14.22487 -52.60798 11.63272
v -10.70694 -51.77258 11.34078
v -9.0172 -52.83772 10.64296
v -13.94805 -30.17857 12.67139
v -12.92455 -28.19374 12.69043
v -11.79543 -28.76971 12.89589
v -14.5584 -66.12846 10.26396
v -18.1748 -65.28336 9.960632
v -18.00671 -66.14325 9.906165
v -19.9438 -66.36283 9.244664
v -20.69739 -67.21159 8.828602
v -19.01251 -69.09243 9.297741
v -19.2544 -68.09535 9.323688
v -17.21624 -67.89849 9.877509
v -6.322196 -66.03355 6.332137
v -4.905333 -63.66019 5.208797
v -4.764545 -65.17156 4.795643
v -10.1869 -66.40209 9.114719
v -8.413149 -68.57282 7.723821
v -13.35604 -69.50287 9.74307
v -11.00694 -72.02852 8.682365
v -9.453544 -70.34669 8.079535
v -10.78473 -70.28864 8.843417
v -21.09501 -68.65747 8.476244
v -20.49938 -69.52927 8.66991
v -22.50788 -67.68779 7.74124
v -22.21587 -68.57956 7.836997
v -22.09297 -66.11953 8.168504
v -21.45952 -65.15465 8.636429
v -23.44211 -64.64581 7.410476
v -22.33208 -64.37755 8.191325
v -23.01197 -65.97384 7.571451
v -16.74002 -51.09249 11.62417
v -16.05093 -53.84827 11.45729
v -23.27559 -62.76073 7.690696
v -23.9334 -61.89613 7.25209
v -2.764018 -29.57322 14.00927
v -2.852663 -28.56631 14.18645
v -17.57436 -97.65942 6.224885
v -20.86793 -48.74767 10.28842
v -19.96892 -49.28015 10.72012
v -22.69483 -48.21813 9.113815
v -22.05079 -49.01585 9.547212
v -15.15904 -58.41981 11.07935
v -14.72645 -59.37873 10.98082
v -16.31227 -59.85572 10.85808
v -14.4417 -61.1239 10.794
v -10.84993 -11.84375 14.08023
v -1.776809 -37.58717 9.951722
v -9.535924 -34.88938 13.14215
v -9.810335 -42.25072 12.59541
v -18.88036 -62.52118 10.02481
v -22.34469 -61.20531 8.470881
v -21.60723 -60.67798 8.96594
v -24.94198 -60.3912 6.591433
v -14.41985 -100.6841 6.12775
v -20.74202 -47.55311 10.44525
v -19.96327 -45.71141 10.96191
v -17.33197 -13.19839 10.4268
v -14.65813 -13.07533 12.44702
v -17.57174 -14.80317 10.62395
v -3.359592 -27.3945 14.40207
v -2.879191 -26.1276 14.89392
v -5.768481 -27.85757 13.95948
v -24.67191 -65.9082 6.271565
v -4.326035 -56.30163 5.916164
v -3.785927 -56.68881 5.213686
v -16.81797 -44.9036 12.05399
v -14.64679 -43.9819 12.49018
v -15.65777 -43.29543 12.42196
v -11.78385 -20.80626 13.96648
v -13.1102 -21.21654 13.32208
v -11.94948 -22.84207 13.37765
v -18.54425 -72.87735 9.029661
v -18.27506 -73.93238 8.980274
v -16.77031 -24.37802 11.38034
v -16.60575 -23.3474 11.533
v -17.95002 -21.19222 11.17471
v -16.61554 -22.19687 11.68626
v -16.45315 -20.45201 11.9427
v -15.57538 -21.73815 12.20707
v -14.27163 -20.39483 12.97551
v -11.26411 -39.70271 13.06543
v -13.44735 -38.68229 13.27455
v -16.0632 -61.13234 10.75779
v -23.16161 -73.629 6.650795
v -23.96139 -73.87007 5.98741
v -22.40126 -74.3154 7.08754
v -23.34188 -69.13493 7.011631
v -23.75392 -70.12688 6.594121
v -8.547503 -92.34689 4.579655
v -10.19964 -93.03416 5.511018
v -11.20259 -92.66422 6.084049
v -12.1135 -93.33096 6.489001
v -11.51268 -94.62955 6.07202
v -20.4061 -57.96735 9.826534
v -19.44548 -90.43439 6.569156
v -17.93841 -89.53028 7.191487
v -17.71596 -88.54166 7.381043
v -3.128652 -60.01786 4.045063
v -20.66307 -53.79556 10.04711
v -21.68376 -53.89428 9.448012
v -16.64125 -52.13114 11.53893
v -16.09277 -88.55405 7.566847
v -16.2576 -83.48085 8.202477
v -10.89556 -81.87376 7.347551
v -11.46482 -81.0466 7.731393
v -12.951 -81.35192 8.145507
v -13.84469 -80.56338 8.448113
v -13.24326 -87.6153 7.493013
v -11.82662 -88.02554 7.027055
v -10.12285 -90.21801 5.750789
v -13.61809 -92.39752 6.995736
v -13.62127 -94.19222 6.750875
v -6.835198 -86.79486 3.994922
v -23.17876 -79.87094 5.873461
v -22.64145 -79.1648 6.339185
v -6.8451 -24.49167 14.48159
v -5.607418 -23.30265 15.25536
v -7.832719 -23.31792 14.59275
v -7.765796 -22.32692 14.95019
v -9.436604 -23.61782 13.9941
v -9.564364 -21.08646 14.76827
v -10.09291 -22.77033 14.04137
v -2.79454 -87.0625 2.792832
v -4.785177 -85.92065 3.239542
v -2.877716 -84.07326 2.84953
v -3.147935 -83.03282 2.920914
v -2.812991 -91.84291 2.72406
v -1.166665 -93.13913 2.581841
v -14.26044 -76.74562 8.969858
v -12.00637 -75.94573 8.542683
v -16.75053 -73.75616 9.290203
v -15.90766 -74.63123 9.276067
v -14.47953 -72.99957 9.465451
v -25.08701 -58.48975 6.590209
v -23.46858 -60.14985 7.742332
v -4.033314 -76.88796 3.350053
v -8.521684 -79.5555 6.19861
v -8.425704 -81.82221 5.721768
v -9.485693 -83.07458 6.396359
v -22.11076 -36.77903 10.25311
v -21.75643 -34.78599 10.53497
v -20.77946 -34.77474 11.16421
v -22.25389 -33.61468 10.20113
v -10.18159 -29.37627 13.21199
v -10.53874 -30.18206 13.29419
v -11.76992 -30.524 13.13505
v -12.62997 -30.00265 12.87007
v -12.05245 -31.38191 13.20661
v -8.546075 -28.30712 13.47742
v -11.84537 -33.40189 13.29804
v -7.472545 -49.8262 10.31923
v -5.138324 -50.19587 8.929913
v -23.24669 -46.33816 8.740586
v -18.61489 -34.65752 12.27995
v -9.468916 -55.93036 10.36297
v -18.51181 -95.4549 6.210785
v -16.00898 -96.46842 6.650708
v -15.95585 -94.71689 6.863988
v -7.020519 -9.983113 15.22974
v 0.09786234 -101.5296 2.320215
v -0.8910837 -98.81665 2.531776
v -22.00498 -62.29677 8.592966
v -6.706793 -84.32542 4.087776
v -18.87407 -101.5599 5.223856
v -17.29164 -39.66832 12.50694
v -22.54913 -24.68646 8.73911
v -18.19336 -16.80998 10.67246
v -14.37547 -14.39811 12.63245
v -10.50117 -17.42858 14.95626
v -17.66314 -19.30488 11.31695
v -19.96392 -88.99979 6.525681
v -9.385642 -9.484968 14.325
v -10.4144 -79.06599 7.482887
v -5.466009 -39.53157 11.76878
v -6.856796 -11.71257 15.57178
v -5.587105 -12.35085 15.92848
v -22.35851 -28.09146 9.637697
v -1.29341 -82.61811 2.658834
v -2.560735 -79.47651 2.908491
v -0.02977986 -39.05168 8.10377
v 0.1039957 -40.13101 6.706037
v -22.40985 -101.9978 2.550402
v -14.71742 -29.35124 12.40677
v -15.20828 -28.21754 12.18549
v -13.07685 -25.53169 12.50081
v -8.794138 -24.76822 13.82792
v -9.526452 -27.61032 13.3753
v -16.43965 -38.06882 12.80074
v -10.16907 -8.057512 13.63894
v -22.2677 -94.4689 4.265797
v -10.46121 -54.0137 10.98966
v -12.21326 -54.10748 11.34543
v -14.22459 -74.25343 9.28663
v -4.772003 -9.358062 15.60941
v -5.156857 -10.54401 15.69878
v -17.53692 -103.0272 5.520188
v -23.66691 -82.55357 5.091535
v -6.307874 -73.83224 4.976288
v -12.52051 -99.90338 5.62771
v -13.22546 -96.60984 6.352342
v -8.047581 -76.0341 6.321509
v -10.56217 -75.37103 8.045265
v -5.634697 -71.96541 4.621304
v -3.581129 -90.47089 2.862586
v -5.528483 -87.29057 3.420528
v -10.34182 -94.38063 5.485841
v -7.124304 -80.55992 4.798425
v -8.153871 -47.03867 11.28302
v -15.62104 -33.09965 12.88761
v -9.175505 -13.14021 15.03964
v -2.365012 -48.03679 6.829845
v -14.90332 -68.50894 10.00057
v -24.47572 -74.49775 5.45088
v -8.399002 -55.69503 9.908089
v -16.77555 -40.53894 12.54395
v -14.13085 -28.5467 12.45409
v 7.308316 -104.4566 -0.504133
v 6.975241 -104.2951 -1.70923
v 5.441945 -104.3369 -2.290135
v 3.868393 -104.3798 -2.813569
v 2.354385 -104.3996 -3.421329
v 0.8481027 -104.4157 -4.03872
v -0.6238727 -104.4249 -4.697103
v -2.078912 -104.4299 -5.375105
v -3.518087 -104.4324 -6.069786
v -4.939812 -104.4315 -6.7829
v -6.36919 -104.4289 -7.48778
v -7.80592 -104.4253 -8.184454
v -9.368464 -104.4223 -8.724942
v -11.03623 -104.4188 -9.06895
v -12.74696 -104.4142 -9.280216
v -14.4719 -104.4086 -9.42209
v -16.2081 -104.4037 -9.42346
v -17.89655 -104.4026 -9.134686
v -19.49943 -104.4032 -8.658083
v -21.02494 -104.405 -8.065881
v -22.39991 -104.4084 -7.308566
v -23.50817 -104.4136 -6.353896
v -24.32321 -104.4182 -5.259047
v -24.61837 -104.413 -4.037184
v -24.53887 -104.3895 -2.79855
v -24.53526 -104.3668 -1.558537
v -23.90552 -104.3078 -0.404124
v -19.4525 -6.319446 6.00114
v -20.06729 -5.900045 4.642733
v -20.40814 -5.555458 3.222522
v -20.4578 -5.311848 1.839984
v -20.3029 -5.129739 0.484025
v -19.81576 -5.016413 -0.838551
v -19.18975 -4.947051 -2.105489
v -18.23662 -4.924906 -3.257857
v -17.23547 -4.940718 -4.368137
v -15.93367 -4.983214 -5.295732
v -14.54489 -5.056836 -6.12794
v -13.07573 -5.155845 -6.868054
v -11.46817 -5.243083 -7.407591
v -9.79538 -5.307701 -7.803796
v -8.080096 -5.329847 -8.067192
v -6.351655 -5.321661 -8.253942
v -4.65928 -5.302664 -8.566336
v -2.994557 -5.251799 -8.184623
v -1.72935 -5.321885 -7.324332
v -0.1728683 -5.270339 -6.760033
v -0.1632825 -6.430151 -7.172802
v -0.1355065 -7.589627 -7.591494
v -0.1099397 -8.757682 -7.983701
v -0.1126347 -9.923378 -8.377982
v -0.09933046 -11.14574 -8.519875
v -0.07028606 -12.38111 -8.639845
v -0.03108326 -13.61043 -8.851388
v 0.004473944 -14.83312 -9.167352
v 0.03313194 -16.0457 -9.563069
v 0.05804494 -17.23616 -10.02254
v 0.07739994 -18.45347 -10.45063
v 0.09080914 -19.68527 -10.86013
v 0.1016101 -20.95766 -11.19137
v 0.1102761 -22.24225 -11.47953
v 0.1171585 -23.55213 -11.7001
v 0.1231995 -24.89612 -11.82085
v 0.1272735 -26.24267 -11.82042
v 0.1357169 -27.6024 -11.66266
v 0.1344555 -28.94567 -11.30782
v 0.1299153 -30.22871 -10.76385
v 0.1249159 -31.48485 -10.02208
v 0.1285909 -32.43616 -8.891752
v 0.1442135 -33.15469 -7.542788
v 0.1079787 -33.73091 -6.103285
v 0.09031774 -34.33224 -4.67882
v 0.06504494 -34.92231 -3.273389
v 0.04962954 -35.49701 -1.8847
v 0.09754594 -36.22517 -0.661629
v -0.2705981 -36.52034 0.762197
v -0.2678807 -36.64178 2.182306
v -2.009835 -95.93847 -4.564375
v -14.05834 -81.4525 -9.388351
v -15.90478 -63.24313 -9.151093
v -14.47337 -43.43319 -8.945201
v -20.38947 -24.63726 -7.884563
v -11.68415 -13.12903 -7.683152
v -20.1975 -92.6392 -8.232865
v -22.20767 -12.52564 -0.916349
v -3.580633 -87.16915 -4.914546
v -24.29887 -84.39229 -5.784641
v -23.19108 -73.14977 -6.49891
v -7.038429 -72.07349 -6.884539
v -5.560718 -63.00189 -5.300216
v -26.06467 -63.5192 -4.392004
v -5.799087 -38.60455 -6.880604
v -4.9846 -47.13479 -4.947862
v -24.45511 -51.1253 -5.665833
v -25.47667 -40.2225 -4.376932
v -11.77759 -29.15392 -11.65629
v -26.39618 -30.60156 -2.797347
v -24.85543 -98.18533 -4.730039
v -7.143992 -98.81071 -7.761659
v -25.79499 -23.55502 -1.305388
v -11.54335 -21.22199 -10.93724
v -25.54382 -92.06741 -3.880619
v -17.03665 -98.27592 -9.258184
v -24.85691 -16.86529 0.871422
v -3.263686 -79.51508 -4.264538
v -26.48419 -79.76783 -2.686477
v -26.97201 -72.39305 -1.888262
v -1.726403 -73.0678 -2.936787
v -4.541269 -55.20747 -4.607035
v -27.42649 -58.82158 -1.143522
v -1.536377 -41.88596 -2.571794
v -27.52576 -51.44201 -0.581058
v -27.48491 -44.06175 -0.293938
v -27.24568 -36.71247 0.031602
v -6.245207 -33.39496 -10.50393
v 2.711228 -99.39743 -2.719361
v -6.801639 -10.10712 -7.863891
v 1.582919 -91.84084 -2.919774
v -6.750796 -16.27887 -9.472942
v -17.20772 -10.14633 -4.506021
v 0.8294505 -84.30492 -2.725196
v -26.05222 -87.25016 -2.276163
v -1.641163 -65.44508 -2.294293
v -2.002105 -60.36464 -2.192304
v -27.25637 -66.28957 -0.628822
v -1.912314 -50.07379 -1.930839
v -7.057328 -25.66744 -12.16399
v -27.29908 -28.25593 1.239238
v -21.36519 -9.820899 3.209555
v -2.275117 -36.14319 -6.239058
v -3.03066 -100.4344 -5.492845
v -11.85834 -100.4098 -9.220377
v -25.97681 -21.25275 2.310441
v -5.882527 -20.13819 -11.02504
v -21.71862 -100.2451 -7.673123
v 0.8811287 -77.97839 -2.138068
v -26.8193 -76.21774 -0.609364
v 0.09563074 -38.79847 -1.505993
v -27.47823 -47.84995 1.282873
v -27.48381 -55.24245 0.849605
v -27.38196 -40.47105 1.623935
v -27.81344 -33.12876 1.813053
v -13.61405 -8.915495 -6.824982
v -20.36427 -8.807086 -1.109992
v -1.257987 -46.19383 -0.992408
v -1.464598 -53.98125 -1.347299
v -22.62649 -12.92433 3.314984
v -24.86952 -100.9187 -2.237583
v -25.38495 -95.98061 -1.886292
v -4.871758 -30.0365 -11.72779
v 3.41066 -95.47585 -2.14513
v 2.457218 -87.97835 -2.241428
v -26.31297 -83.63388 -1.012912
v -0.2138883 -69.18729 -1.86793
v -27.34291 -62.65831 0.588951
v -26.45851 -24.74844 2.445181
v -27.10525 -70.10086 0.546798
v -25.67307 -92.34067 -0.908576
v -17.05245 -101.3707 -9.293233
v -23.97077 -15.82616 4.047703
v -2.464201 -33.83467 -9.13251
v -4.337487 -12.8591 -8.279791
v 2.381418 -81.66888 -1.61456
v -0.1078621 -62.86426 -1.017411
v -0.5336987 -57.81207 -0.801681
v 5.78731 -101.5665 -1.591217
v -7.087647 -101.6528 -7.827845
v -26.62004 -80.01274 0.217773
v 1.338393 -72.90424 -1.189071
v -27.48985 -59.0221 1.762734
v -0.1278359 -42.43886 0.216002
v -27.5182 -51.62099 2.27557
v -27.35931 -44.22401 2.612924
v -27.20252 -36.85115 2.928561
v -0.1210389 -101.7123 -4.137005
v -4.290911 -22.86039 -11.70577
v -24.01588 -101.6464 -5.832153
v -26.86868 -73.84838 0.842209
v -16.50899 -7.597535 -5.011618
v -10.3806 -7.959035 -7.321031
v -3.576886 -7.859541 -8.3875
v 5.351826 -97.82414 -1.56251
v 4.524766 -92.86589 -1.524717
v -21.01698 -7.831732 1.739938
v -25.12528 -19.0407 3.955964
v -27.44242 -30.7481 3.167654
v -21.25166 -10.9247 4.911613
v -25.10643 -98.53732 -1.105456
v -3.53657 -15.30705 -9.256717
v -3.620948 -17.74126 -10.18473
v 3.395901 -85.38551 -1.284503
v -26.12182 -86.21245 0.0685
v 0.7272505 -66.63116 -0.762239
v -27.26306 -65.22089 1.701258
v -0.7491979 -48.91246 0.214139
v -3.64652 -27.01346 -12.0314
v -26.75692 -27.15549 3.55213
v -25.78014 -89.91589 -0.212662
v 2.800432 -102.0106 -2.793624
v 1.91868 -75.3978 -1.017379
v -18.75112 -7.277613 -2.983334
v 4.307513 -90.36076 -1.331148
v -0.6141427 -51.47172 0.047429
v -7.03934 -7.67892 -7.927415
v -3.429366 -10.39423 -8.341906
v 0.08901994 -60.34428 -0.312467
v -0.6055397 -36.16988 -4.569018
v -27.16755 -67.69859 1.615251
v -20.51595 -8.521013 5.231653
v -20.25948 -102.1845 -8.350905
v 0.1560855 -37.96596 0.159059
v -4.308729 -102.2876 -6.343583
v -10.17555 -102.2736 -8.940766
v -13.59644 -102.2643 -9.347283
v -25.7168 -22.46729 4.163699
v 2.645204 -79.13924 -0.788758
v -26.63667 -77.59792 1.12769
v -27.33912 -49.19356 3.066286
v -27.39939 -46.72898 3.199357
v -27.44815 -54.13338 2.778155
v -27.42693 -56.59925 2.625482
v -27.018 -39.3456 3.52346
v -27.18599 -41.80226 3.425661
v -27.25581 -34.44722 3.68033
v -0.4077701 -45.09457 0.84942
v -0.2502813 -55.30057 0.170657
v -22.45019 -13.84277 5.128429
v -0.2167513 -39.90684 1.017152
v -2.353326 -31.15845 -10.96061
v -26.3051 -82.54391 0.817876
v 1.409503 -70.39195 -0.501256
v -27.33469 -61.54782 2.404733
v -13.78217 -7.011105 -6.508584
v -20.25795 -6.907382 -0.550832
v -25.29445 -94.88716 -0.157556
v -2.819238 -20.27317 -11.0544
v -24.59637 -102.4555 -0.974362
v -24.84437 -102.5103 -3.446873
v 5.604128 -95.29069 -0.925026
v 4.197081 -87.85402 -0.760398
v -26.90425 -71.44612 1.916604
v -1.230172 -34.16431 -7.318201
v -26.15068 -24.8171 4.389899
v 0.8019951 -64.12936 0.10356
v -23.8212 -16.91941 5.258574
v 3.429714 -82.8726 -0.492116
v -2.450028 -24.22726 -11.87086
v 7.164897 -102.7017 -0.820712
v 6.663343 -100.2261 -0.751663
v -16.01079 -35.84649 -9.305662
v -1.438257 -102.8578 -4.951173
v -22.98645 -102.8168 -6.841846
v -26.60133 -75.16922 1.874622
v -27.03503 -32.03912 4.277579
v -26.78592 -29.60808 4.323684
v -1.97089 -6.753549 -8.128645
v -20.75921 -7.056063 3.414025
v -24.99724 -20.21224 5.0219
v -2.102609 -28.3356 -11.70358
v -0.5565103 -36.26232 -2.834044
v -2.126956 -12.96311 -8.641812
v -24.62745 -99.84928 -0.195546
v -24.86765 -97.38331 0.035053
v -2.139811 -16.60125 -9.754644
v 1.327687 -67.89395 0.155566
v -0.5553945 -47.71042 1.304922
v -0.4446867 -50.25779 1.113247
v -17.05934 -102.9505 -9.304967
v -21.08938 -11.983 5.982091
v -21.39538 -10.09817 6.332683
v -25.70946 -87.51991 0.950061
v -25.84383 -85.04737 1.147454
v -27.0272 -64.0525 2.780582
v -25.44149 -91.22694 0.65196
v 4.388133 -102.9573 -2.25524
v 1.429863 -102.9784 -3.554059
v 2.168997 -74.1459 -0.039411
v 2.530648 -76.64086 -0.114703
v -17.73986 -6.345114 -3.889112
v 5.012729 -91.57182 -0.432983
v -0.2528293 -52.79499 0.936323
v -2.079397 -9.22157 -8.469378
v 0.2593915 -57.84629 0.666903
v -5.412581 -6.736143 -8.258673
v -8.848499 -6.734457 -7.738614
v 0.6384653 -61.62234 0.490747
v -26.93812 -66.52812 2.643143
v -26.85029 -69.00093 2.463385
v -0.1868375 -41.33664 1.781056
v -1.201447 -32.26962 -9.960486
v -20.95754 -17.86169 -6.093421
v -26.17939 -80.11924 1.674732
v -27.08875 -59.12014 3.223741
v -26.98913 -44.31205 4.079346
v -26.78351 -36.94442 4.397138
v -0.04200606 -43.91738 1.725673
v -7.964824 -92.15779 -8.06665
v -7.08103 -103.1093 -7.839188
v -27.11234 -51.71607 3.71007
v -0.1932131 -37.71599 1.626938
v -11.87781 -103.0745 -9.199221
v 3.144068 -80.37968 -0.075352
v -27.14863 -48.0056 3.927362
v -27.18773 -55.41775 3.49376
v -26.79107 -40.62599 4.257063
v -0.8185245 -34.68038 -5.707795
v -22.57098 -14.85342 5.846678
v 1.832513 -71.65078 0.190566
v -22.96026 -57.64549 -6.537811
v -13.98857 -52.74009 -9.218749
v -4.871425 -68.42297 -4.752898
v -10.2929 -67.2026 -8.638541
v -0.2477319 -38.82375 1.856158
v -25.08145 -93.69771 0.592834
v -1.880506 -21.5851 -11.37997
v -1.854974 -19.04593 -10.66803
v -11.5359 -95.79719 -9.214808
v -15.05435 -72.71333 -9.252642
v -26.62635 -47.55946 -3.217517
v -21.20389 -45.81982 -7.307835
v -26.54375 -54.99971 -3.65661
v 6.262648 -97.75502 -0.325129
v -19.78453 -7.426793 6.042789
v -12.23641 -6.456808 -7.060264
v -15.26361 -6.264474 -5.741139
v -19.54646 -6.205273 -1.612733
v -20.58546 -6.410666 0.9022
v -24.60463 -103.1254 -2.201849
v -24.62376 -103.1665 -4.672412
v 5.506982 -94.05144 -0.259142
v -0.3251575 -36.68536 -1.317121
v 4.586321 -89.09166 -0.17286
v 4.178741 -86.60652 -0.127487
v -26.60463 -72.71972 2.395148
v -1.751759 -25.58103 -11.91099
v -4.227475 -25.39265 -12.04758
v -1.530063 -29.64254 -11.2537
v -0.8440577 -33.17093 -8.606728
v -25.58005 -23.68367 5.014725
v -25.98422 -26.04134 4.824921
v 1.046707 -65.39858 0.55432
v -24.80829 -17.44641 3.318378
v -25.62864 -19.09047 1.233414
v -24.27594 -19.01598 -2.966003
v 3.765655 -84.11662 -0.020164
v -0.2142229 -37.56192 -3.177959
v -1.949411 -39.12139 -3.695753
v -23.97236 -18.02361 5.630026
v 6.931964 -101.4751 -0.338069
v -2.872596 -103.2815 -5.647922
v -2.698184 -101.8564 -5.467323
v -21.73758 -103.2479 -7.705538
v -21.92887 -101.7813 -7.579557
v -1.636658 -14.20624 -8.948425
v -4.097439 -40.97365 -5.012223
v -9.455211 -41.95231 -6.853575
v -3.649592 -44.12555 -4.160694
v -25.59059 -68.51701 -4.902748
v 4.841533 -99.91801 -1.927433
v -26.34978 -76.4322 2.17405
v -26.79475 -76.11609 0.815558
v -26.91233 -33.28793 4.677835
v -27.42605 -32.99807 3.257418
v -26.7642 -30.84498 4.710505
v -26.45027 -28.42748 4.787707
v -27.04981 -28.54093 3.347672
v -1.696838 -11.73096 -8.523457
v -24.32646 -101.1063 0.037693
v -24.57015 -98.64049 0.269932
v -24.80979 -96.17402 0.499169
v 1.493237 -69.15707 0.468439
v 0.9933849 -68.8427 -0.834456
v -0.5021777 -46.46464 1.752212
v -0.7817213 -46.64708 0.336913
v -1.198211 -47.72406 -0.732341
v -2.68327 -47.35617 -3.016567
v -3.938156 -49.65695 -4.208459
v -9.088735 -50.19936 -7.182424
v -3.251829 -52.38932 -3.391718
v -6.006157 -51.95179 -5.789457
v -9.261065 -55.46056 -7.676379
v -15.29044 -57.95993 -9.166945
v -0.4771387 -49.01096 1.546465
v -0.3328561 -51.54944 1.360191
v -0.1114517 -54.07912 1.195126
v -0.5114527 -53.7066 -0.139366
v -1.170258 -52.52963 -0.964699
v -1.524586 -8.017419 -8.289822
v -3.017818 -32.61809 -10.44959
v -0.1187121 -42.6617 2.006889
v -1.639701 -22.89719 -11.63742
v -20.28788 -6.994101 4.834949
v -1.584281 -26.94539 -11.85647
v -26.0887 -23.71274 3.552124
v -26.27801 -23.04348 1.669821
v -25.88838 -21.68398 -0.046892
v -24.82354 -21.51335 -2.748366
v -23.81819 -24.63121 -4.793646
v -22.24937 -20.98777 -5.844558
v -22.76283 -28.85818 -6.582824
v -23.00687 -34.79762 -6.165805
v -17.50865 -20.73394 -8.990308
v -15.41904 -16.52283 -8.299062
v 0.4796437 -65.21378 -0.79904
v 3.086024 -83.98191 -1.348643
v 0.02508054 -67.76714 -1.545052
v -2.628876 -67.96835 -3.015048
v -3.248485 -70.62803 -3.58888
v -4.259411 -65.85142 -4.149043
v -6.977045 -66.32268 -6.680738
v -9.831806 -62.86917 -8.323796
v -26.7627 -67.7855 2.859173
v -24.99912 -21.37943 5.286852
v -25.59215 -21.10702 3.846286
v -18.70024 -103.2795 -8.89931
v -15.33404 -103.2828 -9.437609
v -26.04211 -87.69192 -0.677403
v -25.90191 -89.11246 -1.928977
v -24.65508 -88.79462 -5.355904
v -18.88183 -87.16765 -8.614009
v -25.49642 -88.77968 1.181637
v -25.63671 -86.30694 1.381709
v -25.83552 -83.83798 1.590225
v -26.28857 -84.04224 0.28514
v -26.21002 -85.03414 -0.738118
v -26.05453 -84.81996 -3.39091
v -25.71408 -82.08581 -4.344219
v -20.81378 -80.11308 -7.740623
v -24.49954 -78.99925 -5.734449
v -21.5098 -76.50678 -7.344805
v -16.50812 -77.67209 -9.126815
v -8.931772 -77.34833 -8.340477
v -26.92693 -62.83701 3.197381
v -27.33911 -63.04873 1.890092
v -27.29839 -64.0525 0.884332
v -27.24028 -63.88095 -1.761496
v -26.64184 -66.1478 -3.405193
v -24.35528 -65.8252 -5.817208
v -20.52663 -69.07737 -7.768218
v -21.72557 -61.99772 -7.163771
v -27.02751 -68.83597 -2.156581
v 2.94088 -103.2894 -2.936453
v 6.07647 -103.2032 -1.898421
v -0.003809856 -103.3076 -4.251143
v 2.337032 -75.40471 0.263526
v 2.732063 -77.89481 0.194964
v 2.183813 -77.5981 -1.135601
v 1.11216 -76.51622 -1.838537
v -2.362891 -76.66233 -3.53532
v -0.1112137 -74.68688 -2.318524
v -5.661028 -77.10984 -5.920341
v -6.811427 -80.90853 -7.117121
v 0.4003519 -59.12085 0.91773
v 0.1399897 -56.60307 1.05449
v -3.70966 -6.392284 -8.489842
v 0.7559715 -62.89367 0.735061
v -26.83902 -65.31158 3.034798
v -26.66175 -70.25728 2.677207
v -1.600671 -17.82079 -10.23671
v -4.608866 -72.97219 -4.846543
v -26.98319 -61.17567 -2.809413
v -26.15659 -58.25094 -4.237298
v -0.5631617 -76.97289 -2.719421
v -1.187269 -78.86484 -3.118945
v -1.059823 -81.78086 -3.30828
v 0.9196371 -80.03652 -2.327326
v -4.283306 -82.29115 -5.151855
v -7.244005 -85.0905 -7.465179
v -7.154709 -6.421628 -8.042596
v -0.5995589 -35.25782 -4.193987
v -27.02599 -71.99783 0.034928
v -26.12825 -78.89887 2.011381
v -25.97733 -81.37095 1.812395
v -26.98111 -57.89813 3.54148
v -26.92649 -60.37224 3.373314
v -26.78288 -43.09186 4.370798
v -26.76988 -45.56068 4.212501
v -26.7918 -35.73734 4.685217
v -26.53289 -38.18502 4.577205
v -8.564808 -103.3276 -8.48358
v -5.662411 -103.334 -7.124833
v -27.02908 -50.49412 4.010843
v -26.96217 -52.96603 3.839718
v 3.333922 -81.63253 0.126006
v -1.056016 -35.47496 -6.60041
v -2.775673 -35.05897 -7.846765
v -5.016455 -36.36663 -7.544333
v -10.25321 -36.39731 -8.924184
v -4.487691 -34.28677 -9.253939
v -7.044081 -35.28968 -9.319297
v -10.76791 -33.52501 -10.62169
v 1.975047 -72.91077 0.36914
v -4.127739 -21.41089 -11.3842
v -7.14214 -21.91211 -11.51784
v -4.043549 -19.06847 -10.68247
v -6.303048 -17.97571 -10.209
v -11.00753 -17.30714 -9.578498
v -14.08597 -91.43794 -9.369353
v -1.559245 -15.41719 -9.335334
v -1.63885 -10.49035 -8.479482
v -20.82788 -8.043247 4.033941
v -26.40833 -24.59338 0.370709
v -25.97538 -26.85235 -2.404947
v 0.5164273 -60.38264 0.900432
v -0.8785201 -43.94666 -1.16574
v -24.82867 -100.6592 -4.202142
v -21.93462 -12.76229 6.408313
v -22.292 -12.66133 4.960194
v -24.99338 -92.46884 0.837856
v 6.494227 -98.99863 -0.186183
v 6.000255 -96.52177 -0.132271
v -10.59751 -6.362623 -7.527166
v -16.52578 -6.029562 -4.822001
v -18.67608 -6.00063 -2.739629
v -20.70684 -6.428778 2.265872
v -23.96672 -103.3296 -5.820924
v 5.239187 -92.8164 -0.07564
v 4.790115 -90.33871 -0.034426
v -26.4604 -73.96445 2.431435
v -26.5624 -25.83144 3.471035
v -26.89529 -26.58922 1.78173
v -26.79918 -26.90836 -0.33064
v -27.11017 -29.13183 -1.015139
v -27.41135 -31.66721 -0.42842
v -26.38756 -34.36451 -2.894893
v 1.179564 -66.65882 0.613647
v 3.968636 -85.36518 0.064087
v -25.10149 -60.84642 -5.347795
v -9.062321 -19.12171 -10.54307
v -15.26488 -24.55568 -10.6663
v -18.09016 -28.23924 -9.570495
v -25.81164 -88.47639 -3.699949
v -25.16548 -86.5024 -4.911972
v -22.36388 -86.6784 -7.079185
v -19.9982 -83.66409 -8.156507
v -21.26369 -89.64302 -7.723528
v -25.46625 -90.23743 -4.305401
v -23.44396 -91.76721 -6.378469
v -22.90359 -95.43836 -6.774861
v -3.182608 -57.641 -3.127688
v -6.429675 -58.62631 -6.263506
v 0.1711271 -37.23195 0.073405
v -21.36642 -10.07445 4.745102
v -22.52142 -10.93068 3.545045
v -21.81777 -11.18956 1.193982
v -20.76605 -10.85595 -0.940132
v -19.38769 -13.11126 -4.360347
v -19.22007 -10.43389 -2.817926
v 3.924855 -89.02142 -1.457924
v 2.226131 -90.06842 -2.455551
v -1.674928 -89.93438 -4.021762
v -5.243044 -90.04973 -6.254942
v -8.79414 -88.49887 -8.504604
v -12.20573 -85.32169 -9.299804
v -4.623632 -93.43514 -5.967662
v 3.536733 -86.74484 -1.407879
v 1.640755 -86.05673 -2.476892
v -1.268235 -85.9287 -3.681879
v -3.758615 -84.71004 -4.867129
v -7.268463 -44.59885 -5.97417
v -26.8735 -74.97073 0.015523
v -26.82667 -74.62695 -2.211755
v -25.84236 -73.1152 -4.462872
v -26.46503 -77.13148 -3.086842
v -26.94809 -73.54024 -0.744106
v -24.71868 -75.77857 -5.574307
v -2.188702 -52.88931 -2.214593
v -2.9615 -54.74804 -2.938443
v -1.679226 -56.05672 -1.592177
v -2.363594 -51.4293 -2.44994
v -3.410356 -50.9423 -3.612147
v -4.480345 -51.90861 -4.630832
v -5.141988 -53.55896 -5.225173
v -6.660086 -55.26853 -6.335392
v -8.213625 -53.26278 -7.043569
v -5.245014 -50.50246 -5.254358
v -7.093795 -50.53826 -6.321387
v -7.637499 -48.03433 -6.364658
v -12.36551 -47.1377 -8.380357
v -5.374015 -48.79406 -5.263027
v -11.0916 -53.52478 -8.274298
v -12.6182 -55.98128 -8.970592
v -10.76189 -59.31656 -8.512418
v -16.57881 -55.09765 -9.059715
v -19.52513 -51.34975 -8.240302
v -19.36045 -57.36517 -8.283453
v -21.47038 -54.38611 -7.223885
v -18.10197 -60.4441 -8.728664
v -11.72075 -51.14352 -8.388572
v -15.73143 -49.51171 -9.281861
v -25.19578 -99.11189 -3.003914
v -27.2514 -34.18894 -0.425752
v -7.379141 -95.46637 -7.756097
v -10.29413 -10.59092 -7.3073
v -20.26788 -103.3809 -8.36634
v -0.1355065 -71.2891 -2.035108
v 0.05283274 -41.03871 0.193139
v -0.4591865 -41.45818 -1.2672
v -1.4804 -100.9685 -4.820793
v -1.278746 -98.43767 -4.510261
v 0.1837915 -99.86401 -3.874458
v -4.36822 -97.64068 -6.095569
v 0.9348705 -98.01018 -3.376382
v -25.25742 -96.39669 -0.699395
v -25.23808 -97.31813 -1.691413
v -25.33772 -96.89461 -3.47363
v -25.41627 -94.49042 -3.792636
v -24.55226 -96.24023 -5.314338
v -23.01629 -97.88362 -6.756109
v -20.14364 -96.73646 -8.354197
v -16.26091 -94.78948 -9.31701
v -26.30665 -84.56287 -2.040814
v -26.32447 -82.80753 -2.683582
v -26.46424 -81.59836 -1.053046
v -26.1495 -85.87608 -2.487635
v -25.95113 -86.74766 -3.616498
v -27.30554 -65.30981 0.331867
v -27.26939 -66.64571 0.711364
v -27.18309 -68.16286 -0.402172
v -27.34498 -64.20982 -0.454668
v -27.37794 -62.83857 -0.811459
v -27.42619 -60.7809 -0.365995
v -27.17437 -62.49801 -2.215132
v -27.26655 -65.17606 -1.387508
v -26.95865 -64.87872 -2.771684
v -27.12806 -66.44561 -2.049426
v -26.82518 -67.59463 -2.999107
v -26.24074 -64.9266 -4.111464
v -25.10217 -64.50884 -5.298973
v -22.72387 -64.11191 -6.740786
v -24.54487 -62.68424 -5.71299
v -19.40719 -63.9956 -8.212032
v -16.41432 -67.04242 -9.053043
v -21.48739 -66.54836 -7.330455
v -25.73537 -66.24341 -4.76008
v -26.4847 -68.96263 -3.605974
v -25.60776 -70.83279 -4.817412
v -26.85811 -70.66756 -2.745414
v -23.35518 -69.7514 -6.417394
v -24.72453 -67.30267 -5.574626
v -26.59772 -62.36433 -3.597434
v -26.25132 -61.03889 -4.161299
v -26.73976 -59.61264 -3.369051
v -27.07555 -58.05619 -2.664654
v -27.45933 -56.55639 -0.990358
v -27.41623 -54.02926 -1.393071
v -26.65224 -52.10623 -3.4765
v -23.20112 -66.87382 -6.520171
v -21.9939 -68.08085 -7.101581
v -25.84723 -59.72003 -4.641404
v -24.11909 -59.21202 -5.935398
v -21.44833 -59.63202 -7.279881
v -26.58919 -56.69859 -3.621102
v -24.79334 -55.91616 -5.478848
v -25.10264 -53.49024 -5.257905
v -13.77583 -39.45264 -8.206719
v -19.86753 -40.40895 -7.879675
v -24.08417 -99.71129 -5.788518
v -12.34638 -19.13677 -10.1458
v -14.5849 -20.59058 -10.06512
v -16.2221 -18.65403 -8.885248
v -13.86116 -22.64261 -10.80973
v -11.21113 -24.83792 -11.75055
v -18.35396 -17.1464 -7.393183
v -17.6154 -14.71791 -6.517497
v -20.18891 -15.69604 -5.606955
v -22.96311 -16.3987 -3.388894
v -16.81099 -22.76666 -9.781843
v -19.63785 -22.36244 -8.16528
v -17.98581 -24.68736 -9.419882
v -16.59492 -26.45435 -10.26469
v -15.02845 -28.54258 -10.83763
v -17.195 -32.11722 -9.82559
v -14.11431 -31.06094 -10.90187
v -13.54114 -26.43919 -11.35935
v -10.32529 -27.08332 -12.01228
v -8.216014 -29.13679 -12.06821
v -9.81218 -31.32016 -11.53044
v -19.43122 -26.48745 -8.775672
v -21.93282 -26.5847 -6.984783
v -24.283 -27.18464 -4.874083
v -20.56736 -28.40985 -8.161477
v -21.17209 -31.78076 -7.813309
v -19.29908 -30.26543 -8.982219
v -25.87978 -90.79649 -2.60719
v 0.1294099 -87.53764 -3.177322
v -1.193778 -40.39343 -2.569886
v -2.443857 -40.78434 -3.86726
v -2.866822 -42.48604 -3.881573
v -3.22729 -39.4119 -5.123148
v -2.970259 -37.62412 -5.12378
v -4.948762 -42.67862 -5.002695
v -6.755111 -41.1376 -6.136576
v -9.008242 -39.42552 -7.450847
v -2.0639 -43.87741 -2.77931
v -2.796397 -45.55163 -3.19975
v -14.26396 -33.49652 -10.25117
v 4.785898 -94.20879 -1.502001
v 2.768977 -93.74444 -2.536608
v 0.6940887 -95.32894 -3.400419
v -1.527972 -93.15104 -4.230552
v -1.211132 -37.26614 -4.803363
v -27.73702 -31.87532 2.386842
v -27.54345 -30.23653 1.149109
v -27.67271 -31.98115 0.967031
v -27.46769 -32.95723 0.060931
v -26.96327 -32.86253 -1.821476
v -25.76695 -32.42018 -3.808333
v -24.63344 -30.35798 -4.991483
v -27.62575 -34.05666 0.896694
v -27.38733 -35.359 0.405725
v -27.64757 -35.31763 2.129326
v -26.96428 -35.61592 -1.188567
v -26.62911 -38.27152 -2.3785
v -27.06626 -41.30439 -1.713334
v -25.8235 -43.97297 -4.184335
v -24.72921 -37.26425 -4.876176
v -21.58028 -37.65369 -6.988821
v -19.77922 -35.07095 -8.412984
v -23.73623 -32.49437 -5.793806
v -24.77965 -34.16894 -4.639879
v -25.62603 -20.07983 3.024914
v -23.31526 -81.80122 -6.466982
v -25.54918 -94.02925 -1.904634
v -24.3515 -94.30676 -5.564025
v -22.7692 -93.53883 -6.892844
v -20.88263 -94.63598 -8.01022
v -26.15144 -86.39266 -1.254698
v -16.65535 -12.47626 -5.719815
v -14.37788 -10.9079 -6.127485
v -0.4148933 -40.01417 -1.31183
v -27.527 -36.37046 1.316623
v -27.35312 -38.43558 1.198338
v -27.33432 -39.81212 -0.31729
v -1.025629 -38.92591 -2.529438
v -12.1742 -7.754953 -6.910197
v -11.26445 -9.19372 -6.969733
v -8.980151 -9.406843 -7.441212
v -12.33042 -10.10943 -7.357665
v -11.04002 -11.60813 -7.38875
v -7.989609 -13.2461 -8.508944
v -15.05548 -7.568083 -5.836689
v -15.2664 -9.034963 -5.660285
v -19.74194 -7.47009 -1.850063
v -18.99886 -8.876232 -2.97217
v -20.81303 -7.616211 0.406421
v -21.0539 -9.252717 0.510922
v -3.284113 -29.39593 -11.63779
v -5.136332 -28.36378 -11.99416
v -0.5552377 -66.46892 -1.785273
v -2.024287 -66.74263 -2.606394
v -3.439883 -66.85278 -3.479108
v -4.603501 -67.12269 -4.49277
v -5.962127 -67.42047 -5.747432
v -7.879732 -68.62493 -7.488969
v -11.269 -70.59108 -8.974287
v -6.316166 -69.26741 -6.101977
v -5.507949 -66.08132 -5.275091
v -5.104806 -64.53385 -4.875888
v -3.163027 -62.87995 -3.097357
v -6.740127 -64.36505 -6.45951
v -8.889404 -65.05486 -8.030921
v -12.56177 -64.80461 -9.112327
v -7.404067 -62.17374 -6.994485
v -10.60403 -74.07812 -8.867472
v -3.069026 -65.57947 -3.151026
v -2.574813 -64.22643 -2.730733
v -0.8921015 -64.09168 -1.773201
v -3.929285 -64.55162 -3.801438
v -4.45543 -60.58642 -4.2707
v -1.614837 -62.69239 -2.068672
v -0.7343355 -61.39349 -1.401496
v -4.914446 -70.24867 -4.924227
v -4.499913 -63.4286 -4.327651
v -4.656697 -62.00275 -4.488913
v -6.034733 -60.96811 -5.813553
v -7.754046 -60.16268 -7.213935
v -8.636768 -58.18395 -7.582552
v -3.544562 -61.51581 -3.409191
v -3.322077 -60.12294 -3.206525
v -4.259346 -58.82305 -4.197786
v -2.531849 -58.92105 -2.46696
v -4.608075 -57.03724 -4.520613
v -0.9784339 -59.21969 -1.412035
v -1.958581 -57.57948 -1.895628
v -1.799978 -99.66104 -4.867654
v -3.43393 -98.91993 -5.551756
v -5.233083 -100.0008 -6.760428
v -2.782352 -97.55431 -5.102008
v -3.72088 -96.16791 -5.602843
v -5.59785 -96.24468 -6.776824
v -3.117543 -94.54606 -5.20293
v -21.33153 -71.38291 -7.42927
v -17.96108 -70.93608 -8.73857
v -20.08636 -73.98193 -7.99103
v -22.65514 -65.53329 -6.785673
v -20.86039 -65.03765 -7.595614
v -19.0104 -66.42095 -8.391203
v -17.05951 -65.07626 -8.954107
v -23.61205 -68.25172 -6.28654
v -20.06954 -20.21753 -7.392141
v -9.17077 -11.79015 -8.210702
v -6.735417 -12.12462 -7.924322
v -4.259024 -103.449 -6.39491
v -10.18468 -103.4369 -8.930645
v -13.60224 -103.4274 -9.356828
v -26.99922 -49.26408 4.19951
v -26.66543 -46.80278 4.232358
v -26.82626 -54.20701 3.848704
v -26.83791 -56.6673 3.705695
v -26.39009 -39.42232 4.595047
v -26.44042 -41.8758 4.458252
v -26.84636 -34.52235 4.827703
v -0.3283845 -45.21433 2.026592
v -24.82311 -100.6988 -1.047073
v -24.98981 -99.68433 -1.84836
v -17.58715 -89.93822 -9.02151
v -13.85972 -88.26775 -9.39424
v -2.86986 -49.73725 -3.071213
v -2.127699 -48.58906 -2.222938
v -3.283481 -48.51677 -3.607555
v -8.348774 -51.67976 -6.966693
v -9.807098 -52.50816 -7.66072
v 3.142465 -97.5728 -2.479859
v -26.8724 -63.56446 -3.032972
v -23.19945 -60.76492 -6.464098
v -27.18552 -55.81355 -2.377153
v -26.23498 -36.36877 -2.962957
v -18.7688 -37.87619 -9.100557
v -25.89279 -20.22573 1.619198
v -25.62421 -20.17862 -0.085136
v -25.131 -18.38614 -0.751575
v -24.28983 -16.59801 -1.343845
v -23.62976 -14.48157 0.73276
v -23.13007 -14.80331 -1.608438
v -21.60363 -14.6346 -3.616569
v -14.64608 -14.03003 -7.33496
v -27.44852 -41.68499 0.144906
v -17.68879 -8.422202 -4.135401
v -7.507849 -70.36002 -7.212702
v -9.064345 -71.70972 -8.288022
v -9.265595 -69.82462 -8.308062
v -11.11718 -68.83826 -8.902934
v -14.76459 -69.53876 -9.285348
v -13.31844 -67.26912 -9.232781
v -8.281383 -73.5953 -7.862873
v -6.2572 -74.10856 -6.304005
v -4.444797 -75.2813 -4.797532
v -7.582571 -75.64382 -7.468966
v -7.139383 -97.1344 -7.677253
v -9.85714 -97.8979 -8.904675
v -13.42851 -98.01186 -9.340516
v -8.81457 -96.45428 -8.594266
v -9.41654 -94.43405 -8.814234
v -12.40374 -93.49596 -9.301645
v -10.76666 -91.41699 -9.091419
v -5.868266 -94.57478 -6.825882
v -6.356329 -92.90624 -7.033402
v -6.537069 -91.20978 -7.088514
v -8.222682 -90.29928 -8.194261
v -6.8822 -88.94733 -7.266618
v -7.391284 -87.0484 -7.632272
v -9.750729 -86.47871 -8.823459
v -5.495343 -86.25275 -6.228221
v -9.556312 -84.21206 -8.722643
v -4.814424 -91.72237 -6.005094
v -3.469506 -90.52885 -5.102254
v -5.157274 -88.16673 -6.060161
v -12.09977 -83.13261 -9.279544
v -16.08849 -84.12946 -9.224537
v -10.14903 -80.49023 -8.860187
v -7.585969 -82.93681 -7.682758
v -5.643582 -83.74425 -6.322794
v -3.189606 -88.85541 -4.796703
v -1.845461 -87.77151 -4.003784
v -3.239 -92.47496 -5.083922
v -1.818381 -91.54119 -4.227931
v -0.09380746 -90.90527 -3.427851
v 0.1925583 -89.23144 -3.245828
v -3.765762 -47.36134 -4.037086
v -4.153772 -45.90062 -4.30224
v -5.843556 -45.69373 -5.355691
v -7.734937 -46.28753 -6.293494
v -10.69778 -44.75667 -7.398765
v -9.934497 -47.19067 -7.275328
v -11.1375 -48.95134 -7.929417
v -5.520284 -44.16286 -5.143921
v -6.855329 -43.00955 -5.807961
v -8.790168 -43.50244 -6.54873
v -10.72899 -43.17341 -7.261161
v -12.16836 -41.25581 -7.650081
v -12.50685 -43.91087 -8.113483
v -14.01271 -45.50071 -8.946708
v -17.98223 -44.863 -8.982824
v -14.98282 -47.4668 -9.303304
v -18.73429 -47.7891 -8.487834
v -22.08337 -48.81864 -6.842558
v -24.42443 -46.65134 -5.569934
v -14.60676 -41.3597 -8.785871
v -17.55342 -42.40751 -9.257776
v -16.6006 -39.60226 -9.366007
v -20.30612 -43.21819 -7.621648
v -22.96123 -41.43498 -6.302065
v -12.05196 -15.23626 -8.532945
v -7.755419 -93.75754 -7.963552
v -9.064026 -100.3729 -8.658863
v -25.18268 -22.53685 5.335609
v -26.05142 -77.66737 2.204097
v -21.81121 -13.82806 6.260783
v -0.2942273 -40.10342 2.319582
v -0.3295241 -43.78176 0.304069
v -0.2732637 -37.35482 -1.981646
v -6.79758 -23.77783 -11.91876
v -9.798052 -22.99115 -11.63595
v -25.72968 -62.1842 -4.784024
v -26.9469 -37.12281 -1.409575
v -27.25021 -38.22323 -0.332772
v -12.98616 -11.96002 -6.948753
v -14.86513 -12.26399 -6.434292
v -10.82643 -57.35886 -8.421885
v -12.80088 -58.34301 -9.062717
v -13.61479 -61.0326 -9.171569
v -21.09314 -63.57191 -7.468787
v -19.72405 -62.29529 -8.067536
v -18.36271 -68.28323 -8.590279
v -23.0824 -43.9524 -6.286069
v -15.95235 -11.30611 -5.56099
v -17.55507 -11.43005 -4.73699
v -15.66864 -10.10842 -5.375854
v 2.906736 -79.14865 0.340686
v -26.71234 -78.245 -0.796131
v -27.50265 -49.90037 1.147205
v -27.45601 -48.71359 -1.070107
v -27.3752 -46.29235 -1.235416
v -27.48831 -53.18665 0.951047
v 0.01368314 -55.35204 1.301016
v -23.0006 -100.8794 -6.787579
v -22.88943 -99.49789 -6.859076
v -21.40492 -98.56554 -7.801129
v -19.17039 -99.70864 -8.706162
v -3.236004 -13.7654 -8.694513
v -5.634387 -14.14115 -8.835112
v -26.22558 -27.23277 4.912621
v -3.282424 -12.03619 -8.425983
v -5.106362 -11.55482 -8.04895
v -4.235969 -31.46624 -11.25554
v -6.999704 -31.26717 -11.52417
v -4.811256 -32.6926 -10.75503
v -18.21465 -102.1603 -9.019518
v -18.63061 -100.9201 -8.878688
v -17.20771 -99.86462 -9.246127
v -14.6531 -100.4814 -9.385147
v -20.2718 -100.6905 -8.342386
v -15.84351 -102.1628 -9.414168
v -8.573029 -17.21312 -9.78723
v -9.335011 -15.46103 -8.959821
v -26.096 -25.33157 -1.382584
v -25.05886 -24.4872 -2.992474
v -24.29461 -22.99936 -3.925259
v -22.61166 -23.01622 -5.819583
v -23.70413 -21.44828 -4.42136
v -23.27021 -19.81579 -4.552889
v -23.02574 -18.06651 -4.209435
v -21.80634 -19.36915 -5.938737
v -24.72152 -101.888 -4.56709
v -1.451184 -51.21873 -1.273177
v -1.098625 -49.98267 -0.658438
v -18.60333 -94.05411 -8.800549
v -17.56639 -92.07103 -9.063459
v -18.21828 -95.79322 -8.931756
v -16.01487 -96.60524 -9.344159
v -14.00124 -95.54804 -9.352647
v -8.22846 -10.9192 -7.412587
v -22.54475 -12.69969 1.182235
v -18.14874 -12.54765 -4.956657
v -19.14516 -11.78023 -3.626213
v -20.72842 -12.58026 -2.576983
v -18.39582 -13.75296 -5.521287
v -19.90161 -14.39034 -4.911003
v -16.88247 -13.63742 -6.260082
v -16.09138 -14.53469 -7.095396
v -14.65608 -15.30959 -8.006869
v -13.22083 -16.45787 -8.83623
v -16.73151 -15.69452 -7.449957
v -14.21087 -17.86153 -9.206102
v -18.44864 -15.881 -6.695629
v -26.81602 -49.85231 -3.004894
v -25.37343 -48.93941 -4.939687
v -20.09472 -11.36267 -2.31771
v -27.44647 -45.82261 1.3816
v -0.9585623 -30.95407 -10.68844
v 1.629184 -70.4178 0.621001
v -24.0427 -102.3458 0.080121
v -24.13557 -103.2724 -0.404532
v 2.474985 -80.36141 -1.325614
v -27.1636 -40.54033 2.949315
v 2.198688 -84.83796 -2.076829
v -1.264914 -75.66922 -2.908973
v -2.899267 -75.20959 -3.764164
v -1.637607 -74.38234 -2.988472
v -3.130665 -73.74641 -3.775981
v -3.209915 -72.18843 -3.668902
v -1.831223 -71.42432 -2.8703
v -1.775891 -69.87083 -2.720611
v -26.9465 -72.46487 1.194756
v -7.332545 -37.08468 -8.161429
v -27.33925 -61.37593 -1.535943
v -27.27384 -59.99511 -1.990052
v -20.37727 -67.64188 -7.837379
v -24.80261 -57.64835 -5.475274
v -25.48517 -18.99111 2.611667
v -25.3251 -17.94389 1.953806
v -24.83917 -16.80948 2.25725
v -24.31587 -15.45874 1.748423
v -23.43257 -14.1813 2.445673
v -25.27026 -18.16061 0.59925
v -25.53816 -93.70818 -0.65554
v -1.574757 -37.99896 -3.66269
v -3.831497 -68.01526 -3.876707
v -3.923306 -69.39926 -4.028328
v -13.07981 -78.81937 -9.347273
v -13.36258 -76.015 -9.359462
v -16.74548 -75.0419 -9.022898
v -0.1525697 -92.3648 -3.488398
v 0.05715454 -93.88094 -3.531123
v -1.442175 -94.59765 -4.193138
v -4.321456 -48.36008 -4.48797
v -17.98158 -62.94536 -8.757276
v -16.57512 -61.65796 -9.040339
v -15.69001 -59.91704 -9.155643
v -17.50461 -58.72176 -8.880628
v -19.55306 -59.20982 -8.199245
v -17.23031 -57.05174 -8.89679
v -18.70922 -55.72948 -8.557618
v -18.65672 -53.48517 -8.566848
v -20.75749 -56.05125 -7.609051
v -22.79302 -55.78104 -6.569243
v -16.77409 -51.83478 -9.102017
v -15.27221 -56.3731 -9.214764
v -14.29621 -54.86511 -9.254412
v -23.39745 -54.15731 -6.245059
v -22.10267 -52.14026 -6.88477
v -20.1034 -60.72901 -7.928256
v -15.71145 -53.68599 -9.23702
v -16.62265 -9.101563 -4.972498
v -20.8687 -58.17559 -7.550846
v -25.72824 -82.61155 1.852725
v -26.68375 -61.61263 3.415236
v -11.89067 -101.7421 -9.212958
v -27.3267 -47.91496 2.60637
v -27.37948 -46.86642 1.998869
v -27.39671 -55.31553 2.175622
v 1.239515 -71.58746 -1.060506
v -0.01971246 -58.69042 -0.124915
v -0.1669715 -56.96227 -0.036832
v -0.8362135 -56.7543 -1.000271
v -0.7573571 -55.67244 -0.799126
v -1.522108 -55.02768 -1.416849
v -0.7149063 -54.63164 -0.628884
v -2.247391 -55.36457 -2.263976
v -3.309344 -56.1724 -3.239655
v -2.42685 -56.39452 -2.431327
v -27.0406 -69.80353 1.654716
v -27.16487 -68.78306 0.786892
v -25.52726 -21.06227 -1.347288
v -25.18835 -19.69179 -1.489609
v -25.4778 -22.34624 -1.783944
v -10.17754 -89.78709 -8.96553
v -11.21223 -88.04024 -9.135878
v -12.42667 -90.21642 -9.317436
v -14.69647 -89.8268 -9.370619
v -16.25868 -88.50185 -9.25402
v -15.45189 -86.32922 -9.328279
v -16.08647 -90.96084 -9.304488
v -15.6318 -92.36563 -9.350801
v -16.951 -93.40125 -9.20287
v -13.88129 -92.73389 -9.371952
v -14.17038 -94.13622 -9.372266
v -12.40626 -91.9584 -9.312198
v -10.93674 -92.725 -9.123649
v -9.410316 -92.17468 -8.796006
v -9.302697 -90.99885 -8.745972
v -10.86585 -93.91761 -9.105862
v -12.13851 -94.67972 -9.277484
v -9.575022 -93.3037 -8.855827
v -13.17375 -42.46578 -8.226096
v -15.4624 -99.16389 -9.391743
v -13.58847 -99.36159 -9.331371
v -11.57165 -98.80342 -9.199204
v -15.28021 -97.83518 -9.375294
v -14.15039 -96.83172 -9.353545
v -12.33737 -96.96738 -9.284179
v -10.66401 -96.83766 -9.082946
v -20.61203 -13.67163 -3.72527
v -21.65347 -13.62106 -2.43256
v -24.23268 -15.75872 0.106246
v -25.46415 -19.12112 -0.005744
v -25.19711 -23.36235 -2.510318
v -24.57384 -17.74154 4.498516
v 5.981379 -99.26617 -1.309539
v -16.90587 -29.93985 -10.14484
v -5.868473 -26.94346 -12.16239
v -8.113371 -26.99826 -12.2567
v -9.367337 -25.71764 -12.09189
v -9.299068 -24.32291 -11.98321
v -1.307782 -67.78579 -2.285369
v -1.764268 -68.77924 -2.618701
v -2.865817 -69.26962 -3.228002
v -14.73541 -65.71315 -9.265492
v -27.38539 -42.17017 1.775676
v -6.145541 -70.87083 -6.079568
v -5.803464 -72.25663 -5.761333
v -4.716455 -71.60635 -4.841004
v -15.38762 -37.81124 -8.794575
v -13.17646 -36.47952 -9.125381
v -11.63762 -38.12973 -8.471848
v -12.37643 -54.52249 -8.85171
v -11.00032 -55.42332 -8.362312
v -23.72294 -52.66278 -6.058403
v -10.65016 -94.9635 -9.061696
v -9.411244 -95.50053 -8.80869
v -8.367574 -94.9631 -8.327301
v -11.75621 -35.04149 -9.783384
v -9.362457 -34.85672 -9.821704
v -8.461817 -33.61715 -10.64656
v 5.368763 -96.52091 -1.368329
v -24.27206 -90.38374 -5.703671
v -23.06501 -89.17186 -6.635424
v -24.74263 -91.75151 -5.211267
v -25.05702 -93.14899 -4.812378
v -23.94992 -93.0129 -5.926664
v -23.66807 -87.67979 -6.257466
v -23.87181 -86.14233 -6.104692
v -22.53601 -84.8865 -6.966507
v -20.40918 -85.62111 -8.008204
v -18.03119 -85.37337 -8.825253
v -21.82829 -88.15644 -7.433839
v -19.97531 -88.47044 -8.216439
v -19.48837 -89.88934 -8.441053
v -20.69054 -91.12799 -8.012103
v -21.91591 -92.23455 -7.416882
v -22.34373 -90.80605 -7.182073
v -20.78445 -87.02247 -7.889228
v -18.17785 -88.48707 -8.846333
v -17.2051 -87.40871 -9.05755
v -18.60235 -91.01558 -8.746324
v -27.08666 -70.18542 -1.138163
v -9.798019 -12.9908 -7.927711
v -10.44695 -14.25087 -8.346118
v -8.625165 -14.39433 -8.568502
v -13.29691 -48.75813 -8.867932
v -22.25503 -24.75973 -6.417884
v -13.27114 -101.1135 -9.317937
v -23.08281 -83.37519 -6.648137
v -21.4255 -82.34581 -7.505739
v -18.8621 -81.64111 -8.515278
v -24.58131 -82.80293 -5.584333
v -18.15194 -79.49252 -8.68696
v -25.52268 -83.8364 -4.57933
v -19.25996 -77.54067 -8.304881
v -24.79208 -81.26943 -5.475733
v -25.829 -80.37714 -4.214756
v -26.03997 -78.62109 -4.00166
v -23.58443 -80.28303 -6.282501
v -22.33715 -78.61243 -6.958326
v -25.61556 -77.0785 -4.671186
v -26.14955 -75.28131 -3.988542
v -24.19146 -77.35937 -5.958302
v -26.35286 -81.28662 -3.010445
v -22.18727 -80.84314 -7.076017
v -23.18084 -76.16877 -6.507959
v -21.93264 -74.77721 -7.130592
v -23.62183 -74.73969 -6.276741
v -25.1043 -74.3036 -5.269802
v -24.72538 -72.95493 -5.621991
v -23.72644 -71.46748 -6.202291
v -7.723344 -15.34489 -9.034742
v -5.975051 -15.28204 -9.135625
v -4.648255 -16.41025 -9.62991
v -7.085323 -14.41806 -8.791936
v -13.70111 -50.45187 -9.11844
v -20.98961 -9.108773 4.178897
v -13.48369 -9.9613 -6.332242
v -12.54051 -10.92432 -6.731548
v -5.431424 -59.60479 -5.232009
v -5.326011 -58.2113 -5.190515
v -6.260991 -56.93222 -6.087876
v -7.766198 -56.39057 -7.056409
v -9.274624 -56.83512 -7.792229
v -25.99313 -21.2326 1.094441
v -26.13223 -22.28614 0.879898
v -26.22609 -23.41078 0.414912
v -8.948803 -44.93138 -6.700949
v -9.936288 -45.90429 -7.171962
v -11.62922 -45.90025 -7.918633
v -26.96565 -44.49572 -2.316761
v -26.60344 -42.72294 -2.898962
v -25.5089 -42.11621 -4.500052
v -26.29437 -45.73998 -3.633945
v -3.752355 -33.52629 -9.978189
v -24.76637 -25.88111 -3.897223
v -19.57815 -16.6678 -6.433709
v -20.94752 -16.71559 -5.542307
v -21.44267 -15.7354 -4.507708
v -21.97912 -17.4528 -4.966084
v -19.56748 -17.79371 -6.918667
v -18.15186 -18.53467 -8.027702
v -20.27799 -18.95349 -6.901609
v -19.13232 -19.39496 -7.829038
v -17.69849 -19.58747 -8.62131
v -16.17022 -20.01068 -9.425053
v -14.57578 -19.27138 -9.644261
v -18.87471 -20.4555 -8.268536
v -18.53014 -21.59923 -8.660365
v -18.30625 -22.77416 -9.00395
v -19.47343 -23.63947 -8.443333
v -21.08292 -23.21751 -7.190519
v -19.76353 -21.2699 -7.84458
v -20.89923 -21.99298 -7.192453
v -17.2244 -21.76095 -9.379144
v -15.42583 -21.86833 -10.15044
v -17.56891 -23.65762 -9.502022
v -16.23018 -23.73941 -10.21144
v -14.74097 -23.53082 -10.673
v -12.78851 -23.84814 -11.35944
v -11.83132 -22.63304 -11.27059
v -13.1011 -25.1531 -11.43349
v -14.05184 -35.05159 -9.705402
v -16.07176 -34.35907 -9.909584
v -17.9365 -35.16032 -9.401044
v -18.67698 -33.43045 -8.914434
v -20.67371 -33.51511 -7.836086
v -19.01344 -36.3784 -8.961139
v -20.56454 -36.45158 -7.785213
v -21.3744 -35.02166 -7.267221
v -17.30714 -36.95453 -9.517606
v -22.35468 -36.24048 -6.578109
v -23.30176 -37.54532 -6.028706
v -22.58684 -39.44717 -6.453318
v -24.34959 -38.95821 -5.29486
v -25.68536 -38.55559 -3.931493
v -23.84856 -36.04304 -5.527168
v -25.19834 -35.81075 -4.272553
v -26.38409 -39.76033 -2.983703
v -26.24104 -41.23166 -3.380585
v -17.00295 -38.28177 -9.428154
v -20.12637 -37.87947 -7.99894
v -20.9498 -39.05834 -7.299163
v -19.3483 -39.14471 -8.511331
v -18.35337 -40.48666 -9.059367
v -19.06216 -41.75332 -8.370137
v -20.6964 -41.72834 -7.399259
v -21.99686 -42.77201 -6.828364
v -16.49445 -41.09481 -9.402774
v -21.4076 -40.37948 -7.043736
v -18.7633 -43.12181 -8.453132
v -19.44059 -44.41612 -8.109889
v -19.21998 -46.12331 -8.237861
v -17.15061 -46.55844 -9.151403
v -21.02205 -44.4556 -7.344114
v -22.32307 -45.03194 -6.700897
v -22.71723 -46.5305 -6.48948
v -23.96479 -45.21538 -5.810681
v -21.26056 -47.4164 -7.315629
v -20.2923 -48.80388 -7.860373
v -18.17597 -49.63203 -8.644093
v -21.17017 -50.36782 -7.373587
v -23.48079 -47.90923 -6.125171
v -23.79146 -49.55903 -5.993292
v -24.63641 -43.91226 -5.347299
v -23.81311 -42.66968 -5.828815
v -25.36965 -45.59784 -4.882654
v -25.747 -47.03117 -4.478517
v -24.43374 -41.42345 -5.412345
v -23.68695 -40.31008 -5.860207
v -17.54953 -43.66407 -9.196293
v -15.83447 -44.67701 -9.369261
v -16.04198 -43.0519 -9.376389
v -22.79942 -50.7777 -6.504933
v -22.24608 -32.90617 -6.911349
v -22.7221 -31.42455 -6.744418
v -21.47414 -30.03496 -7.612642
v -26.99988 -39.47677 -1.670714
v -15.66101 -87.45319 -9.313993
v -14.03487 -87.0364 -9.396831
v -13.85889 -85.77321 -9.40172
v -13.75264 -84.18689 -9.399694
v -15.26699 -85.15191 -9.338995
v -16.60828 -85.63879 -9.131598
v -17.63 -86.393 -8.94566
v -12.62123 -87.55517 -9.344915
v -11.29802 -86.83612 -9.14174
v -14.865 -82.8744 -9.353313
v -16.52531 -81.55592 -9.144599
v -15.43998 -79.7766 -9.302611
v -17.62733 -82.9669 -8.887925
v -12.69642 -86.47037 -9.355253
v -10.87949 -85.79542 -9.067815
v -10.94477 -84.6524 -9.080716
v -9.485859 -85.3551 -8.720062
v -8.280417 -86.1291 -8.218761
v -8.327298 -84.74455 -8.227539
v -10.72465 -83.5624 -9.029635
v -10.64233 -82.00327 -9.006901
v -9.149265 -82.83084 -8.571491
v -8.214269 -81.5262 -8.103343
v -8.145626 -79.73095 -8.082506
v -6.40654 -78.93775 -6.666274
v -4.980117 -80.37756 -5.647535
v -12.08787 -80.93211 -9.249179
v -8.636453 -87.2968 -8.413176
v -7.515707 -84.0285 -7.639804
v -6.631172 -83.42832 -7.042844
v -5.736568 -82.16254 -6.339784
v -9.900121 -78.82518 -8.739822
v -11.37209 -77.26896 -9.106726
v -10.0528 -75.80842 -8.729458
v -11.55399 -79.62511 -9.184508
v -13.61158 -80.13236 -9.392976
v -9.809295 -87.79432 -8.85477
v -10.22977 -88.765 -8.972053
v -11.73541 -89.15015 -9.251431
v -13.26321 -89.28719 -9.355137
v -22.19682 -18.48545 -5.200431
v -24.70915 -94.9519 0.830291
v -23.2553 -14.82035 4.593258
v -23.77876 -15.01362 3.206514
v -23.08758 -14.01497 3.844797
v -27.07065 -27.69686 2.393872
v -1.779497 -47.13672 -1.863595
v -1.886905 -45.89194 -2.152457
v -1.257527 -45.06789 -1.420692
v -0.7469397 -44.82536 -0.312392
v -1.872348 -44.85611 -2.373205
v -1.62876 -83.87026 -3.73127
v -4.900112 -39.75563 -5.917781
v -6.782102 -39.7122 -6.423244
v -8.107977 -40.49626 -6.873555
v -10.00541 -40.63592 -7.298686
v -10.99873 -39.44517 -7.89579
v -7.599618 -38.67607 -7.162752
v -9.33962 -37.82335 -8.101145
v -4.162184 -38.61449 -6.191382
v -4.841279 -37.61296 -7.082185
v -3.929452 -36.84267 -6.318306
v -3.733021 -35.77124 -7.17578
v -4.897223 -35.20027 -8.286403
v -5.965225 -35.89046 -8.509641
v -5.953544 -36.87455 -8.061725
v -6.34274 -37.76316 -7.555195
v -7.219785 -36.21259 -8.793701
v -8.681619 -36.50119 -8.628682
v -8.387644 -35.58005 -9.2731
v -5.855013 -34.64594 -9.231224
v -7.174624 -34.24097 -9.99487
v -1.379552 -97.14499 -4.379953
v -0.4553561 -96.13228 -3.962168
v 1.086467 -96.65681 -3.36825
v 2.146075 -95.79142 -2.921518
v 1.885527 -94.63204 -2.983494
v 3.107738 -96.48981 -2.458457
v 4.156808 -97.02644 -1.842651
v -11.16102 -72.35784 -8.966595
v -12.89321 -73.57443 -9.317001
v -13.25519 -71.54301 -9.308478
v -15.45646 -71.0993 -9.205829
v -14.85928 -74.28193 -9.292533
v -16.6085 -73.60593 -9.0578
v -16.91308 -72.16341 -8.998279
v -19.15591 -72.40929 -8.354685
v -18.32502 -74.23032 -8.642433
v -19.56711 -75.73993 -8.205713
v -11.37092 -97.75838 -9.183211
v -25.43205 -72.04253 -4.978119
v -26.42344 -71.894 -3.622512
v -26.63354 -73.30077 -3.07523
v -14.5645 -25.57675 -10.97287
v -15.08879 -26.66955 -10.84504
v -16.14905 -27.6285 -10.49127
v -14.03189 -27.59233 -11.19946
v -12.2095 -27.38399 -11.7002
v -13.40383 -28.722 -11.35164
v -13.1319 -30.02609 -11.3276
v -11.98939 -31.37872 -11.27347
v -14.91592 -29.85967 -10.80017
v -11.71043 -26.10988 -11.75307
v -16.61158 -28.77177 -10.30674
v -16.01931 -25.47406 -10.46466
v -17.34724 -25.60521 -9.816909
v -18.02948 -26.66824 -9.536332
v -18.64446 -25.61518 -9.128799
v -19.86848 -25.53428 -8.384364
v -20.69919 -26.47333 -7.887666
v -21.32013 -25.50019 -7.305939
v -21.32396 -27.54044 -7.548123
v -22.54661 -27.66773 -6.619548
v -23.73551 -28.19484 -5.637368
v -25.29936 -28.79424 -4.104854
v -23.14443 -26.65248 -5.879744
v -13.28116 -32.39722 -10.83331
v -15.23752 -32.15922 -10.36177
v -23.8783 -29.42316 -5.703599
v -22.92386 -30.15493 -6.563439
v -23.79363 -31.01563 -5.848474
v -24.83916 -31.71255 -4.849803
v -25.60417 -30.93185 -3.960753
v -20.15611 -27.37634 -8.351605
v -19.40237 -28.14518 -8.914822
v -18.9177 -29.17681 -9.201927
v -20.20118 -29.47219 -8.454288
v -21.7042 -28.56976 -7.381059
v -23.94152 -26.03741 -4.989108
v -23.02019 -25.55802 -5.823477
v -24.84356 -32.9389 -4.711824
v -25.84357 -29.83163 -3.65777
v -26.26057 -28.66774 -2.548042
v -18.13934 -29.93746 -9.56033
v -18.26775 -31.19187 -9.430404
v -19.77511 -31.48728 -8.66989
v -18.55288 -32.3 -9.143374
v -19.79647 -32.73521 -8.469558
v -11.50554 -30.29859 -11.50542
v -9.969379 -29.60147 -11.83147
v -8.460875 -30.426 -11.81976
v -6.736915 -29.96877 -11.83955
v -9.723324 -28.32268 -12.0026
v -12.52315 -33.51725 -10.48427
v -15.85313 -30.96052 -10.41354
v -18.11517 -39.12554 -9.292684
v -14.93337 -42.39582 -9.021812
v -16.15161 -42.05958 -9.376765
v -4.756775 -78.64672 -5.359898
v -4.077621 -77.16538 -4.631373
v -2.767452 -78.0943 -3.908466
v -11.53757 -78.44399 -9.149796
v -16.17056 -33.11639 -9.896002
v -17.29765 -33.78793 -9.405466
v -26.61553 -27.82283 -1.424311
v -6.637364 -28.83516 -12.02732
v -7.798639 -28.07775 -12.14925
v -13.82009 -5.96175 -6.484176
v -20.11734 -5.903243 -0.303833
v -25.85828 -88.32709 0.212096
v -25.94328 -88.8297 -0.817068
v -21.89435 -11.91573 4.076522
v -22.12398 -11.95947 2.570954
v -5.840868 -98.01091 -7.007727
v -4.776931 -98.82912 -6.414226
v -13.46641 -13.14423 -7.316017
v -12.50844 -14.12107 -7.933838
v -15.68488 -101.1642 -9.406159
v -15.70521 -13.09208 -6.527723
v -16.92531 -16.769 -7.833749
v -15.92751 -17.56103 -8.582733
v 1.198087 -93.04597 -3.08919
v -13.7448 -57.17719 -9.213949
v -21.61521 -83.77906 -7.430894
v -25.21816 -85.14651 -4.867102
v -22.62127 -77.35403 -6.800596
v -27.25664 -42.87717 -1.373458
v -16.60664 -69.96825 -9.049834
v -16.23844 -68.5149 -9.107514
v -18.32158 -69.62378 -8.627887
v -19.80406 -70.5609 -8.08389
v -14.48259 -68.25931 -9.297559
v -12.95068 -69.08826 -9.232635
v -13.37673 -70.29726 -9.298212
v -14.88403 -67.17219 -9.276203
v -17.83436 -76.47718 -8.799394
v -15.95733 -76.32262 -9.195113
v -14.38444 -77.39764 -9.361543
v -20.482 -30.61305 -8.255334
v -1.204019 -20.31055 -11.04597
v -24.71537 -103.5578 -3.42973
v -19.83523 -8.44715 6.379014
v -20.42788 -9.413235 5.871063
v -26.00615 -22.74147 2.912821
v -26.88369 -75.16273 -1.15385
v -26.75483 -76.02794 -2.249536
v -26.75577 -77.29264 -1.759674
v -26.58744 -78.40025 -2.563064
v -26.64553 -79.1832 -1.602198
v -26.58532 -80.45753 -1.617223
v -26.63134 -79.27534 -0.546248
v -26.65339 -78.79689 0.650953
v -3.883644 -53.86175 -4.011607
v -27.46783 -57.13947 0.812589
v -27.44524 -56.20603 1.466666
v -20.05857 -10.29376 -1.735289
v -20.66455 -9.751504 -0.643568
v -19.64894 -9.424143 -2.191249
v -19.68414 -8.449683 -2.045668
v -9.870913 -99.21458 -8.903942
v -8.523034 -98.5639 -8.473007
v -8.013592 -99.61936 -8.260911
v -6.648145 -100.017 -7.539564
v -7.766705 -100.7089 -8.15082
v -8.612301 -101.7927 -8.506641
v -5.892242 -101.0595 -7.171902
v -4.546829 -101.0712 -6.404615
v -5.94119 -102.207 -7.239823
v -8.596096 -97.50234 -8.502931
v -10.12701 -54.46719 -7.970212
v -8.702106 -54.37678 -7.338035
v -7.309645 -54.21149 -6.678718
v -6.745804 -53.02683 -6.307857
v -6.065131 -54.25397 -5.91096
v -5.524146 -55.26546 -5.518049
v -4.985715 -56.13824 -5.033916
v -9.525535 -53.55061 -7.648479
v 5.601757 -95.30763 0.124908
v 2.662513 -82.8446 -1.55152
v 0.8273953 -82.52217 -2.584313
v 1.914028 -83.70084 -2.115564
v -26.47712 -81.26906 0.561379
v -27.42536 -60.27508 2.124164
v -27.34591 -61.18263 1.013704
v -27.3849 -59.84309 0.651662
v -27.44154 -58.47697 0.502266
v -27.47928 -57.57738 -0.321317
v -27.36606 -57.64838 -1.53504
v -27.17361 -56.94944 -2.416973
v -21.09623 -8.013544 2.866205
v -21.22478 -9.040621 1.899189
v -21.44154 -10.08725 1.208923
v -21.2125 -10.84317 0.22405
v -21.40128 -11.70571 -0.647274
v -22.38399 -11.84657 0.205498
v -21.54662 -10.54467 2.227565
v -22.69869 -11.18609 2.131388
v -21.21113 -8.872594 3.199608
v -21.34132 -12.3105 -1.598697
v -21.73844 -97.16705 -7.598133
v -21.346 -95.8965 -7.811212
v -22.88841 -96.66315 -6.840206
v -23.88017 -97.16708 -5.968233
v -24.0365 -98.4356 -5.862833
v -23.66809 -96.08957 -6.148083
v -24.25646 -95.3119 -5.65625
v -25.07691 -95.34257 -4.606358
v -25.4222 -95.66909 -3.450019
v -25.56309 -94.81621 -2.71511
v -25.12253 -96.35901 -4.358815
v -24.8094 -97.17892 -4.937417
v -6.35273 -32.35061 -11.127
v -8.269239 -32.22643 -11.32248
v -9.955466 -32.55186 -11.15706
v -11.61349 -32.5237 -10.98447
v -5.616077 -31.55127 -11.32388
v -18.99439 -14.94567 -5.905139
v -27.05193 -70.70355 1.303951
v -27.04888 -71.07622 0.390533
v -27.05873 -71.184 -0.694192
v -7.334474 -57.63575 -6.863501
v -24.81567 -71.29927 -5.544879
v -24.73434 -69.99371 -5.598421
v -25.71691 -69.66947 -4.725712
v -26.31864 -70.3566 -3.839006
v -26.27959 -31.61624 -3.178224
v -26.95735 -31.55531 -1.922535
v -27.03701 -30.30924 -1.565477
v -27.45255 -30.21544 -0.226115
v -26.54158 -32.65208 -2.87042
v -26.00378 -33.45884 -3.470029
v -27.34825 -29.08262 0.278657
v -27.1931 -27.9556 0.07454
v -27.08863 -27.10631 0.781711
v -26.83183 -25.81823 0.664971
v -26.34371 -29.62675 -2.724955
v -13.41156 -14.84001 -8.087737
v -4.158894 -100.1272 -6.071589
v -3.877739 -9.122639 -8.257958
v -5.316555 -8.228767 -8.113348
v -5.139413 -9.952724 -8.23163
v -6.703728 -8.902008 -8.04725
v -8.306011 -8.424975 -7.823858
v -25.21758 -98.31821 -2.206754
v -25.26974 -98.01654 -3.301033
v -3.476338 -30.5105 -11.47232
v -24.80006 -101.6028 -1.495945
v -24.76405 -101.9614 -2.516307
v -24.9954 -101.2081 -3.276947
v -25.10144 -100.1795 -2.993091
v -18.16499 -10.62325 -3.797616
v -18.20618 -9.604235 -3.727332
v -23.88641 -17.59415 -2.689685
v -25.54252 -93.27366 -3.640314
v -25.76758 -92.4035 -2.416235
v -25.63233 -93.85394 -2.860445
v -21.42788 -93.4256 -7.73425
v -18.99149 -92.07868 -8.636188
v -18.28575 -93.00178 -8.877628
v -16.91399 -48.05085 -9.181562
v -7.145826 -77.41595 -7.222246
v -24.30442 -15.93932 2.862271
v -24.45566 -16.57743 3.472034
v -8.066949 -41.56675 -6.528327
v -7.07806 -42.07384 -6.060663
v -5.748473 -41.81989 -5.531469
v -8.236662 -42.57347 -6.373875
v -5.547566 -40.70787 -5.600863
v -0.2870033 -97.79605 -3.989958
v 0.1562857 -98.79994 -3.825771
v 1.315389 -99.34302 -3.265095
v 1.536249 -100.8624 -3.240739
v 3.117263 -100.7046 -2.508591
v 4.214928 -101.6202 -2.15378
v -25.30788 -97.341 -2.637401
v 4.292603 -87.86484 0.273783
v -25.49377 -87.55885 -4.419976
v -24.66231 -87.4747 -5.389284
v -27.17661 -67.31147 -1.233512
v -7.093224 -67.64825 -6.779718
v -8.421105 -66.84574 -7.808949
v -3.182958 -46.51453 -3.549819
v -0.4657875 -43.00792 -0.671313
v -1.076822 -42.88168 -1.820529
v -1.859003 -42.85164 -2.725351
v -24.25785 -20.37106 -3.408056
v -18.4016 -97.24562 -8.919168
v -19.81564 -98.11101 -8.482587
v 1.856507 -79.41752 -1.699072
v -14.78154 -62.12679 -9.238077
v -12.26164 -62.64856 -9.026179
v -13.92295 -63.41849 -9.228551
v -10.79987 -61.17076 -8.607833
v -15.10352 -64.42486 -9.233777
v -8.925119 -61.51638 -7.888052
v -9.583534 -60.27839 -8.106593
v -9.370375 -59.14377 -7.953971
v -10.25124 -58.33736 -8.271274
v -11.50987 -58.4851 -8.69229
v -12.34431 -59.53551 -8.969802
v -14.10306 -59.25694 -9.232337
v -8.122578 -59.15494 -7.389296
v -15.25219 -61.02443 -9.208343
v -27.48834 -43.01128 0.649133
v -27.48202 -44.39062 1.119248
v -27.52816 -45.30079 0.171153
v -27.54198 -46.77739 0.264868
v -27.39445 -45.05465 -1.04647
v -27.53722 -48.03883 0.01751
v -27.53376 -49.29932 0.041682
v -27.47059 -50.12647 -1.095087
v -27.19257 -51.30997 -2.14908
v -27.4387 -47.49684 -1.065102
v -27.15444 -48.10116 -2.147784
v -27.07967 -46.89259 -2.262353
v -27.04999 -45.69251 -2.242278
v -27.52862 -50.48566 0.119517
v -27.48693 -51.74662 0.828323
v -27.20489 -52.80031 -2.222594
v -26.69835 -53.56524 -3.404884
v -26.73931 -48.70224 -3.079633
v -26.10677 -48.27677 -4.096618
v -26.18793 -49.47621 -4.045426
v -26.34244 -50.82686 -3.890485
v -25.40084 -50.25986 -4.939542
v -25.64302 -51.92534 -4.754553
v -27.20524 -49.25137 -2.06729
v -27.50464 -52.76899 -0.883911
v -27.52886 -53.80559 -0.151162
v -27.51249 -55.1539 -0.550042
v -27.20036 -50.28044 -2.114921
v -27.11171 -54.48169 -2.56459
v -26.01281 -54.09427 -4.403986
v -25.12307 -54.72575 -5.247789
v -25.88153 -55.60185 -4.600629
v -25.63622 -56.77732 -4.870279
v -26.08555 -52.93715 -4.27589
v -24.06003 -55.08258 -5.934103
v -27.38696 -43.36253 1.785921
v -27.30164 -43.01007 3.014928
v -27.51123 -48.85917 0.992686
v -27.42559 -49.24611 1.994974
v -27.44306 -50.38159 2.595153
v -27.50787 -56.13099 0.094524
v -12.56366 -53.30852 -8.854116
v -12.65917 -52.08341 -8.804385
v -11.19665 -52.26609 -8.26788
v -10.30928 -51.37062 -7.782692
v -10.83138 -50.1827 -7.901249
v -12.26002 -49.74364 -8.531735
v -14.00539 -51.584 -9.20497
v -15.43677 -50.79061 -9.276425
v -15.31564 -52.17139 -9.270465
v -16.9596 -50.31148 -9.116636
v -18.28034 -50.77325 -8.665926
v -19.57119 -50.14497 -8.207463
v -18.2366 -51.92297 -8.628358
v -19.54433 -52.53565 -8.240541
v -20.22677 -53.71463 -7.920482
v -20.75509 -51.92749 -7.612699
v -21.24279 -53.00244 -7.361802
v -22.52229 -53.25839 -6.671619
v -19.24168 -54.59811 -8.356357
v -17.79663 -54.41701 -8.791008
v -17.17421 -53.39492 -8.93553
v -13.82348 -53.82719 -9.192105
v -20.96005 -81.25954 -7.696115
v -19.73442 -80.78018 -8.186363
v -19.54575 -79.67359 -8.218875
v -20.77462 -78.74831 -7.731149
v -18.34171 -80.59906 -8.655845
v -16.93122 -80.17072 -9.051003
v -16.70924 -78.93108 -9.119961
v -15.06771 -78.55334 -9.352715
v -19.04778 -78.63687 -8.386105
v -17.93949 -77.94024 -8.761168
v -20.11998 -82.11982 -8.067552
v -21.32009 -77.67253 -7.449251
v -20.37611 -76.96158 -7.880616
v -22.34846 -15.48491 -3.505394
v -22.39695 -14.6823 -2.608064
v -23.0888 -15.6017 -2.498191
v -23.77813 -15.66167 -1.454815
v -23.64247 -14.87603 -0.482498
v -22.7801 -13.66137 -0.482949
v -23.64614 -16.4822 -2.366861
v -12.24413 -57.304 -8.904274
v -11.33666 -60.22878 -8.742193
v -12.17022 -61.06442 -8.975577
v -19.87519 -55.44418 -8.085531
v -26.32559 -71.50526 2.842306
v -27.85161 -34.22605 2.005605
v -1.246125 -48.86148 -0.873725
v -21.82776 -22.50421 -6.551915
v -22.60578 -21.97291 -5.686789
v -23.46883 -22.52953 -4.849376
v -23.42479 -23.60738 -5.049406
v -22.67544 -23.97899 -5.864115
v -16.25497 -21.02728 -9.669349
v -24.96944 -47.78655 -5.279299
v -24.39115 -48.66958 -5.653992
v -12.24911 -68.08742 -9.119391
v -11.79527 -66.99148 -8.988828
v -10.69497 -65.6545 -8.705278
v -12.92477 -66.03894 -9.177508
v -10.77096 -64.15874 -8.681942
v -26.52422 -80.66216 -0.594899
v -5.027603 -54.49137 -5.109664
v -27.13481 -68.27568 -1.366258
v -27.14093 -69.17404 -0.770686
v -26.62813 -46.56729 -3.138802
v -25.3468 -95.42761 -1.025945
v 0.1040335 -39.68487 -0.320785
v 0.07809434 -38.67423 -0.311558
v -27.30925 -37.37477 0.907655
v -27.33611 -37.63456 2.065794
v -26.98997 -38.09274 3.242363
v -27.29797 -38.93632 2.351193
v -27.36131 -39.4448 1.453218
v -27.37723 -39.15478 0.468327
v -18.3668 -61.70314 -8.643772
v -25.88125 -22.61256 -0.694708
v -22.48087 -79.74168 -6.89319
v -23.38317 -79.08257 -6.402151
v -26.07047 -24.02054 -0.421449
v -8.936025 -46.57867 -6.815933
v -0.7760191 -45.69281 0.143956
v -24.71436 -29.37494 -4.832975
v -13.31615 -34.25542 -10.06384
v -14.46043 -101.5397 -9.378821
v -26.12979 -22.17759 2.115453
v -7.143716 -52.02055 -6.460017
v -6.072559 -56.0112 -5.94076
v -27.49728 -54.20924 0.799682
v -27.41773 -53.83472 1.773959
v -27.491 -52.86237 2.602317
v -0.1570903 -37.84222 -0.863481
v -0.4932359 -33.72479 -7.023508
v 0.4744441 -62.42348 -0.17002
v 0.1258413 -61.42236 -0.50936
v -2.55896 -61.93223 -2.60327
v -2.831839 -60.95829 -2.746339
v -23.70404 -64.86243 -6.232652
v -23.95512 -63.7141 -6.081182
v -23.09785 -62.63087 -6.539115
v -23.85901 -61.73259 -6.097025
v -22.79158 -61.66047 -6.67911
v -21.80941 -60.80569 -7.120582
v -8.253546 -91.24621 -8.222718
v -13.94559 -21.56121 -10.53539
v -13.01768 -20.68024 -10.55383
v -11.59835 -20.1249 -10.60178
v -9.258213 -20.67197 -11.08123
v -10.6985 -19.2596 -10.40209
v -10.14768 -18.25823 -10.06669
v -11.78315 -18.17981 -9.846399
v -12.51331 -17.30653 -9.372662
v -15.59484 -45.95069 -9.355662
v -14.3816 -46.51523 -9.113268
v -13.60948 -47.39945 -8.900957
v -25.55672 -27.7163 -3.381083
v -21.19126 -70.16635 -7.488241
v -22.46565 -70.67272 -6.878543
v -21.84944 -69.19501 -7.18085
v -3.018155 -53.52296 -3.042614
v -2.243171 -54.05447 -2.276551
v -10.43804 -100.1878 -9.011805
v -9.960524 -101.2061 -8.903228
v -26.46709 -82.07269 -0.114717
v -26.38821 -82.6151 -0.975682
v -26.39192 -83.09009 -0.073502
v -25.35274 -88.49404 -4.597566
v -27.45725 -52.44337 1.660659
v -16.91632 -45.53427 -9.217089
v 1.523265 -74.17225 -1.226052
v 0.3995637 -73.59659 -1.927675
v 0.2194103 -72.42869 -1.903833
v -0.5522361 -73.07216 -2.414862
v -0.8523625 -72.06925 -2.484918
v 1.00182 -75.0088 -1.727418
v 0.1774075 -75.76127 -2.264953
v 4.242028 -91.60957 -1.579555
v 3.056123 -92.42361 -2.270813
v 2.867783 -91.1929 -2.209591
v -1.781423 -33.06473 -9.452014
v -25.3858 -90.03925 1.085384
v -27.44972 -57.84714 2.295542
v -27.41815 -45.45042 3.015003
v -26.26378 -67.13926 -4.042263
v -3.611615 -28.36939 -11.89886
v -9.410273 -68.42223 -8.344935
v -4.585128 -13.65222 -8.727025
v -6.034556 -13.02276 -8.562764
v -27.39549 -61.81179 -0.579448
v -21.59792 -73.39604 -7.295157
v -22.21012 -72.31334 -7.001574
v -20.41329 -72.87836 -7.845125
v -20.21247 -71.84956 -7.905945
v -11.754 -75.20504 -9.148702
v -13.32806 -74.80173 -9.353377
v -17.98635 -73.10915 -8.72684
v -19.17474 -73.3743 -8.35701
v -17.69694 -32.91055 -9.468182
v -27.45254 -59.67616 -0.439407
v -26.69379 -25.56226 1.74964
v -27.48819 -50.79619 1.657516
v -21.57527 -51.28005 -7.162831
v -25.63945 -24.88001 5.360754
v 0.8027049 -64.17044 1.067914
v -23.26113 -16.96565 6.211776
v -23.01196 -15.91649 5.934434
v 3.437614 -82.89449 0.470324
v -0.9819101 -24.2259 -11.80087
v 6.960294 -102.7459 0.095908
v 7.227225 -103.5289 -0.383404
v 6.544668 -100.2648 0.172741
v -1.389517 -103.7648 -4.998861
v -22.98726 -103.7348 -6.84708
v -26.13218 -75.22425 2.715471
v -26.64151 -32.09723 5.166979
v -26.39606 -29.66375 5.223906
v -0.9755891 -6.932115 -7.623143
v -2.14601 -5.878608 -7.963984
v -20.42362 -6.28078 3.725267
v -24.43388 -20.2738 5.909803
v -24.37578 -19.23816 5.576961
v -0.7965221 -28.28071 -11.5658
v -24.14628 -99.90228 0.615592
v -24.37421 -97.43515 0.842422
v -20.69263 -10.93533 6.082006
v -25.65345 -91.11613 -0.597326
v -25.79357 -90.20238 -1.393927
v -25.74822 -91.48798 -1.68653
v -2.928525 -25.09383 -11.95931
v -4.072918 -24.31974 -11.95862
v -5.745063 -24.74572 -12.04876
v -3.037104 -26.09576 -12.01914
v -1.600539 -33.73404 -8.412755
v -1.685369 -34.66916 -7.955927
v -0.4580679 -36.70352 -3.517241
v 6.836526 -101.8804 -1.160923
v -3.368445 -102.499 -5.821992
v -21.28139 -102.4533 -7.925802
v 5.881338 -100.536 -1.563194
v -26.79827 -77.02977 0.166631
v -26.62127 -76.76444 1.389743
v -27.19352 -33.61999 3.897005
v -27.06131 -30.37859 3.947225
v -27.33897 -29.61813 3.073806
v -27.33648 -28.83193 2.242999
v -27.59699 -30.22277 2.228608
v -26.69158 -27.9377 4.01042
v 1.344567 -69.52373 -0.328914
v 0.7169003 -69.81404 -1.264181
v -0.2011861 -70.237 -1.974219
v -1.074618 -46.89241 -0.473886
v -0.8297833 -47.57237 0.158962
v -0.2748625 -54.42282 0.374229
v -0.5642103 -52.50409 -0.028274
v -1.020362 -53.36981 -0.835898
v -2.191457 -32.04939 -10.5242
v 7.374362e-05 -43.08623 1.10059
v 0.1252897 -42.14151 1.036242
v -2.970873 -23.30729 -11.75891
v -3.022668 -22.27515 -11.55834
v -26.31933 -24.6083 3.432681
v -26.24167 -23.74259 2.444351
v -26.4214 -24.04641 1.354873
v 0.8293665 -65.88605 -0.216828
v 3.522324 -84.62657 -0.768389
v 0.8639535 -67.63123 -0.753195
v -25.5352 -21.68013 4.473317
v -26.0211 -87.15685 0.103275
v -25.97513 -88.09701 -1.649237
v -26.00961 -88.21429 -2.693179
v -26.19234 -83.40885 0.875971
v -26.18727 -85.24464 0.219582
v -27.26644 -62.41293 2.477073
v -27.32957 -62.09433 1.497677
v -27.28464 -64.25313 1.841916
v 5.311944 -102.4282 -1.815498
v -0.5290115 -102.5103 -4.434122
v -1.387097 -101.915 -4.847562
v 0.5045259 -102.4681 -3.9086
v 1.542566 -101.9337 -3.36099
v 2.566897 -78.26514 -0.608445
v 2.005752 -78.49755 -1.446832
v 2.042808 -76.42426 -1.05848
v -2.996633 -7.100327 -8.442682
v 0.4670171 -77.15031 -2.257143
v -0.1890803 -77.84888 -2.63235
v 0.2434693 -78.97801 -2.554622
v -1.572983 -77.72762 -3.218806
v -0.5677117 -79.98878 -2.930123
v 0.2020517 -81.10408 -2.752566
v -1.934221 -79.82342 -3.603535
v -2.971804 -81.1973 -4.26757
v -2.751901 -82.69179 -4.210495
v -1.37505 -80.75806 -3.350239
v 1.40815 -81.02919 -2.119039
v -3.823462 -83.45849 -4.838285
v -4.638955 -84.08999 -5.545226
v -5.45498 -84.99241 -6.204489
v -4.41632 -85.65351 -5.489596
v -3.150157 -85.9269 -4.556469
v -4.925504 -83.06688 -5.698822
v -2.371361 -84.89961 -4.157971
v -4.494539 -86.70061 -5.596316
v -6.287473 -85.59666 -6.835783
v -6.430772 -86.64011 -6.944715
v -6.514079 -87.82414 -6.989947
v -5.648271 -87.25738 -6.357476
v -6.361129 -84.48837 -6.869668
v -2.791392 -83.9379 -4.32059
v -2.459093 -86.83806 -4.288395
v -27.23817 -35.68899 3.424909
v 3.094672 -81.95303 -0.804322
v -0.8020087 -35.53895 -5.551288
v -0.9644717 -36.41115 -5.764279
v -2.031546 -35.57652 -7.035408
v -3.25685 -34.39797 -8.778791
v 1.868514 -73.33777 -0.456143
v 1.722544 -72.38093 -0.43148
v -4.359684 -20.41155 -11.10654
v -5.846274 -21.23094 -11.33536
v -7.458143 -20.64177 -11.14047
v -7.412634 -19.54037 -10.77339
v -7.773135 -18.46442 -10.34138
v -5.927942 -19.04504 -10.63426
v -5.607615 -22.24139 -11.6012
v -3.009454 -18.52983 -10.49094
v -4.841821 -18.2339 -10.35794
v -5.299063 -17.26559 -9.95857
v -25.56775 -92.0187 0.039724
v -9.918389 -7.188433 -7.615549
v -11.19411 -7.133136 -7.287506
v -16.04331 -6.83951 -5.310573
v -16.97196 -6.799954 -4.579935
v -17.80038 -7.38956 -3.989719
v -20.83018 -7.05122 1.463655
v -20.90219 -7.195994 2.446009
v -24.3169 -102.4897 -5.36068
v 5.120103 -93.36086 -0.842032
v 4.957597 -92.37721 -0.834836
v -26.79441 -73.37702 1.691108
v -26.7507 -74.30579 1.620026
v -26.83175 -74.98173 0.961257
v -26.78596 -26.53074 2.795218
v -21.88413 -10.39454 5.458194
v -22.24515 -10.66585 4.497787
v 3.535686 -88.07409 -1.612889
v 3.338416 -89.84943 -1.865991
v 2.534131 -89.04322 -2.261035
v 1.317782 -88.54582 -2.809424
v 1.349926 -89.49033 -2.865834
v 1.150256 -90.52307 -3.01313
v 2.754553 -86.0564 -1.870575
v 2.27497 -86.95454 -2.24889
v 1.091069 -86.92593 -2.782246
v 0.1878921 -85.95373 -3.07739
v -0.5869225 -84.83298 -3.273555
v -0.5622643 -86.71643 -3.386198
v 0.9783825 -85.2597 -2.727444
v -26.9359 -74.0751 -0.023001
v -26.96103 -73.05439 0.172771
v -26.99785 -72.51154 -0.861361
v -26.92981 -73.53539 -1.883886
v -2.60771 -52.23785 -2.683667
v -3.725557 -51.75505 -3.92842
v -3.985529 -52.68813 -4.161361
v -4.198778 -50.97583 -4.409661
v -5.16482 -52.5485 -5.242831
v -5.203383 -51.43956 -5.252688
v -6.096772 -50.99464 -5.810248
v -6.168339 -49.99747 -5.803652
v -7.411428 -49.29182 -6.363887
v -8.999805 -48.80185 -7.031072
v -6.524367 -48.56863 -5.900867
v -6.417448 -47.26694 -5.754535
v -4.84193 -49.62706 -4.935085
v -24.95596 -99.37715 -4.25037
v -0.1999401 -40.7559 1.036247
v -0.1627925 -41.63189 -0.341863
v -0.4011229 -100.7225 -4.212488
v -25.14767 -97.65284 -0.828926
v -26.22919 -83.87318 -2.876504
v -26.00015 -83.15279 -3.739534
v -26.38171 -83.49113 -1.981164
v -26.23802 -85.44046 -1.620765
v -26.02251 -85.7905 -3.450863
v -27.18546 -66.71568 1.692461
v -27.23481 -67.18252 -0.145923
v -27.33936 -63.48159 0.137462
v -27.11337 -65.55711 -2.192134
v -26.89915 -66.75522 -2.829745
v -27.07445 -67.33875 -2.157448
v -25.85121 -64.32375 -4.655663
v -25.3465 -63.64083 -5.120646
v -25.65367 -65.1917 -4.86238
v -26.22382 -65.7868 -4.123249
v -26.84341 -68.46686 -2.935707
v -26.45899 -68.08627 -3.676663
v -26.85466 -69.34321 -2.861286
v -27.02231 -69.79137 -2.016507
v -24.96969 -66.46027 -5.406162
v -25.54175 -67.09355 -4.951283
v -26.6866 -60.53765 -3.447381
v -26.71245 -58.6275 -3.421703
v -27.09969 -59.06936 -2.549994
v -22.22215 -67.1982 -6.990517
v -24.97539 -59.83844 -5.42877
v -25.33714 -58.71796 -5.149752
v -22.70579 -58.91947 -6.682102
v -24.4479 -100.6978 -5.298599
v -23.75094 -100.5697 -6.082885
v -25.90552 -89.61414 -3.108316
v -25.66311 -91.04072 -3.626796
v -25.30216 -91.1672 -4.550737
v -1.015131 -41.26159 -2.128141
v -1.736838 -41.00201 -3.029464
v -2.301246 -41.74246 -3.440476
v -3.192419 -41.50364 -4.289003
v -1.899956 -40.07506 -3.492506
v -3.948828 -42.24764 -4.503318
v -3.22283 -40.34683 -4.683764
v -2.764502 -38.65438 -4.649158
v -3.488168 -38.28091 -5.496255
v -2.84264 -43.49407 -3.600158
v -2.866881 -44.51156 -3.358574
v 4.491502 -95.19991 -1.547187
v 3.887051 -93.62172 -1.968776
v -2.329494 -36.85517 -5.355572
v -27.40334 -32.05732 3.33129
v -27.64552 -31.1786 1.586141
v -26.90921 -34.1307 -1.691418
v -26.67427 -35.09697 -2.117921
v -27.19613 -33.26824 -0.877471
v -27.63652 -34.95154 1.238878
v -27.18272 -35.87027 -0.323216
v -23.74084 -33.76691 -5.623709
v -22.75058 -33.78586 -6.414991
v -25.40609 -20.22498 4.02306
v -23.35671 -94.44339 -6.40528
v -22.177 -94.54218 -7.30801
v -27.47133 -36.23599 2.235054
v -0.8852947 -39.77096 -2.194915
v -0.1610495 -38.43022 -2.644903
v -13.39393 -8.015129 -6.53131
v -10.13666 -8.890464 -7.244146
v -12.43236 -9.400789 -6.819778
v -11.29074 -10.03571 -7.047628
v -10.1679 -9.755093 -7.097817
v -11.34557 -10.77327 -7.706903
v -15.70095 -8.177632 -5.628892
v -14.70508 -8.421801 -6.311554
v -20.2431 -7.846513 -1.005487
v -21.06947 -8.354094 0.825164
v -20.70123 -8.445212 -0.154691
v -4.508814 -29.16434 -11.85348
v -0.4632899 -65.40271 -1.620437
v -5.222359 -67.63323 -5.068696
v -5.758289 -68.45834 -5.578526
v -5.253584 -69.30161 -5.164865
v -5.76454 -70.03738 -5.673807
v -6.185262 -66.51679 -5.95514
v -6.259729 -65.3652 -6.000378
v -4.960492 -65.43037 -4.776418
v -5.873989 -64.00581 -5.645225
v -6.629149 -63.1076 -6.349924
v -7.992089 -63.58809 -7.441155
v -6.385395 -62.01266 -6.152082
v -6.996877 -61.12522 -6.693
v -6.59641 -60.02218 -6.387357
v -5.554071 -61.82258 -5.303636
v -7.596792 -65.23135 -7.16997
v -1.671542 -64.57053 -2.251789
v -1.823818 -63.65022 -2.239579
v 0.1756029 -63.98378 -0.93325
v 0.5125857 -63.33604 -0.320047
v -3.397914 -63.79169 -3.35098
v -0.8215317 -63.218 -1.646867
v -0.7692277 -62.28987 -1.527732
v -1.594717 -61.75264 -2.00315
v -4.02446 -62.61916 -3.842383
v -4.033472 -59.73512 -3.927631
v -3.466301 -58.96547 -3.301617
v -2.666645 -59.76707 -2.581117
v -1.820325 -59.47438 -2.007343
v -1.694272 -58.54627 -1.834643
v -1.121598 -60.10281 -1.594403
v -4.00605 -57.81656 -3.973706
v -2.611065 -58.04748 -2.470911
v -0.7810143 -99.32529 -4.309272
v -2.320057 -98.78212 -5.021363
v -3.570769 -98.04652 -5.563661
v -2.786128 -96.58475 -5.033804
v -3.658363 -97.08251 -5.575535
v -4.573445 -96.67378 -6.183663
v -4.692421 -95.59609 -6.202731
v -2.956061 -95.51317 -5.125748
v -23.45553 -66.03474 -6.364775
v -21.61392 -65.6625 -7.259637
v -20.49098 -65.99278 -7.764593
v -19.46002 -65.1822 -8.215841
v -21.91549 -64.75832 -7.108208
v -18.3296 -64.615 -8.623625
v -17.13225 -63.93793 -8.942984
v -18.18643 -65.63219 -8.662312
v -17.69191 -66.60499 -8.799638
v -24.65216 -68.30566 -5.616815
v -7.866381 -12.28847 -8.368669
v -24.96942 -99.43485 -0.971191
v -2.520273 -50.51955 -2.628411
v -2.643984 -48.22402 -2.923008
v -8.176786 -50.76108 -6.805751
v -8.75084 -52.48299 -7.20227
v 4.015743 -98.69199 -2.011674
v 2.24096 -98.36285 -2.905041
v 1.924456 -97.37322 -2.966084
v -26.46744 -64.09776 -3.730602
v -26.78675 -55.83825 -3.268483
v -24.81364 -17.25796 -0.442266
v -24.57875 -17.77556 -1.604593
v -24.78535 -18.77731 -1.856226
v -27.43899 -40.60373 0.499522
v -27.44227 -41.41026 1.109924
v -27.32259 -40.89525 -0.67186
v -27.32434 -41.93925 -0.876868
v -27.43828 -42.82636 -0.358608
v -27.11082 -40.39523 -1.455742
v -26.72051 -40.59746 -2.425173
v -18.58166 -8.175042 -3.35632
v -7.171026 -69.37085 -6.949964
v -7.940434 -71.40575 -7.541224
v -8.008349 -72.51762 -7.639847
v -7.111061 -73.28606 -6.953815
v -7.333454 -74.47416 -7.174863
v -6.474431 -75.37146 -6.49383
v -5.455212 -74.92621 -5.66762
v -4.700227 -74.13711 -4.983528
v -5.168893 -76.06932 -5.500472
v -5.53311 -73.44205 -5.593562
v -8.717999 -70.73994 -8.078262
v -9.977361 -70.93715 -8.595203
v -3.842761 -74.51824 -4.243834
v -6.826872 -76.39201 -6.854959
v -4.335774 -76.23592 -4.76985
v -3.398418 -76.49782 -4.130083
v -8.177657 -69.60092 -7.690472
v -10.52442 -69.75054 -8.769681
v -11.86242 -69.68916 -9.051748
v -6.691488 -96.24358 -7.386013
v -7.756308 -96.35043 -8.012983
v -5.616564 -93.62845 -6.622366
v -6.654942 -93.86225 -7.258564
v -5.336448 -92.6734 -6.381636
v -6.954635 -92.09638 -7.398539
v -6.477376 -90.04785 -7.015753
v -7.389655 -89.75038 -7.665367
v -7.650785 -88.14014 -7.8226
v -5.511607 -90.99812 -6.459292
v -4.51455 -90.76948 -5.798909
v -4.253114 -89.78397 -5.549838
v -3.737501 -91.5148 -5.347253
v -5.747751 -89.05595 -6.53921
v -2.760348 -89.79709 -4.641484
v -4.019158 -88.12109 -5.338533
v -2.924354 -87.93761 -4.56186
v -1.981692 -88.8609 -4.116044
v -0.7762277 -88.4387 -3.572636
v -4.272386 -92.54714 -5.696146
v -2.693575 -93.51044 -4.891702
v -2.212573 -92.39542 -4.501369
v -1.232667 -90.79476 -3.863739
v -2.280505 -90.67316 -4.439395
v -0.5115689 -89.99753 -3.541039
v -5.006388 -46.21962 -4.906347
v -4.887967 -45.2468 -4.811752
v -6.973738 -45.56023 -5.905129
v -11.15948 -47.76283 -7.846501
v -12.14376 -48.33254 -8.377487
v -10.02325 -48.20073 -7.410742
v -11.03358 -46.77888 -7.726023
v -6.222796 -44.835 -5.506531
v -4.599387 -43.59522 -4.672618
v -5.808488 -43.27062 -5.308957
v -7.640439 -43.70038 -6.117703
v -9.656719 -42.86828 -6.835997
v -9.899302 -43.98672 -7.006753
v -11.00051 -42.00726 -7.267768
v -11.925 -42.71316 -7.700944
v -11.36546 -43.94611 -7.60445
v -11.91437 -44.83427 -7.944119
v -13.1542 -44.76864 -8.507256
v -14.38206 -44.4823 -9.017868
v -13.51772 -40.66682 -8.141112
v -12.42107 -39.91711 -7.85519
v -12.52633 -38.90025 -8.142867
v -13.49622 -37.7781 -8.556157
v -15.06822 -40.09948 -8.857252
v -15.45011 -38.96974 -8.84882
v -8.019161 -22.89288 -11.73266
v -9.119735 -21.86041 -11.47578
v -24.9288 -61.79755 -5.451432
v -26.71369 -36.26247 -1.984566
v -26.56404 -37.22468 -2.408766
v -25.92699 -37.43021 -3.507895
v -27.17894 -37.36367 -0.569363
v -27.05807 -38.00924 -1.203366
v -27.18019 -38.90206 -0.958238
v -11.81469 -12.26416 -7.309892
v -14.05817 -11.70871 -6.503942
v -20.43036 -64.23913 -7.792967
v -20.06946 -63.20807 -7.955458
v -16.80279 -10.91078 -4.943685
v -22.86986 -101.8459 -6.876137
v -21.97159 -99.34839 -7.50214
v -20.6886 -99.52076 -8.15982
v -2.783444 -14.61301 -9.045498
v -2.815697 -11.22167 -8.422809
v -4.107297 -11.12216 -8.330594
v -6.488382 -11.13972 -7.787755
v -19.25467 -101.7113 -8.69595
v -18.09446 -99.01496 -9.022973
v -20.93937 -101.442 -8.077048
v -7.109676 -17.15601 -9.830291
v -8.302902 -16.25489 -9.388448
v -9.982656 -16.45437 -9.31591
v -11.63831 -16.29097 -9.08082
v -10.72149 -15.6113 -8.88754
v -26.31606 -26.42977 -1.34128
v -26.55429 -25.81487 -0.442177
v -25.69791 -24.45166 -1.941007
v -25.59417 -25.42761 -2.50949
v -24.3997 -24.05578 -3.915225
v -24.34712 -22.00916 -3.682214
v -23.06146 -20.75014 -4.942482
v -23.62092 -18.91333 -3.973104
v -21.32353 -20.36511 -6.558763
v -21.43747 -21.2685 -6.638707
v -1.795013 -52.0714 -1.722896
v -0.6777587 -49.87505 0.248382
v -0.9915169 -50.85798 -0.533096
v -19.99032 -93.75818 -8.337308
v -19.79743 -95.51187 -8.462734
v -17.6842 -94.82629 -9.066363
v -16.83439 -95.7468 -9.258894
v -17.36808 -96.64894 -9.173508
v -9.300123 -11.1153 -7.656145
v -10.31288 -11.33015 -8.003647
v -8.014636 -10.0742 -7.567738
v -18.33398 -11.84391 -4.332946
v -19.90962 -12.48728 -3.445811
v -14.37839 -16.10685 -8.445709
v -14.24556 -16.98682 -8.824062
v -24.56944 -103.4439 -1.296547
v -2.208538 -75.8188 -3.418215
v -2.699963 -72.97118 -3.475321
v -3.734566 -72.96069 -4.05427
v -2.218781 -72.22536 -3.136805
v -2.820631 -71.41465 -3.377796
v -3.832555 -71.39635 -4.044725
v -2.295551 -70.61787 -3.022852
v -1.196967 -70.68353 -2.520456
v -27.36431 -60.51102 -1.237548
v -21.01706 -68.31609 -7.552992
v -19.14245 -67.44876 -8.337077
v -19.6148 -68.42357 -8.159204
v -23.9199 -58.20858 -6.044079
v -23.92985 -56.78726 -6.044116
v -25.07765 -18.32661 3.384018
v -24.69288 -16.25108 1.63462
v -23.88484 -14.70175 1.613492
v -22.92405 -13.27937 2.055308
v -23.07307 -13.59465 0.930937
v -2.127403 -37.49153 -4.501622
v -0.6564367 -37.77633 -3.931387
v -0.4097189 -36.99101 -4.354208
v -4.105632 -70.30174 -4.201909
v 0.4789997 -91.65556 -3.246978
v -0.5589729 -93.15382 -3.707267
v -0.2999687 -94.78078 -3.730365
v -16.81386 -62.58143 -8.988569
v -16.73443 -60.62534 -9.030232
v -16.05017 -58.8788 -9.088918
v -18.36283 -59.46835 -8.647847
v -18.81675 -58.33675 -8.527909
v -16.6671 -57.94776 -9.03908
v -17.34023 -55.99186 -8.881218
v -18.47153 -56.70051 -8.637937
v -21.67918 -55.4102 -7.120798
v -21.85818 -56.45668 -7.035648
v -20.91222 -57.10943 -7.541815
v -21.81742 -57.66309 -7.069385
v -14.00581 -55.87667 -9.237484
v -15.3544 -55.42903 -9.199975
v -20.37117 -59.81754 -7.78683
v -19.22397 -60.12857 -8.317342
v -20.64696 -61.62823 -7.694486
v -0.2406479 -59.47826 -0.655011
v -4.14976 -56.10746 -4.114981
v -3.699367 -55.17399 -3.744634
v -27.11316 -68.60177 1.671852
v -24.97396 -20.54943 -2.222779
v -8.928117 -89.50638 -8.575895
v -11.1213 -90.47195 -9.158534
v -13.7223 -90.50281 -9.367609
v -14.9746 -88.85634 -9.369074
v -16.06907 -89.52286 -9.288166
v -16.47413 -91.76801 -9.24
v -17.36737 -91.08316 -9.087437
v -14.95194 -94.89533 -9.360819
v -15.27602 -95.81619 -9.364555
v -15.60175 -93.83228 -9.354936
v -13.35604 -94.79733 -9.349812
v -12.74741 -95.5817 -9.312882
v -8.470796 -93.02037 -8.352864
v -13.39332 -43.3399 -8.456651
v -15.89694 -100.0857 -9.389061
v -16.66379 -99.09602 -9.317418
v -12.76558 -98.73131 -9.302557
v -12.25905 -99.5563 -9.269237
v 6.025801 -98.38712 -0.992496
v -4.799128 -27.48454 -12.06276
v -5.552682 -25.92979 -12.13317
v -9.277673 -26.5932 -12.17094
v -10.4357 -26.21274 -11.96423
v -8.187933 -26.10951 -12.22171
v -8.253958 -25.193 -12.13082
v -16.2026 -65.96497 -9.11356
v -27.29604 -41.43384 2.473693
v -6.961045 -71.1235 -6.793142
v -6.341597 -71.69585 -6.289834
v -5.550821 -71.41087 -5.491882
v -14.84135 -36.66886 -8.953218
v -11.67383 -37.00626 -8.928104
v -11.87387 -36.0222 -9.350698
v -10.43566 -37.32224 -8.546805
v -13.15711 -55.18295 -9.073254
v -11.41289 -56.40905 -8.557454
v -24.13894 -53.50985 -5.86206
v -10.68643 -34.45293 -10.11145
v -10.41759 -35.46267 -9.487204
v -9.57939 -34.03992 -10.40223
v -24.91601 -89.74274 -5.084148
v -24.00004 -89.43977 -5.949901
v -23.30372 -90.2062 -6.484988
v -24.12054 -91.26523 -5.817183
v -25.18001 -92.31552 -4.653135
v -25.07311 -94.15337 -4.711086
v -23.16041 -92.66944 -6.615059
v -23.33091 -86.84759 -6.520291
v -22.67541 -87.59754 -6.902254
v -22.93313 -85.82204 -6.768768
v -21.68995 -85.69408 -7.403845
v -23.69786 -85.16235 -6.254369
v -21.12631 -84.75095 -7.679213
v -19.16711 -86.07385 -8.512673
v -19.37458 -84.75758 -8.421531
v -17.99793 -84.15466 -8.814657
v -18.80155 -83.38603 -8.570578
v -22.12466 -89.06773 -7.292587
v -21.03198 -88.7559 -7.805366
v -20.49869 -90.25182 -8.070853
v -20.95164 -91.99626 -7.92988
v -22.60476 -91.64188 -7.002532
v -19.8963 -87.56563 -8.242064
v -17.23938 -89.06119 -9.080675
v -18.51488 -89.3677 -8.739268
v -14.76937 -48.59978 -9.285705
v -14.14127 -49.49721 -9.190806
v -22.53391 -82.49689 -6.917024
v -23.69087 -82.66131 -6.24386
v -24.83754 -83.67657 -5.345243
v -25.37643 -82.90069 -4.808121
v -25.51452 -81.19278 -4.670305
v -25.1196 -80.27965 -5.147836
v -25.59687 -79.41424 -4.633712
v -25.31542 -78.33354 -4.992214
v -26.16862 -79.5693 -3.653238
v -23.92057 -81.11883 -6.092735
v -26.12266 -77.62598 -3.918705
v -25.60111 -75.98994 -4.714826
v -26.22863 -76.34263 -3.801798
v -24.88451 -76.72921 -5.41005
v -26.16365 -82.16874 -3.420757
v -26.48115 -81.88929 -2.104023
v -22.18339 -75.72801 -7.005404
v -20.90518 -75.48563 -7.640226
v -23.87351 -75.5685 -6.145096
v -24.1121 -76.41119 -6.002618
v -22.76607 -74.08113 -6.720019
v -24.53034 -74.92748 -5.724414
v -25.30792 -75.17007 -5.056701
v -25.80265 -74.49487 -4.476559
v -26.43957 -74.31769 -3.487068
v -24.27323 -74.06111 -5.903599
v -23.87163 -72.41589 -6.122852
v -4.805352 -14.92229 -9.087072
v -3.373288 -16.18714 -9.575669
v -14.68617 -9.891068 -5.889444
v -5.26149 -60.58166 -5.081516
v -5.984466 -57.82553 -5.897629
v -5.359315 -57.11892 -5.35427
v -10.11512 -56.11498 -8.076962
v -12.88179 -46.11167 -8.520088
v -26.49455 -43.82771 -3.169913
v -26.27441 -44.72863 -3.599797
v -25.99816 -42.93344 -3.870998
v -25.31466 -43.13793 -4.793361
v -4.982171 -33.67727 -10.1144
v -20.83026 -14.91976 -4.527837
v -22.77207 -17.16361 -4.09101
v -21.97615 -16.56116 -4.503631
v -15.03417 -18.48182 -9.229472
v -13.54169 -18.67019 -9.675617
v -20.17019 -23.08714 -7.85952
v -21.34991 -24.22476 -7.105639
v -15.55621 -22.79541 -10.29229
v -11.10537 -23.70516 -11.59032
v -13.94168 -24.38972 -11.09441
v -14.77139 -34.32098 -10.00294
v -15.35217 -35.07347 -9.561387
v -14.60261 -35.81182 -9.310507
v -16.69594 -35.15219 -9.727087
v -17.28582 -35.98452 -9.597379
v -18.78911 -34.47488 -8.898405
v -18.94633 -35.47644 -8.960684
v -19.84221 -35.98737 -8.377005
v -19.77565 -36.97183 -8.40696
v -20.56579 -34.49245 -7.854613
v -19.68324 -33.93283 -8.376797
v -18.4382 -37.07219 -9.265109
v -22.24501 -35.33084 -6.67162
v -21.39043 -35.9809 -7.188679
v -22.40822 -37.14623 -6.526435
v -22.47047 -38.05381 -6.488242
v -23.45648 -38.55392 -5.965268
v -23.22019 -36.63696 -6.050343
v -25.22122 -39.25195 -4.5719
v -24.60757 -39.95851 -5.166297
v -24.97649 -38.24855 -4.739681
v -23.0795 -35.68418 -6.121118
v -24.06067 -34.92837 -5.314946
v -24.63273 -36.35242 -4.88171
v -25.34296 -36.7682 -4.179613
v -25.93133 -35.33347 -3.388819
v -25.30164 -34.87207 -4.097371
v -26.26399 -38.81529 -3.115852
v -26.0596 -40.36843 -3.600639
v -25.87331 -39.46441 -3.779249
v -25.66045 -41.1801 -4.251757
v -26.70391 -41.7583 -2.580304
v -16.46828 -37.5223 -9.162528
v -20.76255 -37.28217 -7.528581
v -20.8431 -38.20498 -7.395011
v -20.12531 -38.74685 -7.863447
v -19.18716 -40.04145 -8.540825
v -18.1399 -41.49206 -9.093945
v -19.82033 -41.29316 -7.840797
v -19.81744 -42.33812 -7.824479
v -20.99503 -42.5713 -7.287611
v -21.88357 -41.7658 -6.860619
v -17.21322 -40.36419 -9.389126
v -22.58115 -40.4681 -6.479191
v -18.91842 -45.2259 -8.43024
v -20.10994 -45.3106 -7.806047
v -18.16311 -45.9462 -8.853827
v -21.93094 -43.80184 -6.881551
v -23.07372 -45.66241 -6.303155
v -21.71795 -46.60796 -7.045081
v -20.66323 -46.63004 -7.610137
v -20.02828 -47.57156 -7.944684
v -22.28521 -47.39572 -6.722713
v -21.2078 -48.35411 -7.358402
v -21.1877 -49.31869 -7.363396
v -22.1607 -49.85228 -6.822418
v -18.98462 -48.81077 -8.335949
v -17.83945 -48.70694 -8.870245
v -23.55069 -47.02596 -6.069843
v -23.15659 -48.80263 -6.307179
v -22.89199 -42.34112 -6.353514
v -25.34524 -44.60626 -4.861093
v -25.26458 -46.44648 -4.998792
v -25.84591 -46.19002 -4.292788
v -24.72499 -42.33429 -5.229947
v -15.45046 -43.83427 -9.318136
v -23.18276 -51.75195 -6.331318
v -23.76513 -50.46154 -6.021022
v -21.32592 -32.71764 -7.611151
v -22.0547 -32.04544 -7.172477
v -22.90594 -32.28619 -6.478212
v -21.78441 -30.99544 -7.4214
v -14.90891 -83.79141 -9.352782
v -13.383 -82.47676 -9.378068
v -15.26928 -81.92825 -9.328641
v -15.404 -80.8545 -9.31305
v -16.28648 -82.67203 -9.194132
v -17.67885 -81.99176 -8.854541
v -12.26235 -84.19656 -9.302855
v -7.184375 -81.92327 -7.406866
v -8.274441 -82.39446 -8.152745
v -9.205688 -81.90079 -8.574674
v -9.099869 -80.95773 -8.519355
v -7.728362 -80.64084 -7.814309
v -7.048002 -79.77895 -7.26919
v -7.558375 -78.60182 -7.626298
v -6.018962 -80.0164 -6.432034
v -5.762938 -81.07669 -6.266096
v -4.799636 -81.40645 -5.558167
v -4.068734 -80.75499 -4.868896
v -5.492933 -79.21905 -5.976779
v -5.765286 -78.16948 -6.07147
v -10.91753 -81.14635 -9.072366
v -8.48932 -83.69024 -8.299155
v -9.356189 -79.72497 -8.572981
v -10.13245 -77.77485 -8.802482
v -10.23329 -76.78679 -8.816001
v -11.39928 -76.22105 -9.10453
v -9.086665 -74.70622 -8.369246
v -8.701714 -75.7577 -8.211302
v -7.979358 -76.65178 -7.820929
v -22.70668 -13.21644 4.157668
v -1.630713 -48.02094 -1.566136
v -10.01866 -39.82801 -7.575925
v -11.07149 -40.27684 -7.589737
v -9.967284 -38.98247 -7.845961
v -8.024399 -37.8073 -7.705878
v -8.079435 -34.79595 -9.80184
v -9.604159 -72.95842 -8.550206
v -11.54489 -73.33688 -9.074579
v -12.49448 -72.59204 -9.257001
v -13.79729 -72.41192 -9.330932
v -11.86601 -71.49573 -9.125896
v -14.21386 -73.44975 -9.323255
v -15.43275 -73.52863 -9.22032
v -16.04256 -74.35905 -9.159788
v -15.33501 -75.29597 -9.276023
v -16.75353 -71.21858 -9.026547
v -15.72615 -71.96712 -9.177748
v -18.12714 -71.88876 -8.686846
v -19.36383 -74.76902 -8.287352
v -18.16137 -75.32445 -8.697757
v -26.84504 -71.70042 -2.652906
v -27.02109 -71.10233 -1.766999
v -26.34149 -72.76486 -3.740369
v -16.76101 -24.66023 -10.06942
v -17.35621 -27.44923 -9.92741
v -19.24181 -24.64119 -8.732071
v -24.56839 -28.1636 -4.765421
v -18.92245 -27.28396 -9.122122
v -22.22287 -25.76237 -6.603121
v -17.69067 -29.08682 -9.786335
v -10.24336 -30.45799 -11.63343
v -11.22485 -28.18833 -11.79713
v -17.09762 -31.17241 -9.991209
v -4.29835 -79.62531 -5.044111
v -4.826205 -77.64804 -5.327394
v -3.797884 -78.5526 -4.540336
v -26.19659 -27.76525 -2.354534
v -21.42229 -11.79556 5.039427
v -21.85404 -11.50011 3.377669
v -6.826182 -97.98202 -7.545536
v -6.08031 -97.07549 -7.097422
v -5.956078 -99.10106 -7.125238
v -17.30028 -17.73244 -8.10037
v 1.188927 -93.92666 -3.174576
v -20.8699 -83.12257 -7.770082
v -24.66374 -85.79586 -5.430249
v -25.73564 -84.64359 -4.232866
v -26.94987 -43.45796 -2.205411
v -27.27818 -44.06956 -1.393175
v -17.21726 -67.83737 -8.921144
v -17.42143 -68.93333 -8.866849
v -19.5345 -69.6089 -8.180134
v -14.21977 -70.96468 -9.300574
v -19.03828 -76.60077 -8.398039
v -16.97523 -75.89401 -8.987042
v -15.55041 -77.14643 -9.266101
v -14.62319 -76.43995 -9.34347
v -12.88414 -77.08074 -9.326489
v -19.7962 -9.423293 6.732553
v -25.88269 -21.81173 3.123757
v -26.56358 -75.30039 -2.987812
v -26.81149 -76.45215 -1.467249
v -26.76036 -77.15231 -0.813469
v -7.960496 -102.5469 -8.228644
v -3.556577 -101.2337 -5.809738
v -7.871918 -55.27486 -7.040185
v 1.824128 -82.36809 -2.040475
v -0.2957407 -83.38387 -3.052361
v -1.383997 -82.81387 -3.550573
v -22.79526 -11.82661 1.210035
v -20.77347 -11.60418 -1.599191
v -22.1306 -97.98169 -7.374156
v -23.30284 -98.7228 -6.526962
v -25.42362 -96.29736 -2.761371
v -7.494639 -33.03242 -10.89385
v -10.81228 -31.82743 -11.27871
v -5.805117 -30.65501 -11.65197
v -23.91561 -70.54028 -6.095053
v -27.17354 -32.18903 -1.194292
v -27.3444 -30.85511 -0.844161
v -27.56506 -31.07012 0.414892
v -27.01341 -28.32084 -0.732178
v -4.709203 -7.481894 -8.293406
v -25.63813 -93.05044 -1.635433
v -17.77122 -47.36727 -8.968771
v -16.26035 -47.2412 -9.27611
v -24.34722 -16.94839 4.309152
v 0.01501594 -96.94773 -3.755989
v 3.609305 -99.88045 -2.24088
v 4.2483 -100.7109 -2.08546
v -7.561336 -66.92955 -7.175571
v -8.027536 -67.70297 -7.575379
v -7.939378 -66.08405 -7.420509
v -8.90731 -66.00168 -8.059376
v -1.374418 -43.7229 -2.01561
v -19.02787 -96.47128 -8.719573
v -20.8688 -97.73039 -8.044714
v -13.37162 -62.03193 -9.167392
v -12.48225 -63.72146 -9.070654
v -10.94854 -62.24164 -8.684647
v -11.177 -63.21561 -8.779796
v -13.75801 -64.37445 -9.223915
v -8.603849 -60.66179 -7.672756
v -7.881421 -61.36867 -7.340564
v -9.544904 -57.69069 -7.931571
v -13.41177 -60.08139 -9.181077
v -14.08744 -58.32214 -9.228746
v -7.36317 -58.56692 -6.909955
v -27.4145 -44.98325 1.946768
v -27.4901 -46.07317 -0.340678
v -27.42123 -50.98335 -1.339686
v -27.40686 -51.96003 -1.433217
v -27.02753 -52.03278 -2.641911
v -26.82885 -51.17618 -3.064708
v -24.78362 -49.60743 -5.413642
v -25.7435 -51.0509 -4.627598
v -24.70961 -52.13502 -5.514664
v -27.51789 -52.52892 0.133979
v -27.36433 -55.0789 -1.610094
v -25.67563 -57.67642 -4.834059
v -12.87503 -51.14815 -8.858052
v -9.247395 -51.11079 -7.316925
v -20.49709 -51.04802 -7.739421
v -14.22966 -79.29022 -9.406554
v -20.28615 -77.92679 -7.92281
v -22.2444 -13.45935 -1.413132
v -22.31728 -12.79266 0.084565
v -20.46865 -54.64129 -7.795541
v -27.55893 -33.87127 2.8813
v -1.713449 -49.22185 -1.640125
v -23.09635 -24.73415 -5.559045
v -14.04104 -66.48341 -9.244704
v -11.90055 -65.5582 -8.95706
v -9.331073 -63.9588 -8.202847
v -10.01984 -64.89064 -8.466815
v -27.13577 -69.33683 0.098676
v -25.4401 -94.50811 -1.115504
v -0.1524269 -38.98897 0.865526
v -27.27618 -39.86351 2.314692
v -19.40845 -61.43199 -8.208433
v -21.50556 -79.42188 -7.394815
v -23.41433 -78.07682 -6.392729
v -22.00944 -62.95858 -7.052718
v -12.6193 -21.82038 -10.9666
v -13.40355 -19.7616 -10.16751
v -25.3018 -26.70684 -3.36962
v -22.87366 -68.92117 -6.670227
v -0.7223921 -73.94637 -2.561201
v 2.286149 -92.95598 -2.696543
v -27.46271 -57.96733 1.330082
v -27.39602 -45.99588 2.28179
v -10.46482 -68.0924 -8.708984
v -9.192384 -67.49972 -8.210633
v -27.37169 -61.78298 0.330218
v -21.12233 -74.20467 -7.522729
v -22.72647 -71.53863 -6.737933
v -10.57497 -74.98987 -8.87738
v -23.37624 -15.54662 5.050876
v -24.62233 -18.62153 4.896391
v -5.258469 -23.63731 -11.8736
v -26.74944 -77.99037 0.129216
v -27.43034 -29.26025 1.31136
v 0.6740911 -70.77835 -1.43311
v -2.22994 -78.91594 -3.682446
v -2.751712 -80.32359 -4.083847
v -3.456831 -82.00036 -4.522743
v -2.160289 -81.87699 -3.877853
v 2.95753 -81.01929 -0.750925
v -8.927312 -17.98748 -10.09585
v -25.46251 -92.98579 -0.010092
v -8.40849 -49.55143 -6.821989
v -9.979867 -49.42862 -7.497283
v -8.852464 -47.77204 -6.881949
v -5.582603 -47.86993 -5.35221
v -24.5666 -99.05737 -5.138446
v -25.61913 -85.85171 -4.33196
v -27.20566 -67.80254 0.630013
v -21.67203 -58.75108 -7.166516
v -22.57572 -59.91689 -6.759119
v -4.773818 -41.69442 -4.984922
v -4.089195 -37.71398 -6.267962
v -26.74197 -33.54346 -2.478927
v -21.65856 -33.96909 -7.137251
v -8.536736 -62.59177 -7.762866
v -6.069716 -59.385 -5.934359
v -8.138742 -64.49245 -7.545649
v -0.4648355 -60.60762 -1.052029
v -4.702057 -94.51013 -6.129056
v -20.00024 -66.79509 -7.981161
v -24.20626 -69.16616 -5.937337
v 5.201917 -98.69944 -1.723032
v -6.260765 -73.00397 -6.267531
v -3.691484 -75.66428 -4.238889
v -3.627309 -43.13925 -4.286024
v -13.55679 -41.58118 -8.287789
v -14.32285 -38.56467 -8.443317
v -6.602689 -22.87173 -11.73851
v -10.63255 -22.02693 -11.32473
v -18.62366 -98.16935 -8.872123
v -7.751401 -9.259426 -7.790966
v -17.03749 -84.75467 -9.04313
v -24.44203 -79.88573 -5.778153
v -21.90192 -38.78809 -6.793407
v -17.00652 -49.37904 -9.127613
v -12.07781 -81.99062 -9.26368
v -6.521793 -82.53461 -6.940579
v -8.635237 -78.78993 -8.268562
v -7.972727 -77.7511 -7.858474
v -8.104974 -74.86938 -7.797039
v -10.43014 -38.21347 -8.222919
v -19.1812 -71.38786 -8.333303
v -12.6081 -77.97194 -9.305269
v -0.3115103 -82.46512 -3.007713
v -9.915328 -66.3436 -8.498523
v 1.988809 -104.6587 3.007426
v 0.3001007 -104.5587 2.758625
v -1.418318 -104.4524 2.66543
v -2.937381 -104.3595 3.249996
v -3.48056 -104.3232 4.422556
v -2.244342 -104.4033 5.28422
v -0.5238553 -104.4691 5.404645
v 1.203633 -104.512 5.336524
v 2.931653 -104.5556 5.272983
v 4.660005 -104.5987 5.211186
v 6.385726 -104.6358 5.117701
v 8.104933 -104.664 4.975142
v 9.814637 -104.6823 4.782801
v 11.50928 -104.6881 4.531235
v 13.18087 -104.6789 4.211504
v 14.81068 -104.6477 3.796445
v 16.37656 -104.5903 3.272607
v 17.84435 -104.5026 2.623071
v 19.19567 -104.3852 1.859473
v 20.20145 -104.2011 0.870249
v 21.23659 -104.0232 -0.10464
v 21.52452 -102.8136 0.095281
v 21.63226 -101.5787 0.211367
v 21.89821 -100.3651 0.400204
v 22.1207 -99.14428 0.56802
v 22.29424 -97.9163 0.713475
v 22.3689 -96.67884 0.815412
v 22.63073 -95.46388 0.995504
v 22.86689 -94.24437 1.166445
v 22.97194 -93.00967 1.285251
v 23.00414 -91.77035 1.37261
v 23.21709 -90.54768 1.531654
v 23.46524 -89.33001 1.7035
v 23.57292 -88.09575 1.821637
v 23.64683 -86.85953 1.927115
v 23.69246 -85.62151 2.022727
v 23.95502 -84.40559 2.195045
v 24.09753 -83.17458 2.325107
v 24.13213 -81.93626 2.417415
v 24.28636 -80.70641 2.550724
v 24.4961 -79.48274 2.700748
v 24.54225 -78.24497 2.798827
v 24.77195 -77.0234 2.952254
v 24.89841 -75.7906 3.074123
v 24.86647 -74.5507 3.146783
v 25.05669 -73.32416 3.285838
v 25.26986 -72.09992 3.430665
v 25.37254 -70.865 3.543568
v 25.48718 -69.63113 3.659024
v 25.45856 -68.39109 3.730989
v 25.63983 -67.163 3.866045
v 25.61433 -65.92313 3.940773
v 25.75208 -64.69152 4.062763
v 25.91726 -63.46195 4.192986
v 25.99691 -62.22487 4.297145
v 25.99907 -60.98464 4.379361
v 25.83247 -59.74823 4.402935
v 25.92698 -58.51276 4.512849
v 26.14448 -57.28922 4.660456
v 26.21505 -56.0523 4.762426
v 26.11486 -54.81424 4.814
v 26.12636 -53.57569 4.896453
v 26.30388 -52.34738 5.028821
v 26.31467 -51.10731 5.110247
v 26.12385 -49.87293 5.119928
v 26.15235 -48.63494 5.208404
v 26.27635 -47.40269 5.331369
v 26.02578 -46.1744 5.323298
v 25.91889 -44.93634 5.367426
v 26.07508 -43.70894 5.510116
v 26.09682 -42.47199 5.598541
v 26.00518 -41.23621 5.650591
v 25.71613 -40.0185 5.633963
v 25.89102 -38.79572 5.761371
v 26.05169 -37.56954 5.867133
v 26.20693 -36.34409 5.949249
v 26.35231 -35.11866 6.011659
v 26.41901 -33.88828 6.056449
v 26.35173 -32.65929 6.07677
v 26.27817 -31.43353 6.111962
v 26.15962 -30.21458 6.146604
v 26.00181 -29.00206 6.194665
v 25.84351 -27.79579 6.260381
v 25.57319 -26.60008 6.311562
v 25.26572 -25.41974 6.367732
v 25.00448 -24.2446 6.456936
v 24.61087 -23.0968 6.527215
v 24.36318 -21.93967 6.666795
v 24.11509 -20.79347 6.823477
v 23.75583 -19.66436 6.938402
v 23.35529 -18.5523 7.049856
v 22.92212 -17.45783 7.17101
v 22.45025 -16.38038 7.289513
v 21.9238 -15.32299 7.396475
v 21.35039 -14.2779 7.48814
v 20.75967 -13.23326 7.532958
v 20.21637 -12.16617 7.517103
v 19.72236 -11.08888 7.49142
v 20.36398 -10.26404 8.062545
v 19.00042 -9.728388 7.730905
v 19.21154 -8.613127 7.958516
v 18.45782 -7.608809 7.723708
v 18.20469 -6.640636 7.699185
v 16.91044 -6.399919 8.891911
v 15.49276 -6.213189 9.965119
v 14.03317 -6.106256 10.91644
v 12.59686 -6.03143 11.86552
v 11.19641 -5.983012 12.77557
v 9.735485 -5.952959 13.59016
v 8.211127 -5.934006 14.30886
v 6.589219 -5.928108 14.85908
v 4.891495 -5.91499 15.23325
v 3.158782 -5.883253 15.48191
v 1.40861 -5.824881 15.53531
v 0.6077101 -37.15311 3.169961
v 0.6647923 -38.32232 3.299039
v 0.6310089 -39.5297 3.471484
v 0.4814035 -40.73538 3.524001
v 0.3149435 -41.97069 3.387871
v 0.1689823 -43.21179 3.222742
v 0.2170485 -44.46781 3.124674
v 0.4216977 -45.72041 3.01721
v 0.4774037 -46.98031 2.906361
v 0.4442111 -48.24381 2.809929
v 0.3737155 -49.50558 2.729283
v 0.2866285 -50.76806 2.660276
v 0.1836081 -52.02953 2.600046
v 0.1025621 -53.29375 2.545746
v 0.03511854 -54.55659 2.497866
v 0.01573134 -55.82254 2.462068
v 0.007576344 -57.08505 2.43173
v -0.01402286 -58.34639 2.39757
v 0.002963344 -59.60697 2.375537
v 0.04410234 -60.86682 2.365425
v 0.07672794 -62.12472 2.351518
v 0.1200145 -63.38224 2.342211
v 0.1586741 -64.63942 2.324462
v 0.2388997 -65.89477 2.337027
v 0.3073429 -67.14934 2.34194
v 0.3641451 -68.40372 2.334864
v 0.4456867 -69.65703 2.355682
v 0.5192917 -70.90991 2.367367
v 0.5750719 -72.16309 2.35857
v 0.6641819 -73.41419 2.392157
v 0.7446483 -74.66536 2.411286
v 0.8199795 -75.91687 2.424268
v 0.8902105 -77.16748 2.430549
v 0.9592221 -78.41818 2.447961
v 1.034723 -79.6683 2.474085
v 1.101949 -80.91892 2.488629
v 1.172199 -82.16914 2.514596
v 1.242935 -83.41865 2.539703
v 1.302974 -84.66845 2.536832
v 1.36965 -85.91795 2.56535
v 1.438302 -87.16549 2.618436
v 1.492566 -88.41509 2.619802
v 1.543112 -89.66401 2.648398
v 1.590915 -90.91334 2.635728
v 1.638081 -92.16318 2.629712
v 1.682597 -93.41303 2.636355
v 1.72212 -94.66192 2.692352
v 1.758017 -95.91106 2.744157
v 1.794738 -97.16081 2.782345
v 1.831011 -98.40988 2.840337
v 1.865402 -99.65994 2.866807
v 1.897186 -100.9098 2.902119
v 1.927644 -102.1596 2.926407
v 1.95766 -103.4092 2.967258
v 2.721577 -96.07626 6.144489
v 10.19093 -84.20091 7.212396
v 11.75018 -70.40587 9.576106
v 11.93532 -46.33649 12.22399
v 14.91545 -34.47823 13.40612
v 13.67888 -24.29856 12.60774
v 12.46136 -15.89151 14.18892
v 14.10617 -95.97003 5.95554
v 16.98179 -77.78941 8.450687
v 5.242882 -76.10886 7.009006
v 18.61419 -64.34726 9.846962
v 8.259472 -62.32462 7.7926
v 6.822795 -53.39681 9.330042
v 18.41372 -53.3442 11.14519
v 5.656868 -39.75986 11.80339
v 1.188496 -89.57059 6.28018
v 1.890977 -83.29803 6.014819
v 17.24605 -88.84116 6.802646
v 4.727776 -69.66342 5.908967
v 19.91002 -71.7032 8.340985
v 3.919629 -46.78469 9.033237
v 20.67035 -45.94136 10.72155
v 21.80849 -33.68052 10.75091
v 8.84449 -29.80612 13.53761
v 18.057 -20.10563 11.44547
v 20.41438 -27.77707 10.78681
v 8.588158 -11.31594 15.07968
v 19.73877 -82.76612 6.851489
v 21.51104 -58.1699 9.110507
v 21.25273 -39.79854 10.76004
v -2.568341 -99.37867 5.031987
v 0.2535353 -39.69971 8.669925
v 17.47414 -99.832 4.001703
v 5.78011 -100.1062 5.763902
v 7.797193 -21.53429 15.43892
v 16.75303 -13.64948 11.25494
v 3.735547 -64.42992 5.194963
v 4.726664 -58.1943 5.876097
v 22.69739 -50.74419 8.890162
v 4.995316 -34.93126 11.88018
v -2.210936 -94.25664 4.818987
v 6.499302 -16.2052 16.38155
v 19.2526 -94.97883 4.33522
v 21.81183 -77.83186 6.334006
v 0.6332167 -74.3042 5.429211
v 22.45988 -66.75026 7.501134
v 3.20668 -51.81861 6.30917
v 0.0007681436 -79.28346 5.52875
v 20.94272 -23.07222 9.784766
v 13.01964 -9.791677 12.47306
v 23.01539 -61.80967 7.684012
v 6.177124 -25.4138 14.51251
v -1.56213 -86.71265 4.887979
v 21.06951 -87.64555 4.872175
v 22.57084 -74.12601 6.356104
v 1.245781 -44.12075 7.004234
v 23.31226 -43.32328 8.714437
v 23.78866 -37.19266 9.000988
v 12.60815 -100.9713 5.167233
v 19.15183 -16.51078 10.32875
v 23.47145 -54.4004 8.026566
v 20.37926 -91.32119 4.529065
v -2.136059 -90.41743 4.249662
v 0.4520581 -70.46506 5.023109
v 23.22236 -70.41922 6.427844
v 1.776488 -47.9627 6.127908
v 23.67231 -46.98988 8.212007
v 23.86843 -31.07445 9.104144
v 4.449951 -30.63528 13.9523
v 5.451329 -9.148356 15.58789
v 17.173 -10.5318 10.81995
v 2.535185 -60.48593 4.475728
v 2.990793 -55.4613 4.671747
v 1.284543 -36.80112 10.54947
v -1.361496 -82.92748 4.483576
v 23.05984 -26.31743 8.91133
v 4.394406 -12.37951 16.26746
v 0.5158547 -101.4403 5.763093
v 0.9643937 -66.69722 4.764996
v 4.441857 -18.93853 16.69538
v -1.917846 -101.6048 2.918581
v 21.19177 -19.57987 9.419733
v 22.44847 -82.71777 4.832748
v 24.31855 -58.06351 7.081238
v 0.2755461 -41.66623 6.512837
v 4.110586 -22.84485 15.88498
v -2.05692 -96.60811 3.184042
v 20.19373 -97.41143 3.047712
v -1.14352 -76.65637 4.513772
v 10.33807 -8.568199 13.76599
v 24.07002 -64.22833 6.518033
v 4.035696 -27.90858 14.33271
v 0.4895081 -38.29053 6.345745
v 18.69503 -101.9674 2.776347
v 2.748599 -33.08165 12.97362
v 24.10501 -40.79834 7.942829
v 24.56351 -34.67768 8.284622
v 9.126513 -102.0679 5.372211
v 3.933379 -102.1977 5.563457
v 1.134457 -62.90094 4.342479
v 24.70283 -51.86922 7.187852
v 15.76576 -8.484733 10.33778
v 2.195512 -57.91306 4.062867
v 24.20708 -28.60166 8.420089
v -2.792706 -101.9746 4.994585
v -1.575041 -99.09139 2.787399
v 22.99392 -80.24513 4.827095
v 22.34887 -85.15769 4.283998
v 15.77652 -102.2846 4.067713
v 19.22727 -14.17208 9.548678
v 3.395518 -15.01236 16.7604
v 2.214004 -52.85656 4.30007
v 1.836709 -50.35797 4.691526
v 20.20612 -99.85118 2.412797
v 24.6785 -49.39793 7.312651
v -1.380944 -92.85096 3.176879
v 21.32315 -93.73613 3.109976
v 24.21005 -67.91365 5.866122
v -1.226417 -80.37703 3.796759
v 18.35343 -12.05418 9.510326
v 23.57919 -76.54041 4.983336
v -0.8314801 -72.865 4.10336
v 24.71263 -60.49994 6.34623
v 0.7171719 -45.30358 5.169006
v 22.50532 -21.67805 8.579688
v 23.15699 -23.929 8.315041
v 3.033639 -25.35382 15.22361
v -1.210879 -87.85662 3.190349
v -1.242904 -85.35602 3.294485
v 24.79114 -44.44899 7.262898
v 24.98067 -55.55421 6.619639
v 13.14274 -7.887057 11.86663
v 24.06267 -72.83211 5.155769
v 22.02428 -90.04991 3.36904
v 2.632599 -8.696634 15.85016
v 0.9279629 -34.80002 11.00296
v 0.6999673 -36.52611 8.75581
v 24.73845 -38.30032 7.514554
v 21.14359 -17.26213 8.930396
v 12.47813 -102.8802 4.775244
v 25.04778 -32.17884 7.735507
v 7.316561 -7.708987 14.89123
v -0.5510545 -69.08848 3.906969
v 17.5889 -9.52769 9.219747
v 2.373455 -11.22171 16.20741
v 22.46407 -87.57128 3.369794
v 2.489762 -17.65462 16.99308
v 2.522618 -20.27341 16.71514
v 1.123575 -47.77834 4.429107
v 25.16894 -46.88615 6.815193
v -0.1762031 -65.32159 3.911964
v 0.4797739 -40.27793 5.437024
v 0.09422934 -42.74022 4.982431
v 2.346065 -29.04153 14.13507
v -0.6863855 -90.3354 2.848272
v -0.2705743 -102.8212 2.612103
v -0.5377573 -95.32111 2.728407
v 20.33663 -102.2674 1.524622
v 1.904047 -31.51197 13.35329
v 24.52739 -70.34367 5.025666
v 21.43022 -96.15926 2.297439
v -0.9026407 -75.34198 3.422434
v -0.8703861 -77.85328 3.321254
v 25.0006 -62.93701 5.654779
v 24.86733 -65.40829 5.455584
v 0.4730931 -60.30249 3.782404
v 1.27726 -55.29842 3.64203
v 25.05693 -41.95256 6.980157
v 7.339523 -103.1323 5.316778
v 0.6626853 -37.46756 4.860688
v 0.4265179 -103.0303 5.584229
v 25.30057 -35.82918 7.327076
v -0.7628003 -82.84438 2.94883
v 25.36888 -53.04873 6.270355
v 24.80378 -27.32221 7.646908
v 25.10668 -29.72373 7.496474
v -3.258471 -102.9039 3.779916
v -0.1528973 -100.3179 2.695287
v -0.2361763 -97.81834 2.736676
v 23.36233 -81.40962 3.798005
v 23.66874 -78.95274 4.062042
v 23.05244 -83.86726 3.529511
v 17.21558 -103.1446 3.257943
v 3.925093 -7.343229 15.56552
v 1.991669 -13.765 16.72247
v 25.27438 -50.57789 6.379448
v 20.54303 -15.05017 8.669604
v 1.507842 -51.51346 3.702229
v 21.09022 -98.58678 1.801546
v 0.2357749 -36.6761 7.312944
v 22.01735 -92.45966 2.501964
v 24.10316 -75.25418 4.337598
v 1.962179 -26.57217 14.97858
v 1.967852 -24.10062 15.79934
v 0.8922769 -35.22991 9.546906
v 1.352723 -33.41504 11.5081
v 25.26102 -57.98056 5.786153
v 19.49221 -12.9254 8.713223
v 18.56389 -10.79763 8.72869
v -0.7648597 -71.57606 3.339635
v 17.17814 -7.53194 8.971426
v 22.53285 -19.32607 8.198253
v 23.48598 -22.69437 7.779223
v 24.27268 -24.96693 7.63861
v -0.3941019 -86.58339 2.819833
v 10.44365 -7.213816 13.40397
v 14.58907 -7.315335 10.78772
v 1.620222 -7.510061 15.74455
v 0.5925509 -38.92749 4.811474
v 0.3451107 -38.11561 8.067181
v 13.371 -58.62424 11.21971
v 25.04545 -39.48467 6.827014
v 14.0929 -103.4637 4.289527
v 10.74883 -103.4812 4.924972
v 25.53549 -33.35967 7.161105
v -0.5916153 -67.80849 3.372711
v 1.565328 -10.01466 15.97284
v 1.776593 -21.55898 16.48124
v -0.07870846 -41.51022 4.800469
v 1.638931 -30.23443 13.84883
v 2.526535 -34.5225 12.15794
v 4.075122 -21.36898 16.27905
v 1.766291 -18.97625 16.94875
v 1.717805 -16.36058 17.00074
v 4.000677 -16.47699 16.82604
v 0.2273455 -43.96273 4.407551
v 1.353661 -32.32553 12.29532
v 0.4678067 -57.76831 3.551199
v 22.89171 -86.30802 3.027221
v 22.67213 -88.77388 2.788026
v 1.193764 -48.97896 3.818153
v 0.6833997 -46.48195 4.146856
v -0.3558315 -64.04049 3.474808
v 25.22005 -45.63026 6.385192
v 25.45018 -48.09047 6.303972
v -0.02998006 -91.56926 2.671544
v -0.1234875 -89.07233 2.723327
v 0.05764034 -94.06444 2.645298
v -1.78083 -94.27878 3.273711
v 20.83093 -101.0166 1.267118
v 21.93001 -94.91343 2.078988
v 20.72283 -95.14998 3.266104
v -0.6417731 -74.07578 3.062184
v -0.8834789 -74.34792 4.472612
v -0.5464541 -76.58127 3.024219
v -0.5232029 -79.08054 2.886488
v -1.279099 -78.97525 4.286796
v 1.65162 -27.76861 14.53453
v 3.672512 -10.03645 15.88149
v 5.824894 -10.84869 15.78438
v 21.73897 -88.71596 4.051978
v 19.74536 -89.45755 5.429948
v 17.41402 -91.42175 6.128728
v 9.333094 -90.60041 6.772189
v 13.58163 -90.40269 6.894193
v 13.16996 -86.96434 6.946278
v 1.035146 -64.32593 4.468379
v 7.866178 -9.605668 15.00993
v 11.73476 -93.29921 6.484177
v 8.524952 -96.59358 6.108115
v 23.68522 -33.05928 9.327428
v 24.78961 -69.08167 4.734582
v 24.63468 -71.54998 4.526235
v 25.18076 -64.14744 5.177803
v 25.23794 -61.6753 5.350234
v 24.3206 -61.96371 6.598512
v 24.98793 -66.61519 4.957886
v 24.05639 -66.49803 6.266226
v -0.08626006 -61.52264 3.502769
v 0.9813155 -54.00805 3.465252
v 25.26415 -43.15814 6.529448
v 5.590407 -103.49 5.345831
v 5.97266 -102.0655 5.534983
v 1.51737 -12.49843 16.56314
v 22.05483 -86.54174 4.270361
v 20.19337 -85.64687 6.067827
v 16.41023 -84.81193 7.474455
v 15.44817 -81.27385 8.133438
v 10.60311 -78.23676 8.477532
v 8.005575 -32.96936 13.57354
v 9.914177 -36.75938 13.23578
v 15.51295 -39.33914 13.18113
v 1.405686 -68.61555 5.146463
v 4.252703 -67.18747 5.543519
v 8.546778 -67.72427 7.87611
v 13.04084 -66.13708 10.43193
v 0.7839505 -36.80616 6.016599
v 2.133224 -103.4195 5.462655
v -1.320293 -103.3192 5.4822
v 25.38758 -37.02605 6.916708
v -0.2854731 -84.08164 2.761812
v -0.4004551 -81.5832 2.786169
v 25.56934 -54.26564 5.90171
v 24.69173 -54.02327 7.069228
v 23.80009 -52.98422 7.845702
v 21.32745 -53.19224 9.680833
v 19.94502 -55.80451 10.22554
v 15.86366 -55.96744 11.49599
v 12.22535 -52.01262 11.71419
v 11.00209 -55.43999 10.90945
v 8.426329 -58.65609 9.39241
v 19.92412 -50.89996 10.71017
v 16.12146 -50.94924 11.92246
v 18.01325 -58.42537 10.72527
v 25.31511 -28.48635 7.307522
v 25.52637 -30.90622 7.173737
v -2.094622 -103.2923 2.891134
v 0.2701463 -99.06023 2.727014
v 0.3542261 -101.5596 2.694265
v 0.1908349 -96.56174 2.693643
v 23.42538 -82.62109 3.378032
v 23.75707 -80.16622 3.650893
v 24.053 -77.70776 3.909639
v 23.11681 -78.06686 5.194298
v 18.62728 -103.3602 2.504353
v 5.718892 -7.020602 15.27887
v 25.61113 -51.79422 6.068864
v 21.49574 -97.34829 1.704479
v 1.623281 -22.83446 16.17736
v 24.47114 -45.89729 7.616915
v 22.74339 -45.28451 9.127918
v 21.25016 -43.72714 10.39327
v 16.42541 -43.86581 12.39823
v 24.53136 -47.9832 7.499434
v 22.86533 -48.76405 8.8781
v 9.563296 -99.29684 5.802214
v 7.136673 -93.44857 6.215548
v 6.979589 -65.36547 6.632782
v 9.946367 -64.99261 8.810421
v 12.53963 -62.35955 10.75588
v 19.92468 -60.99486 9.676222
v 22.11188 -79.26912 5.830813
v 19.45952 -79.32732 7.494845
v 21.25944 -81.19479 6.139241
v 1.508466 -15.06949 16.85952
v 22.41388 -91.22514 2.437525
v 21.49339 -91.6689 3.513149
v 20.37049 -92.82439 4.15796
v 18.87368 -92.29412 5.253246
v 16.1585 -93.84097 5.952444
v 24.41336 -74.01118 4.244639
v 23.64659 -74.47662 5.347559
v 22.62175 -75.65076 6.055613
v 19.44426 -75.31751 8.057499
v 14.11978 -74.23741 9.42683
v 25.49331 -56.73444 5.691134
v 25.29463 -59.1997 5.469841
v -0.6044617 -70.31147 3.157731
v 1.193836 -38.194 9.414968
v 2.922571 -40.0719 10.20617
v 4.895735 -43.40048 10.72458
v 3.301957 -38.05478 11.00862
v 10.20195 -42.26321 12.74739
v 1.073737 -59.01304 3.967582
v 1.534793 -56.65481 3.770536
v 1.640646 -48.89872 5.143668
v 2.762928 -49.81615 6.883079
v 4.890401 -51.23426 8.578714
v 8.375757 -50.58459 10.62136
v 24.42753 -42.97865 7.704148
v 18.19336 -48.2593 11.69067
v 21.22737 -75.10059 7.151333
v 20.95868 -73.26639 7.581435
v 20.47432 -76.77064 7.372044
v 18.56738 -73.47362 8.661838
v 16.00115 -71.09454 9.698747
v 18.9653 -68.42082 9.182817
v 16.73087 -75.14146 8.924617
v 14.02478 -76.66482 9.013713
v 10.50288 -75.3117 8.682838
v 23.59642 -42.00497 8.447127
v 22.76664 -40.62058 9.51651
v 22.09743 -42.27255 9.738382
v 19.95044 -41.85963 11.43845
v 18.65774 -39.81036 12.36331
v 20.34266 -36.73917 11.65745
v 21.13665 -99.79426 1.362541
v 21.34549 -16.04544 8.322783
v 22.3204 -18.19014 8.114427
v 23.17211 -20.38943 7.914484
v 24.82103 -26.10222 7.396594
v 8.989041 -7.00556 14.15184
v 11.86703 -7.052124 12.52098
v 15.99921 -7.230196 9.852328
v 25.06081 -40.70594 6.56061
v 15.67041 -103.5645 3.768141
v 9.031967 -103.6158 5.101165
v 25.66683 -34.57602 7.00386
v -0.4981919 -66.54494 3.284558
v 23.15437 -85.07733 3.075648
v 1.245067 -46.84558 5.417116
v 2.119999 -46.25124 7.38345
v 3.026634 -44.59663 8.919276
v 1.923143 -42.21283 8.81973
v 25.52253 -49.32088 6.144835
v -1.599348 -91.38142 3.390646
v -1.912302 -92.26024 5.07527
v 0.8838979 -93.68704 6.149251
v -1.593933 -89.35864 3.511708
v -1.312299 -88.74824 5.37382
v 0.8580245 -87.28482 6.197772
v 5.728384 -88.06846 6.699744
v -0.2690819 -62.77579 3.402982
v 3.858268 -103.5176 5.39796
v -2.903602 -103.2994 4.980793
v 8.850217 -18.68661 15.70752
v 13.03398 -20.77206 13.74214
v 1.042095 -52.7436 3.40702
v 1.194314 -50.22425 3.554304
v 6.276069 -37.27755 12.29857
v 2.880655 -59.15021 4.38161
v 4.851331 -60.07373 5.373507
v 6.744801 -59.54587 7.405221
v 4.246907 -62.23816 5.117409
v 6.125455 -56.95258 8.064603
v 3.155965 -56.80741 4.477965
v 4.239898 -56.30007 6.197726
v 3.751748 -54.06073 6.362618
v 14.07104 -79.0778 8.589014
v 11.12973 -81.27026 7.987547
v 6.106179 -79.99279 7.053313
v 20.16892 -15.98219 9.379921
v 18.91744 -15.27981 10.17065
v 16.45991 -15.89062 11.97623
v 0.1730059 -92.8142 2.642731
v 24.98116 -67.84489 4.772422
v 14.05166 -102.151 4.602872
v 15.33604 -100.5881 4.616064
v 15.4697 -98.14446 5.181348
v 0.5493889 -43.78457 5.765007
v 0.7753671 -42.75541 6.860469
v 0.4927673 -41.7767 8.023116
v 1.39261 -40.83335 9.233791
v -0.1991883 -75.53641 5.070197
v 2.562891 -75.95479 5.945059
v 4.151872 -73.4175 6.427817
v 0.9164969 -77.11143 5.320412
v 3.748322 -78.32728 6.162067
v 3.207715 -80.8741 5.744226
v 6.057373 -83.14597 6.638183
v 24.00534 -69.4208 5.840099
v 22.38735 -68.73267 7.303001
v 23.8546 -71.35157 5.666315
v 22.34082 -71.9916 6.889207
v 21.48046 -70.53587 7.659035
v 19.64912 -70.00593 8.664608
v 17.56453 -69.7917 9.502241
v 15.87335 -67.64751 10.15736
v 15.19884 -69.39893 10.03189
v 13.21944 -68.06878 10.18943
v 10.64787 -67.12665 9.416416
v 22.90395 -38.80197 9.715635
v 22.10701 -37.21698 10.41288
v 23.182 -35.53106 9.762697
v 0.06657514 -85.10385 5.954325
v 3.554419 -85.62114 6.152499
v 0.6374531 -40.56484 7.566384
v -0.3245485 -80.32728 2.772997
v 19.21069 -11.80971 8.431333
v 4.096783 -26.5541 14.65818
v 7.218306 -27.51045 14.00751
v 12.56483 -27.60008 12.96517
v 9.625043 -26.04285 13.57878
v 8.668539 -23.77156 14.38689
v 10.97936 -102.1699 5.166612
v 10.25538 -100.743 5.508718
v 7.951615 -100.6718 5.658429
v 11.75082 -99.55361 5.578794
v 11.14918 -97.53076 5.954822
v 11.02981 -95.37804 6.144379
v 23.45145 -63.07638 7.176723
v 21.12979 -63.35649 8.769719
v 22.3931 -64.58234 7.81019
v 20.48978 -65.11739 8.889707
v 18.47878 -66.41892 9.642439
v 15.96709 -65.36674 10.43877
v 16.03295 -62.82813 10.74299
v 12.91821 -49.16109 12.09236
v 3.722707 -58.05573 4.782784
v 22.20343 -93.67895 2.101063
v 16.35482 -41.5364 12.72967
v 13.44416 -42.89915 12.999
v 17.96308 -14.28704 10.54809
v 17.8272 -13.06763 10.28602
v 16.39537 -12.05477 11.02952
v 13.50679 -13.13642 13.20971
v 14.88172 -11.00061 12.12398
v 16.90177 -14.82572 11.46171
v 14.76224 -14.64008 12.73691
v 17.80191 -15.78096 11.06262
v 17.55822 -17.45483 11.5556
v 14.62994 -17.61488 13.23685
v 19.6 -18.28389 10.3674
v 7.661299 -74.02985 7.356546
v 10.28646 -72.66805 8.622001
v 7.522614 -71.20701 7.18879
v 12.68326 -40.65709 13.19645
v 9.193835 -39.68551 12.91578
v 12.57892 -38.22401 13.3789
v 15.55921 -36.87936 13.30167
v 18.11349 -35.17162 12.65485
v 17.76204 -30.99027 12.37844
v 24.27489 -76.46984 3.922487
v 23.30222 -56.41636 7.993516
v 4.074653 -24.19296 15.42814
v 6.314331 -23.51503 15.14251
v 24.19565 -39.47873 8.003987
v 23.89138 -38.40798 8.648108
v 3.201277 -35.86364 11.16234
v 1.288554 -61.31355 4.23104
v 2.802121 -61.68979 4.703394
v 2.813882 -62.98597 4.837448
v 4.136452 -61.06533 4.99609
v 6.006036 -61.46589 6.072258
v 6.065171 -63.51059 6.062555
v 2.350215 -54.4448 4.107533
v 3.055469 -54.3562 5.252825
v 2.98644 -53.01226 5.614975
v 24.65066 -36.79162 7.99005
v 24.05705 -35.96199 8.779722
v 22.01045 -47.16199 9.656069
v 20.82887 -48.93929 10.36225
v 13.81024 -99.71168 5.218536
v 13.07839 -98.27154 5.656609
v 3.728827 -55.18497 5.971142
v 5.082102 -55.16947 7.673822
v 6.941394 -55.38034 9.142622
v 4.695744 -53.22114 8.04335
v 8.87543 -54.41372 10.17654
v 8.976711 -56.33092 9.985728
v 11.09095 -57.47707 10.75465
v 10.81271 -59.7068 10.44109
v 8.764327 -52.48029 10.34325
v 10.87841 -53.54689 11.10235
v 13.98808 -54.02313 11.75135
v 13.22693 -56.44624 11.41217
v 9.008211 -60.73207 9.118835
v 10.08818 -62.74812 9.517394
v -1.46203 -96.82705 5.605171
v 0.6921049 -98.86627 5.934284
v -0.4990011 -72.81417 2.959273
v 25.28459 -60.42739 5.260984
v 14.32142 -8.52661 11.26822
v 15.11235 -9.790851 11.14087
v 5.87083 -22.07449 15.74758
v 6.111614 -20.57933 16.11603
v 8.230973 -20.1123 15.72155
v 10.43985 -21.05289 14.696
v 12.02199 -22.68306 13.64545
v 15.22679 -22.33574 12.45844
v 17.79803 -24.56325 11.16899
v 11.52099 -19.22208 14.66458
v 6.704686 -19.04598 16.24569
v 7.388481 -17.59372 16.2038
v 9.595409 -16.03084 15.44231
v 7.914786 -13.80558 15.78926
v 10.91768 -13.98346 14.69013
v 11.34609 -11.79149 13.99764
v 19.62121 -96.23579 3.730129
v 17.22371 -96.41318 4.995524
v 18.36908 -97.63663 4.129193
v 1.721911 -102.2681 5.63613
v 2.738036 -100.6608 5.771922
v 3.638796 -98.65152 5.925145
v 6.461796 -98.08243 6.027175
v 5.671813 -96.05399 6.164918
v 4.159985 -94.10329 6.227183
v 4.540643 -91.21659 6.299218
v -0.7768115 -102.1914 5.614279
v -1.422757 -100.661 5.539232
v 19.09613 -44.40788 11.66727
v 17.02984 -46.1376 12.14933
v 11.68253 -64.2816 10.29247
v 23.06562 -59.75212 7.862361
v 19.84957 -103.3611 1.616762
v 6.742437 -12.30196 15.8166
v 5.597009 -13.75447 16.33075
v 8.805594 -8.281013 14.45151
v -0.7361583 -90.71892 5.736933
v 1.725004 -91.5813 6.270902
v 18.06622 -71.30394 9.141397
v 16.6848 -72.67518 9.318369
v 14.19187 -72.41329 9.701912
v 15.3536 -47.9188 12.25312
v 0.4088065 -45.19783 4.031767
v 23.58312 -21.50243 7.648067
v 24.23075 -23.76968 7.406456
v 1.341617 -25.33732 15.4421
v -0.3043451 -71.67127 4.662238
v 2.12874 -72.03667 5.759479
v 0.3569981 -72.89257 5.260522
v 1.929229 -73.39889 5.874355
v 2.175997 -74.68321 6.00611
v 3.87971 -75.12206 6.627517
v 5.804295 -74.66486 7.035668
v 7.52756 -75.80228 7.724188
v 6.822999 -77.91757 7.51114
v 6.128868 -73.24035 6.77715
v 4.95459 -71.57438 6.225272
v 7.818603 -72.61652 7.202609
v 8.999561 -71.76177 7.991656
v 8.905388 -69.72885 8.191762
v 10.40551 -71.25118 8.900276
v 12.03364 -72.17371 9.465178
v 11.77796 -73.88288 9.255728
v 7.061191 -69.06593 6.821852
v 9.129933 -73.34661 7.819752
v 9.107749 -74.71262 7.95216
v 10.42511 -73.90659 8.456522
v 6.808688 -67.22585 6.580452
v 22.40325 -31.89223 10.44457
v 22.06605 -29.67126 10.34939
v 20.0927 -32.28831 11.83011
v 17.56728 -33.07556 12.70424
v 13.96313 -31.6856 13.11499
v 19.57388 -29.53471 11.62996
v 16.54443 -27.45037 12.00985
v 24.59469 -33.29557 8.251871
v -1.345899 -83.74329 3.614836
v -1.26339 -84.34474 5.021592
v -0.2241517 -83.18393 5.766495
v -0.6921871 -81.32684 5.420499
v 0.9429513 -82.0192 5.93232
v 0.9848309 -80.55286 5.781872
v 2.19666 -79.25216 5.595488
v -1.220599 -82.00616 3.731397
v 23.49662 -51.7178 8.187677
v 22.20342 -52.06148 9.166476
v 23.91816 -50.44587 7.930444
v 21.37092 -51.02521 9.82985
v 20.48346 -52.13684 10.2967
v 18.91432 -52.01342 11.08072
v 18.13428 -50.64934 11.50404
v 16.98096 -52.3251 11.64557
v 14.59113 -52.29594 11.88502
v 16.32901 -53.94379 11.62862
v 18.04088 -55.0919 11.08955
v 16.83495 -49.46584 11.93451
v 21.87016 -49.74786 9.580938
v 13.79722 -50.71927 12.03848
v 11.58727 -50.44398 11.73139
v 9.632081 -48.2663 11.40795
v 7.87898 -45.41694 11.55649
v 6.444244 -48.39008 10.1104
v 10.23887 -51.57077 11.12932
v 18.20701 -56.75205 10.83903
v 19.82991 -57.64401 10.09699
v 19.70313 -59.33217 9.966269
v 17.48238 -60.47476 10.67142
v 21.40175 -59.91044 9.002192
v 16.33839 -57.51839 11.27664
v 15.949 -59.22139 11.1343
v 14.89575 -61.0498 11.03994
v 19.93691 -53.3476 10.47229
v 20.74826 -54.53276 9.933477
v 21.76044 -55.84714 9.144999
v 22.14208 -54.25722 9.018393
v 19.36666 -49.57487 11.11931
v 21.54061 -61.43515 8.749516
v 7.330997 -85.67921 6.234955
v 9.572577 -87.89649 6.548484
v 15.20748 -12.98665 12.11449
v 6.781196 -51.60755 9.691441
v 6.035208 -49.97469 9.465047
v 4.459093 -48.59237 8.908488
v 3.034914 -47.78519 7.769192
v 8.582859 -79.44705 7.803857
v 8.171441 -81.60683 7.412128
v 12.56166 -75.37913 9.266819
v 11.46312 -76.77187 8.888915
v 9.202219 -76.8601 8.338083
v 12.63365 -78.00767 8.778751
v 11.96321 -79.45792 8.454662
v 13.49968 -80.57214 8.323492
v 13.29318 -82.51519 7.938149
v 15.73703 -83.07086 7.810886
v 13.77581 -84.38744 7.599032
v 17.74375 -81.93821 7.654712
v 17.42272 -80.21066 7.982542
v 20.44544 -21.25678 10.09101
v 18.23714 -22.50965 11.1476
v 19.90747 -101.3335 2.225901
v 18.74578 -100.5604 3.133749
v 17.18276 -101.2617 3.768603
v 19.01424 -99.13264 3.35148
v 0.1011145 -68.08018 4.49365
v 24.64529 -30.63245 8.147011
v 23.78008 -29.76168 8.971759
v 22.97392 -28.59586 9.640576
v 2.775539 -82.15608 5.81919
v 4.118017 -83.43888 5.879973
v 4.871069 -81.85291 6.201486
v 5.594863 -84.63916 6.057328
v 7.470551 -84.23123 6.55271
v 7.915636 -82.9617 7.073355
v 9.949084 -82.54866 7.565358
v 8.95089 -85.08714 6.661279
v 11.21787 -85.82788 6.942342
v 8.979672 -86.51446 6.378563
v 7.601696 -87.56695 6.480649
v 7.542372 -89.32546 6.774497
v 6.02955 -86.73278 6.308441
v 3.896797 -87.15203 6.562693
v 3.531182 -88.93932 6.513737
v 6.957715 -91.0216 6.574688
v 8.653143 -92.19414 6.522532
v 9.465423 -93.77478 6.300179
v 10.85627 -91.81013 6.685169
v 13.15041 -92.00736 6.657803
v 14.00725 -93.5059 6.406633
v 15.42319 -92.19962 6.438752
v 7.929251 -94.99725 6.122608
v 11.44109 -90.35223 6.882011
v 12.59544 -88.71722 6.824386
v 14.97013 -88.18262 6.892673
v 17.09227 -86.79045 7.080603
v 10.09634 -89.25819 6.905692
v 15.69052 -90.68711 6.694126
v 19.19403 -87.60653 6.261211
v 23.03581 -25.10214 8.676776
v 20.60859 -25.41012 10.1701
v 21.87502 -24.19725 9.394287
v 20.15656 -24.15107 10.18195
v 20.93592 -89.87181 4.462348
v 21.33659 -85.7644 5.117627
v 21.19135 -84.04791 5.645284
v 20.50815 -86.72897 5.561993
v 20.74274 -68.69849 8.324819
v 20.30388 -67.06906 8.74883
v 0.2130879 -39.28956 7.403726
v 9.290792 -17.36525 15.61377
v 11.18081 -16.90134 14.89457
v 12.93412 -17.2196 14.07964
v 13.32252 -18.63232 13.90606
v 15.70995 -19.38329 12.70787
v 14.18389 -16.27103 13.35432
v 10.50176 -18.24603 15.14142
v 19.12204 -54.30427 10.75226
v 23.4238 -27.55181 8.984754
v 21.82143 -27.00982 9.958435
v 0.1938743 -87.81776 2.721066
v 0.07735514 -85.32322 2.71363
v 25.36658 -44.3782 6.236162
v 25.69067 -55.49029 5.637619
v 22.2624 -22.84952 8.825358
v 21.42974 -22.04005 9.49268
v 5.063013 -8.087118 15.50829
v 4.062965 -8.896779 15.72258
v 18.60394 -76.76321 8.192333
v 19.45548 -77.9322 7.695275
v 18.11045 -78.69711 8.049824
v 16.2516 -79.11809 8.365504
v 15.23695 -78.08365 8.657992
v 15.80939 -76.84843 8.797668
v 15.17063 -75.70844 9.074613
v 20.66459 -78.54106 6.993984
v 20.84228 -79.90395 6.688357
v 19.35254 -80.90192 7.306945
v 2.892001 -41.40515 9.815684
v 4.428572 -40.92421 10.97643
v 7.126051 -41.81971 11.96632
v 3.347719 -42.87376 9.769832
v 20.75825 -38.29988 11.29736
v 18.90586 -38.0419 12.41153
v 11.0935 -44.28681 12.51281
v 13.73804 -44.85377 12.676
v 20.65819 -103.2388 0.785201
v 11.58209 -33.45282 13.58688
v 17.83914 -83.54699 7.409314
v 18.566 -85.04011 7.024062
v 22.09073 -25.55168 9.537207
v 22.75749 -89.99095 2.411874
v 2.175555 -51.67495 4.966464
v 2.501115 -50.7548 5.806407
v 19.0652 -90.89434 5.517701
v 17.88568 -90.06057 6.27491
v 19.01501 -93.64442 4.80688
v 17.61746 -94.69796 5.264538
v 15.86895 -95.26698 5.743705
v 17.70678 -93.2331 5.616943
v 1.540623 -43.20381 7.963753
v 1.972637 -44.27758 8.070103
v 2.569131 -43.51964 8.904008
v 2.44187 -45.36514 8.114626
v 3.468726 -45.68647 8.973692
v 5.569265 -45.73712 10.35763
v 4.265571 -44.86107 9.945333
v 1.566377 -45.21243 7.137562
v 1.363671 -46.0722 6.31763
v 0.9873621 -44.83371 6.163003
v 5.637963 -44.52154 10.76774
v 6.820748 -43.36337 11.58813
v 3.011524 -46.42594 8.24686
v 4.426426 -46.03737 9.712252
v 5.413342 -47.23246 9.83708
v 7.295135 -46.97291 10.9055
v 9.249728 -46.6847 11.69584
v 1.790909 -47.04196 6.68469
v -0.5511651 -78.00523 5.128162
v 12.80505 -36.07122 13.41843
v 10.37888 -69.97294 8.877318
v 11.4764 -68.85706 9.657869
v 9.826188 -68.5396 8.801305
v 13.18957 -69.50647 10.0224
v 13.64811 -70.96932 9.898976
v 17.00658 -29.21115 12.23401
v 15.36116 -30.34546 12.73356
v 12.12644 -29.71234 13.20653
v 14.60032 -28.71658 12.66187
v 10.85877 -31.43736 13.44591
v 5.510316 -89.85598 6.599877
v 15.60904 -96.51457 5.534546
v 14.12959 -97.22856 5.703782
v 12.52753 -96.65455 6.01297
v 8.410865 -42.76603 12.28068
v 8.272255 -44.12169 12.00586
v 9.572306 -45.06148 12.11529
v 9.74782 -43.51057 12.46713
v 12.64088 -95.50295 6.116853
v 14.02533 -94.73434 6.15706
v 11.99421 -94.44061 6.292212
v 24.66799 -72.76634 4.167103
v 1.057114 -8.780859 15.84994
v 0.8081607 -34.00018 10.27707
v 0.3605653 -35.59804 8.227121
v 21.15183 -18.413 9.207028
v 22.32362 -62.85728 8.06074
v 3.980855 -57.22795 5.550977
v 15.85834 -14.23162 11.99933
v 15.74655 -15.13471 12.24778
v 15.29424 -15.98742 12.67297
v 16.12875 -17.02975 12.34685
v 16.43356 -18.27212 12.29854
v 18.06412 -18.7632 11.39277
v 19.35613 -19.47951 10.63227
v 19.35105 -20.56049 10.72041
v 18.10695 -21.31071 11.33152
v 16.30676 -20.75301 12.26019
v 16.79905 -21.99157 11.85868
v 16.55338 -23.3958 11.73607
v 15.72672 -24.68855 11.85281
v 14.33972 -26.11225 12.36321
v 17.25408 -26.04196 11.51706
v 11.86232 -25.39251 12.99874
v 20.50594 -20.29101 10.00657
v 21.81581 -20.65416 9.074358
v 5.483242 -17.35241 16.6236
v 1.287743 -75.4603 5.473191
v 6.498039 -72.03533 6.633502
v 20.30636 -62.27677 9.334513
v 18.19692 -62.12968 10.24315
v 19.7142 -63.44263 9.493999
v 18.36844 -63.24488 10.06053
v 16.84451 -64.07434 10.41174
v 14.63984 -64.09345 10.69364
v 19.47106 -23.13312 10.49159
v 19.52335 -22.06198 10.52954
v 18.19119 -23.56493 11.061
v 0.1097581 -39.96508 6.78741
v 10.56912 -94.41811 6.244971
v 9.472591 -95.21867 6.135318
v 10.05785 -96.27902 6.112218
v 18.53851 -27.25373 11.46358
v 19.21687 -26.12202 10.90888
v 13.25227 -6.889191 11.57844
v 11.78271 -8.274414 12.85221
v 11.3695 -9.672053 13.45751
v 9.636954 -9.897431 14.3547
v 4.209389 -63.35936 5.202988
v 4.380219 -54.86333 6.828089
v 4.656472 -54.16588 7.586915
v 5.817189 -54.37818 8.658487
v 4.05821 -53.32542 7.090705
v 3.909042 -52.04424 7.576182
v 3.674741 -50.70603 7.678781
v 4.579631 -49.89822 8.556965
v 3.504704 -49.06482 7.865422
v 2.602125 -48.60669 6.959237
v 2.186293 -49.17822 6.109613
v 3.883357 -31.95702 13.50992
v 5.320131 -33.44806 13.00399
v 6.218406 -31.82576 13.7838
v 7.433301 -34.54295 12.57524
v 8.476549 -31.38702 13.70693
v 6.665807 -30.25528 13.73542
v 7.059962 -28.89249 13.86614
v 5.034785 -29.20563 13.9323
v 8.949466 -28.44405 13.6951
v 9.02017 -27.18401 13.69087
v 10.77967 -28.03363 13.37265
v 7.787052 -26.14155 14.00632
v 8.423787 -24.98882 14.03917
v 10.26728 -24.52812 13.62517
v 10.41544 -23.31217 13.99182
v 8.9814 -22.51515 14.74422
v 11.89476 -23.98971 13.25171
v 6.269407 -26.51646 14.27652
v 5.511885 -27.44764 14.26068
v 9.572474 -34.15344 13.096
v 11.40454 -34.93585 13.30798
v 10.98753 -26.91104 13.2656
v 12.42804 -26.48753 12.90574
v 8.886157 -35.52346 12.94822
v 7.050607 -35.95808 12.5311
v 8.10814 -37.09031 12.76914
v 7.436146 -38.69858 12.49577
v 9.380666 -38.20448 13.05852
v 10.90771 -39.00137 13.21093
v 10.80358 -40.38045 13.07683
v 9.038415 -41.12685 12.71979
v 7.42899 -40.33281 12.29922
v 5.473484 -36.18489 11.92431
v 4.607373 -37.34214 11.69284
v 4.801129 -38.64386 11.50657
v 4.282213 -39.73169 11.06194
v 12.47615 -39.45169 13.29145
v 14.01921 -38.84166 13.43972
v 15.4611 -38.11369 13.26431
v 17.22363 -37.47604 12.86533
v 14.03798 -37.50895 13.46035
v 17.32478 -38.87197 12.77307
v 18.77707 -36.65387 12.48108
v 19.81052 -35.49773 12.08773
v 21.50449 -35.44004 10.92689
v 19.4981 -33.87765 12.24918
v 16.80026 -40.20104 12.78346
v 15.04227 -40.67916 13.12889
v 14.69007 -41.93843 13.03721
v 15.13792 -43.11349 12.76881
v 16.67841 -42.68023 12.50197
v 18.28866 -41.74343 12.2702
v 18.09228 -43.38549 12.08562
v 19.72431 -43.17257 11.50877
v 13.07414 -41.77511 13.12223
v 11.80404 -42.61735 12.86689
v 11.47583 -41.49227 12.99221
v 20.82303 -42.63703 10.78243
v 21.27747 -41.2658 10.5503
v 17.05425 -36.20889 12.94208
v 16.43156 -35.0386 13.06832
v 15.02754 -35.72057 13.45932
v 16.27949 -33.81831 13.03896
v 15.78269 -32.4154 13.03088
v 14.04368 -33.12592 13.35259
v 12.29472 -43.62348 12.77032
v 12.47754 -32.35641 13.42619
v 13.09261 -34.22996 13.48345
v 12.64058 -37.14616 13.40425
v 11.02763 -37.69537 13.29867
v 11.41168 -36.54099 13.35785
v 17.64836 -34.15382 12.7151
v 14.97498 -44.19593 12.58823
v 15.36433 -45.53011 12.43764
v 13.73439 -46.13833 12.39033
v 13.13728 -47.62617 12.25215
v 13.71706 -43.86988 12.87822
v 15.19779 -46.72535 12.35709
v 11.21674 -47.61723 11.93761
v 11.13883 -48.93187 11.79788
v 9.613615 -49.67818 11.27153
v 7.991235 -48.92126 10.86922
v 10.3811 -29.29194 13.45959
v 10.31696 -30.37119 13.3308
v -2.503882 -95.4365 3.991313
v -2.576335 -96.70869 4.497754
v -2.543596 -98.03749 3.691016
v -2.384676 -97.97459 5.112765
v -1.129949 -98.80202 5.653333
v -0.1831261 -97.71289 5.923646
v 0.4954273 -96.19494 6.038728
v 2.000233 -97.61403 6.022252
v -1.188028 -95.30424 5.679656
v 3.952548 -97.2287 6.079936
v -0.2795413 -99.82402 5.775329
v 1.383229 -99.95825 5.871262
v 2.815195 -99.57119 5.857376
v 4.180453 -100.1642 5.769799
v 5.051075 -101.1287 5.664967
v 6.556376 -101.0787 5.642185
v 7.554668 -101.952 5.501923
v -0.9012827 -93.9606 5.761408
v -0.3750913 -92.58904 5.935657
v 1.482433 -95.00732 6.150979
v 2.482373 -94.04812 6.231195
v 3.412315 -92.61122 6.251164
v 3.263169 -95.02446 6.209647
v 4.821019 -95.11606 6.19919
v 5.816389 -94.16728 6.154998
v 5.382902 -92.78249 6.191189
v 4.19662 -96.06952 6.166778
v 2.045544 -93.03047 6.244367
v 6.908035 -92.23848 6.382254
v 4.194682 -59.11054 5.009203
v 3.723507 -60.02717 4.764301
v 7.427611 -99.31566 5.863269
v 8.481886 -98.09309 5.997202
v 19.67604 -48.35859 11.07168
v 19.16835 -46.85868 11.43298
v 20.86544 -47.68602 10.4446
v 6.735405 -82.09785 6.999335
v 6.878874 -80.98016 7.187391
v 8.178765 -80.50244 7.582521
v 9.886083 -80.32924 7.982531
v 5.518401 -80.93988 6.643186
v 4.41455 -79.74531 6.209321
v 5.324796 -78.71514 6.899923
v 4.774761 -77.41387 6.844027
v 3.295272 -77.09188 6.203686
v 2.267321 -77.92241 5.550478
v 10.03179 -79.23119 8.168307
v 8.935855 -78.2598 8.097913
v 14.95361 -89.50655 6.987882
v 14.69616 -20.39937 13.06405
v 14.22234 -21.49523 13.08289
v 13.65365 -22.56146 13.0624
v 14.70815 -23.41942 12.45344
v 12.75903 -21.7836 13.60393
v 11.31521 -21.83866 14.16805
v 13.5484 -19.7235 13.6895
v 14.51634 -19.03695 13.33322
v 12.26836 -20.01438 14.23651
v 10.89103 -20.11852 14.76739
v 10.04909 -19.28639 15.21595
v 9.539409 -20.37269 15.19419
v 12.09818 -10.72173 13.30418
v 12.99707 -11.84183 13.14789
v 10.65734 -10.73792 14.08624
v 9.926366 -11.72526 14.61718
v 8.662459 -12.61094 15.31363
v 10.56443 -12.80597 14.61418
v 12.02634 -13.16761 13.98989
v 12.84525 -14.47705 13.78715
v 9.461971 -13.6105 15.20425
v 8.935439 -14.83939 15.56282
v 7.170585 -14.99717 16.11284
v 5.314636 -15.19204 16.55362
v 13.48336 -10.79787 12.66983
v 10.4326 -15.06987 15.02612
v 14.08232 -10.11601 11.90624
v 11.6744 -14.78983 14.43106
v 8.084486 -15.91973 15.9926
v 3.540791 -36.94535 10.97512
v 2.507778 -37.42314 10.30655
v 2.171479 -38.59382 10.27739
v 1.269003 -39.34636 9.57079
v 3.36706 -39.04335 10.65535
v 20.30056 -40.66241 11.33012
v 20.09931 -39.45032 11.63617
v 9.628032 -81.39398 7.732686
v 4.3602 -36.31566 11.38679
v 25.42771 -38.23382 6.578212
v 22.06018 -17.06572 8.021304
v 17.52849 -11.08507 9.787223
v 18.67451 -10.23348 9.719664
v 18.53301 -10.03345 8.680755
v -1.602123 -86.76279 3.666794
v -1.849624 -87.78487 4.325478
v 14.85789 -49.50754 12.14773
v 11.65717 -83.31404 7.658085
v 11.94851 -84.61256 7.417193
v 13.17633 -85.65331 7.323668
v 15.07175 -86.33948 7.225628
v 10.59676 -86.90371 6.530092
v 11.25017 -88.00977 6.64458
v 15.45459 -74.66748 9.216072
v 16.83042 -73.90255 9.092631
v 15.38842 -73.54755 9.416134
v 20.16673 -94.01566 4.003343
v 17.97532 -28.30469 11.8349
v 7.338079 -22.61146 15.22086
v 16.78405 -44.99226 12.26533
v 18.23464 -45.3834 11.89079
v 19.59785 -45.4213 11.34717
v 20.70565 -44.76595 10.78146
v 21.65819 -45.33189 10.00815
v 22.18869 -44.29279 9.615661
v 22.2199 -46.15148 9.53314
v 23.1549 -46.19722 8.753552
v 23.65096 -45.31049 8.284284
v 23.23424 -44.3816 8.69903
v 22.09807 -43.2863 9.713582
v -1.165117 -81.96504 4.729054
v 23.11234 -30.36826 9.81501
v 21.95989 -30.79206 10.54153
v 21.11764 -31.60202 11.1729
v 19.63689 -30.9196 11.86715
v 20.8466 -30.06176 11.03878
v 20.906 -28.90046 10.85613
v 21.22042 -32.722 11.1511
v 20.65248 -33.69822 11.50851
v 21.75262 -28.20179 10.27588
v 21.21432 -34.50807 11.13274
v 22.35487 -34.64215 10.36406
v 23.55601 -34.31625 9.455862
v 6.314303 -8.367927 15.27922
v 7.565362 -8.635553 14.95927
v 18.65447 -89.00819 6.202173
v 16.40282 -97.30738 5.092301
v 17.0218 -98.40636 4.552364
v 15.81318 -99.34775 4.771457
v 11.06432 -45.39945 12.27871
v 12.49809 -45.4049 12.49547
v 10.52837 -46.32375 12.01007
v 19.22308 -62.55661 9.81204
v 17.30087 -62.8128 10.44061
v 16.71534 -61.65677 10.7491
v 23.17982 -31.30581 9.914976
v 23.70262 -32.04893 9.326374
v 12.40629 -103.884 4.557167
v 1.101049 -65.50866 4.658951
v 2.830886 -66.17771 5.14277
v 4.742059 -65.70901 5.602436
v 2.30853 -64.82912 4.921277
v 2.474799 -67.50436 5.210878
v 3.311068 -68.7562 5.50563
v 2.626841 -70.35297 5.643797
v 5.004879 -68.35786 5.850174
v 2.145644 -63.85009 4.813152
v 2.979632 -12.88734 16.51628
v 3.611784 -13.89998 16.59809
v 24.66859 -56.81261 6.842347
v 0.08645374 -59.00169 3.209887
v 0.3044197 -56.4895 3.245111
v -2.920888 -100.6618 4.729578
v -2.76466 -99.73532 3.689506
v -3.103947 -101.536 3.839442
v -1.824186 -100.2835 2.850598
v 23.69631 -49.37496 8.169147
v 22.83117 -49.75652 8.844739
v 24.508 -31.56017 8.378902
v 4.386082 -42.19226 10.69178
v 5.778369 -42.47666 11.34343
v 5.767917 -41.30573 11.55491
v 18.86607 -86.35438 6.738087
v 6.60846 -45.26111 11.00467
v 0.08013834 -40.85656 6.400778
v 4.12352 -11.15551 16.04444
v 7.771491 -63.86768 7.186472
v 9.16054 -63.62117 8.352141
v 8.503325 -65.21464 7.700562
v 9.462248 -66.41042 8.363006
v 8.13438 -66.49817 7.418799
v 16.37416 -9.566691 10.17448
v 20.76349 -50.0537 10.30137
v 14.23849 -12.23879 12.55289
v 25.80803 -32.10475 6.840305
v 7.396324 -6.72126 14.71896
v -1.968347 -89.36713 4.58475
v -1.32951 -89.80209 5.429377
v -0.2037047 -89.2583 5.937351
v 0.8673261 -88.43997 6.2116
v 2.419176 -87.85687 6.453597
v -0.4479179 -87.87106 5.824943
v -0.4577347 -86.67693 5.782004
v 23.09861 -69.39801 6.666854
v 23.35367 -68.36076 6.598876
v 22.65754 -67.72853 7.23125
v 21.47774 -67.54111 8.049281
v 22.15032 -69.7203 7.328472
v 21.1076 -69.62213 8.003267
v 2.882542 -84.40592 6.001716
v 1.772328 -85.38764 6.335225
v 2.288416 -86.59377 6.471015
v 0.7941621 -86.19897 6.167747
v 1.189125 -84.31805 6.202585
v 19.27126 -24.87886 10.6592
v 12.70904 -8.831715 12.38876
v 3.001938 -50.8993 6.775313
v 7.318411 -24.28167 14.59118
v 22.89771 -33.61074 10.04
v 20.23607 -13.94702 8.458002
v -2.360134 -93.40077 3.98218
v -2.060942 -93.2602 4.960177
v 23.57226 -40.16065 8.718374
v 23.36267 -41.11717 8.805552
v 0.9170625 -71.48554 5.325755
v 16.50686 -92.81976 6.076011
v 17.46255 -65.09467 10.12854
v 17.00105 -66.22646 10.12242
v 15.39084 -66.5062 10.37824
v 17.46333 -67.36145 9.863748
v 16.99246 -68.61101 9.837375
v 14.43697 -65.62137 10.51691
v 13.04671 -64.93651 10.57116
v 11.64551 -65.49391 10.13292
v 14.39593 -67.35823 10.33271
v 14.64575 -68.41271 10.20596
v 11.72518 -66.60423 10.03999
v 11.7722 -67.71885 9.928211
v 12.87169 -67.11148 10.27456
v 18.76126 -67.41144 9.397141
v 10.76012 -64.80478 9.664256
v 10.53652 -65.92842 9.379767
v 10.04246 -63.96134 9.188795
v 10.84554 -63.52087 9.933148
v 11.15563 -62.49678 10.27939
v 11.53332 -61.08067 10.5892
v 10.13389 -61.50676 9.879441
v 12.65231 -59.94817 10.97856
v 12.00494 -63.29865 10.53088
v 13.56898 -63.24194 10.79538
v 14.17035 -62.12797 10.92725
v 13.1763 -61.1218 10.96864
v 14.32268 -59.66708 11.20557
v 12.84478 -64.01135 10.64141
v 12.28309 -28.63454 13.12423
v 5.834554 -91.59328 6.393714
v 16.39826 -89.73825 6.786694
v 14.64055 -85.29863 7.45318
v 20.33958 -43.89339 11.06622
v -0.3716921 -69.04723 2.909081
v 23.20951 -65.56918 7.065471
v 4.390958 -20.17935 16.51732
v -0.5277473 -70.67747 4.197656
v -1.181932 -85.56 5.237236
v -1.52076 -85.10909 4.306993
v 2.945098 -90.31127 6.271782
v 3.642223 -43.91954 9.726948
v 21.46872 -62.41127 8.680314
v 14.44198 -27.40666 12.51215
v 9.747467 -32.45384 13.70976
v 6.065462 -76.99991 7.257583
v 7.499521 -76.92467 7.710307
v 17.36487 -11.98245 10.25544
v 11.9007 -87.15183 6.646921
v 5.287949 -64.54874 5.713028
v 6.458887 -64.46888 6.299404
v 5.575557 -67.38356 5.999439
v 6.054658 -66.24245 6.148348
v 6.325186 -68.24786 6.357133
v 5.930583 -69.2173 6.220431
v 5.987468 -70.51266 6.307729
v -2.736813 -100.6799 3.455551
v 9.895137 -60.43365 9.95767
v 9.501325 -59.32916 9.904754
v 9.679649 -58.04597 10.13428
v 8.368021 -57.42937 9.594671
v 7.174598 -57.93313 8.653184
v 6.153434 -58.22562 7.507197
v 5.180946 -57.22187 6.924963
v 7.611907 -56.42444 9.3485
v 7.46899 -59.15036 8.471067
v 7.732684 -60.46252 8.136501
v 6.833454 -60.80857 7.04353
v 5.897137 -59.96728 6.383327
v 7.103486 -62.04543 6.877664
v 8.442789 -59.71385 9.105918
v 10.91749 -58.58814 10.58594
v 12.11862 -58.16644 10.98107
v 13.28221 -57.53566 11.31521
v 14.80775 -56.95849 11.47842
v 14.91144 -58.15538 11.36122
v 6.570662 -56.2404 8.697142
v 5.1416 -59.19958 5.915023
v 5.621019 -58.52465 6.605061
v 5.260038 -56.25178 7.461034
v 6.238185 -62.4863 6.172388
v 7.118855 -63.06382 6.746051
v 5.186232 -62.78528 5.603149
v 22.63417 -81.47141 4.939483
v 21.71827 -82.09319 5.581707
v 20.74711 -82.15924 6.373989
v 20.72487 -83.20544 6.194813
v 19.88431 -84.31584 6.502957
v 19.7994 -81.78539 6.991277
v 22.14751 -80.70161 5.510442
v 22.31104 -83.96027 4.665055
v 24.04393 -26.5861 8.140362
v 20.19944 -16.86785 9.652639
v 18.51405 -95.97168 4.49997
v 22.67255 -55.1832 8.553329
v 9.261022 -75.76733 8.242586
v 10.25957 -76.30945 8.684009
v 15.10103 -80.06367 8.362598
v 17.23256 -76.76219 8.562001
v 17.99674 -75.74136 8.52352
v 18.10745 -74.58866 8.651281
v 0.8376797 -78.35401 5.480226
v 7.764148 -78.63925 7.697042
v 7.25007 -79.55714 7.468258
v 15.49846 -21.45331 12.5464
v 18.22753 -46.32427 11.81449
v 17.32137 -47.30201 12.01836
v 15.34206 -11.86373 11.78532
v 16.11448 -10.98316 11.5055
v 8.440294 -61.40148 8.358788
v 9.206502 -62.32285 8.691157
v 0.9319557 -11.28152 16.22164
v 23.11556 -87.51859 2.524035
v 1.005863 -17.67441 17.01685
v 1.029628 -20.27292 16.75549
v 0.8047559 -47.67789 3.516706
v 25.76876 -46.82623 5.978858
v -0.3183255 -65.27957 2.959285
v 0.5344369 -40.19018 4.334321
v -0.001694456 -42.65818 4.002762
v 0.9798287 -28.93902 14.15479
v 0.5955623 -90.30749 2.663274
v 0.9974533 -102.8001 2.818412
v 0.3892877 -103.6243 2.720749
v 0.7691819 -95.30253 2.690071
v 21.07821 -102.2298 0.753946
v 0.7920341 -31.18503 12.99875
v 25.07803 -70.29057 4.210395
v 22.0696 -96.11234 1.503879
v -0.03984026 -75.31312 2.743764
v 0.04734894 -77.81329 2.680775
v 25.5849 -62.88479 4.850005
v 25.36842 -65.35207 4.623011
v -0.1010945 -60.25087 2.996602
v 0.3308237 -55.22065 3.070652
v 25.67308 -41.89461 6.204974
v 7.28599 -104.0142 5.166586
v 0.4306283 -36.63009 4.694257
v 0.6226845 -37.62607 3.917994
v 0.4413425 -36.24703 9.823521
v 0.2277039 -37.31617 9.449265
v 0.8858509 -35.81873 10.74479
v 1.890512 -35.46232 11.49659
v 16.93334 -8.58046 9.500722
v 18.03987 -8.617122 8.702419
v 2.804793 -7.815958 15.75463
v 2.732745 -6.834436 15.64656
v 1.02876 -6.705609 15.6579
v 0.6473273 -38.23056 5.412499
v 0.5464951 -39.12309 5.886248
v 0.4788163 -37.18682 8.035914
v 0.09072794 -37.66316 7.114472
v 0.09161974 -42.11132 5.576373
v 0.3231979 -42.72093 5.95939
v 2.95951 -30.86464 13.78215
v 3.308114 -29.89441 14.01546
v 1.888646 -33.66074 12.40811
v 1.39389 -34.31805 11.7412
v 3.063349 -22.12763 16.21842
v 3.113717 -19.37527 16.79106
v 2.942716 -15.89076 16.89729
v 2.070168 -32.33344 13.02154
v -0.9973283 -93.66922 2.92804
v 21.38704 -94.56531 2.797048
v -0.8760309 -73.71516 3.850819
v -0.5383355 -73.5129 4.679718
v -1.064341 -77.04715 3.703948
v -1.250217 -77.85578 4.27936
v -1.095908 -79.50579 3.569918
v -0.9967977 -79.9754 4.893273
v 2.847114 -28.26197 14.32032
v 3.687971 -29.00642 14.07117
v 2.855882 -27.39276 14.58478
v 2.686488 -9.555954 15.9202
v 5.062015 -10.09653 15.76564
v 6.49921 -9.922183 15.43853
v 7.352224 -10.77153 15.37231
v 21.86549 -87.80001 4.158084
v 20.70287 -88.74008 4.898212
v 19.76717 -88.40826 5.67238
v 0.4545893 -63.61912 4.045789
v 24.72012 -63.76754 5.911953
v 24.30719 -63.04969 6.45412
v 24.81018 -61.33654 6.096341
v 23.83938 -61.02709 7.123961
v 24.47231 -67.06568 5.639563
v 5.02043 -102.6778 5.472393
v 22.51387 -85.8785 3.76528
v 0.3208179 -69.35835 4.807112
v 1.574164 -69.66852 5.304342
v 24.2428 -54.99439 7.345968
v 25.07976 -54.6867 6.578894
v 24.71069 -53.04933 7.122819
v -2.490949 -102.4264 3.16602
v -0.8025617 -101.9735 2.619837
v -0.9461765 -101.0498 2.663932
v -0.9891733 -97.02233 2.765293
v -1.674409 -97.9369 2.860624
v 22.98526 -82.22184 4.151465
v 23.61555 -77.39841 4.698657
v 22.99157 -77.19519 5.476028
v 22.11822 -76.70906 6.299833
v 19.41631 -102.5959 2.198753
v 21.02643 -97.00706 2.483321
v 20.59488 -96.28348 3.053786
v 20.82207 -97.92006 2.416187
v 19.88561 -98.40424 3.010246
v 2.866843 -23.34799 15.89804
v 24.97849 -48.60907 6.949541
v 23.58996 -48.03943 8.311014
v 22.88849 -47.42149 8.920317
v 23.05806 -79.19173 5.007307
v 22.3479 -78.40625 5.790456
v 21.53274 -78.69 6.387291
v 21.95019 -90.91355 3.194102
v 21.2202 -90.87619 3.968477
v 21.33919 -92.73022 3.384132
v 19.86183 -92.15402 4.676951
v 24.02051 -73.70261 5.019763
v 23.29615 -73.37108 5.859088
v 22.37052 -73.08215 6.696541
v 23.38053 -72.31705 5.939769
v 23.53885 -75.53484 5.255215
v 24.5994 -59.25576 6.650572
v 23.74263 -58.94883 7.424504
v 22.97059 -57.82186 8.106993
v 22.19823 -56.94947 8.743783
v 20.94201 -56.84483 9.586426
v 0.2103677 -38.70087 8.83867
v 1.545034 -59.89348 4.189571
v 2.261114 -55.87246 3.979314
v 1.593888 -49.49993 4.493861
v 22.16035 -74.96438 6.550633
v 21.66324 -74.2403 7.005084
v 20.47766 -74.31101 7.710562
v 21.74192 -75.82674 6.710337
v 19.81038 -73.51193 8.148035
v 20.41446 -75.79734 7.543493
v 24.35072 -41.70031 7.735814
v 22.92311 -42.50693 9.061416
v 24.61541 -40.22974 7.298998
v 9.815094 -102.8523 5.167554
v 8.507955 -102.8323 5.282875
v -0.008526456 -66.28189 4.17885
v 0.8831125 -46.14052 4.943421
v -0.9705155 -92.03556 3.00402
v -2.207683 -91.48458 4.364011
v -1.643045 -91.29924 5.254083
v -2.210407 -92.38546 3.872056
v 3.555213 -56.20952 5.280622
v 19.6894 -14.97827 9.436509
v 12.77758 -101.9234 4.921091
v 15.09461 -101.5362 4.459949
v 14.02072 -100.9656 4.886206
v 0.4600423 -44.43795 5.166117
v 0.2228081 -42.10766 7.169432
v 1.128561 -42.34722 7.616695
v 1.430381 -41.47344 8.583681
v 0.4082325 -40.97004 8.597805
v -1.051501 -75.30018 4.372146
v -0.09832246 -76.5036 5.110204
v 23.03677 -71.35299 6.405007
v 22.36506 -70.82402 7.020886
v 21.59501 -71.45651 7.456767
v 20.37432 -70.75715 8.239809
v 18.75334 -69.40869 9.144517
v 16.23757 -70.07786 9.795931
v 14.86902 -70.40513 9.919304
v 22.29488 -39.74526 10.00178
v 22.9915 -37.7366 9.757932
v 23.08394 -36.6575 9.760976
v 22.02175 -38.29631 10.40904
v 22.20042 -36.17252 10.40885
v 2.997909 -26.14843 14.96376
v 4.613925 -25.58877 14.82927
v 10.13343 -101.5908 5.374285
v 11.37471 -101.2803 5.29703
v 9.074224 -101.1012 5.542874
v 9.069393 -100.166 5.682448
v 10.54661 -99.86139 5.641441
v 10.78547 -98.94646 5.77796
v 9.752044 -98.36169 5.904886
v 9.491577 -97.35822 6.053314
v 23.21861 -64.03616 7.256094
v 21.35795 -64.36072 8.515958
v 21.6065 -65.37 8.242067
v 20.74999 -66.09705 8.634378
v 19.5914 -65.8714 9.234534
v 18.66525 -65.32226 9.710697
v 18.81147 -13.26684 9.566537
v 16.9255 -12.81161 10.89625
v 18.11625 -16.69242 11.08183
v 18.74678 -17.55624 10.8128
v 4.974167 -23.52325 15.48562
v 5.628897 -24.44706 14.97428
v 3.58615 -35.00587 11.66939
v 4.032484 -34.21294 12.45491
v 0.6480301 -62.09386 4.023817
v 5.189776 -60.96265 5.539863
v 1.945417 -53.62247 3.882045
v 2.548189 -53.66994 4.715665
v 24.38297 -37.6926 8.140231
v 24.69218 -35.5451 8.070138
v 21.86318 -48.32836 9.693916
v 12.69189 -100.0963 5.346631
v 12.89127 -99.15749 5.508795
v 14.10546 -98.79615 5.362608
v 5.659511 -52.42642 8.890115
v 7.527521 -54.39867 9.554328
v 8.223609 -55.37212 9.787342
v 8.18548 -53.43761 9.911807
v 7.501944 -52.51472 9.80313
v 9.624697 -55.38031 10.36735
v 10.2999 -54.49219 10.76413
v 11.73835 -54.49015 11.25958
v 12.47891 -53.40367 11.59946
v 12.43408 -55.48434 11.3621
v 14.23626 -55.35897 11.62789
v 11.70191 -56.45816 11.05461
v 10.33618 -56.36972 10.52744
v 12.991 -54.63635 11.5633
v 9.653273 -57.10802 10.20278
v 15.61295 -54.90248 11.60939
v 16.80692 -55.28837 11.40902
v 17.14718 -56.23732 11.22626
v 9.497119 -53.45143 10.56307
v 10.20063 -52.61645 10.9795
v 5.394058 -21.30383 16.07799
v 7.362985 -20.75985 15.77181
v 7.929271 -19.28433 15.92319
v 7.671141 -18.44193 16.09358
v 6.98533 -19.89554 16.05979
v 5.622006 -19.67298 16.39168
v 6.452392 -18.19649 16.41429
v 19.31226 -97.14848 3.693366
v 1.824008 -101.3365 5.744305
v 5.287255 -98.95153 5.905037
v 5.019555 -97.93667 6.03097
v 5.918064 -97.09817 6.105189
v 7.37875 -97.25742 6.075209
v 7.139248 -96.21236 6.133509
v -1.745793 -101.5728 5.416868
v 5.610242 -11.81452 16.01558
v 6.800357 -13.26404 15.97039
v 5.588667 -12.80482 16.18119
v 9.787358 -7.883264 13.9095
v 0.7342295 -90.67241 6.206059
v 0.01185334 -91.57697 6.045602
v 17.16949 -70.6979 9.488294
v 18.67821 -72.31937 8.782104
v 16.91991 -71.73159 9.405626
v 15.60099 -72.07457 9.610323
v 3.073404 -72.77492 6.099026
v 3.518704 -71.76333 6.020988
v 4.046292 -70.72405 5.912706
v 2.985423 -73.92182 6.252749
v 4.971086 -75.27464 6.947211
v 6.093133 -75.50631 7.283087
v 4.667112 -74.42753 6.726703
v 7.018898 -74.84555 7.339801
v 6.550838 -73.9976 7.03896
v 5.066415 -72.59908 6.437398
v 8.516722 -70.73277 7.86795
v 7.562245 -70.06805 7.23602
v 10.92592 -72.04407 9.070758
v 11.35303 -72.96459 9.154795
v 12.72177 -73.11504 9.556075
v 11.56177 -71.31047 9.416286
v 8.171108 -68.83638 7.648014
v 7.553177 -68.00669 7.10958
v 18.54796 -32.10435 12.41301
v 17.04168 -31.8902 12.68056
v 15.69895 -31.37241 12.85468
v -1.081572 -83.46738 5.174932
v -0.4323891 -84.08895 5.675144
v -0.3322247 -82.22076 5.694216
v 0.8403047 -82.87318 6.014792
v 1.930468 -81.30621 5.804888
v 1.102626 -79.67173 5.685572
v 2.209306 -80.20137 5.652721
v 24.70281 -50.87678 7.234135
v 18.95707 -51.15713 11.14404
v 17.87869 -51.58775 11.50244
v 18.05723 -52.55011 11.34793
v 17.20237 -53.24599 11.52208
v 15.83669 -52.9675 11.76985
v 17.6103 -54.1767 11.32793
v 15.81743 -51.89056 11.86851
v 17.03733 -50.34431 11.81038
v 17.97785 -49.74575 11.63103
v 15.86167 -50.05533 12.01409
v 16.73535 -48.36432 12.04174
v 13.50126 -51.68431 11.93081
v 12.77667 -50.10636 12.00599
v 11.35327 -51.34217 11.55672
v 12.52371 -51.07419 11.86962
v 9.034197 -51.49635 10.5704
v 18.76813 -55.85399 10.73684
v 18.69014 -57.60998 10.59352
v 19.44259 -56.72531 10.37756
v 19.21356 -58.48658 10.28458
v 18.49874 -59.32489 10.46655
v 19.04165 -60.27575 10.15795
v 20.36645 -58.4874 9.725564
v 18.77509 -61.24136 10.1531
v 20.34039 -60.08304 9.568738
v 22.2201 -59.03178 8.531985
v 16.74852 -58.4305 11.08886
v 17.25412 -59.31038 10.86534
v 16.03746 -60.31277 11.00713
v 20.9298 -55.43739 9.736286
v 22.93838 -53.53758 8.498425
v 22.55158 -60.80548 8.123974
v 14.47134 -13.68361 12.73819
v 5.845739 -50.96381 9.28332
v 7.023475 -50.57956 10.07031
v 6.926836 -49.47353 10.24736
v 5.54725 -48.98042 9.508499
v 3.846101 -47.71678 8.616972
v 12.82047 -74.45613 9.420322
v 11.48913 -74.8118 9.106864
v 11.46116 -75.84599 9.044562
v 12.6249 -76.32752 9.102071
v 10.3725 -77.28507 8.60366
v 12.86305 -78.87134 8.644114
v 13.1573 -79.72675 8.486332
v 12.2301 -80.3569 8.297501
v 12.57357 -81.35761 8.127785
v 11.7746 -82.24993 7.873473
v 14.02291 -81.53351 8.126502
v 15.02755 -82.22321 7.994287
v 15.26026 -84.1031 7.649039
v 14.17921 -83.37109 7.796143
v 12.90745 -83.66211 7.694267
v 16.87317 -81.17043 7.968626
v 16.55423 -100.5176 4.195977
v 16.98855 -102.2259 3.590541
v 18.16435 -101.327 3.243135
v 24.42535 -29.45179 8.233849
v 3.039086 -83.01492 5.864223
v 4.120439 -82.52603 5.894483
v 3.782324 -81.64723 5.841886
v 4.425344 -80.86736 6.11513
v 5.21064 -83.77019 6.281405
v 4.327069 -84.38066 5.901114
v 6.763853 -84.88902 6.227527
v 5.7899 -85.69376 6.134376
v 8.778109 -83.85748 6.978208
v 8.759655 -82.38576 7.373303
v 10.25827 -85.13628 6.938203
v 7.640189 -86.61575 6.311951
v 7.01848 -88.41351 6.758541
v 8.463642 -88.52419 6.779406
v 5.129539 -87.29738 6.555792
v 4.705453 -86.3657 6.289047
v 4.316135 -88.11324 6.626678
v 7.959991 -90.30516 6.725626
v 8.425219 -93.14153 6.341463
v 9.714537 -92.82568 6.501768
v 9.582291 -91.53052 6.676176
v 8.272483 -91.26743 6.635386
v 11.925 -92.37314 6.638914
v 12.08713 -91.42384 6.746916
v 14.20438 -92.57304 6.525959
v 15.2353 -93.13722 6.287421
v 14.38594 -91.63165 6.651713
v 12.54263 -89.71777 6.979367
v 13.56783 -87.94511 6.735516
v 16.49943 -87.85126 7.003284
v 17.96438 -87.8943 6.800332
v 15.40776 -87.25485 6.960468
v 10.29677 -90.09978 6.8555
v 10.55495 -90.95963 6.782481
v 16.22033 -91.4827 6.452608
v 20.9595 -84.99455 5.622673
v 20.02776 -68.01096 8.760859
v 12.02982 -18.09533 14.52256
v 19.82301 -54.93104 10.37128
v 24.23932 -27.75805 8.309145
v 22.64096 -27.71444 9.74427
v 18.27915 -77.71456 8.146468
v 18.33391 -79.57863 7.853456
v 13.97075 -77.66807 8.855477
v 13.96026 -75.23086 9.279472
v 20.90021 -77.59699 6.994048
v 19.87282 -80.10657 7.197322
v 20.44877 -80.84898 6.792203
v 3.45385 -40.81647 10.41313
v 2.757997 -42.20976 9.487103
v 21.10155 -37.3332 11.1089
v 20.00323 -37.70931 11.85337
v 17.04809 -82.78906 7.689658
v 18.52818 -82.68932 7.328329
v 17.62168 -84.47142 7.347879
v 16.63849 -83.89102 7.591365
v 17.32401 -85.69252 7.229753
v 16.02048 -85.70295 7.364162
v 2.76127 -52.15349 5.571466
v 18.40072 -91.60825 5.661605
v 17.58518 -92.31862 5.87201
v 20.06096 -90.45731 4.972729
v 18.93625 -90.04308 5.786861
v 16.92436 -90.64146 6.453271
v 18.60933 -94.45523 4.840107
v 16.59908 -94.59138 5.695982
v 16.99938 -95.53816 5.327029
v 5.880901 -43.72267 11.09865
v 6.861295 -44.33986 11.38841
v 6.178975 -46.61695 10.41902
v 8.046325 -46.35613 11.43587
v 8.456865 -47.55986 11.31721
v 7.403818 -47.98128 10.75905
v 10.55157 -69.15185 9.159106
v 10.72358 -68.09599 9.383156
v 12.04188 -69.60124 9.784455
v 12.56457 -68.77165 10.0191
v 12.86038 -70.3223 9.894058
v 13.17973 -71.82613 9.746919
v 18.27617 -29.9791 12.11478
v 16.76777 -30.1748 12.43845
v 13.62378 -30.47572 12.99437
v 12.41608 -31.16656 13.21088
v 13.5735 -29.40652 12.94996
v 15.68808 -29.44067 12.54321
v 15.95503 -28.33709 12.30837
v 12.40409 -97.53828 5.857833
v 11.79525 -98.35839 5.791164
v 8.933863 -45.82069 11.85116
v 15.26111 -94.50246 6.023654
v 20.43865 -18.91785 9.904928
v 15.06444 -16.82942 12.93342
v 16.95488 -19.17505 12.0418
v 16.66947 -24.21792 11.57259
v 16.90952 -25.05841 11.50997
v 15.93198 -25.62116 11.83718
v 18.21027 -25.45177 11.19622
v 14.54292 -25.16734 12.21448
v 13.24896 -25.40566 12.59257
v 3.991691 -17.48755 16.83501
v 19.78288 -64.4104 9.341882
v 15.75509 -64.49112 10.57948
v 11.24722 -96.62575 6.087516
v 17.32258 -26.87296 11.69948
v 15.93128 -26.54246 12.00413
v 19.61836 -27.00112 10.93784
v 20.58936 -26.42247 10.37668
v 10.46082 -9.365743 13.84614
v 9.311395 -9.051727 14.32464
v 5.9268 -55.35409 8.451771
v 3.510417 -52.73951 6.443494
v 2.005262 -49.90936 5.520284
v 4.131495 -32.90221 13.16356
v 5.390723 -32.54752 13.44768
v 6.609608 -33.11855 13.33897
v 4.950279 -31.49892 13.77954
v 5.964868 -34.24466 12.40089
v 6.243328 -35.20003 12.23405
v 7.572142 -32.07003 13.79423
v 8.022359 -30.4838 13.60388
v 6.25548 -29.44075 13.79509
v 7.473998 -29.68511 13.6589
v 5.380384 -30.07613 13.85944
v 5.916799 -30.93141 13.90254
v 9.651581 -25.21801 13.67352
v 10.75014 -25.72323 13.2987
v 9.215614 -21.57368 14.96717
v 5.691935 -28.40979 14.08386
v 8.221753 -33.80199 12.99867
v 10.8203 -34.11784 13.30887
v 10.01266 -33.38956 13.58679
v 10.3195 -35.70566 13.27635
v 8.843802 -36.40288 12.97469
v 7.284289 -37.78889 12.53948
v 6.058808 -38.35537 12.11409
v 8.586421 -38.91287 12.82337
v 8.289436 -41.85899 12.3947
v 8.533859 -40.38119 12.63979
v 6.843776 -39.51689 12.201
v 16.59129 -38.24113 12.98337
v 18.52196 -38.92176 12.47794
v 19.66335 -38.68834 12.04743
v 20.63881 -35.84999 11.49825
v 19.20702 -34.76497 12.37342
v 20.24375 -34.63895 11.78061
v 13.95218 -39.95711 13.34877
v 17.93423 -40.74784 12.45266
v 19.25116 -40.95089 12.03176
v 19.09013 -42.43478 11.92998
v 13.83106 -41.01351 13.2444
v 11.02676 -43.37506 12.67165
v 22.12476 -41.35486 9.860116
v 14.06502 -36.49834 13.47644
v 15.31282 -33.23079 13.22566
v 12.70215 -35.13102 13.38154
v 14.06208 -48.47174 12.2162
v 10.01618 -47.42142 11.66143
v 12.17493 -48.32249 12.06765
v 9.639553 -50.6637 11.06462
v 10.77337 -49.77088 11.60886
v 8.503399 -49.73171 10.86457
v -2.44287 -94.54117 3.986698
v -1.784683 -95.26609 3.160578
v -2.489952 -97.17277 3.766652
v -2.631548 -98.62967 4.43932
v -0.3140457 -96.84096 5.913064
v 0.9402535 -97.07079 6.023183
v -2.1552 -95.25562 4.949445
v 2.790492 -96.94845 6.082338
v 3.152732 -97.86645 5.998123
v 2.189656 -98.63769 5.945872
v -1.541109 -99.72142 5.515911
v 3.742625 -101.269 5.67479
v 0.1918653 -94.57589 6.018033
v 3.18083 -91.58321 6.224262
v 6.446319 -95.13901 6.155437
v 4.309249 -93.22374 6.229797
v 4.493585 -92.12549 6.209462
v 0.9549745 -92.40807 6.178818
v 7.003026 -100.1277 5.752277
v 21.18039 -46.7462 10.30707
v 19.93172 -47.46377 11.02301
v 3.459115 -79.19624 5.86222
v 5.703982 -77.91363 7.141633
v 3.885841 -76.18854 6.578061
v 2.205932 -76.86378 5.616073
v 15.92764 -88.84354 6.984676
v 13.05675 -23.43313 13.0307
v 10.30248 -22.44558 14.32543
v 15.28375 -18.37088 12.91693
v 9.536784 -10.77413 14.58825
v 8.560787 -10.31261 14.90621
v 7.884608 -12.00788 15.46297
v 12.1614 -12.32767 13.71215
v 13.54353 -15.36162 13.55806
v 5.220289 -16.08773 16.66104
v 11.19171 -15.90034 14.81004
v 8.229702 -16.85093 15.97819
v 1.873837 -40.09237 9.690462
v 16.75682 -11.291 10.54666
v 19.63156 -10.32676 8.845237
v 10.44124 -83.36206 7.458857
v 12.33702 -86.27089 6.993952
v 19.53244 -28.44773 11.40894
v 17.83172 -44.36565 12.07342
v 24.03762 -43.9326 7.971684
v 23.90844 -35.08225 9.01853
v 24.17659 -33.99176 8.737912
v 17.97787 -98.88988 3.990959
v 3.584623 -65.38638 5.226731
v 3.970752 -66.3508 5.400022
v 5.045272 -66.55944 5.767155
v 1.159097 -67.65713 4.961478
v 3.484572 -69.66258 5.652327
v 4.675202 -14.41267 16.54648
v 23.81014 -57.2331 7.524575
v -2.468917 -98.89853 3.404218
v 24.31736 -32.45771 8.593358
v 6.281032 -40.51695 11.89829
v 19.62522 -86.77773 6.181032
v 8.372596 -63.24472 7.719681
v 9.169914 -64.5525 8.180862
v 7.694128 -64.78384 7.128403
v 9.335746 -65.53693 8.268851
v 9.585006 -67.46845 8.641618
v 7.794319 -65.69687 7.186687
v 7.060001 -66.27445 6.712407
v 17.4805 -9.99865 10.04907
v 2.139979 -88.84071 6.393179
v -1.37274 -87.60466 5.194506
v 23.49905 -39.25849 9.008662
v 17.9595 -68.12194 9.593647
v 15.47835 -61.97628 10.87695
v 24.12814 -65.49296 6.307066
v -1.611916 -86.03681 4.248913
v 4.299212 -90.2598 6.396308
v 13.74754 -28.01583 12.75558
v 13.65343 -26.69844 12.61624
v 11.13567 -32.52305 13.59416
v 8.384814 -77.46177 8.038617
v 5.937311 -65.30363 6.050835
v 4.599242 -55.75399 6.868446
v 19.11412 -83.65022 7.008616
v 21.65986 -80.07481 6.038558
v 23.83873 -25.68351 8.134684
v 20.40704 -17.75896 9.726413
v 6.485232 -78.80527 7.330355
v 7.654239 -61.42888 7.544506
v 9.418718 -61.5719 9.149805
v -0.2690679 -80.44293 5.523221
v 23.5 -55.50169 7.913386
v 24.14257 -56.09512 7.334203
v 20.45048 -98.97793 2.459243
v 23.95049 -60.01948 7.122539
v 19.28956 -74.38725 8.253621
v -0.2053805 -67.23172 4.089106
v 20.83228 -72.26276 7.787032
v 21.32569 -38.91786 10.83796
v 22.35715 -65.85602 7.683534
v 21.53619 -66.62331 8.12937
v 17.06805 -16.6487 11.74387
v 5.67139 -53.39828 8.722828
v 4.768072 -52.11461 8.279593
v 13.72892 -53.06092 11.8259
v 9.547554 -70.62875 8.486273
v 13.98856 -73.32444 9.579319
v 18.86281 -33.04134 12.40644
v 22.99071 -52.55854 8.537399
v 21.77144 -84.72843 4.972264
v 16.32203 -82.03119 7.921558
v 11.59393 -30.45152 13.20244
v 16.9482 -20.02922 12.05093
v 21.29868 -36.43253 11.01705
v 14.00692 -35.16061 13.43156
v -2.052973 -96.15658 5.133389
v 22.19099 -104.1123 -1.13732
v 23.0596 -104.1839 -2.209143
v 23.40674 -104.2098 -3.424066
v 23.82345 -104.237 -4.627438
v 24.07194 -104.2499 -5.854291
v 23.76024 -104.2387 -7.074082
v 22.85374 -104.2211 -8.131692
v 21.50078 -104.2072 -8.908539
v 19.87479 -104.2046 -9.343589
v 18.18804 -104.2053 -9.637941
v 16.46314 -104.2081 -9.778411
v 14.73289 -104.2147 -9.6762
v 13.01522 -104.2215 -9.494978
v 11.30217 -104.2282 -9.292537
v 9.618249 -104.2333 -8.990101
v 8.086601 -104.2427 -8.40613
v 7.059501 -104.2637 -7.406363
v 6.58466 -104.2766 -6.213666
v 6.563922 -104.272 -4.973685
v 6.81065 -104.2521 -3.746127
v 7.186911 -104.2248 -2.535401
v 7.610121 -104.1941 -1.33282
v 7.906999 -104.1705 -0.111038
v 7.902116 -104.1632 1.129288
v 6.973918 -104.2259 2.175096
v 5.384073 -104.3672 2.654606
v 3.710908 -104.5098 2.954113
v 1.418078 -5.325851 -7.270617
v 2.595299 -5.258096 -8.19223
v 4.301165 -5.272046 -8.469306
v 6.02559 -5.280459 -8.257893
v 7.700396 -5.258858 -7.895884
v 9.352672 -5.208695 -7.478286
v 11.01109 -5.132654 -7.058719
v 12.60027 -5.018371 -6.493993
v 14.07689 -4.909677 -5.771176
v 15.48079 -4.821838 -4.945135
v 16.70585 -4.776137 -3.976845
v 17.76398 -4.766821 -2.890051
v 18.71276 -4.80242 -1.746063
v 19.33694 -4.873886 -0.471189
v 19.8456 -4.999954 0.833841
v 19.95906 -5.18599 2.219733
v 19.92616 -5.430368 3.599471
v 19.59957 -5.742219 4.96106
v 19.05641 -6.143491 6.351281
v 15.41456 -71.17628 -9.192547
v 16.79959 -51.85115 -9.07233
v 23.4227 -95.23128 -7.476285
v 20.26071 -34.12873 -8.191249
v 20.1896 -19.52116 -7.07015
v 21.84378 -12.41121 -0.58512
v 11.11186 -12.75495 -7.435539
v 7.411927 -91.34022 -7.755527
v 5.940652 -40.99718 -5.749453
v 25.68394 -71.96671 -5.134852
v 6.488371 -79.55958 -6.759006
v 4.979315 -70.5319 -5.30931
v 26.39715 -52.33169 -3.824288
v 7.073127 -58.95274 -6.422325
v 22.16547 -83.9563 -7.958004
v 10.36109 -32.37798 -10.96366
v 25.77178 -28.09944 -2.959
v 26.57124 -36.51335 -2.030862
v 5.460775 -49.69449 -4.998639
v 26.23644 -63.39519 -4.254983
v 6.648556 -96.95653 -1.978412
v 25.32433 -89.3887 -4.699955
v 17.29858 -98.35881 -9.653457
v 10.77398 -19.7529 -10.47474
v 25.29189 -18.90339 -0.408084
v 16.92945 -10.07818 -4.253657
v 5.648837 -89.29241 -1.960435
v 26.35039 -77.17532 -2.678207
v 3.842146 -76.71515 -2.209144
v 4.674462 -83.0115 -2.08003
v 3.026256 -65.33584 -2.928623
v 27.13915 -57.47288 -1.084558
v 26.9766 -45.08235 -1.8835
v 2.976247 -55.06643 -3.0118
v 25.8962 -83.33105 -3.216108
v 4.776647 -35.72519 -7.823766
v 7.458441 -98.00412 -7.846767
v 9.290174 -25.61623 -12.03046
v 24.31885 -99.39427 -4.013812
v 6.384859 -9.971426 -7.480085
v 0.9378847 -39.01136 -1.940911
v 24.78253 -94.50735 -3.199182
v 23.79759 -14.70305 2.680589
v 6.819342 -16.23675 -9.306994
v 2.061532 -44.50388 -2.253211
v 26.76295 -68.60871 -1.308918
v 27.22345 -50.16231 0.440278
v 27.28028 -29.35475 1.551162
v 27.1362 -40.32778 0.99399
v 26.16676 -23.43319 1.275962
v 2.464026 -60.2183 -2.363603
v 20.8686 -9.699119 3.574727
v 6.966979 -100.3041 1.692467
v 3.125927 -70.3345 -1.23907
v 5.072674 -31.49126 -11.18599
v 27.59095 -34.23768 1.677861
v 1.811171 -49.91472 -1.495982
v 26.89296 -63.75223 -0.030898
v 6.477461 -94.03465 0.939014
v 6.274252 -100.2389 -4.386618
v 22.20249 -100.1407 -8.467903
v 12.1285 -100.1502 -9.389863
v 13.2957 -8.82663 -6.560486
v 19.793 -8.696991 -0.747697
v 26.33063 -73.62925 -0.649156
v 25.16866 -87.19672 -1.643838
v 5.421763 -20.13874 -10.88615
v 25.56815 -20.02313 3.204165
v 5.376898 -86.54221 0.605115
v 4.606303 -80.28583 0.269683
v 27.12912 -45.31293 1.850209
v 27.09416 -53.92977 1.199252
v 24.74504 -90.91855 -1.676938
v 5.655853 -90.25838 1.280217
v 25.77434 -79.84577 -0.56305
v 3.650239 -74.03349 -0.038432
v 26.88668 -60.12192 1.128496
v 0.9524741 -36.76369 -4.79738
v 0.3624217 -42.08207 -0.127599
v 22.35611 -11.76762 4.62013
v 2.56221 -66.49857 -0.107312
v 1.534106 -56.38763 -0.401083
v 2.795573 -33.7827 -9.09379
v 7.4563 -101.1594 -7.904687
v 4.670715 -25.57068 -11.98974
v 4.27325 -12.76189 -8.322494
v 23.99449 -97.11021 -1.861633
v 27.05689 -37.97174 2.925678
v 26.49633 -25.84019 3.222935
v 2.174722 -62.72229 -0.378398
v 17.31575 -101.3157 -9.707635
v 17.17542 -7.422082 -3.716079
v 25.39848 -83.59167 -0.366365
v 24.31044 -16.7531 4.312138
v 0.8763771 -46.09222 0.109181
v 5.433923 -97.75338 2.136679
v 27.38118 -31.86278 3.284829
v 1.242771 -52.55791 -0.202555
v 26.58251 -66.337 1.215148
v 7.110773 -101.4855 -1.950954
v 24.13332 -101.5092 -6.470167
v 9.961268 -7.857032 -6.876253
v 25.98322 -76.20824 0.420412
v 26.33027 -71.27747 0.867333
v 4.066441 -28.41118 -11.9039
v 3.344467 -7.848342 -8.491176
v 23.50352 -101.6589 -2.827833
v 0.1500613 -38.39726 0.028905
v 20.39973 -7.722436 2.118855
v 25.70132 -22.35251 4.028352
v 4.499525 -83.9997 1.375935
v 3.835071 -77.75331 0.970832
v 27.11827 -47.84866 2.776533
v 27.16381 -42.91787 3.070352
v 27.03241 -56.48138 2.155911
v 4.231495 -22.82456 -11.62549
v 24.26016 -93.46649 -0.973541
v 3.563868 -15.28214 -9.171978
v 3.747641 -17.71727 -10.07364
v 27.10558 -51.55682 2.631254
v 1.695072 -60.19161 0.169132
v 26.40051 -68.83635 1.388764
v 3.137681 -10.3666 -8.188643
v 6.688304 -7.57569 -7.733585
v 23.06489 -14.70433 5.192713
v 26.82188 -28.253 3.810883
v 27.09035 -40.46715 3.442649
v 2.67309 -68.98635 0.714849
v 2.962062 -71.48745 0.848305
v 27.01468 -35.56245 3.707223
v 0.8299153 -48.72754 0.483444
v 23.5151 -99.61974 -1.558897
v 20.09432 -7.774768 4.785688
v 20.36762 -10.16837 5.637738
v 26.73621 -62.68071 2.055062
v 20.67732 -102.028 -9.087255
v 13.85704 -102.0392 -9.588764
v 10.43464 -102.0525 -9.169919
v 5.807183 -102.2183 2.365119
v 7.66876 -102.0731 0.501123
v 4.692147 -95.25007 2.336548
v 4.578225 -92.74828 2.214596
v 6.303922 -102.1229 -5.606271
v 14.88321 -6.947152 -5.535813
v 19.0796 -6.891608 -1.437712
v 24.61909 -88.57908 -0.092433
v 24.91306 -86.12041 0.16432
v 4.132695 -87.74777 2.057322
v 2.467431 -31.10902 -10.90509
v 25.99426 -73.80659 1.39438
v 4.517804 -100.2542 2.672679
v 24.78301 -18.9624 5.067296
v 3.602949 -81.49383 1.735801
v 26.90516 -59.01168 2.746848
v 1.030976 -36.46979 -2.86838
v 1.347819 -35.02623 -5.885203
v 0.3110459 -40.98839 1.454555
v 27.01368 -54.07598 3.133998
v 25.53382 -78.74381 1.04422
v 25.31341 -81.20766 0.806984
v 2.957087 -75.24483 1.395038
v 0.2424599 -43.59825 1.282245
v 27.11299 -45.43659 3.747198
v 21.48372 -12.75052 5.841309
v 1.714099 -63.97003 0.980044
v 0.8691041 -55.14036 0.866484
v 1.050683 -57.67401 0.866204
v 26.02823 -24.71849 4.7157
v 2.676081 -20.26448 -10.98146
v 23.66809 -95.98562 -0.519969
v 0.6673697 -51.32479 1.010247
v 24.21832 -91.06942 0.024497
v 3.782765 -90.25178 2.388222
v 26.97663 -33.16372 4.466762
v 26.90258 -30.71606 4.525804
v 26.4951 -65.20103 2.506746
v 2.571602 -26.93661 -11.88652
v 22.85334 -102.1253 -1.209325
v 6.82246 -102.6665 -3.14871
v 23.38622 -102.6496 -7.612032
v 24.21201 -102.6731 -5.232644
v 11.75588 -6.632576 -6.633183
v 2.569799 -24.1994 -11.83058
v 1.729128 -6.794662 -7.97831
v 20.0989 -6.535652 1.180404
v 3.43528 -85.24886 2.179098
v 2.97041 -78.99741 1.871228
v 27.04281 -49.15797 3.784169
v 19.63161 -8.294008 6.324426
v 7.470929 -102.7693 -7.928491
v 2.027624 -12.94341 -8.554121
v 25.1451 -21.25309 5.265967
v 2.224126 -16.58818 -9.689446
v 1.266052 -61.45984 1.138391
v 1.339956 -33.2167 -8.683855
v 0.1974485 -37.37443 0.160542
v 26.0807 -70.14797 2.234038
v 26.28255 -67.68161 2.452842
v 1.717583 -66.48399 1.325735
v 26.39775 -38.06859 4.415593
v 1.8265 -9.210095 -8.524226
v 26.26374 -27.11375 4.837046
v 26.79916 -41.75902 4.302265
v 0.5092971 -47.50126 1.43494
v 17.32447 -102.8277 -9.730387
v 8.424862 -6.626235 -7.432836
v 5.121837 -6.691546 -8.271698
v 2.059372 -70.24322 1.507696
v 2.275114 -72.74803 1.601356
v 23.19922 -98.45735 -0.575243
v 26.58812 -61.51242 3.019344
v 3.922017 -102.7613 2.898957
v 23.58854 -16.82747 5.875367
v 20.13329 -6.780533 3.843517
v 12.14787 -102.8708 -9.396773
v 3.609776 -94.0053 2.657371
v 3.682957 -96.50663 2.725066
v 1.045556 -35.36271 -4.225159
v 24.80965 -83.70591 1.044956
v 21.32057 -10.71557 6.652662
v 7.398799 -102.87 1.712765
v 7.644882 -102.8592 -0.733343
v 16.09531 -6.113014 -4.498084
v 18.2129 -6.09069 -2.418638
v 1.960175 -29.65081 -11.27957
v 21.54058 -77.2314 -8.076742
v 25.4758 -76.31879 1.80532
v 24.42215 -87.40115 0.717629
v 0.2767543 -39.86017 2.039157
v 1.894109 -58.42706 -1.04837
v 3.367226 -57.78187 -3.489299
v 5.905131 -55.8287 -5.510207
v 11.89229 -55.61322 -8.422608
v 15.64761 -63.1409 -9.090091
v 19.84576 -57.67785 -8.319604
v 16.20396 -91.70232 -9.571716
v 25.78956 -72.62459 2.164773
v 0.3180767 -42.3902 1.977891
v 0.2695849 -39.63294 0.205088
v 26.76583 -56.58671 3.535564
v 3.614955 -99.01044 2.826747
v 2.92422 -82.75297 2.181877
v 2.436071 -76.50199 1.888886
v 0.3580159 -44.95152 1.793883
v 26.86075 -52.88457 3.821411
v 25.12154 -80.01891 1.503996
v 1.650798 -54.43108 -0.948147
v 2.586276 -52.58321 -2.541607
v 1.918823 -19.04 -10.60357
v 1.986084 -21.56811 -11.33822
v 1.283513 -32.21387 -9.900897
v 1.115536 -33.86264 -7.117846
v 0.6278393 -36.58934 -1.297415
v 12.29365 -95.64873 -9.356847
v 8.923594 -29.25036 -11.96046
v 17.82178 -27.94053 -9.64593
v 23.30306 -103.0001 -2.832817
v 26.93917 -46.70699 4.24913
v 26.80452 -44.24206 4.369263
v 0.5409945 -53.88611 1.363219
v 0.6624179 -56.42027 1.335044
v 0.8603583 -58.94542 1.352021
v 1.969963 -25.55882 -11.87233
v 0.6184775 -37.60297 1.801419
v 0.4947595 -38.74828 1.955192
v 12.05424 -85.0473 -9.26415
v 4.842268 -53.30897 -4.657755
v 8.702404 -53.19995 -6.982176
v 11.50586 -48.23976 -7.931521
v 20.45411 -44.45396 -7.916618
v 21.79224 -13.74535 6.382029
v 25.45713 -23.58927 5.322495
v 23.54261 -94.78869 0.052159
v 0.4593745 -50.07121 1.509665
v 1.039747 -50.17513 0.072531
v 4.067891 -30.04715 -11.5975
v 6.354327 -29.21797 -11.89105
v 7.739289 -27.39041 -12.12103
v 10.98417 -27.49051 -11.81891
v 14.98 -24.52096 -10.69259
v 12.77428 -30.01354 -11.26472
v 15.56533 -33.15581 -9.933337
v 15.45347 -39.38937 -9.082807
v 11.22856 -36.40761 -8.828075
v 20.56056 -24.11235 -7.634663
v 3.272914 -38.62437 -5.104557
v 2.656806 -35.49832 -6.44907
v 23.81383 -92.32887 0.31932
v 24.11971 -89.87338 0.589292
v 3.153169 -89.00664 2.523397
v 3.256983 -91.50742 2.620199
v 26.79392 -34.41857 4.888851
v 27.26574 -34.15263 3.479799
v 26.78804 -31.96845 4.948422
v 26.54975 -29.53487 5.008956
v 27.14987 -29.61982 3.598428
v 26.40574 -63.99912 3.041881
v 26.69182 -64.06519 1.600253
v 22.70335 -100.9257 -0.655273
v 6.54204 -103.1126 -4.36424
v 6.449419 -101.6723 -4.17643
v 24.04193 -103.0919 -6.469681
v 22.22485 -103.0588 -8.541672
v 22.42461 -101.602 -8.385944
v 13.38872 -6.10588 -6.139317
v 12.99768 -7.523952 -6.140343
v 27.09071 -49.45392 2.049315
v 27.23128 -47.69169 0.319275
v 26.78532 -49.08454 -2.767218
v 22.71705 -49.19962 -6.795796
v 1.514289 -11.71905 -8.432985
v 1.613522 -14.1822 -8.924229
v 1.828282 -28.2856 -11.63983
v 24.17398 -94.84925 -1.293979
v 2.416162 -64.64842 -0.78792
v 2.672871 -63.27728 -2.400865
v 6.043298 -63.17553 -5.907597
v 19.58695 -6.040234 0.020677
v 19.81371 -7.391342 -0.111797
v 2.999843 -86.50604 2.406538
v 2.603206 -80.25548 2.133581
v 26.90177 -50.4199 4.086076
v 6.705783 -103.142 -6.821207
v 8.834712 -103.1067 -8.703605
v 1.10037 -62.72473 1.45732
v 1.427924 -8.090481 -7.976904
v 4.054619 -63.77786 -4.307796
v 5.823766 -66.90321 -5.916236
v 4.457546 -61.04406 -4.564155
v 9.661374 -69.69286 -8.217011
v 10.24292 -75.16487 -8.610035
v 10.35643 -65.17462 -8.3141
v 26.48567 -26.36107 -0.146318
v 24.36391 -23.34692 -3.495034
v 4.896774 -82.36435 0.107337
v 27.00258 -58.09922 0.932446
v 3.980709 -76.0514 -0.279048
v 22.6572 -13.43601 4.071588
v 22.45322 -12.50287 1.938193
v 23.42183 -14.41228 -0.101493
v 20.90544 -15.31969 -4.726791
v 24.31213 -100.9661 -4.807057
v 24.30808 -99.20782 -6.293947
v 24.73261 -96.73633 -4.943849
v 24.65651 -20.14378 5.771955
v 26.06954 -68.93933 2.659528
v 26.23299 -66.47051 2.870463
v 1.319012 -65.23556 1.532026
v 1.539377 -67.74416 1.603783
v 26.2357 -39.32464 4.628682
v 26.50097 -36.87022 4.822346
v 10.10497 -6.266649 -7.061641
v 3.394846 -6.381582 -8.436179
v 2.066656 -74.00507 1.839791
v 23.15983 -97.24483 -0.178999
v 3.48407 -101.5145 2.90557
v 0.4664165 -46.24626 1.844087
v 1.723927 -17.8131 -10.18222
v 4.02287 -19.17386 -10.59267
v 7.096544 -18.25121 -10.15205
v 11.37819 -16.72953 -9.159594
v 15.79303 -18.48778 -8.947025
v 16.19396 -14.73832 -7.071664
v 1.854112 -22.87686 -11.61556
v 3.082415 -32.54394 -10.35074
v 5.500616 -33.50649 -10.15068
v 7.497631 -30.83041 -11.57325
v 3.674539 -73.42478 -3.517775
v 6.446189 -73.84692 -6.536047
v 27.15879 -43.00873 0.317756
v 26.24911 -40.67124 -3.208813
v 23.44721 -37.49644 -5.932553
v 25.94627 -77.85053 -0.726114
v 25.86917 -25.94699 5.216487
v 15.58965 -103.1036 -9.731852
v 19.02064 -103.0977 -9.463556
v 26.57766 -60.29738 3.389618
v 20.0868 -6.323644 2.60918
v 24.52465 -84.95052 1.130504
v 24.81255 -82.49062 1.391216
v 7.28299 -103.1148 -1.940879
v 17.24971 -5.849539 -3.49447
v 0.6621617 -44.66365 0.36387
v 1.272332 -45.10721 -0.991805
v 2.531655 -47.31903 -2.542027
v 6.249153 -45.27521 -5.28164
v 1.000295 -43.35807 -1.170987
v 2.712486 -41.74896 -3.694034
v 11.51664 -43.06369 -7.493939
v 1.327492 -41.51799 -2.008929
v 1.56981 -46.65121 -1.284448
v 2.088966 -39.90539 -3.424381
v 1.698051 -48.28397 -1.373429
v 4.111312 -21.25743 -11.25387
v 7.358195 -21.81955 -11.40898
v 25.98167 -23.64626 3.919881
v 24.43816 -92.02289 -0.922566
v 24.95094 -92.55338 -2.809338
v 24.8213 -92.97205 -5.765965
v 21.43802 -91.7057 -8.472843
v 18.87665 -87.6302 -9.137655
v 24.54062 -89.96609 -0.727264
v 25.24053 -89.06526 -2.514871
v 25.61549 -87.27222 -3.888095
v 23.80671 -87.10241 -7.029532
v 1.422857 -10.47933 -8.466645
v 1.595559 -15.3999 -9.29841
v 2.703537 -48.97408 -2.708232
v 4.273361 -47.90772 -4.17733
v 6.832354 -47.61256 -5.717259
v 9.679905 -45.78689 -6.877457
v 8.733174 -50.00706 -6.707204
v 12.1538 -51.48815 -8.376393
v 2.915075 -50.79751 -2.902112
v 3.808644 -45.65734 -3.838244
v 25.99312 -22.96274 2.682758
v 25.88097 -21.35969 1.331858
v 25.52786 -22.51357 -1.090012
v 26.30317 -24.4842 2.468392
v 24.39558 -20.58454 -2.949777
v 23.53624 -17.42678 -3.230183
v 22.36081 -21.73901 -5.78079
v 26.60435 -25.82445 1.49076
v 26.98545 -27.58318 1.212
v 26.8759 -28.82918 -0.786216
v 26.16892 -32.35482 -3.094246
v 27.2074 -31.78596 -0.181655
v 22.79025 -30.13136 -6.720593
v 4.585291 -43.44906 -4.419104
v 25.9187 -21.59708 2.821383
v 6.801109 -6.34099 -7.913824
v 22.82668 -99.70572 -0.419916
v 25.66725 -81.75366 -1.073607
v 26.11202 -80.0714 -3.564674
v 25.09006 -77.70371 -5.885983
v 24.29697 -81.09635 -6.603694
v 20.14881 -80.68794 -8.623358
v 15.4246 -77.67275 -9.265515
v 17.14054 -83.82066 -9.281655
v 13.07158 -81.20411 -9.33674
v 19.24708 -7.122094 6.449642
v 23.87744 -17.92142 6.034459
v 22.9014 -15.7902 6.27482
v 25.26503 -77.56496 1.87481
v 25.50864 -75.10123 2.114882
v 25.79759 -71.40469 2.454033
v 26.64699 -57.83416 3.594588
v 26.76138 -55.36221 3.791073
v 3.347818 -97.76193 2.808537
v 2.773342 -84.0083 2.297589
v 2.346638 -77.75668 2.029217
v 0.5720283 -37.64422 -1.590662
v 23.79901 -103.1509 -4.017745
v 26.88634 -47.95309 4.303052
v 26.60918 -43.01694 4.543057
v 0.4674315 -52.61998 1.503215
v 0.8708401 -60.20879 1.462054
v 1.769615 -34.83618 -7.550265
v 23.60928 -93.56367 0.268059
v 4.719377 -89.23727 1.828846
v 5.790334 -88.54895 0.067041
v 5.440694 -87.02915 -1.628724
v 5.649196 -87.54942 -5.886433
v 4.829872 -91.26463 1.936297
v 6.219864 -92.07241 0.44712
v 6.228426 -93.79713 -2.229107
v 5.789656 -95.67754 -5.324041
v 4.510931 -86.21177 1.716645
v 5.063576 -85.20866 0.862097
v 5.32913 -85.56755 -0.777837
v 4.710955 -85.19625 -3.125916
v 5.220885 -82.65825 -5.449219
v 5.065767 -83.95529 -0.161983
v 8.549464 -82.5953 -8.207031
v 26.18799 -24.76617 0.217609
v 25.50131 -25.20596 -2.226097
v 23.62918 -26.1074 -5.248223
v 7.337022 -43.08557 -5.667611
v 9.408268 -41.09833 -6.630547
v 7.701254 -38.17597 -7.37735
v 12.68703 -40.55833 -7.755019
v 15.6933 -42.80591 -9.161153
v 19.82781 -40.88185 -8.449497
v 23.56244 -42.01093 -6.091138
v 24.37701 -45.74477 -5.766615
v 26.99404 -60.69714 -2.228598
v 25.19 -57.58075 -5.563826
v 1.589287 -68.99882 1.686497
v 1.803446 -71.50362 1.774631
v 0.4472939 -48.80338 1.695956
v 27.0592 -46.49896 2.91126
v 27.13503 -47.04196 1.590612
v 27.20374 -45.94785 0.233679
v 27.10773 -46.90062 -1.382847
v 26.23768 -46.64272 -3.828789
v 25.89388 -44.06072 -4.129866
v 27.18587 -44.27422 3.044261
v 27.13385 -43.56311 1.716488
v 27.15635 -41.86253 1.735198
v 20.24619 -8.346248 0.70317
v 20.6824 -10.49867 0.05136
v 19.57438 -11.7906 -3.085509
v 20.75423 -9.314596 1.896741
v 21.95733 -10.81054 1.859957
v 11.73242 -22.57143 -11.19168
v 15.92265 -21.50792 -9.798235
v 13.15645 -45.59062 -8.447935
v 16.125 -48.32989 -9.168119
v 23.89478 -74.58221 -6.836538
v 21.40426 -70.65168 -8.052889
v 19.69826 -73.96375 -8.633377
v 24.93576 -67.52006 -5.944947
v 21.91512 -63.69302 -7.739119
v 3.555727 -34.77723 -7.963885
v 4.965266 -87.90708 -3.705211
v 5.291312 -91.09178 -4.789587
v 4.177255 -79.89846 -3.519368
v 27.18065 -44.487 0.55017
v 27.11581 -43.95338 -0.86976
v 26.97388 -41.89314 -1.519048
v 26.71195 -43.41566 -2.558374
v 26.94867 -39.55569 -1.214614
v 27.10502 -37.97726 0.561137
v 9.977917 -10.33392 -7.586928
v 26.38011 -62.7705 3.243596
v 20.06542 -9.146873 6.992221
v 11.49773 -8.503015 -6.522963
v 25.27069 -20.34882 4.47228
v 0.3512203 -37.5476 -3.215952
v 1.994 -37.71935 -4.117266
v 25.99648 -42.31699 -3.83411
v 25.0677 -40.86051 -4.945014
v 25.41433 -38.51537 -4.229187
v 23.01368 -39.75229 -6.306608
v 20.66447 -38.09415 -7.932353
v 25.13581 -35.94836 -4.29823
v 22.92616 -34.74267 -6.253152
v 11.75173 -9.6675 -7.171013
v 13.96049 -11.13526 -6.082291
v 11.21444 -11.20867 -6.86067
v 12.77815 -10.10048 -6.115559
v 15.17939 -9.073134 -5.158977
v 9.535674 -11.9223 -7.807926
v 8.484464 -14.20061 -8.357859
v 7.71482 -11.15008 -7.748835
v 7.395551 -12.77302 -8.364105
v 5.906975 -14.37801 -8.724322
v 9.769394 -9.238218 -6.800015
v 8.045298 -8.587562 -7.261774
v 27.05454 -52.89474 2.483764
v 27.16834 -52.02683 0.800744
v 27.14204 -53.49806 -1.458065
v 26.47795 -55.34715 -3.774562
v 23.35255 -53.95081 -6.734113
v 27.18462 -51.44495 -1.176996
v 6.637099 -100.7669 -3.110377
v 7.020801 -99.20822 -1.372961
v 6.564271 -98.96453 -3.129144
v 5.895033 -98.04954 -5.263596
v 7.043464 -97.53777 0.287756
v 24.6541 -16.50541 0.56161
v 7.00749 -23.96359 -11.89205
v 25.41941 -48.81352 -5.134757
v 24.62348 -51.31707 -5.916593
v 21.5745 -51.69167 -7.453167
v 19.53057 -54.43627 -8.421225
v 19.53976 -49.4909 -8.456386
v 17.87792 -67.1905 -8.830079
v 5.215779 -34.55576 -8.920454
v 8.502221 -34.46423 -9.833087
v 6.905595 -35.56664 -8.745874
v 6.198956 -36.96864 -7.468421
v 5.644648 -38.43085 -6.04599
v 3.998793 -37.1619 -6.450611
v 16.07743 -56.27029 -9.123422
v 12.83022 -59.61537 -8.837788
v 9.210091 -35.77236 -8.832743
v 11.1708 -34.67433 -9.835189
v 14.31716 -35.31561 -9.191918
v 17.63875 -35.00274 -9.527997
v 9.341666 -37.39126 -8.404941
v 11.99801 -38.35836 -7.84627
v 9.711766 -38.84604 -7.500486
v 7.819534 -39.84491 -6.874533
v 16.12717 -37.08276 -9.2262
v 5.356162 -99.09782 2.296077
v 6.947201 -98.56574 1.419082
v 12.43109 -25.58916 -11.55145
v 14.55595 -27.60659 -10.95973
v 23.43055 -100.7336 -7.536703
v 23.36548 -99.25257 -7.615562
v 20.8548 -97.55638 -8.866353
v 23.91149 -97.26336 -7.050712
v 17.85625 -94.93899 -9.504702
v 21.98371 -98.7041 -8.517049
v 19.57531 -99.64749 -9.285951
v 22.59637 -97.37302 -8.147923
v 21.44699 -95.73904 -8.604227
v 21.89595 -93.72818 -8.342627
v 19.28195 -93.04657 -9.200708
v 18.90885 -90.96391 -9.230069
v 16.49518 -89.29972 -9.502779
v 11.66417 -90.20928 -9.212423
v 15.2509 -86.64536 -9.488013
v 21.14004 -89.30333 -8.514988
v 23.95558 -90.30605 -7.0192
v 26.31196 -30.24955 -2.463392
v 24.82149 -30.64587 -4.691398
v 24.33898 -32.96587 -5.022417
v 22.28424 -32.47042 -6.912609
v 19.54454 -30.78235 -8.883857
v 24.01906 -28.42918 -5.365186
v 21.14717 -27.30506 -7.594326
v 20.62536 -9.107103 5.842179
v 21.20874 -9.6741 4.768437
v 21.34887 -10.92214 3.561401
v 20.47441 -8.824336 4.412785
v 20.44953 -8.118698 3.382944
v 23.49295 -92.43918 -7.387361
v 26.6447 -71.22868 -1.781192
v 26.38886 -69.47427 -3.945973
v 26.62697 -66.55513 -3.434066
v 19.69935 -6.755904 5.249673
v 20.69035 -103.2049 -9.123837
v 13.866 -103.2169 -9.587728
v 10.44274 -103.2302 -9.173177
v 3.144204 -95.26232 2.755514
v 3.06353 -92.76235 2.690819
v 25.40653 -85.19076 -1.587064
v 1.511735 -58.71262 0.175489
v 3.825871 -79.92567 1.317625
v 4.361462 -78.95157 0.453982
v 4.300298 -79.37095 -1.548503
v 4.136794 -77.69823 -0.682052
v 9.943319 -30.76074 -11.49801
v 26.84405 -60.60611 2.237144
v 26.81647 -61.55566 1.165401
v 27.03109 -60.88241 -0.468251
v 27.00547 -62.51345 -1.526666
v 26.93667 -64.72607 -2.088741
v 27.10213 -59.25304 -1.18921
v 26.59987 -58.60722 -3.55181
v 25.17726 -60.6997 -5.607731
v 25.00628 -42.95416 -5.195883
v 23.22958 -44.00224 -6.361773
v 22.10647 -45.76693 -6.956594
v 19.60799 -46.91273 -8.4331
v 21.46335 -42.71463 -7.215874
v 17.46945 -45.01293 -9.159217
v 19.52601 -42.77905 -8.530124
v 17.7116 -41.6581 -9.140707
v 17.98227 -39.81633 -9.17907
v 7.194115 -98.95695 0.045877
v 7.389509 -100.6191 -0.409719
v 23.33808 -47.37338 -6.441815
v 21.3472 -47.83143 -7.482087
v 6.416365 -103.2895 -5.599181
v 14.78719 -5.826826 -5.352943
v 19.04146 -5.783676 -1.207518
v 18.48366 -8.66899 -2.667857
v 6.823041 -101.9791 -7.140137
v 6.34857 -100.1665 -6.364161
v 8.439548 -101.9514 -8.487843
v 9.435508 -100.122 -8.864077
v 10.80274 -97.87412 -9.191605
v 8.902083 -95.79133 -8.602119
v 10.35998 -93.03162 -9.017689
v 14.10201 -97.65657 -9.558666
v 3.64626 -74.8642 -1.755841
v 3.417838 -72.91478 -1.636927
v 3.400292 -71.36437 -3.072789
v 3.398612 -68.35207 -3.514371
v 3.859359 -75.37801 -3.63835
v 4.385855 -77.64721 -4.386754
v 4.739299 -74.26389 -5.098984
v 5.914696 -76.36716 -6.30111
v 5.177249 -72.43207 -5.593087
v 7.584138 -71.53217 -7.251711
v 10.74101 -72.36448 -8.721297
v 14.18025 -74.13983 -9.273096
v 6.991913 -69.14262 -6.753773
v 8.837826 -67.3304 -7.784522
v 12.83386 -67.67699 -9.0265
v 7.633584 -65.2803 -7.014235
v 8.859491 -62.83938 -7.609106
v 12.13468 -62.95328 -8.685504
v 13.62872 -65.1359 -9.09523
v 26.62522 -35.64712 4.926403
v 3.168086 -73.59424 1.02692
v 3.435567 -72.60146 0.00028
v 25.31741 -90.83042 -3.502625
v 25.024 -91.14468 -5.339925
v 16.75976 -12.45919 -5.529752
v 26.49246 -73.34242 -3.130343
v 15.4679 -41.1004 -9.068696
v 13.57436 -42.1354 -8.410212
v 13.8473 -43.88968 -8.639053
v 25.15069 -18.26336 3.259534
v 25.57331 -19.21407 1.519698
v 24.94263 -16.86138 2.3935
v 22.9097 -103.2003 -1.619974
v 26.23743 -72.59825 0.88325
v 26.44067 -71.95684 -0.47136
v 26.55677 -70.3503 -0.437408
v 26.56016 -72.67338 -1.721703
v 26.5014 -74.01777 -1.947556
v 26.32404 -75.32395 -3.46932
v 26.21419 -75.24276 -0.886559
v 25.77497 -74.01434 -4.989714
v 26.59709 -71.99834 -2.904314
v 26.64788 -70.57433 -3.050915
v 26.13304 -70.80494 -4.393714
v 24.38364 -69.99116 -6.441469
v 25.54932 -69.6988 -5.267633
v 25.87821 -68.26405 -4.800563
v 22.35744 -68.20821 -7.592025
v 26.75489 -69.23966 -2.57575
v 26.80172 -67.74125 -2.527926
v 26.83219 -66.6126 -0.811619
v 25.87543 -66.74994 -4.831697
v 24.3364 -65.0085 -6.370478
v 26.19313 -65.1172 -4.328047
v 25.61997 -75.92941 -5.223621
v 26.26795 -72.48455 -4.053528
v 3.099307 -12.00088 -8.197332
v 5.124509 -11.34798 -7.728322
v 3.215885 -13.71002 -8.70816
v 4.340963 -82.64253 1.33781
v 3.670178 -76.35089 0.957418
v 11.93229 -87.63151 -9.25589
v 8.221325 -86.24464 -8.142611
v 8.883049 -88.75453 -8.483867
v 23.64837 -72.23408 -6.952894
v 4.785797 -13.70316 -8.685598
v 5.824856 -12.78253 -8.436172
v 5.973416 -103.353 2.345205
v 7.832878 -103.2092 0.503999
v 1.14574 -54.08676 0.203811
v 2.238357 -65.08335 0.426117
v 25.38802 -82.35404 0.129464
v 3.860031 -52.02603 -3.829959
v 5.612691 -51.57516 -5.161626
v 6.637979 -53.06176 -5.923316
v 7.442639 -54.71881 -6.474229
v 7.896739 -56.86971 -6.828872
v 9.92306 -58.64968 -7.831383
v 9.724422 -54.91923 -7.500584
v 11.62281 -53.5389 -8.284758
v 14.40188 -54.35498 -8.98238
v 7.842949 -51.63081 -6.474424
v 9.973698 -51.41678 -7.440525
v 11.16026 -49.96598 -7.907055
v 13.887 -49.76748 -8.848999
v 10.06705 -56.70484 -7.768683
v 12.32967 -57.62081 -8.607746
v 15.04251 -58.2439 -9.103359
v 15.98541 -60.65118 -9.117563
v 19.03813 -62.10989 -8.475372
v 22.2917 -60.89003 -7.483783
v 18.81015 -64.69593 -8.571871
v 22.30929 -14.7581 6.413809
v 5.981623 -90.49411 -0.547291
v 5.829191 -91.47096 -2.596485
v 27.15952 -48.61296 -1.135173
v 19.34919 -96.27075 -9.262579
v 16.96067 -96.5953 -9.637314
v 15.02103 -95.09654 -9.611736
v 12.99827 -93.6794 -9.414444
v 4.419788 -81.14754 -2.137561
v 4.417467 -81.72852 -3.919282
v 5.092437 -80.41295 -5.297962
v 4.555398 -83.55555 -3.930554
v 5.471229 -85.09666 -5.730895
v 6.299493 -81.41706 -6.613919
v 8.078429 -80.67593 -7.91813
v 8.984431 -77.88532 -8.269719
v 6.677843 -83.33356 -6.976515
v 10.35954 -81.24886 -8.901818
v 11.63584 -79.04355 -9.155713
v 11.74866 -83.01297 -9.216881
v 14.57852 -82.93451 -9.403489
v 16.63885 -80.81767 -9.223883
v 8.121496 -84.40681 -8.056051
v 15.18217 -45.14743 -9.076769
v 14.68273 -46.89061 -8.975859
v 17.08175 -46.72975 -9.16368
v 6.760206 -11.95282 -8.111812
v 4.152908 -50.53589 -4.123881
v 14.91417 -84.79018 -9.433353
v 6.788017 -85.41446 -7.096436
v 6.820874 -87.02338 -7.157085
v 6.695257 -89.17796 -7.085918
v 17.07697 -85.53664 -9.350326
v 19.72078 -84.74544 -8.841429
v 21.82882 -86.03426 -8.153769
v 19.47915 -82.68652 -8.846265
v 21.76494 -82.0908 -8.099377
v 22.42321 -80.26815 -7.700752
v 24.10683 -79.23192 -6.711112
v 25.45986 -80.01553 -5.348057
v 25.64656 -82.13715 -4.989054
v 25.24888 -84.92839 -5.510004
v 24.35418 -83.20908 -6.555044
v 25.94704 -78.52918 -4.439268
v 20.90466 -78.97038 -8.35919
v 18.57855 -77.4938 -8.894163
v 16.79275 -75.54129 -9.101006
v 18.53577 -79.31384 -8.930079
v 23.43636 -77.63838 -7.116138
v 22.89841 -76.01352 -7.403794
v 20.84264 -75.52302 -8.299507
v 21.98825 -73.96458 -7.857057
v 20.86235 -72.40353 -8.259402
v 18.51591 -71.0376 -8.85107
v 16.82326 -69.23357 -9.068109
v 19.74192 -68.88469 -8.52682
v 17.12271 -72.93986 -9.062225
v 5.269629 -93.99571 1.989487
v 23.34813 -101.1071 -1.758111
v 23.72998 -100.217 -2.872385
v 23.90927 -98.75839 -2.719601
v 24.49483 -97.85973 -3.904577
v 24.57555 -96.24359 -3.296106
v 24.61725 -98.13906 -5.327668
v 4.349444 -65.75903 -4.631129
v 2.423506 -67.34198 0.702765
v 2.856645 -68.14887 -0.937788
v 2.690084 -66.66382 -1.835176
v 26.79917 -38.877 3.635133
v 27.21332 -39.34038 2.195303
v 26.74154 -37.16184 3.718375
v 27.26739 -36.3691 2.156135
v 27.0683 -35.68309 0.017711
v 26.67315 -34.24142 -1.768195
v 2.024523 -42.92148 -2.590601
v 3.075634 -43.88651 -3.437601
v 3.906509 -40.21918 -4.640085
v 25.80669 -77.50937 0.613506
v 26.92733 -55.21633 2.493231
v 27.14947 -55.47304 0.965302
v 27.21519 -54.49191 -0.251808
v 27.07213 -55.32962 -1.940078
v 27.18569 -56.03422 -0.48437
v 26.8501 -56.91491 -2.855907
v 11.33356 -14.741 -8.279848
v 13.80908 -13.56462 -7.219144
v 13.81604 -15.62599 -8.233209
v 16.2236 -16.60121 -7.989405
v 18.67644 -15.75318 -6.488483
v 18.50391 -17.88901 -7.610455
v 21.08984 -17.43491 -5.845879
v 22.6002 -19.36148 -5.000285
v 18.97468 -13.76994 -5.144152
v 20.89918 -13.50938 -3.317903
v 22.67565 -15.02426 -2.553372
v 17.81825 -19.75916 -8.497015
v 19.47949 -21.8385 -8.130563
v 17.87558 -23.78652 -9.289057
v 19.11223 -25.86613 -8.860894
v 15.90312 -29.6676 -10.4129
v 20.99066 -10.60241 4.642272
v 19.24339 -10.1519 -2.132457
v 3.312457 -71.36362 -0.434132
v 3.055047 -70.24844 0.308695
v 3.242575 -71.56715 -1.755679
v 2.97101 -69.28597 -0.462423
v 2.982085 -69.1522 -1.743574
v 2.886497 -67.92291 -2.246304
v 3.233588 -66.84983 -3.292571
v 4.256693 -67.3691 -4.623631
v 3.152829 -70.18543 -2.535237
v 3.758403 -70.15395 -4.051706
v 4.628195 -68.95003 -4.963402
v 4.127447 -71.56551 -4.442221
v 10.36624 -60.89323 -8.136483
v 7.84425 -60.9283 -7.004216
v 21.38612 -66.00181 -8.001399
v 14.06911 -69.44523 -9.165454
v 12.72587 -71.11688 -9.095891
v 13.84968 -17.32865 -9.006795
v 13.29395 -19.03071 -9.795176
v 12.98411 -20.8559 -10.51849
v 14.96297 -100.1558 -9.664857
v 12.13822 -101.5258 -9.394661
v 10.73446 -100.8462 -9.206548
v 13.54052 -100.8339 -9.547784
v 26.79868 -51.66202 4.049476
v 2.317655 -45.91133 -2.375297
v 1.044363 -47.4824 -0.193621
v 26.16997 -78.98183 -2.124816
v 27.12189 -48.31966 1.43939
v 27.24248 -48.92745 0.37186
v 8.462395 -10.12482 -7.126907
v 6.760944 -34.22939 -9.728154
v 7.814298 -32.78218 -10.8422
v 9.848276 -85.2462 -8.782996
v 10.05363 -86.84609 -8.850105
v 9.780953 -83.72518 -8.722358
v 18.24454 -48.03173 -8.939199
v 17.53813 -49.50035 -9.03917
v 18.57656 -50.90481 -8.807705
v 18.92264 -52.68928 -8.624604
v 17.06706 -54.02055 -9.107421
v 20.84902 -53.19351 -7.89069
v 21.54199 -54.82547 -7.522296
v 23.68097 -56.10169 -6.698903
v 22.90526 -58.47077 -7.175596
v 20.18416 -56.02462 -8.183832
v 21.71164 -57.08419 -7.517439
v 18.27051 -56.625 -8.84558
v 17.63262 -58.43312 -8.968958
v 19.75717 -59.90231 -8.28758
v 25.19445 -54.85743 -5.507779
v 23.64616 -85.2258 -7.064468
v 27.25185 -53.08969 -0.117116
v 15.1003 -20.0115 -9.644521
v 20.34099 -50.76868 -8.118961
v 21.18119 -49.55573 -7.642623
v 22.27142 -50.49129 -7.063528
v 23.14285 -51.63472 -6.698301
v 24.29484 -52.74712 -6.205467
v 23.79166 -50.19373 -6.339832
v 25.16107 -50.11966 -5.425854
v 26.22098 -49.83217 -4.08787
v 26.81604 -50.80652 -2.743982
v 25.83 -51.31104 -4.762012
v 25.59165 -52.71785 -5.094911
v 26.24293 -53.84821 -4.144253
v 22.42211 -52.82915 -7.06682
v 24.17615 -48.94976 -6.06696
v 24.6835 -47.76538 -5.679306
v 25.802 -47.6177 -4.65399
v 26.48142 -47.92818 -3.436194
v 25.47288 -46.38155 -4.965143
v 25.42471 -45.05898 -4.926843
v 26.21052 -45.31548 -3.761847
v 26.72494 -46.02551 -2.749844
v 26.95185 -47.93881 -2.208235
v 26.84944 -53.35481 -2.868714
v 24.38334 -44.5489 -5.702374
v 26.90244 -52.0896 -2.616473
v 24.06447 -88.65598 0.937183
v 24.2169 -86.18616 1.149748
v 27.01339 -57.77856 2.317101
v 24.02227 -102.0013 -4.264904
v 18.85723 -36.75918 -8.85472
v 21.02933 -36.05425 -7.720203
v 26.79363 -62.77348 0.784018
v 26.97665 -62.63405 -0.36688
v 25.15179 -17.86381 0.970441
v 24.90753 -17.57928 -0.498017
v 23.94386 -16.12868 -1.382434
v 24.46196 -18.56907 -2.149889
v 22.16753 -103.168 -0.746482
v 25.00397 -66.17032 -5.876872
v 23.40311 -66.75211 -7.031591
v 25.43871 -65.06403 -5.429922
v 24.97462 -63.29815 -5.845871
v 5.513095 -92.92535 -3.969168
v 6.027387 -92.84734 -6.253348
v 7.719381 -93.54634 -7.976449
v 5.739057 -94.73558 -3.760367
v 5.993471 -96.57479 -3.725767
v 16.2799 -93.51795 -9.616713
v 12.3254 -91.94522 -9.318926
v 14.11471 -90.6505 -9.50058
v 13.37209 -89.00814 -9.431592
v 10.26401 -91.43321 -8.964681
v 8.689055 -92.29944 -8.469547
v 9.732804 -90.03902 -8.798076
v 10.75654 -88.8049 -9.055215
v 7.962423 -89.98637 -8.094712
v 2.738104 -87.76186 2.537751
v 7.13579 -101.5907 1.751071
v 1.525281 -51.25513 -0.889404
v 22.37649 -13.58493 5.250237
v 6.673102 -95.60406 -0.407889
v 6.544952 -96.07028 1.34992
v 26.75043 -62.11535 -3.175753
v 26.3998 -60.48219 -4.005583
v 26.04929 -61.88913 -4.626713
v 25.7525 -59.20963 -4.976178
v 24.37814 -59.31944 -6.272923
v 25.53664 -20.31193 0.167027
v 25.10041 -20.14081 -1.415515
v 25.02167 -21.47051 -1.951283
v 24.36347 -21.94902 -3.351101
v 23.41163 -22.61236 -4.720037
v 23.45146 -24.36827 -4.937348
v 22.20983 -23.43022 -6.16096
v 23.45645 -21.06197 -4.431201
v 22.30448 -25.10372 -6.351313
v 24.55853 -25.38716 -3.827275
v 24.77829 -26.99156 -4.028739
v 25.665 -26.64121 -2.634028
v 26.32767 -27.61725 -1.576413
v 21.02433 -22.41114 -7.053158
v 21.05982 -20.86241 -6.726235
v 24.9387 -22.69002 -2.380364
v 25.44188 -23.86984 -1.637838
v 25.8053 -23.5479 -0.253964
v 25.86175 -22.33022 0.315119
v 25.60258 -21.41147 -0.462677
v 22.38293 -26.61391 -6.476857
v 22.59081 -28.14638 -6.62789
v 21.1347 -29.10328 -7.850108
v 21.05188 -25.80703 -7.473014
v 26.7636 -27.64447 -0.236251
v 27.07982 -28.65716 0.480075
v 27.25241 -30.22305 0.164081
v 27.48623 -31.39307 1.545035
v 26.87984 -66.47848 -2.126757
v 3.494751 -53.45278 -3.549247
v 4.254929 -54.75361 -4.234545
v 3.794638 -56.27002 -3.881828
v 5.046644 -57.58375 -4.987234
v 2.599604 -56.58398 -2.56493
v 4.299786 -59.22613 -4.39611
v 5.676717 -59.98394 -5.539875
v 5.841953 -61.58157 -5.715342
v 4.735955 -62.488 -4.851124
v 3.292973 -62.12083 -3.552094
v 2.486804 -61.75255 -2.173375
v 2.071703 -60.83706 -1.093982
v 5.563689 -54.47722 -5.235084
v 7.159719 -62.20825 -6.593038
v 7.45351 -63.64507 -6.88396
v 8.931115 -64.31634 -7.671537
v 6.317452 -64.59319 -6.150485
v 10.38528 -63.51646 -8.257029
v 11.84768 -64.3448 -8.707124
v 13.51382 -63.80067 -9.001534
v 13.91676 -62.37665 -9.093849
v 12.27567 -61.38585 -8.746575
v 15.12182 -64.38626 -9.183359
v 15.76466 -66.17355 -9.129601
v 17.04197 -64.13124 -8.896712
v 11.9836 -65.68224 -8.749115
v 10.4788 -66.66091 -8.417798
v 10.38978 -68.22948 -8.439988
v 11.76879 -69.49338 -8.901413
v 13.39938 -66.43439 -9.092328
v 14.83199 -67.45971 -9.16338
v 17.48879 -62.79726 -8.905674
v 17.51737 -61.43684 -8.94062
v 17.83641 -59.94152 -8.918516
v 17.30444 -65.45807 -8.84045
v 19.02186 -66.07738 -8.636385
v 19.86483 -67.41352 -8.517653
v 18.98184 -63.40652 -8.490723
v 20.64795 -62.79501 -8.21594
v 20.67619 -61.37838 -8.147471
v 22.27023 -62.30704 -7.559568
v 23.93192 -61.6472 -6.627159
v 23.54457 -63.28067 -6.917768
v 20.43005 -64.1648 -8.319491
v 10.71848 -62.20075 -8.252952
v 15.90428 -61.90236 -9.100141
v 21.62323 -64.84258 -7.886095
v 23.09065 -64.51527 -7.188102
v 5.157444 -64.11198 -5.279285
v 5.360258 -65.28896 -5.460033
v 6.399188 -65.81052 -6.284166
v 7.331151 -66.95369 -6.886778
v 9.095104 -66.01138 -7.806597
v 16.18894 -59.31209 -9.081135
v 14.5675 -59.86493 -9.045335
v 14.32614 -61.13148 -9.061023
v 6.915497 -50.33983 -5.941981
v 7.539968 -48.94095 -6.133252
v 8.992117 -47.54236 -6.697747
v 19.90474 -94.80761 -9.097716
v 11.31402 -18.24339 -9.805422
v 9.290012 -17.52381 -9.720413
v 9.30849 -15.93388 -9.000516
v 8.99941 -18.931 -10.34094
v 8.570462 -20.43374 -10.9268
v 10.50516 -21.27329 -11.01687
v 9.353391 -22.64128 -11.55603
v 10.60282 -24.11111 -11.69658
v 12.9532 -23.89729 -11.26699
v 14.10951 -22.49983 -10.607
v 16.14117 -23.04408 -10.04899
v 17.67774 -22.17462 -9.145979
v 9.389928 -101.2013 -8.864952
v 5.606748 -94.06635 -5.232118
v 6.481486 -94.74439 -6.851254
v 6.517851 -96.60138 -6.836002
v 6.342988 -95.40296 -2.356238
v 27.48981 -32.81811 1.01283
v 27.18482 -34.08193 0.082155
v 27.61676 -33.04691 2.482924
v 2.572586 -53.89003 -2.515671
v 1.876177 -53.20591 -1.47184
v 2.19447 -54.91449 -1.96902
v 1.752361 -55.5366 -1.103021
v 1.956665 -56.62559 -1.49889
v 2.266668 -57.74173 -2.086514
v 2.307797 -58.99333 -2.123936
v 3.14115 -59.35246 -3.309213
v 3.289251 -60.71952 -3.510869
v 1.361091 -55.12167 -0.149203
v 1.99679 -59.63074 -1.128978
v 1.729474 -57.3928 -0.766566
v 18.91038 -60.91386 -8.518999
v 25.40341 -73.87652 2.389389
v 15.98518 -7.363282 -4.697174
v 16.42001 -8.368003 -4.458107
v 17.47174 -8.459236 -3.548969
v 18.24725 -7.527188 -2.710776
v 14.73948 -8.069714 -5.384892
v 17.7472 -9.425943 -3.435765
v 18.26657 -10.81392 -3.522875
v 18.33035 -12.1178 -4.413881
v 18.64524 -9.604192 -2.71471
v 19.14573 -8.958282 -1.780651
v 19.32832 -7.91197 -1.306055
v 17.11329 -11.31781 -4.701108
v 15.60418 -10.784 -5.241308
v 15.25737 -11.95149 -5.969875
v 15.52673 -13.20788 -6.500013
v 17.2337 -13.73648 -6.069408
v 13.67577 -12.34993 -6.677151
v 19.5406 -12.88725 -4.014006
v 27.19031 -28.75855 2.666096
v 26.85438 -27.39338 2.664911
v 24.50441 -93.93882 -2.110947
v 27.04966 -50.00331 3.038595
v 24.5862 -17.83851 4.707021
v 6.939458 -100.2615 -2.008515
v 25.19322 -70.87656 -5.715574
v 24.77104 -71.95167 -6.125265
v 24.52979 -73.33855 -6.340748
v 23.99101 -71.1029 -6.72212
v 22.9191 -70.12512 -7.349957
v 22.66587 -71.35576 -7.498881
v 22.34305 -72.54075 -7.673785
v 21.68305 -69.37065 -7.929948
v 23.55646 -68.96356 -6.974567
v 24.81743 -68.79712 -6.076411
v 23.27482 -73.47788 -7.183074
v 24.46485 -75.94692 -6.445637
v 25.0558 -74.85104 -5.859411
v 24.8891 -95.31911 -4.459376
v 24.56352 -95.53849 -6.080641
v 24.99529 -93.81414 -4.523848
v 25.1501 -92.32996 -4.442808
v 24.27794 -94.14835 -6.625079
v 26.02785 -80.55578 -2.067589
v 25.99956 -81.6875 -3.25996
v 6.056079 -94.96685 1.608306
v 6.722609 -95.09447 0.596496
v 6.444152 -94.17748 -0.493613
v 6.164011 -92.67096 -1.061454
v 23.68317 -19.79009 -3.913848
v 23.37555 -18.56734 -3.943718
v 22.37227 -17.55517 -4.587774
v 22.606 -16.22802 -3.672759
v 26.97526 -30.72735 -1.159055
v 26.81837 -32.13676 -1.647558
v 9.370599 -61.74611 -7.782168
v 6.49123 -67.96871 -6.421483
v 7.762419 -68.14687 -7.249763
v 8.273924 -69.29047 -7.581385
v 8.515889 -70.55223 -7.736349
v 10.09713 -71.05946 -8.420209
v 8.997745 -72.19399 -8.029099
v 9.626125 -73.67244 -8.350364
v 7.990642 -74.9872 -7.60823
v 11.8213 -73.87968 -9.022079
v 12.63017 -75.66225 -9.197997
v 7.612943 -72.97593 -7.327535
v 5.73692 -68.96347 -5.916404
v 6.149404 -70.19682 -6.260287
v 5.210679 -67.93175 -5.433111
v 10.84623 -76.8762 -8.896549
v 13.08191 -77.34444 -9.281544
v 13.87666 -78.86275 -9.385069
v 16.0917 -79.23212 -9.212952
v 5.769768 -71.3634 -6.010044
v 6.444671 -72.44996 -6.503176
v 13.28646 -72.67032 -9.184312
v 14.60335 -76.25529 -9.310406
v 14.71124 -80.31466 -9.361013
v 15.139 -81.63816 -9.365119
v 17.03599 -82.30696 -9.239905
v 18.46576 -81.34303 -9.012012
v 7.280401 -70.43504 -7.026853
v 21.6298 -16.52385 -4.855082
v 20.22859 -16.2693 -5.866699
v 19.67539 -17.27449 -6.673292
v 20.2732 -18.35665 -6.635779
v 21.6534 -18.59017 -5.738004
v 18.37745 -16.76267 -7.219409
v 21.63726 -19.77773 -6.116255
v 22.48022 -20.55168 -5.382956
v 17.3717 -15.96107 -7.272771
v 17.66957 -14.94744 -6.613656
v 18.93943 -14.76629 -5.797083
v 20.0579 -14.45153 -4.874417
v 21.03986 -14.43835 -3.955552
v 21.87197 -14.17519 -2.855791
v 22.58978 -13.95976 -1.343657
v 21.55154 -13.08791 -1.947669
v 20.6874 -11.74191 -1.598803
v 21.91809 -15.26316 -3.715731
v 22.63055 -13.26193 0.054467
v 23.12399 -13.6949 1.32661
v 23.86296 -14.84942 1.163491
v 24.42159 -15.76417 1.877007
v 24.12842 -15.72658 3.475313
v 17.25973 -17.35286 -7.952146
v 17.24651 -18.42079 -8.312897
v 22.29231 -12.16789 0.745498
v 21.47146 -11.40514 0.274143
v 22.87967 -13.27202 2.734891
v 22.62554 -12.13971 3.266739
v 24.07092 -15.49166 -0.101448
v 21.82531 -11.62399 2.592946
v 19.20056 -18.81563 -7.50351
v 8.209367 -62.00465 -7.25112
v 26.72894 -65.05769 0.564009
v 26.91588 -64.87986 -0.757766
v 26.97667 -63.74929 -1.302152
v 26.89655 -63.43853 -2.678979
v 26.68027 -64.50993 -3.298886
v 26.81431 -65.56801 -2.862857
v 20.28194 -9.416232 0.021678
v 20.03676 -10.23593 -1.032683
v 19.90538 -11.02383 -1.988998
v 6.892106 -98.09056 -0.825621
v 6.771046 -96.84669 -0.735788
v 6.671288 -98.19727 -2.052714
v 6.423338 -97.51817 -3.035975
v 6.036179 -97.65966 -4.164326
v 6.162326 -98.90263 -4.355177
v 5.796714 -96.85808 -5.05514
v 6.023904 -99.2598 -5.542995
v 6.404924 -98.34328 -6.644539
v 7.076727 -99.4234 -7.532228
v 8.421415 -99.03741 -8.434046
v 8.994353 -97.71715 -8.670534
v 7.938023 -96.79584 -8.162466
v 7.403362 -95.52868 -7.774195
v 10.03651 -96.71434 -9.01185
v 10.52156 -95.45982 -9.104616
v 9.257497 -94.29772 -8.72456
v 11.62491 -94.47375 -9.260108
v 11.72387 -96.82362 -9.302
v 13.36245 -96.57752 -9.453298
v 15.15173 -96.60719 -9.641892
v 12.46473 -97.90277 -9.400165
v 13.65543 -99.06461 -9.514544
v 11.5915 -98.97213 -9.321708
v 9.936141 -98.91593 -8.999423
v 15.81011 -97.74258 -9.680162
v 15.77063 -99.01814 -9.698277
v 17.50465 -99.83691 -9.666581
v 6.072113 -97.28889 -6.043334
v 5.996901 -96.33625 -5.997746
v 6.062373 -95.40418 -6.221844
v 6.724102 -100.9385 -7.022398
v 6.318663 -101.1653 -6.038527
v 6.128743 -100.397 -5.385756
v 5.233389 -78.72704 -5.564609
v 6.44621 -77.91907 -6.691524
v 7.62221 -76.6572 -7.44694
v 7.644851 -78.6942 -7.561594
v 9.135439 -79.42057 -8.418413
v 5.461743 -89.3578 -5.460287
v 5.173708 -89.66674 -3.748027
v 6.089405 -90.72992 -6.429629
v 27.08788 -56.78214 0.637305
v 26.18688 -56.8147 -4.365076
v 14.55928 -31.43615 -10.59865
v 17.24196 -31.55381 -9.828904
v 12.87782 -33.11742 -10.51375
v 19.03671 -32.60185 -8.860985
v 21.28559 -30.68084 -7.807441
v 20.54504 -31.89547 -8.265687
v 19.73597 -28.04166 -8.655302
v 18.77803 -29.32774 -9.228828
v 23.38406 -65.61853 -7.040232
v 16.23807 -9.373053 -4.599631
v 15.19219 -72.94895 -9.241764
v 16.16574 -74.186 -9.17624
v 17.9877 -74.49141 -8.927155
v 18.87219 -75.90594 -8.838076
v 13.73481 -95.57144 -9.491727
v 13.8105 -94.53545 -9.496816
v 14.62315 -93.5058 -9.573371
v 13.6104 -92.61867 -9.473693
v 15.11679 -92.47118 -9.595633
v 14.19936 -91.67924 -9.520633
v 1.148597 -30.93251 -10.66654
v 24.11797 -19.04263 6.13232
v 2.312853 -81.51445 2.280353
v 0.5346371 -40.5237 -0.928691
v 25.99748 -74.99177 0.870004
v 25.55493 -21.32934 4.127256
v 4.593059 -14.6375 -8.916916
v 5.195762 -15.75796 -9.217978
v 5.249148 -16.9443 -9.68811
v 5.402234 -18.02974 -10.13314
v 5.847507 -19.05905 -10.49775
v 7.182758 -19.76323 -10.72166
v 6.706947 -20.82807 -11.09982
v 5.64182 -21.72837 -11.38189
v 6.271599 -22.8554 -11.65037
v 3.863367 -16.42329 -9.548512
v 6.758605 -17.2628 -9.747612
v 8.173702 -16.69885 -9.430481
v 12.74233 -47.08335 -8.382651
v 10.9821 -46.80195 -7.552489
v 11.40351 -45.31406 -7.63175
v 10.07508 -44.1918 -6.947688
v 8.156722 -44.73621 -6.121543
v 13.87451 -48.26778 -8.820455
v 9.706673 -42.65821 -6.688467
v 7.906451 -46.29776 -6.103748
v 11.04699 -41.70058 -7.186244
v 10.88785 -40.26089 -7.175992
v 4.220204 -49.2219 -4.150377
v 3.380595 -49.83932 -3.411849
v 15.69054 -49.62362 -9.147292
v 14.9723 -51.06348 -9.084225
v 14.8272 -52.72038 -8.995162
v 16.7514 -50.60865 -9.128182
v 20.22949 -52.00616 -8.172085
v 26.51296 -44.38571 -3.139159
v 25.89413 -64.22829 -4.86362
v 8.76111 -91.02503 -8.481731
v 1.905583 -61.40824 -0.00675
v 18.24582 -20.99279 -8.575348
v 19.65582 -20.63782 -7.685141
v 16.84578 -20.6182 -9.160023
v 12.63773 -11.56704 -6.676873
v 12.40229 -12.48928 -7.091004
v 12.15087 -13.63444 -7.600905
v 13.05661 -14.58613 -7.886998
v 14.66154 -14.48076 -7.43685
v 21.04148 -68.38299 -8.164063
v 21.50583 -67.22089 -7.971167
v 27.06436 -32.97552 -0.628422
v 20.68326 -12.53273 -2.613706
v 25.30942 -56.22132 -5.419618
v 22.49897 -66.19974 -7.489632
v 0.6112185 -35.71216 -2.687775
v 0.7794943 -34.38602 -5.558933
v 24.90791 -87.42763 -0.455924
v 0.5134033 -43.45596 0.041693
v 26.70634 -69.8006 -1.507277
v 4.773764 -103.5073 2.772712
v 9.957805 -48.95306 -7.260485
v 7.995577 -87.60774 -8.072252
v 25.64122 -34.18918 -3.557313
v 4.396707 -41.67883 -4.747851
v 5.939715 -42.27194 -5.225952
v 5.965338 -43.4586 -5.092505
v 5.269853 -44.48139 -4.739849
v 5.006338 -45.62061 -4.620445
v 5.972398 -46.57137 -5.206183
v 4.437687 -46.70338 -4.256074
v 3.302076 -46.69665 -3.388524
v 6.978 -44.19375 -5.576656
v 5.497408 -47.70911 -4.984811
v 3.307694 -47.78031 -3.351909
v 16.67192 -26.12082 -10.16097
v 17.52739 -55.35927 -9.005756
v 15.85189 -55.03308 -9.130005
v 14.09898 -55.8292 -8.971267
v 27.13185 -50.02313 -1.531848
v 27.22937 -49.59517 -0.51271
v 27.24204 -50.64934 -0.490008
v 27.24907 -51.63623 -0.159071
v 24.19084 -43.5466 -5.775162
v 23.26504 -42.98608 -6.298423
v 5.27401 -96.43787 2.159701
v 26.02806 -26.15369 -1.427085
v 25.91936 -25.03926 -1.00643
v 1.939785 -52.07472 -1.629521
v 2.103158 -50.96731 -1.920078
v 14.03669 -8.969966 -5.740574
v 14.25733 -9.989232 -5.643221
v 24.61127 -92.91702 -1.844267
v 24.74577 -91.89801 -2.019197
v 20.4289 -69.85512 -8.355622
v 18.86335 -69.87283 -8.766914
v 19.99876 -70.93404 -8.480797
v 19.39196 -72.02733 -8.662216
v 17.41682 -70.25465 -8.940774
v 16.98399 -71.36391 -9.009925
v 15.90834 -70.12573 -9.1583
v 18.25871 -68.85386 -8.859344
v 17.07733 -68.13889 -8.961846
v 15.55417 -68.5069 -9.171539
v 16.38824 -67.17027 -9.079379
v 16.00887 -72.10803 -9.143566
v 14.57751 -72.01715 -9.224367
v 17.14107 -66.40194 -8.903708
v 23.53971 -67.85468 -6.969238
v 13.04064 -79.9571 -9.325405
v 11.67543 -80.59937 -9.177999
v 10.28019 -80.0931 -8.884145
v 9.266892 -80.71503 -8.497703
v 9.22506 -81.74159 -8.511829
v 10.42897 -82.40934 -8.911923
v 11.77655 -81.86604 -9.209518
v 13.21363 -82.34127 -9.364375
v 10.7436 -99.80678 -9.192471
v 7.842903 -23.04709 -11.69772
v 8.822788 -24.00367 -11.90928
v 3.073021 -100.2681 2.897691
v 27.39192 -34.98616 2.650969
v 25.1744 -84.85399 -0.08276
v 5.069705 -84.35206 -1.568873
v 27.04115 -61.78447 -0.865003
v 26.93232 -61.69712 0.153387
v 5.128586 -66.27253 -5.30104
v 8.06872 -100.1488 -8.249719
v 15.12736 -75.12107 -9.256497
v 8.294808 -42.03589 -6.113082
v 7.825025 -40.9112 -6.314108
v 14.65854 -57.01658 -9.078082
v 13.19871 -56.72454 -8.82462
v 13.69884 -57.81868 -8.964745
v 13.85397 -58.86873 -9.009362
v 26.33185 -59.07726 3.696175
v 0.3639533 -41.19066 2.581018
v 24.95499 -78.81031 1.988104
v 24.69307 -81.27023 1.737284
v 1.825385 -75.26354 2.049588
v 3.597154 -9.096778 -8.222779
v 5.031009 -8.198717 -8.032471
v 4.757515 -9.918604 -7.904279
v 6.373668 -8.778432 -7.659435
v 27.13347 -41.58837 0.34723
v 27.07496 -40.45787 -0.288857
v 27.07095 -39.18263 0.037127
v 26.93036 -38.00837 -0.98694
v 26.43211 -38.55606 -2.62532
v 26.94926 -40.71639 -1.427976
v 26.65613 -39.95092 -2.311171
v 26.11534 -39.48754 -3.330769
v 25.64161 -40.20284 -4.130328
v 24.73523 -39.47485 -5.152092
v 25.75355 -41.28109 -4.088294
v 25.23359 -41.93491 -4.863016
v 26.7084 -41.23818 -2.354206
v 26.69898 -42.32316 -2.497583
v 25.90582 -37.19966 -3.387623
v 24.49173 -38.23215 -5.2503
v 24.55585 -36.93121 -5.060742
v 23.45247 -36.06749 -5.872273
v 24.24258 -34.92444 -5.141575
v 22.19854 -36.75039 -6.781764
v 22.09492 -38.28132 -6.822051
v 21.12515 -39.74467 -7.493221
v 23.4129 -38.66125 -6.004663
v 22.00426 -41.11407 -6.872226
v 19.7607 -39.31694 -8.542157
v 18.31256 -38.27049 -9.041983
v 27.14837 -38.95322 1.136243
v 27.22289 -37.93466 1.744559
v 27.15788 -36.91943 1.109963
v 27.02815 -36.93227 -0.140575
v 27.29242 -35.76877 1.159323
v 26.85987 -36.18373 -0.976469
v 26.62203 -35.38956 -1.793263
v 26.01922 -35.68369 -3.085078
v 26.91054 -34.86639 -0.798649
v 26.81756 -37.09534 -1.286582
v 26.56475 -37.56749 -2.223923
v 26.9461 -33.89816 -0.884093
v 26.78128 -33.19123 -1.701595
v 26.41743 -33.61129 -2.738926
v 26.24045 -34.68866 -2.69401
v 7.971735 -36.58618 -7.993932
v 13.65029 -36.98699 -8.4244
v 10.93327 -29.45888 -11.62837
v 12.71375 -28.46053 -11.47829
v 12.8841 -27.10983 -11.53611
v 14.442 -26.08666 -10.99174
v 14.2658 -29.1534 -10.99159
v 15.63393 -28.49533 -10.5823
v 16.22854 -27.31819 -10.42075
v 17.06302 -28.90586 -10.02275
v 17.5229 -30.21014 -9.781865
v 14.53314 -30.28056 -10.74529
v 11.75827 -31.28401 -11.15864
v 26.49259 -67.75847 -3.75137
v 4.089776 -77.03323 0.171438
v 22.64068 -78.85478 -7.597845
v 2.70007 -67.46398 -0.247054
v 19.83626 -48.20511 -8.316384
v 23.73498 -15.71985 4.786073
v 21.05526 -10.66638 1.082822
v 26.14746 -74.04775 0.343476
v 19.81142 -72.9723 -8.585887
v 18.46294 -73.38439 -8.848099
v 20.95977 -73.39751 -8.217215
v 20.85465 -74.39941 -8.266222
v 21.89952 -74.97542 -7.901555
v 4.656741 -84.05214 -2.711239
v 5.129486 -85.49602 -1.984463
v 4.945826 -86.54504 -2.873748
v 4.906743 -86.15169 -4.494962
v 5.157625 -87.65704 -2.581902
v 5.603792 -88.18729 -1.595821
v 5.627447 -87.57175 -0.586898
v 5.20933 -88.75851 -2.93934
v 5.834437 -89.02102 -0.91416
v 5.47813 -86.57376 -0.724439
v 22.05873 -35.55141 -6.904604
v 21.68172 -34.19294 -7.208583
v 21.03168 -33.04919 -7.688318
v 22.67817 -33.56826 -6.471319
v 23.37081 -32.60426 -5.972235
v 23.04616 -31.4021 -6.464487
v 24.30237 -31.6922 -5.349709
v 25.27281 -31.85113 -4.192327
v 25.74944 -30.81865 -3.551759
v 25.337 -29.2898 -3.976697
v 23.84734 -30.55137 -5.761224
v 23.58237 -29.38931 -5.979164
v 24.49296 -29.47275 -4.977828
v 25.39878 -33.03527 -3.911841
v 26.35948 -31.36213 -2.604375
v 26.52825 -54.14279 4.095802
v 0.09685854 -43.73748 2.334404
v 1.732962 -62.31529 0.56875
v 26.34627 -26.27713 4.212913
v 26.66208 -27.21344 3.759483
v 5.674925 -89.19759 0.960075
v 5.33574 -87.96186 1.146272
v 5.927784 -89.59621 0.002072
v 24.13585 -100.3417 -6.556447
v 24.47063 -100.0159 -5.466886
v 20.04215 -8.451345 5.337286
v 3.946542 -78.33855 -2.870811
v 4.719296 -75.86794 -5.036986
v 3.489102 -74.53785 0.809185
v 3.818473 -75.0554 -0.048045
v 19.00397 -97.6693 -9.385646
v 5.950779 -86.2808 -6.24076
v 22.08455 -87.76289 -8.06713
v 23.52737 -88.71339 -7.226344
v 24.91198 -88.17616 -5.915271
v 25.08371 -86.54322 -5.784534
v 25.61621 -85.95165 -4.50818
v 25.64674 -86.00949 -2.93135
v 25.79584 -84.50909 -4.134208
v 25.5046 -83.55148 -5.173013
v 25.7552 -84.61198 -2.785449
v 25.65268 -83.55782 -1.799567
v 25.89906 -82.48383 -2.343855
v 3.146131 -69.1448 -2.811682
v 26.73096 -47.08606 -2.816904
v 6.712994 -71.18691 -6.638336
v 20.65384 -9.781809 0.887592
v 0.9095837 -44.21351 -0.57467
v 13.74515 -75.08092 -9.287792
v 14.09604 -38.50005 -8.247837
v 14.04452 -39.83255 -8.325189
v 13.84968 -40.98527 -8.45291
v 12.72153 -39.39594 -7.813946
v 11.29449 -39.25698 -7.483504
v 5.528927 -75.10899 -5.960149
v 6.755977 -75.39366 -6.814442
v 20.55926 -87.03191 -8.641768
v 18.99092 -86.13417 -9.068101
v 17.47469 -86.81419 -9.344718
v 17.2179 -88.10486 -9.408519
v 18.82371 -89.29679 -9.197227
v 15.11176 -88.15652 -9.532065
v 20.30306 -88.25146 -8.793583
v 13.69219 -87.33065 -9.45758
v 13.56128 -85.93032 -9.442801
v 11.86445 -86.33616 -9.23657
v 22.61313 -89.75291 -7.794857
v 22.79808 -91.10169 -7.74406
v 21.52795 -90.48751 -8.3902
v 20.08184 -90.15438 -8.916162
v 20.27133 -91.20409 -8.889951
v 20.30656 -92.29394 -8.906902
v 20.64768 -93.34958 -8.832591
v 21.63856 -92.72188 -8.432318
v 24.11431 -95.96405 -1.64502
v 24.38076 -95.1363 -2.343906
v 24.84777 -88.87017 -1.304722
v 24.88863 -89.84129 -1.793957
v 25.20221 -90.07407 -2.786885
v 25.46116 -89.31955 -3.590234
v 25.48806 -88.36275 -4.214145
v 25.37873 -87.51838 -5.013751
v 25.50734 -88.10098 -3.101886
v 25.17782 -88.12266 -2.098077
v 0.3119909 -38.66877 -0.900026
v 0.1921859 -38.18916 -2.097202
v 1.293671 -38.06388 -2.779153
v 1.483252 -39.03191 -3.102314
v 1.17547 -40.16412 -2.225547
v 2.222269 -38.93391 -4.172026
v 3.23684 -39.44747 -4.371613
v 4.466401 -39.17963 -5.131173
v 5.079789 -40.10667 -5.488647
v 6.338799 -39.93202 -6.301007
v 6.941925 -39.01894 -6.829268
v 20.47245 -98.69823 -8.997898
v 20.97253 -99.70391 -8.898979
v 20.2227 -100.813 -9.162191
v 18.98543 -101.7181 -9.41989
v 4.211937 -80.8724 1.054519
v 4.75915 -81.32552 0.197447
v 4.566718 -80.7337 -0.93015
v 4.791462 -82.03188 -1.178677
v 4.984219 -83.14735 -0.967868
v 26.93649 -59.64884 1.994277
v 26.94112 -59.10095 1.13187
v 27.03623 -59.6088 0.000697
v 27.10383 -58.41359 -0.291543
v 26.22321 -73.52158 -4.133863
v 26.1843 -74.55826 -4.159781
v 25.79948 -72.98151 -4.958148
v 2.896118 -45.07076 -3.071752
v 24.99248 -53.68113 -5.660143
v 24.37392 -54.4183 -6.208725
v 23.40576 -55.03613 -6.774593
v 22.34475 -55.7673 -7.225286
v 24.47031 -55.43613 -6.16883
v 24.88807 -24.2403 -2.7897
v 26.04827 -22.38643 1.469305
v 23.24444 -94.0037 -7.611259
v 9.302435 -68.72723 -8.006378
v 12.55063 -44.4901 -8.069443
v 12.70963 -43.40098 -8.092922
v 11.32918 -44.26117 -7.511435
v 12.64158 -49.03114 -8.417023
v 2.566249 -51.63074 -2.519883
v 23.92876 -91.42233 -7.04603
v 24.39509 -92.30643 -6.545224
v 24.60591 -90.8896 -6.299119
v 24.81026 -89.54379 -6.05015
v 24.07422 -93.20519 -6.90732
v 21.23019 -55.71646 -7.711563
v 20.39807 -55.08465 -8.103435
v 19.22284 -55.40097 -8.536487
v 20.66549 -54.1453 -7.986296
v 21.7488 -53.81714 -7.399404
v 26.4764 -45.50391 4.642174
v 4.695244 -27.01689 -12.01215
v 6.4932 -26.26944 -12.10243
v 5.81577 -28.01887 -12.00963
v 6.333787 -25.07897 -12.01892
v 4.757708 -24.1568 -11.9011
v 7.712636 -25.58044 -12.08864
v 23.21567 -96.38782 -7.667854
v 24.1104 -96.22881 -6.828292
v 24.52024 -96.98923 -6.039024
v 26.35226 -28.73143 -1.97084
v 26.74077 -29.68043 -1.456919
v 23.46284 -27.26959 -5.651338
v 24.32046 -27.59349 -4.819623
v 25.09221 -28.02024 -3.952882
v 2.229292 -55.85995 -2.01381
v 6.366827 -93.19305 0.132588
v 6.10413 -92.92425 1.272823
v 5.784192 -91.90464 1.442506
v 24.31407 -19.51607 -2.810745
v 7.606866 -88.66873 -7.84095
v 6.777398 -88.1019 -7.141268
v 5.972169 -88.5683 -6.297434
v 24.04751 -40.37433 -5.686165
v 23.07388 -40.76686 -6.307073
v 24.28561 -41.33931 -5.593496
v 4.794903 -84.78841 -4.492267
v 5.173672 -83.91363 -5.356083
v 6.036993 -84.1701 -6.308673
v 5.897666 -83.18238 -6.155664
v 22.02524 -31.47657 -7.270199
v 24.35254 -100.9148 -5.750916
v 25.28184 -88.55537 -5.110376
v 22.2105 -96.46645 -8.298848
v 27.14103 -41.66339 3.076491
v 26.33871 -28.31254 5.113786
v 27.37111 -30.72785 3.384961
v 27.45158 -29.96361 2.526969
v 27.40559 -30.37204 1.562931
v 27.52786 -30.92476 2.409277
v 26.51014 -40.56812 4.638498
v 0.5766623 -45.61649 1.009286
v 1.296761 -49.1732 -0.595947
v 19.94089 -10.26566 6.899096
v 25.22478 -19.46768 4.128112
v 26.40915 -69.98614 0.798177
v 26.59056 -68.86095 0.028948
v 26.57604 -67.63095 0.690245
v 27.02977 -37.03855 2.807096
v 24.26965 -46.78389 -5.890633
v 23.20751 -46.30255 -6.470269
v 22.08594 -46.91581 -7.022759
v 20.83617 -46.29645 -7.709537
v 23.23178 -45.15273 -6.410543
v 19.63122 -45.56032 -8.438981
v 21.98818 -44.56034 -6.964758
v 18.9908 -44.34373 -8.742985
v 17.40116 -43.57071 -9.167994
v 18.47339 -46.23364 -8.869564
v 22.14643 -43.54064 -6.85116
v 21.06916 -43.64698 -7.492234
v 15.81308 -44.01883 -9.169133
v 24.84642 -94.47631 -5.532632
v 23.29504 -14.92813 -1.338126
v 23.498 -14.74975 3.940482
v 11.62372 -93.45184 -9.247016
v 9.178813 -76.34247 -8.295771
v 25.98538 -81.50711 -2.298593
v 27.12787 -57.44255 -0.097301
v 25.70129 -54.13377 -4.978749
v 25.94594 -55.09245 -4.679931
v 21.09755 -45.29101 -7.522991
v 27.16552 -45.15511 -0.68428
v 27.17777 -46.14955 -0.735292
v 4.431868 -79.50776 -0.476434
v 4.257283 -78.6422 -0.904227
v 4.06741 -77.94131 -1.800154
v 26.084 -76.54909 -0.840849
v 26.39406 -75.94893 -2.056953
v 26.2167 -77.28325 -1.616127
v 3.383934 -42.78766 -3.920666
v 21.24153 -58.35254 -7.757732
v 21.97918 -59.57069 -7.580517
v 23.37215 -60.03434 -7.000667
v 19.94813 -58.79181 -8.217038
v 18.90432 -58.31869 -8.628805
v 20.82377 -59.44729 -7.995891
v 21.29212 -60.36302 -7.895225
v 24.32158 -60.32998 -6.317634
v 4.409263 -64.72486 -4.643363
v 3.434699 -64.65393 -3.767601
v 3.157326 -63.61138 -3.409101
v 2.83545 -64.31391 -2.640877
v 2.559557 -65.12559 -1.839204
v 2.432248 -64.02115 -1.653103
v 2.30046 -62.98341 -1.409547
v 2.163821 -61.93414 -1.127578
v 2.545222 -65.74673 -0.921751
v 2.312825 -63.66225 -0.687406
v 18.85992 -22.91034 -8.649845
v 19.31375 -24.04778 -8.566413
v 19.95422 -25.05391 -8.215465
v 18.37883 -24.86981 -9.167586
v 16.74592 -24.72045 -10.01196
v 17.85701 -25.79427 -9.517984
v 18.45777 -26.89383 -9.29284
v 20.00244 -22.7567 -7.864158
v 24.86166 -93.53361 -2.986989
v 26.92104 -65.72816 -1.385423
v 5.057843 -77.06773 -5.422462
v 5.793113 -100.9887 2.283157
v 5.837139 -100.0114 2.172948
v 4.809267 -101.5891 2.632886
v 20.93872 -12.72306 6.796148
v 20.83257 -11.71869 6.333566
v 21.89798 -11.31479 5.708695
v 0.8680107 -63.98991 1.766511
v 0.3660491 -55.16741 1.773034
v 0.4658817 -57.69558 1.746768
v 25.56352 -24.77965 5.684501
v 1.208814 -20.30231 -11.01935
v 22.9662 -96.02942 0.278926
v 0.3470847 -51.36608 1.926031
v 23.56014 -91.1174 0.832054
v 2.53225 -90.2689 2.648507
v 26.66632 -33.22623 5.389998
v 26.52439 -30.77793 5.448196
v 26.01925 -65.26114 3.363336
v 1.16808 -26.91798 -11.79688
v 22.08888 -102.162 -0.446898
v 6.925795 -103.574 -3.144308
v 23.37375 -103.5622 -7.621008
v 24.10048 -103.5825 -5.231956
v 11.79069 -5.731502 -6.702296
v 1.152571 -24.21321 -11.78467
v 0.7441051 -6.969456 -7.458396
v 1.821146 -5.902289 -7.896102
v 19.96205 -5.696476 1.402963
v 2.233429 -85.27179 2.450995
v 1.841268 -79.02161 2.254099
v 26.53274 -49.21412 4.593868
v 19.1069 -8.200436 7.190562
v 3.274801 -103.6013 2.953861
v 1.160062 -35.83645 -5.002591
v 1.359299 -35.87703 -6.166616
v 2.171117 -36.1724 -5.332181
v 3.153192 -36.43223 -6.125725
v 2.92771 -37.51943 -5.41033
v 0.9496321 -36.4104 -3.948856
v 3.743098 -35.72005 -7.015505
v 1.943825 -36.82005 -4.438123
v 0.1279147 -41.8895 0.911289
v 0.1697649 -40.90313 0.244586
v -0.07386166 -40.11879 1.166552
v 0.3439935 -39.18457 0.95482
v 25.54685 -80.18072 0.466099
v 25.57728 -81.00869 -0.262594
v 23.25912 -102.3211 -2.12557
v 1.133839 -56.03981 0.482786
v 3.338983 -25.08081 -11.91203
v 0.3990569 -37.07782 0.926159
v 0.5331531 -38.03653 1.059524
v 25.28126 -22.41618 5.320803
v 0.7480545 -49.60313 0.753824
v 2.87969 -30.25234 -11.31466
v 3.197943 -29.28736 -11.58504
v 3.718479 -30.98633 -11.23671
v 4.921684 -29.21726 -11.82478
v 5.593105 -30.2041 -11.65526
v 7.678699 -28.53115 -12.04054
v 9.321893 -27.98395 -12.02879
v 9.602322 -26.79272 -12.05751
v 10.86399 -26.02157 -11.83173
v 11.19954 -25.03075 -11.69769
v 10.57522 -28.48452 -11.81238
v 26.98931 -34.7916 4.106633
v 27.10802 -32.30594 4.110057
v 27.29927 -33.04756 3.476964
v 26.78263 -29.03592 4.252567
v 26.62286 -63.52954 2.304037
v 6.389723 -102.3323 -4.754691
v 23.91611 -102.2959 -6.877111
v 23.42648 -101.6934 -7.536989
v 21.7534 -102.2629 -8.722124
v 13.81051 -6.838382 -5.905829
v 14.17803 -7.611064 -6.019347
v 27.13015 -48.84577 2.837744
v 27.09319 -50.69892 1.635126
v 2.996739 -27.83914 -11.86473
v 23.96556 -94.26949 -0.620747
v 19.53145 -6.749433 -0.56686
v 21.99684 -12.65729 4.777762
v 26.46158 -66.84674 2.014125
v 10.60546 -7.03485 -6.859131
v 11.54615 -7.571926 -6.597026
v 9.37426 -7.130569 -7.14845
v 8.143487 -7.606796 -7.38534
v 2.723702 -7.109873 -8.3725
v 23.64056 -97.62628 -1.039559
v 23.698 -98.55187 -1.585923
v 0.6347497 -46.63611 0.932293
v 4.045293 -20.05358 -10.88278
v 3.104712 -18.52344 -10.39036
v 3.047916 -22.24598 -11.49493
v 3.053481 -23.32678 -11.71975
v 2.229411 -33.05768 -9.517568
v 2.262013 -31.98605 -10.45358
v 3.971431 -33.38061 -10.03793
v 5.035279 -32.58282 -10.68543
v 6.60098 -31.9775 -11.09537
v 3.985703 -34.13442 -9.069551
v 7.597514 -29.78396 -11.82158
v 25.75344 -78.79919 -0.091568
v 25.94633 -78.96947 -1.102559
v 15.63471 -101.8066 -9.719218
v 20.26553 -7.10633 2.884289
v 20.23305 -6.958464 1.930748
v 20.18023 -7.446295 0.988912
v 7.342329 -102.2893 -1.466001
v 7.553373 -101.8199 -0.525721
v 17.67989 -6.632995 -3.20225
v 16.77622 -6.650924 -3.977833
v 0.9229523 -45.28367 -0.188222
v 1.221201 -45.94932 -0.723457
v 1.693435 -45.76765 -1.572306
v 0.8352283 -42.27212 -1.162895
v 2.02166 -41.02378 -3.041099
v 2.84827 -40.55502 -3.889969
v 1.961611 -41.95815 -2.695627
v 3.560932 -41.16764 -4.300624
v 1.884715 -47.43558 -1.741356
v 2.288288 -48.20194 -2.232121
v 24.1367 -92.7501 -0.439387
v 2.484298 -49.94627 -2.40505
v 26.16218 -23.68728 2.161485
v 26.35525 -24.39499 1.410275
v 26.2373 -24.64221 3.590482
v 26.48039 -25.392 2.371964
v 26.64694 -26.34184 2.34656
v 26.78117 -26.63763 0.865074
v 25.89422 -20.71238 2.30174
v 26.08705 -71.85194 1.624851
v 26.15984 -70.91139 1.71069
v 4.430748 -97.27401 2.540915
v 4.461098 -98.2817 2.578222
v 3.683054 -83.46533 1.886538
v 3.764364 -84.42098 1.954942
v 4.421932 -85.12112 1.632816
v 3.128223 -77.20474 1.528484
v 3.217375 -78.18637 1.589704
v 0.4203971 -37.55916 -0.587152
v 0.9117985 -36.90268 -1.908597
v 27.02033 -47.3608 3.576499
v 27.02475 -43.50665 3.800382
v 26.98251 -42.51637 3.85289
v 0.8499969 -52.22475 0.661674
v 1.088742 -51.43168 0.053737
v 1.468828 -34.55202 -6.831771
v 1.567941 -34.08574 -7.811442
v 4.219075 -91.92351 2.294032
v 5.301275 -85.74922 0.129487
v 5.040245 -84.34007 0.644814
v 4.885042 -83.30592 0.638396
v 5.209918 -84.86377 -0.097673
v 26.49282 -25.63633 0.508107
v 27.07795 -45.53954 2.788602
v 27.11712 -46.22487 2.026594
v 27.19759 -46.80165 0.667648
v 27.12292 -44.41375 2.119315
v 27.15062 -42.71994 2.144549
v 27.14683 -42.64644 1.19608
v 27.17617 -40.69114 2.20396
v 20.54254 -8.531815 1.601168
v 21.05561 -10.1221 2.449946
v 21.90026 -10.49855 2.866605
v 2.649761 -34.98144 -7.298623
v 2.670241 -34.49236 -8.30112
v 27.16725 -43.68145 0.863175
v 27.17159 -45.33605 0.92665
v 27.16126 -43.81773 -0.011277
v 27.1188 -43.1185 -0.560706
v 27.00025 -43.21158 -1.576475
v 27.1244 -42.28593 -0.218279
v 27.06673 -41.38562 -0.606249
v 26.25863 -43.27755 -3.517642
v 11.11895 -10.4897 -7.304102
v 10.53153 -11.98986 -7.226747
v 9.465666 -13.17869 -7.835887
v 10.08295 -14.13734 -8.149634
v 9.266975 -14.97802 -8.587532
v 7.575033 -15.19858 -8.824757
v 9.050301 -11.08781 -7.895623
v 8.260123 -11.94144 -8.168166
v 7.190925 -13.82034 -8.442558
v 9.175355 -8.560429 -6.959961
v 27.01303 -53.83159 2.177886
v 27.07259 -52.14039 1.804838
v 6.699436 -101.716 -3.23581
v 6.490083 -99.87195 -3.492588
v 4.530115 -34.98588 -8.195241
v 5.703346 -35.33415 -8.572707
v 6.001496 -36.18374 -8.106631
v 4.961597 -36.64581 -7.396902
v 5.156067 -37.52613 -6.808666
v 4.231563 -38.14644 -5.994072
v 6.533209 -37.7722 -6.76813
v 7.417657 -37.27312 -7.374592
v 8.17137 -35.25676 -9.155951
v 10.53936 -35.62843 -9.400589
v 12.27239 -35.44176 -9.273683
v 12.9826 -34.30536 -9.8525
v 9.754801 -34.80192 -9.593955
v 9.994954 -33.65236 -10.41016
v 14.14605 -33.5876 -10.09559
v 15.33628 -34.33405 -9.512129
v 14.23722 -32.52499 -10.43995
v 12.9227 -31.9974 -10.82085
v 16.96696 -33.87488 -9.710477
v 18.59038 -33.93029 -8.980978
v 19.30815 -35.2396 -8.798222
v 16.07955 -35.37769 -9.040794
v 17.23624 -36.17532 -9.441917
v 15.05638 -36.29652 -8.695852
v 17.06981 -32.70636 -9.67889
v 11.71934 -32.6011 -10.77474
v 11.50332 -33.60652 -10.33343
v 13.32978 -30.97379 -11.00971
v 12.67215 -36.30329 -8.765579
v 11.9921 -37.27206 -8.289522
v 10.63884 -37.83585 -8.040026
v 9.881768 -36.57773 -8.879844
v 8.853343 -38.23046 -7.930374
v 8.338386 -39.04428 -7.409538
v 9.2413 -39.72079 -7.026775
v 6.707946 -97.37747 1.45173
v 23.89094 -98.38718 -7.003067
v 23.07658 -98.27849 -7.831812
v 22.29459 -94.83903 -8.204755
v 21.13201 -94.51105 -8.684243
v 17.97642 -92.11041 -9.418735
v 17.77873 -93.22154 -9.469482
v 18.74513 -94.0619 -9.343996
v 16.7353 -92.60044 -9.564101
v 17.15949 -90.55295 -9.482673
v 15.61575 -90.25514 -9.56648
v 14.45871 -89.66245 -9.513269
v 21.62454 -10.15134 3.947912
v 20.63287 -9.02952 2.944171
v 25.15464 -86.20393 -1.002139
v 25.37416 -86.26884 -1.986312
v 25.51216 -87.08632 -2.700774
v 1.321415 -59.47246 0.67622
v 4.266239 -78.0749 0.15892
v 3.948807 -76.72099 -1.129551
v 3.796072 -75.71935 -1.225258
v 26.79168 -61.72899 2.102917
v 27.07701 -60.27566 -1.29582
v 27.02604 -59.67006 -2.127621
v 27.04135 -58.30042 -2.169426
v 26.78311 -60.09168 -3.071921
v 26.73722 -61.09765 -3.233874
v 20.48459 -41.91339 -7.896405
v 20.89362 -40.85751 -7.62291
v 19.12091 -41.77873 -8.783663
v 18.54319 -40.77917 -8.984442
v 17.07834 -40.68592 -9.246535
v 7.132196 -98.32256 0.613653
v 7.246097 -99.52663 0.965698
v 7.443424 -100.5793 0.686237
v 7.245957 -99.68583 -0.565564
v 22.49059 -48.14499 -6.874814
v 3.525443 -73.84757 -2.396081
v 3.671507 -74.42595 -3.249263
v 4.071291 -74.14619 -4.195825
v 4.298075 -72.95157 -4.614274
v 3.620089 -73.91743 -1.153412
v 3.43614 -72.51653 -2.760923
v 3.726438 -75.65051 -2.554846
v 3.865365 -76.49023 -3.337041
v 3.866192 -77.37016 -2.925327
v 5.372333 -73.52176 -5.794466
v 3.072846 -72.43838 0.902732
v 25.29429 -90.4593 -4.52174
v 25.24951 -91.38727 -4.281087
v 25.19352 -91.79569 -3.39791
v 16.32709 -41.89432 -9.221169
v 14.83269 -42.01654 -8.909664
v 25.57363 -19.14457 2.693265
v 24.82594 -17.30689 3.359302
v 26.31688 -72.84454 -0.062693
v 26.45409 -71.1617 -0.030247
v 26.45619 -74.39647 -2.94512
v 26.46883 -74.97516 -2.155346
v 26.33888 -74.38367 -1.135828
v 26.45475 -71.35057 -3.62268
v 25.96055 -69.12579 -4.681422
v 26.35312 -68.59261 -4.033893
v 26.64859 -68.45537 -3.129953
v 26.82809 -67.51344 -1.449614
v 26.71337 -67.59679 -0.380425
v 25.60014 -67.51597 -5.210891
v 26.24876 -66.06902 -4.212401
v 26.14388 -76.65957 -4.026426
v 2.590501 -11.20522 -8.260625
v 3.917074 -11.09356 -8.029673
v 6.447652 -10.95328 -7.509443
v 2.776593 -14.58173 -8.99252
v 2.244795 -65.98983 0.635816
v 25.16849 -83.1784 0.390393
v 4.776263 -52.25531 -4.624081
v 5.732062 -52.57902 -5.304666
v 6.657345 -51.92853 -5.865993
v 7.603573 -53.667 -6.449967
v 8.582287 -54.26365 -6.991329
v 9.846495 -53.79764 -7.473201
v 8.489789 -55.38722 -6.983668
v 9.980059 -52.60903 -7.468757
v 7.230967 -55.87936 -6.420188
v 6.481413 -57.01857 -5.967208
v 6.541501 -54.12693 -5.915139
v 11.02561 -51.99975 -7.913105
v 9.441129 -55.87838 -7.490674
v 10.61169 -55.55892 -7.977609
v 10.90454 -54.48275 -8.053189
v 12.33659 -54.52367 -8.563133
v 13.20995 -53.47261 -8.788022
v 12.36139 -52.58367 -8.505081
v 13.64678 -51.85268 -8.847845
v 13.29913 -50.78335 -8.656322
v 8.89115 -52.17281 -6.942291
v 12.11801 -50.53232 -8.274114
v 10.99384 -50.93914 -7.889003
v 9.971462 -50.34605 -7.37463
v 7.257731 -57.83981 -6.49737
v 8.661072 -57.93277 -7.280859
v 6.053033 -58.25059 -5.727132
v 8.473896 -59.26347 -7.251916
v 9.708959 -59.83704 -7.823167
v 11.21568 -59.37624 -8.338211
v 11.80138 -60.36744 -8.534449
v 5.094124 -58.62891 -5.036616
v 4.228611 -58.15701 -4.296139
v 4.23906 -57.14521 -4.28141
v 4.814919 -56.19208 -4.757987
v 11.21071 -58.28802 -8.288043
v 11.12021 -57.2684 -8.180896
v 12.45188 -58.64151 -8.663897
v 13.04007 -55.29726 -8.772282
v 8.649233 -60.22438 -7.351235
v 7.493957 -59.92294 -6.748829
v 6.695073 -60.763 -6.226986
v 8.899111 -51.0288 -6.858168
v 6.062072 -90.96208 0.464152
v 5.886157 -90.51719 -1.792644
v 6.020765 -91.50188 -1.155094
v 5.480256 -90.39394 -2.892244
v 5.380762 -91.22942 -3.661698
v 5.359435 -91.98749 -4.326353
v 5.569065 -92.01381 -5.491511
v 6.1509 -91.79948 -6.454345
v 6.939179 -92.56244 -7.339343
v 5.613855 -92.16182 -3.315438
v 6.075214 -92.60455 -2.254339
v 5.549374 -93.03172 -5.292346
v 6.70778 -93.65776 -7.116225
v 6.044179 -93.95899 -6.228764
v 5.806106 -93.24028 -3.0248
v 27.20303 -47.67559 -0.707378
v 20.65423 -96.53873 -8.91924
v 18.0437 -95.94762 -9.508345
v 16.68704 -95.56248 -9.638025
v 16.53732 -94.53474 -9.630763
v 4.206479 -80.0744 -2.415411
v 4.242299 -80.9324 -3.192672
v 4.460453 -80.68837 -4.242056
v 4.593044 -79.60309 -4.579132
v 4.883347 -81.49918 -4.984818
v 4.378787 -81.96437 -2.856828
v 4.223626 -78.84264 -3.828681
v 4.425401 -82.64659 -3.564989
v 4.703827 -82.49246 -4.533707
v 5.540585 -81.20272 -5.809143
v 5.828286 -80.25962 -6.170234
v 7.418245 -81.82706 -7.547704
v 6.947376 -80.55404 -7.154587
v 7.623702 -79.73834 -7.591679
v 13.20637 -83.92793 -9.400249
v 7.705019 -83.39565 -7.778194
v 13.96923 -44.85744 -8.733051
v 14.32465 -45.92382 -8.895382
v 15.7791 -46.14697 -9.138125
v 15.93441 -47.32701 -9.157385
v 3.590588 -51.16105 -3.591439
v 5.160604 -50.67173 -4.826305
v 15.58892 -83.78578 -9.398435
v 16.33427 -84.66104 -9.384511
v 15.92388 -82.85045 -9.334585
v 7.710683 -85.35033 -7.854863
v 7.018093 -84.35091 -7.299763
v 7.23085 -86.19933 -7.518212
v 15.66118 -85.6651 -9.445144
v 18.17432 -84.70419 -9.178932
v 18.67115 -83.6367 -9.057891
v 18.20118 -82.74798 -9.106751
v 21.2639 -84.90675 -8.357819
v 20.67323 -83.76698 -8.538381
v 20.4286 -85.83173 -8.667608
v 22.54523 -84.99403 -7.777965
v 21.58293 -83.07938 -8.206055
v 23.04952 -82.79131 -7.421387
v 23.03543 -81.51302 -7.408372
v 24.01562 -82.16308 -6.825929
v 24.91852 -81.8921 -5.950514
v 25.4709 -81.10438 -5.311734
v 25.93256 -81.31784 -4.289724
v 20.39359 -81.80304 -8.580824
v 21.49573 -81.00693 -8.187598
v 21.15144 -79.99818 -8.30031
v 19.86712 -79.66274 -8.672302
v 19.60664 -78.63266 -8.70682
v 18.809 -80.33575 -8.918199
v 20.63689 -77.95712 -8.435052
v 20.05715 -76.78403 -8.565605
v 23.64058 -80.21644 -7.045661
v 24.67373 -80.11563 -6.256116
v 25.14872 -78.91488 -5.808795
v 25.91392 -79.57089 -4.465395
v 16.93117 -76.88144 -9.093204
v 17.06377 -78.16031 -9.084099
v 24.30412 -78.22942 -6.559688
v 22.63708 -76.96772 -7.546985
v 21.75873 -76.22977 -7.975138
v 23.96508 -100.9914 -3.693356
v 24.24141 -98.64633 -3.557704
v 24.5396 -98.59936 -4.452453
v 24.15385 -97.90384 -3.017619
v 24.6784 -96.90678 -3.994278
v 24.69584 -97.55897 -4.696167
v 27.14613 -39.596 3.095071
v 1.647556 -43.64237 -1.961421
v 2.327785 -43.76479 -2.731814
v 27.03213 -54.78904 1.63396
v 27.18685 -54.63124 0.637892
v 27.1516 -54.52448 -1.28634
v 26.98698 -54.31544 -2.350934
v 26.84406 -55.12786 -2.870651
v 26.67499 -54.25117 -3.304005
v 27.12074 -56.42312 -1.567042
v 12.12298 -15.6986 -8.592183
v 13.01034 -16.49958 -8.786119
v 10.70282 -15.60283 -8.732348
v 15.43205 -15.64894 -7.798335
v 14.76491 -16.5103 -8.439947
v 15.44372 -17.44656 -8.688948
v 3.403439 -72.22813 -0.919314
v 3.160704 -67.66336 -3.035003
v 3.586416 -67.50131 -3.869637
v 3.779591 -66.56174 -4.155241
v 3.985412 -68.26733 -4.365944
v 3.706784 -69.16872 -4.022686
v 3.48117 -65.6488 -3.815226
v 2.933838 -66.22005 -2.635888
v 4.423878 -69.85743 -4.796766
v 3.685339 -71.00504 -3.844945
v 4.245841 -70.71368 -4.63218
v 4.868754 -71.51862 -5.275815
v 14.09486 -70.56852 -9.176085
v 12.84635 -70.1144 -9.08726
v 11.52147 -70.54049 -8.864169
v 11.48824 -71.53892 -8.900211
v 14.3253 -18.27532 -9.255053
v 12.37812 -19.89339 -10.31843
v 0.7677007 -47.82876 0.615078
v 26.21778 -78.90021 -3.318107
v 26.22118 -77.81141 -3.598348
v 26.27929 -78.16112 -2.666667
v 27.15721 -49.50722 1.112389
v 7.560561 -9.499981 -7.241848
v 7.870326 -33.70139 -10.30488
v 8.665137 -31.69601 -11.32569
v 9.340224 -86.09516 -8.610016
v 9.192191 -84.50862 -8.533947
v 11.20224 -84.08648 -9.112546
v 17.31118 -48.61826 -9.092491
v 17.07882 -47.72551 -9.135437
v 18.5853 -48.94554 -8.83204
v 18.58229 -49.98636 -8.82163
v 18.19857 -51.87425 -8.919533
v 17.47534 -52.88337 -9.065496
v 16.09546 -53.23991 -9.062881
v 18.46795 -53.72795 -8.76667
v 19.69206 -53.45903 -8.357519
v 23.93758 -57.46184 -6.595526
v 20.59167 -56.92813 -8.027825
v 16.46519 -57.49789 -9.090896
v 23.08582 -86.20083 -7.483459
v 22.82363 -87.10583 -7.652637
v 23.44736 -84.02769 -7.169839
v 24.56419 -84.3504 -6.390399
v 27.20143 -52.51267 -1.023752
v 27.13732 -53.0083 0.856509
v 16.43718 -19.45336 -9.045761
v 14.53084 -21.02214 -10.09142
v 21.33299 -50.81681 -7.568995
v 25.69981 -49.60728 -4.837293
v 26.10516 -48.82841 -4.248188
v 26.64878 -49.95327 -3.183202
v 26.41297 -50.82616 -3.754981
v 24.93112 -52.16929 -5.655215
v 26.10412 -53.00046 -4.352975
v 27.00255 -46.04346 -1.81388
v 25.22195 -43.98495 -5.053568
v 27.00927 -51.38047 -2.064346
v 23.67476 -102.3477 -3.439101
v 20.2824 -36.98428 -8.277643
v 21.25722 -37.19925 -7.494665
v 19.60455 -37.87563 -8.652442
v 19.99319 -36.00856 -8.394117
v 20.55909 -35.12674 -8.023637
v 24.916 -16.99798 1.337701
v 25.25953 -17.88052 2.173959
v 25.39964 -18.75504 0.654478
v 24.57878 -16.62039 -0.600518
v 24.19725 -17.33107 -1.8595
v 24.88972 -18.36662 -1.145718
v 24.87429 -19.25123 -1.58505
v 24.34422 -66.80679 -6.381809
v 24.93989 -64.27631 -5.885116
v 5.742388 -95.67345 -4.261499
v 6.004776 -95.68191 -3.282356
v 12.71084 -90.93211 -9.365136
v 11.04335 -92.20503 -9.14403
v 9.809654 -92.25243 -8.850739
v 10.60058 -90.59954 -9.043468
v 11.48512 -91.25307 -9.205118
v 9.841892 -87.94425 -8.80617
v 12.09898 -88.62458 -9.271667
v 10.75334 -89.66599 -9.062747
v 1.425813 -50.3608 -0.76425
v 6.908253 -96.42658 0.325625
v 26.97703 -61.7393 -2.221317
v 26.38265 -62.51071 -3.975863
v 25.72137 -62.82567 -5.064898
v 24.96616 -62.11419 -5.83619
v 24.18057 -62.57246 -6.46034
v 25.90421 -60.92625 -4.807083
v 26.35981 -59.4614 -4.088922
v 26.05192 -58.04193 -4.587741
v 25.14721 -59.74765 -5.629854
v 25.07651 -58.61668 -5.682751
v 25.37971 -19.76353 -0.520608
v 24.07898 -22.63069 -3.918654
v 23.7792 -23.44282 -4.407594
v 24.25031 -24.34438 -3.929546
v 22.99718 -23.40496 -5.282043
v 23.75192 -21.86393 -4.24473
v 24.11704 -21.18609 -3.643043
v 22.63808 -24.28981 -5.809572
v 23.16588 -25.19372 -5.492234
v 21.64967 -24.24539 -6.813833
v 24.3308 -26.15376 -4.379826
v 25.40263 -27.28205 -3.249685
v 25.01233 -26.22734 -3.438325
v 21.96917 -22.53011 -6.30992
v 21.54112 -21.65981 -6.563971
v 20.57823 -21.60483 -7.267702
v 26.07588 -23.95369 0.524814
v 25.33588 -20.93519 -1.186284
v 22.06601 -27.36167 -6.9109
v 21.69147 -28.11155 -7.343989
v 22.24904 -29.09012 -7.051886
v 21.93125 -25.83963 -6.777547
v 22.75306 -25.88156 -6.034716
v 21.54284 -26.57633 -7.19214
v 20.16967 -26.5242 -8.185557
v 27.36662 -31.14396 0.556038
v 3.261434 -52.60528 -3.297003
v 4.115836 -52.87343 -4.068242
v 3.482325 -54.3954 -3.560262
v 4.184286 -53.8701 -4.159227
v 3.639094 -55.37382 -3.731204
v 3.092959 -55.98254 -3.163582
v 4.75461 -60.09096 -4.792596
v 5.279681 -60.8456 -5.275773
v 5.551189 -62.43662 -5.532429
v 4.077939 -61.90134 -4.277308
v 3.836464 -62.84058 -4.084755
v 2.763574 -62.43262 -2.77098
v 2.343793 -60.94121 -1.918368
v 2.726025 -61.08953 -2.779297
v 8.403754 -63.59978 -7.398427
v 7.890422 -62.88293 -7.111228
v 7.899085 -64.42481 -7.182353
v 9.98198 -64.34686 -8.141178
v 14.40645 -63.19503 -9.143157
v 12.74216 -62.20016 -8.864954
v 14.96943 -65.36685 -9.137479
v 11.92249 -66.7947 -8.820998
v 11.50852 -67.73639 -8.746905
v 9.901014 -67.43201 -8.240882
v 10.65462 -69.15162 -8.525062
v 12.89399 -68.76675 -9.022503
v 14.16683 -68.3461 -9.110509
v 14.63987 -66.57408 -9.11523
v 16.25666 -64.89547 -9.065977
v 20.26739 -66.46045 -8.395514
v 20.18796 -65.30582 -8.406817
v 22.9759 -61.61618 -7.230632
v 8.229377 -66.59023 -7.440755
v 8.614916 -65.19518 -7.588129
v 13.13795 -60.60038 -8.918202
v 7.725295 -49.78695 -6.276533
v 7.901733 -50.68048 -6.409253
v 6.481258 -49.41613 -5.649043
v 5.727778 -48.7033 -5.153419
v 7.922202 -47.98188 -6.225461
v 8.791475 -48.72346 -6.652504
v 12.34244 -17.44865 -9.370723
v 10.67078 -17.49863 -9.574092
v 9.962911 -16.70293 -9.281128
v 8.433658 -18.20114 -10.06776
v 10.38385 -18.92857 -10.18575
v 11.77583 -19.07374 -10.08019
v 9.421406 -19.72228 -10.62391
v 11.93006 -21.57991 -10.91322
v 8.905103 -21.41528 -11.26246
v 10.53655 -22.15735 -11.27948
v 10.56198 -23.15669 -11.49291
v 13.57788 -24.87414 -11.18576
v 12.98214 -22.96456 -11.06869
v 14.14963 -23.46257 -10.78845
v 15.37064 -22.3234 -10.17196
v 16.57618 -22.23673 -9.707272
v 17.27471 -23.01347 -9.475964
v 5.590459 -93.87743 -4.254866
v 6.092776 -94.56436 -2.829846
v 6.641462 -95.98886 -1.443697
v 6.525232 -94.8704 -1.375626
v 27.44037 -33.7193 0.901555
v 27.32788 -34.66595 0.849339
v 27.64803 -33.38151 1.689112
v 27.58405 -32.31809 1.822203
v 27.56816 -33.97252 2.571565
v 1.447237 -53.48304 -0.563507
v 2.76932 -57.41816 -2.814716
v 2.794835 -58.412 -2.845233
v 3.748431 -59.93407 -3.915457
v 1.761902 -59.44077 -0.287699
v 1.489516 -57.81168 0.023043
v 1.290003 -56.94593 0.320624
v 18.50621 -6.818694 -2.205058
v 19.17644 -10.9404 -2.830016
v 18.73074 -11.56325 -3.648214
v 16.13263 -11.53737 -5.324925
v 16.17077 -13.90955 -6.649893
v 17.93793 -12.98397 -5.22302
v 27.15504 -28.41278 1.717618
v 7.203228 -100.8283 -1.301674
v 6.817878 -99.36516 -2.293026
v 21.56445 -71.61279 -8.003041
v 23.67155 -75.46303 -6.951291
v 22.92105 -74.85046 -7.36571
v 25.09528 -76.66606 -5.850815
v 25.72278 -77.21549 -4.967582
v 24.23336 -76.94448 -6.619792
v 25.12819 -73.93264 -5.781594
v 24.75622 -95.36337 -3.542863
v 24.79388 -95.84909 -5.22001
v 24.95255 -94.54855 -4.05892
v 25.02311 -93.04571 -4.918008
v 24.99673 -92.10514 -5.370168
v 24.16236 -95.03527 -6.77193
v 26.14686 -79.79065 -2.645684
v 26.08084 -80.79693 -2.971463
v 25.93168 -82.5285 -3.976171
v 6.308061 -93.61256 -1.277657
v 23.92747 -18.25178 -3.004224
v 23.29777 -15.9988 -2.510856
v 22.88072 -17.03195 -3.849337
v 9.045159 -71.30586 -8.018801
v 9.775705 -72.79337 -8.371644
v 10.758 -73.33349 -8.767609
v 8.689378 -73.13187 -7.898814
v 7.948137 -73.95406 -7.567107
v 11.92234 -72.82555 -9.005093
v 9.112863 -74.64247 -8.188268
v 11.57392 -74.93063 -9.026665
v 11.29552 -75.92148 -8.986553
v 10.52234 -78.11743 -8.843496
v 10.2945 -79.09844 -8.864661
v 11.92304 -78.00105 -9.173968
v 14.139 -77.92396 -9.360798
v 15.13253 -78.59118 -9.290064
v 17.28338 -79.86377 -9.111051
v 13.08267 -73.61176 -9.172889
v 13.33296 -76.4352 -9.280869
v 12.09395 -76.73369 -9.163043
v 15.9061 -80.10531 -9.261909
v 22.44753 -18.45256 -4.873853
v 19.93935 -15.34364 -5.558514
v 20.10131 -13.68025 -4.178182
v 22.11781 -13.17663 -1.107671
v 21.311 -12.3493 -1.408517
v 21.19626 -11.64659 -0.69785
v 20.57721 -10.97848 -0.91337
v 22.62837 -13.02184 1.053639
v 23.54638 -14.2013 1.968687
v 24.53708 -16.11686 2.643152
v 24.48677 -16.49838 3.437982
v 22.03338 -11.39246 1.065804
v 23.20226 -13.94932 3.192315
v 21.9511 -11.57285 3.824195
v 18.13576 -18.95377 -8.09406
v 26.74072 -64.19024 0.728217
v 26.64276 -65.04504 1.543226
v 26.74548 -66.07918 0.149884
v 6.757805 -97.52599 -7.141209
v 6.484626 -99.28624 -6.697557
v 7.185571 -96.38982 -7.567649
v 6.676024 -95.73369 -7.063782
v 7.297497 -94.49586 -7.675757
v 8.296573 -94.91874 -8.290318
v 8.868787 -93.31909 -8.555784
v 10.39036 -94.55573 -9.051448
v 14.68873 -98.49414 -9.610171
v 16.35918 -100.5071 -9.716184
v 18.42356 -99.02649 -9.509092
v 6.227286 -101.3145 -5.067762
v 5.996863 -78.75882 -6.355449
v 6.658489 -76.97362 -6.844255
v 7.406798 -77.64603 -7.368213
v 8.598875 -78.69738 -8.108042
v 5.16094 -88.25167 -4.904699
v 5.101723 -87.15083 -4.937627
v 5.206345 -90.05629 -4.711818
v 6.027903 -89.70496 -6.340818
v 6.916889 -90.28462 -7.29212
v 27.10903 -56.26005 1.323215
v 27.04069 -57.21741 1.516892
v 26.58929 -56.3025 -3.588725
v 26.55955 -57.55673 -3.665669
v 15.79406 -32.0378 -10.13347
v 15.9968 -30.90703 -10.28604
v 18.60163 -31.58778 -9.216439
v 20.31858 -29.91699 -8.400031
v 18.78892 -28.42702 -9.18943
v 17.95305 -75.35568 -8.938273
v 19.18812 -74.94712 -8.763251
v 17.73862 -76.2224 -8.984805
v 0.4858975 -39.59888 -0.883075
v 26.08573 -75.3708 0.027033
v 25.65312 -20.85823 3.348544
v 7.676086 -18.961 -10.41862
v 11.74518 -47.37323 -7.948249
v 10.73455 -47.67273 -7.525474
v 9.959146 -47.09226 -7.089015
v 9.008899 -46.58372 -6.639558
v 11.9883 -46.50215 -7.980157
v 10.67549 -45.97064 -7.36216
v 10.3718 -45.06253 -7.146752
v 9.258911 -44.91013 -6.636678
v 8.93002 -43.96431 -6.426043
v 13.74633 -47.40441 -8.756855
v 10.44878 -43.31653 -7.045749
v 7.345625 -45.45718 -5.825495
v 9.98553 -41.82698 -6.80027
v 12.42407 -41.68411 -7.76247
v 11.65735 -40.93584 -7.392445
v 14.68606 -49.00996 -8.990196
v 15.49337 -51.92115 -9.108507
v 19.08123 -19.776 -7.87747
v 22.57632 -67.30803 -7.468904
v 26.6855 -70.41405 -2.166065
v 11.00614 -49.06744 -7.773066
v 8.884512 -87.00861 -8.437615
v 4.881294 -42.55075 -4.691877
v 4.021004 -44.5555 -4.047759
v 6.948148 -46.7271 -5.734444
v 3.466041 -48.74446 -3.486071
v 27.05057 -49.16412 -1.87031
v 26.37199 -26.92424 -0.923215
v 15.32821 -9.950536 -5.10891
v 17.99369 -72.10972 -8.945246
v 18.74979 -67.94141 -8.751068
v 15.29396 -69.36602 -9.149507
v 9.514524 -82.89066 -8.626572
v 8.703665 -83.50446 -8.313903
v 25.39918 -84.39877 -0.966705
v 6.993457 -41.71448 -5.746039
v 4.47599 -7.466935 -8.352419
v 27.14333 -41.20335 1.141278
v 26.78455 -38.69484 -1.686298
v 25.35899 -39.38456 -4.400025
v 25.95878 -38.16237 -3.42919
v 25.2757 -36.93338 -4.222098
v 24.36056 -35.92654 -5.128373
v 24.7726 -34.00053 -4.538336
v 25.15257 -34.92733 -4.176091
v 22.55892 -37.53486 -6.518531
v 21.27812 -38.78126 -7.418448
v 22.09999 -39.255 -6.81698
v 22.38587 -42.10097 -6.691934
v 20.29091 -40.06163 -8.139562
v 18.71551 -39.10971 -8.985333
v 17.47108 -38.96073 -9.251918
v 16.94383 -37.96944 -9.3525
v 15.36635 -38.11865 -8.94641
v 26.19453 -36.52678 -2.86298
v 9.764718 -29.88588 -11.70809
v 8.738009 -30.50386 -11.6882
v 12.17544 -29.26969 -11.48396
v 13.25779 -26.25994 -11.39843
v 12.00741 -26.45773 -11.68764
v 15.58978 -25.46686 -10.55547
v 13.89585 -28.33599 -11.13669
v 15.57736 -26.51886 -10.63203
v 18.64341 -30.21589 -9.277586
v 10.51076 -31.50908 -11.23263
v 11.27323 -30.39102 -11.39448
v 20.79639 -48.64961 -7.813147
v 4.778876 -85.98609 -3.594984
v 4.870997 -86.93319 -3.884019
v 19.93148 -33.15982 -8.307565
v 23.70083 -33.89121 -5.586117
v 25.85008 -29.92168 -3.327055
v 25.8396 -29.01522 -3.120736
v 4.861568 -87.13027 1.518684
v 5.596001 -87.45258 0.360231
v 3.684042 -75.4931 0.719133
v 17.70552 -97.42118 -9.596588
v 5.286937 -86.01838 -5.425857
v 24.2189 -88.00249 -6.750471
v 24.26442 -86.1318 -6.621612
v 24.67104 -85.29215 -6.28379
v 25.32659 -85.79473 -5.350198
v 25.69131 -86.39394 -3.735144
v 25.76443 -85.42462 -3.701009
v 25.61707 -85.12105 -4.71926
v 25.83834 -83.50784 -4.201145
v 25.57606 -82.80713 -1.062189
v 13.10132 -37.83952 -8.126773
v 14.91551 -40.24697 -8.918792
v 21.67555 -86.92627 -8.234317
v 19.48015 -86.90868 -8.986459
v 16.2753 -87.34682 -9.445585
v 18.37172 -88.45239 -9.262974
v 20.01057 -89.13274 -8.903823
v 13.88062 -88.20402 -9.469307
v 10.65245 -85.9931 -8.988746
v 22.18663 -88.79202 -8.018409
v 22.49501 -92.04318 -7.938826
v 24.21189 -96.41534 -2.436321
v 24.99197 -87.97308 -1.18253
v 5.626208 -39.33658 -5.936598
v 21.50505 -100.9542 -8.778863
v 18.68614 -100.5894 -9.458545
v 26.9694 -58.61014 1.913994
v 25.14786 -72.76549 -5.742292
v 22.76427 -93.11881 -7.877958
v 12.66957 -48.05656 -8.406973
v 24.16167 -89.41424 -6.835583
v 3.698419 -26.31035 -11.98148
v 6.419732 -27.19131 -12.08144
v 24.73603 -28.6638 -4.570057
v 4.645607 -84.43316 -3.646153
v 21.41523 -32.19159 -7.615377
v 26.44925 -67.9261 1.566294
v 20.58604 -47.19684 -7.888939
v 19.81642 -43.69875 -8.311704
v 18.21748 -42.66624 -9.053988
v 9.722816 -77.16065 -8.521014
v 8.499072 -77.06992 -7.992166
v 8.2508 -75.89896 -7.786058
v 25.94858 -55.99235 -4.684338
v 26.36244 -76.22783 -3.023347
v 18.80383 -59.29778 -8.647182
v 2.195739 -64.17842 0.112956
v 16.00858 -23.96877 -10.25616
v 17.30818 -26.93535 -9.89628
v 25.09489 -93.10782 -3.851291
v 5.780758 -77.29297 -6.174082
v 4.882848 -77.93823 -5.176346
v 0.2685083 -42.78764 0.679144
v 25.7805 -80.62048 -1.127603
v 6.200255 -30.99488 -11.44702
v 8.253088 -26.4737 -12.17767
v 27.10236 -50.69212 2.506809
v 27.00715 -51.01068 3.376216
v 27.19263 -51.06854 0.75634
v 6.486704 -32.88343 -10.63952
v 14.79565 -101.0868 -9.660671
v 25.69586 -20.23154 1.330895
v 0.8831853 -53.22306 0.662334
v 6.273619 -15.20835 -8.941321
v 9.165938 -33.00795 -10.82988
v 14.12914 -34.53278 -9.609554
v 18.46962 -35.90585 -9.160107
v 18.0533 -33.11286 -9.203392
v 24.38361 -97.91974 -6.245162
v 19.20329 -91.87537 -9.18923
v 17.67158 -89.69625 -9.393007
v 15.2124 -91.12331 -9.582017
v 15.31909 -89.02837 -9.549053
v 26.88056 -59.00327 -2.749939
v 27.0497 -57.3567 -2.025493
v 20.4995 -42.87318 -7.878759
v 21.38017 -41.80802 -7.261749
v 4.334348 -75.06745 -4.516482
v 3.733074 -72.37733 -3.801959
v 4.304489 -76.59561 -4.336808
v 26.07063 -75.73675 -4.328692
v 8.967047 -57.0195 -7.357057
v 9.833754 -57.67274 -7.750167
v 6.129678 -59.16863 -5.829394
v 4.997161 -55.25138 -4.853974
v 5.555162 -56.7623 -5.321715
v 11.95124 -56.57403 -8.490001
v 7.692868 -92.18887 -7.94419
v 27.22376 -46.90389 -0.230678
v 15.35605 -94.23249 -9.616506
v 6.618565 -82.33985 -6.912164
v 13.50883 -84.91785 -9.427645
v 25.06724 -82.85672 -5.792955
v 15.66747 -76.76711 -9.234063
v 18.30354 -78.40048 -8.943604
v 23.90407 -97.92142 -2.167089
v 15.65527 -54.11586 -9.068258
v 24.52947 -56.66885 -6.131482
v 23.98388 -58.43864 -6.582235
v 22.83135 -57.49875 -7.157306
v 17.7688 -57.49431 -8.940646
v 21.41477 -35.02018 -7.414911
v 19.52 -27.13955 -8.722712
v 4.842038 -48.5862 -4.558146
v 6.665409 -48.49136 -5.693168
v 23.71427 -16.79694 -2.464191
v 7.132735 -74.50161 -7.039771
v 19.3651 -98.50213 -9.315261
v 5.038366 -88.77962 -4.105764
v 19.85676 -29.01277 -8.649886
v 9.80993 -48.08448 -7.094388
v 8.533931 -43.02391 -6.201271
v 25.03991 -37.73705 -4.605645
v 17.69965 -37.1123 -9.331111
v 14.94143 -37.26646 -8.579665
f 502 175 379
f 1540 436 178
f 1027 1025 1026
f 173 174 1453
f 178 179 1540
f 1575 451 310
f 182 630 181
f 527 179 180
f 396 180 181
f 180 396 527
f 395 321 630
f 163 373 162
f 165 397 164
f 1660 1662 278
f 373 490 162
f 166 632 165
f 170 631 169
f 171 172 387
f 974 987 285
f 388 521 1066
f 167 168 388
f 1535 972 1521
f 1599 526 1598
f 2 997 1
f 3 1542 2
f 997 353 774
f 1678 1677 659
f 538 4 5
f 198 429 197
f 6 503 380
f 1595 2082 503
f 7 8 1539
f 437 1739 1464
f 435 350 1539
f 1400 1399 287
f 427 190 547
f 188 428 187
f 1216 1217 847
f 192 193 504
f 384 505 1461
f 197 555 196
f 318 383 504
f 384 194 505
f 195 196 1537
f 504 383 192
f 186 187 574
f 1281 1282 500
f 166 167 522
f 2028 836 2027
f 1107 148 406
f 146 366 145
f 366 146 481
f 1877 1328 658
f 153 154 573
f 155 523 389
f 705 1702 271
f 791 328 405
f 1509 403 84
f 1883 1880 918
f 141 142 367
f 423 545 296
f 672 904 1079
f 140 545 423
f 142 483 367
f 371 755 273
f 466 91 92
f 381 135 136
f 133 518 132
f 135 510 134
f 139 1412 138
f 1664 259 1663
f 1514 389 523
f 131 132 1341
f 518 133 382
f 371 129 130
f 130 516 371
f 1662 849 278
f 158 557 157
f 1434 126 391
f 398 99 506
f 370 117 576
f 115 601 114
f 517 128 129
f 1508 160 161
f 1058 336 1057
f 122 1190 121
f 119 385 576
f 119 120 385
f 1190 431 336
f 123 431 122
f 1124 420 337
f 524 112 113
f 114 601 392
f 114 392 113
f 1054 233 1053
f 109 110 374
f 593 621 1660
f 1418 580 1036
f 771 400 325
f 1596 450 1529
f 421 602 339
f 425 341 1342
f 544 421 13
f 460 16 563
f 598 1419 1636
f 48 1123 47
f 400 46 529
f 24 25 1555
f 363 1552 460
f 457 48 49
f 459 58 59
f 575 57 58
f 440 1570 357
f 1545 438 356
f 439 1567 356
f 530 400 529
f 1610 1591 1609
f 1545 55 56
f 54 1546 53
f 440 54 55
f 53 1546 441
f 440 357 1546
f 1551 59 60
f 426 27 28
f 22 393 1511
f 702 1265 648
f 1549 448 32
f 560 30 31
f 1549 32 33
f 23 393 22
f 21 22 20
f 365 462 701
f 1555 462 365
f 716 1709 525
f 41 376 40
f 1122 35 36
f 43 494 377
f 1446 1450 498
f 308 376 493
f 34 541 33
f 35 1122 410
f 540 309 409
f 37 540 409
f 1810 1811 226
f 38 39 378
f 501 378 39
f 23 525 393
f 97 687 399
f 96 399 467
f 1488 1487 204
f 687 97 98
f 97 399 96
f 443 372 89
f 345 411 808
f 772 90 91
f 1480 1484 667
f 1946 443 1947
f 92 93 386
f 101 369 100
f 324 398 871
f 108 109 492
f 492 109 374
f 463 102 368
f 324 687 398
f 368 103 464
f 298 369 463
f 104 105 1547
f 106 107 1548
f 464 1579 1580
f 491 374 110
f 93 465 386
f 535 407 65
f 331 1121 407
f 88 444 87
f 407 535 1615
f 407 675 331
f 1357 788 1355
f 71 1536 70
f 401 73 74
f 413 468 347
f 1536 413 347
f 590 1635 507
f 82 404 81
f 80 81 1041
f 1509 411 345
f 1560 346 403
f 83 1510 82
f 80 1041 394
f 364 1554 480
f 78 1554 77
f 75 76 77
f 1553 75 1554
f 74 1553 401
f 1562 417 1455
f 63 64 1121
f 161 162 490
f 192 383 191
f 176 177 559
f 561 456 51
f 696 362 458
f 408 62 63
f 1411 11 12
f 34 35 410
f 149 150 988
f 405 151 539
f 381 317 510
f 1081 1080 232
f 1454 391 127
f 1454 128 517
f 446 355 1544
f 376 41 493
f 1262 1263 610
f 1445 612 1152
f 936 937 592
f 913 728 911
f 930 934 730
f 723 1713 718
f 67 68 536
f 573 389 312
f 2038 1313 883
f 251 1757 794
f 1631 2085 578
f 1621 544 1620
f 803 1968 1363
f 675 1615 1686
f 189 1431 188
f 1639 598 1636
f 1403 1983 214
f 29 1342 28
f 502 174 175
f 903 1106 1525
f 1550 49 50
f 1651 2084 569
f 528 163 164
f 1884 763 1881
f 562 458 61
f 913 914 728
f 894 213 928
f 472 890 891
f 1772 1773 809
f 1440 412 1439
f 366 481 705
f 406 148 149
f 95 1538 94
f 1383 1384 867
f 1956 1502 1074
f 486 1055 1053
f 1481 1482 412
f 1559 1771 270
f 2093 1845 1812
f 1205 1206 2009
f 380 316 538
f 1681 664 1689
f 307 374 491
f 1368 205 1371
f 404 82 1510
f 1389 888 257
f 1173 1146 553
f 1401 1343 248
f 9 558 435
f 422 10 11
f 137 546 136
f 137 138 424
f 116 484 115
f 117 370 116
f 391 126 127
f 1380 1375 595
f 1235 916 1237
f 1103 1104 511
f 185 1544 184
f 1430 1232 1133
f 520 170 171
f 971 1910 1911
f 1117 1030 1031
f 1249 265 1248
f 1906 720 1907
f 567 1603 1672
f 419 68 69
f 879 240 1854
f 792 791 290
f 152 153 390
f 410 541 34
f 826 1799 1790
f 17 18 402
f 26 564 462
f 430 158 159
f 759 244 1657
f 223 1273 1274
f 467 95 96
f 771 44 45
f 1251 496 1593
f 1950 690 1070
f 689 1692 1693
f 1394 1396 1393
f 526 395 183
f 332 1122 409
f 600 1724 1727
f 1132 1755 790
f 951 947 948
f 405 328 988
f 1759 1762 682
f 2071 204 1487
f 372 88 89
f 1256 1253 1254
f 495 1593 1592
f 773 86 87
f 1286 1287 1285
f 144 1189 143
f 144 145 482
f 84 403 83
f 1866 1002 896
f 468 469 1389
f 286 1615 1576
f 421 339 1411
f 602 1642 1643
f 340 1412 423
f 1442 635 1441
f 1124 123 124
f 1052 1048 487
f 261 1666 1667
f 1359 645 647
f 427 342 1431
f 1982 1983 1127
f 436 559 177
f 1077 1334 1335
f 456 361 1550
f 649 1345 264
f 397 528 164
f 618 295 1129
f 458 362 1551
f 439 1566 1984
f 134 510 382
f 1079 1080 672
f 1578 363 461
f 989 18 19
f 485 1060 1061
f 1061 320 1586
f 84 85 1509
f 1009 1010 1005
f 1702 708 271
f 483 654 367
f 252 1420 1421
f 1196 1197 1421
f 595 1376 1387
f 1051 1945 234
f 1681 662 1682
f 1517 2076 735
f 580 1035 1036
f 660 673 227
f 1096 1932 1001
f 1336 2045 307
f 181 630 396
f 277 1191 2000
f 1541 156 157
f 621 1658 1659
f 102 463 101
f 1851 2096 1850
f 841 1808 280
f 465 349 754
f 1495 1496 1491
f 477 1287 1288
f 111 491 110
f 1580 1581 368
f 42 493 41
f 1203 1205 692
f 172 519 387
f 343 817 519
f 168 521 388
f 1916 1912 973
f 1543 66 67
f 1068 453 676
f 1395 1394 1430
f 236 1194 1195
f 1721 288 1618
f 302 1573 449
f 834 250 790
f 1571 441 442
f 153 573 390
f 1756 681 1758
f 774 198 199
f 437 353 1542
f 840 72 73
f 75 1553 74
f 138 1412 424
f 1665 293 636
f 69 507 419
f 878 294 897
f 159 556 430
f 775 295 430
f 1676 1674 655
f 633 340 423
f 1552 14 15
f 1645 603 1644
f 102 103 368
f 2062 1432 1433
f 586 1632 1634
f 585 342 427
f 11 1411 422
f 300 577 1626
f 1043 565 1943
f 336 431 875
f 642 1667 1668
f 641 341 425
f 165 632 397
f 1034 1524 736
f 63 1121 408
f 688 689 304
f 28 1342 426
f 646 647 305
f 149 988 406
f 706 1703 995
f 375 111 112
f 1336 1338 2058
f 377 42 43
f 1592 496 308
f 1470 693 1203
f 692 332 409
f 310 451 1097
f 176 379 175
f 311 442 1247
f 361 456 649
f 154 155 389
f 1318 1319 2039
f 18 989 402
f 703 268 702
f 188 1431 428
f 1343 314 1624
f 59 1551 459
f 1130 1131 697
f 380 5 6
f 1680 674 663
f 715 823 232
f 134 382 133
f 384 193 194
f 1690 1689 680
f 517 129 371
f 756 1734 319
f 116 370 484
f 1244 276 1516
f 182 183 395
f 1191 277 1600
f 171 387 520
f 1916 975 1521
f 167 388 522
f 1937 1032 238
f 98 99 398
f 841 280 1460
f 400 45 46
f 325 400 1462
f 92 386 466
f 1062 281 1946
f 444 88 372
f 1063 1948 281
f 150 151 405
f 1705 1706 251
f 20 1511 19
f 704 268 703
f 1455 292 1562
f 1583 1584 468
f 64 65 407
f 408 688 304
f 36 37 409
f 1721 1618 742
f 49 1550 457
f 1602 253 530
f 482 145 366
f 1266 1267 712
f 335 1008 1465
f 80 394 79
f 1055 260 1052
f 1057 336 1059
f 420 124 125
f 337 420 1042
f 1435 740 1733
f 371 516 755
f 12 13 421
f 422 577 300
f 139 140 423
f 424 636 293
f 29 30 425
f 426 646 305
f 189 190 427
f 428 548 314
f 343 1108 1597
f 519 817 1779
f 344 1248 1564
f 430 556 775
f 85 86 411
f 345 808 1771
f 1006 1009 1005
f 1006 1007 404
f 71 72 413
f 294 1853 1635
f 555 197 429
f 348 555 659
f 1561 349 280
f 465 754 1732
f 435 8 9
f 350 435 450
f 1413 451 351
f 178 436 177
f 557 158 430
f 352 557 593
f 3 4 437
f 774 2068 429
f 536 68 419
f 876 877 452
f 446 185 186
f 355 446 447
f 438 56 57
f 356 438 439
f 1457 442 357
f 53 441 52
f 1548 358 1547
f 358 1548 108
f 1089 1090 744
f 32 448 31
f 1824 476 861
f 1707 710 1759
f 50 51 456
f 361 651 457
f 60 61 458
f 362 697 459
f 460 15 16
f 363 460 461
f 480 78 79
f 1558 401 1557
f 25 26 462
f 716 329 1709
f 146 147 481
f 366 712 482
f 142 143 483
f 654 655 1673
f 103 104 464
f 1581 298 368
f 1432 369 298
f 1512 398 506
f 117 118 576
f 370 485 484
f 130 131 516
f 371 756 517
f 89 90 443
f 1922 444 372
f 2020 1248 373
f 1248 344 490
f 374 1588 1587
f 1579 492 1587
f 524 113 392
f 307 1338 1336
f 308 1451 1452
f 378 501 1594
f 494 43 44
f 377 494 495
f 39 40 501
f 1471 1204 1470
f 1098 1971 2099
f 1108 343 502
f 6 7 503
f 380 2082 1358
f 546 137 424
f 1365 293 823
f 1708 713 382
f 1435 518 713
f 299 1517 735
f 299 427 547
f 194 195 505
f 274 1690 1461
f 120 121 1058
f 1556 385 269
f 93 94 465
f 386 1196 466
f 172 173 519
f 387 1065 520
f 168 169 521
f 1067 522 388
f 155 156 523
f 1515 312 389
f 1318 390 312
f 539 1616 1617
f 301 1214 1045
f 301 420 1434
f 1244 392 320
f 2075 524 1516
f 23 24 525
f 329 989 393
f 1563 394 335
f 292 1557 480
f 183 184 526
f 287 2083 1599
f 1191 396 321
f 1600 351 527
f 1939 323 1032
f 303 2020 528
f 99 100 506
f 398 1512 871
f 841 399 324
f 1460 349 467
f 46 47 529
f 400 530 1462
f 1557 401 364
f 840 401 330
f 1700 329 704
f 1577 563 313
f 1559 403 345
f 1510 403 346
f 404 346 1006
f 1041 404 335
f 151 152 539
f 405 1617 791
f 843 406 328
f 1701 1107 306
f 65 66 535
f 407 1615 675
f 688 408 331
f 1696 562 304
f 37 38 540
f 692 409 309
f 742 410 332
f 541 1619 359
f 773 411 86
f 1288 1289 327
f 666 1481 1493
f 1439 779 1438
f 840 413 72
f 1582 468 257
f 1843 1275 842
f 1199 1272 1273
f 1371 1372 1373
f 1944 487 1048
f 1843 842 1429
f 1718 740 1720
f 1007 256 1008
f 1455 2066 229
f 1259 499 1258
f 1162 1163 1166
f 69 70 507
f 1576 876 452
f 125 126 1434
f 1042 420 301
f 13 14 544
f 421 1621 602
f 577 422 339
f 1574 558 300
f 140 141 545
f 633 423 296
f 636 424 340
f 546 293 381
f 560 31 448
f 641 425 302
f 646 426 341
f 1699 564 305
f 190 191 547
f 585 427 299
f 548 428 342
f 574 428 314
f 429 198 774
f 659 555 429
f 159 160 556
f 593 557 430
f 1124 431 123
f 337 1044 875
f 1423 992 218
f 1657 244 1658
f 433 1636 1325
f 827 1792 1474
f 1793 1797 828
f 1163 1165 748
f 9 10 558
f 450 435 1574
f 451 436 351
f 310 2099 559
f 538 437 4
f 1739 316 765
f 575 438 57
f 439 438 1566
f 1984 1131 1132
f 1568 1569 835
f 1545 440 55
f 1570 440 356
f 442 441 357
f 1670 561 311
f 1457 357 289
f 442 1458 1247
f 772 443 90
f 326 1420 1947
f 1922 281 990
f 444 1921 773
f 1645 776 445
f 1323 581 899
f 574 446 186
f 447 446 1572
f 447 1572 1343
f 1401 248 1395
f 449 448 359
f 560 302 425
f 359 1619 1090
f 991 302 449
f 300 1626 1202
f 1202 1529 450
f 1413 351 277
f 451 1414 1097
f 354 536 876
f 1313 1069 881
f 1855 240 880
f 1312 676 1311
f 1391 1017 471
f 927 1860 454
f 885 886 474
f 1885 982 605
f 51 52 561
f 361 649 264
f 651 361 264
f 1123 457 333
f 61 62 562
f 362 696 266
f 697 362 266
f 459 1698 575
f 16 17 563
f 461 460 1577
f 461 1577 1344
f 243 1742 1646
f 26 27 564
f 365 701 268
f 298 463 368
f 369 101 463
f 1547 464 104
f 1579 464 358
f 1538 465 94
f 1561 754 349
f 386 1732 1196
f 772 466 326
f 1460 467 399
f 1538 467 349
f 413 1583 468
f 1455 229 1456
f 892 470 891
f 890 472 888
f 2066 1465 1863
f 1018 812 1012
f 813 1012 1013
f 1768 798 1767
f 885 474 1857
f 877 878 879
f 1763 1071 796
f 886 1858 474
f 1022 1935 807
f 879 880 240
f 1836 1829 858
f 1883 1315 455
f 1351 1024 800
f 1821 1818 853
f 1288 1921 990
f 1284 1285 1290
f 1479 1481 666
f 1872 805 1871
f 1783 1784 657
f 1293 1294 815
f 79 394 480
f 480 394 1562
f 147 148 1107
f 366 705 271
f 712 366 271
f 1189 482 334
f 1189 483 143
f 1267 1447 334
f 485 370 1585
f 484 1586 601
f 1056 1060 269
f 1586 484 485
f 1059 1056 1057
f 1052 260 1047
f 1047 260 1044
f 1095 1054 487
f 1368 1371 1367
f 233 1054 1096
f 245 1276 1448
f 1850 872 1849
f 1248 490 373
f 1508 490 344
f 111 375 491
f 307 491 375
f 1587 492 374
f 358 108 492
f 42 377 493
f 308 493 377
f 771 494 44
f 1589 1590 495
f 1589 495 494
f 1590 1593 495
f 246 1590 1591
f 2065 1451 308
f 610 1261 1262
f 1810 1252 844
f 1251 1252 2065
f 1208 2012 226
f 508 2049 1280
f 1252 1810 498
f 1254 1255 207
f 1154 752 1153
f 40 376 501
f 1594 501 376
f 1108 502 379
f 1453 502 343
f 1539 503 7
f 1595 503 350
f 193 384 504
f 318 504 384
f 1537 505 195
f 348 1677 1461
f 100 369 506
f 1512 1513 279
f 1536 507 70
f 507 347 590
f 751 1158 1160
f 215 2091 1999
f 1847 508 1846
f 509 1160 1159
f 381 510 135
f 510 317 1708
f 263 1970 1102
f 511 1102 1103
f 2017 1236 2018
f 1897 1896 942
f 958 962 720
f 971 1911 1908
f 1650 1652 533
f 727 929 932
f 937 941 592
f 1893 515 941
f 1341 516 131
f 1733 755 516
f 756 371 273
f 1454 319 391
f 713 518 382
f 1341 518 338
f 1453 519 173
f 1597 817 343
f 387 1779 1065
f 631 520 322
f 631 521 169
f 1949 975 1066
f 1067 388 285
f 632 522 323
f 1541 523 156
f 352 1660 1514
f 1516 524 392
f 375 112 524
f 1555 525 24
f 525 365 716
f 1544 526 184
f 1598 526 355
f 1600 527 396
f 1540 527 351
f 528 397 1939
f 373 163 528
f 1123 529 47
f 1602 530 1601
f 1601 530 529
f 530 253 1605
f 1606 531 1605
f 531 1591 1590
f 1607 1608 566
f 1650 613 1652
f 1295 2016 1239
f 607 1262 1264
f 616 1870 1076
f 1236 617 1235
f 1543 535 66
f 535 354 1576
f 419 1635 1853
f 1543 536 354
f 1212 1392 1213
f 998 729 839
f 380 538 5
f 538 316 1739
f 152 390 539
f 1616 539 390
f 38 378 540
f 309 540 378
f 1618 541 410
f 1549 541 359
f 1002 1003 543
f 892 893 470
f 1010 1011 812
f 1416 1417 471
f 1552 544 14
f 1620 544 363
f 141 367 545
f 545 367 1673
f 293 546 424
f 381 136 546
f 191 383 547
f 299 547 383
f 342 1622 548
f 1622 1623 548
f 549 1623 1125
f 1397 1396 1398
f 1632 262 1622
f 550 1981 1126
f 2057 1127 1397
f 832 1231 1230
f 1150 1151 832
f 1219 1220 1217
f 1688 679 1147
f 1166 1163 748
f 1230 1402 832
f 1232 1228 846
f 659 429 291
f 1537 555 348
f 1508 556 160
f 556 344 775
f 593 430 295
f 1541 557 352
f 10 422 558
f 300 558 422
f 559 436 1575
f 379 176 559
f 560 448 1573
f 425 30 560
f 52 441 561
f 561 441 1571
f 62 408 562
f 304 562 408
f 17 402 563
f 563 402 1700
f 27 426 564
f 305 564 426
f 337 1042 1044
f 594 1050 1051
f 1606 1607 566
f 568 1591 1610
f 1604 1602 333
f 1614 2089 1716
f 1254 207 1256
f 1251 1253 497
f 723 1716 1713
f 1613 606 1255
f 1672 653 1710
f 1906 1712 721
f 1899 949 948
f 952 724 947
f 1682 993 572
f 1331 572 1923
f 389 573 154
f 390 573 312
f 428 574 187
f 574 314 1572
f 459 575 58
f 575 315 1566
f 119 576 118
f 576 385 1556
f 339 1625 577
f 1202 450 300
f 1627 578 1626
f 1631 578 1628
f 578 1627 1628
f 580 1418 1419
f 572 993 1923
f 1680 993 662
f 258 1643 899
f 1326 582 1322
f 899 1322 1323
f 212 1473 1474
f 644 1360 1361
f 2092 599 1794
f 1721 1723 288
f 1728 746 1730
f 1186 1634 735
f 585 1632 1622
f 1186 230 1185
f 1688 1126 587
f 588 1182 1183
f 1179 1180 589
f 665 2042 1183
f 589 1184 1998
f 1640 598 1639
f 1978 1112 1977
f 1582 590 347
f 878 897 591
f 472 884 888
f 1857 884 885
f 592 941 945
f 940 933 726
f 295 618 593
f 1658 593 618
f 234 1045 1046
f 1374 1375 1380
f 1964 224 1962
f 596 1372 1374
f 595 1388 1410
f 867 1384 1385
f 597 1373 2055
f 597 1366 1367
f 1796 829 1794
f 580 1419 1637
f 583 1795 1794
f 2092 1979 599
f 745 1727 1724
f 1800 584 830
f 484 601 115
f 392 601 320
f 602 1621 1642
f 602 1643 1625
f 1642 1644 603
f 603 445 899
f 297 1620 1578
f 1742 776 1645
f 1738 1109 760
f 623 1745 1136
f 1650 1651 613
f 1650 1647 606
f 607 1647 1648
f 1263 500 2059
f 1654 1240 1653
f 534 1238 2015
f 915 1222 1233
f 612 1992 1993
f 1259 1406 611
f 1258 868 1257
f 1215 847 1174
f 869 2024 1260
f 612 1155 1992
f 847 1221 1174
f 1715 723 1714
f 613 1714 1135
f 1135 570 964
f 1654 1655 615
f 1242 2019 1870
f 2016 1530 1239
f 2019 1655 1656
f 1100 1101 1078
f 616 1076 1958
f 1193 1227 1226
f 1129 619 1657
f 618 1657 1658
f 1661 619 1129
f 1423 218 1422
f 1141 1142 626
f 1737 1424 1425
f 622 1927 1109
f 1662 1660 621
f 244 759 1736
f 1738 764 1925
f 1119 737 1117
f 1136 1745 782
f 1034 736 1033
f 824 1115 977
f 432 1564 1565
f 1034 1980 218
f 626 1139 1140
f 1140 1141 626
f 1927 622 1924
f 996 241 1926
f 1694 691 1296
f 700 1477 1754
f 628 1694 1296
f 922 1301 1314
f 395 630 182
f 396 630 321
f 520 631 170
f 521 631 322
f 522 632 166
f 397 632 323
f 296 1674 1664
f 1663 340 633
f 296 1673 655
f 1493 1494 666
f 634 1674 1675
f 1441 1531 637
f 1663 636 340
f 2063 1665 636
f 1442 1441 2063
f 637 1532 823
f 1440 1441 635
f 1081 1438 639
f 1084 1082 1961
f 713 714 267
f 1957 1074 1502
f 1085 1964 1962
f 991 642 1668
f 1666 341 641
f 242 1210 1211
f 1361 1211 1472
f 1727 1728 600
f 827 1798 1799
f 644 1472 1473
f 445 776 1743
f 778 1475 1744
f 2047 1265 647
f 1666 646 341
f 1359 647 1669
f 1669 647 646
f 1348 2047 645
f 1646 1344 243
f 702 268 701
f 456 1670 649
f 1345 1346 650
f 851 1815 1816
f 1814 1710 653
f 1671 651 264
f 333 457 651
f 1671 653 652
f 1602 1603 253
f 1347 264 1345
f 850 571 1711
f 334 654 483
f 654 255 655
f 1676 655 255
f 1674 296 655
f 1268 709 1266
f 1780 818 1675
f 1270 709 1269
f 801 1363 1364
f 657 1269 2026
f 907 1872 1871
f 291 660 659
f 660 1678 659
f 673 765 316
f 227 1679 1678
f 1679 227 1680
f 1681 1677 661
f 1679 1680 662
f 1682 664 1681
f 227 673 2050
f 1940 231 1418
f 1683 664 1682
f 732 1717 230
f 1331 2042 1683
f 680 732 318
f 1781 1478 1479
f 1481 1479 1480
f 816 1279 2034
f 1488 779 1486
f 2069 1888 924
f 2073 1278 2035
f 668 2070 2102
f 252 1197 2002
f 1329 1478 1483
f 1484 1480 1492
f 1491 2072 1490
f 2007 1955 1201
f 1082 672 1080
f 1084 1963 1962
f 765 660 291
f 316 380 1358
f 2050 316 1358
f 1437 275 1037
f 1068 286 1576
f 1685 331 675
f 453 1310 1311
f 1687 1685 675
f 677 1310 1309
f 1298 678 1297
f 1299 1302 1298
f 1305 788 1306
f 1182 1180 1181
f 1997 1177 1178
f 664 1683 1684
f 1690 680 318
f 1038 241 996
f 1759 795 1762
f 1764 682 1762
f 1759 1705 251
f 800 1466 1467
f 1363 801 803
f 1020 1017 804
f 683 2101 2051
f 996 1927 1924
f 1823 1821 854
f 1821 211 1818
f 1833 1829 859
f 398 687 98
f 399 687 324
f 1685 688 331
f 1694 1691 691
f 1691 689 688
f 689 1694 1692
f 1070 219 1749
f 1697 266 696
f 1312 691 247
f 1296 1297 678
f 1203 692 309
f 1695 332 692
f 309 1470 1203
f 695 1208 1209
f 1207 2010 1206
f 1727 1729 746
f 695 1207 1208
f 1167 1999 1354
f 458 1696 696
f 1696 1693 696
f 697 266 1130
f 1698 459 697
f 690 1951 1697
f 1748 784 1755
f 1751 1750 784
f 733 965 967
f 700 1476 1477
f 1929 1000 729
f 462 1699 701
f 647 1265 305
f 305 702 701
f 703 702 648
f 1463 703 648
f 703 2046 704
f 704 2046 1700
f 716 704 329
f 481 1701 705
f 306 1703 1702
f 995 1703 707
f 708 706 1704
f 843 306 406
f 1759 251 794
f 1782 222 1786
f 657 2027 1269
f 709 1268 1269
f 255 654 1447
f 711 1707 1765
f 707 1705 995
f 1409 683 1408
f 1787 222 1788
f 1266 712 271
f 334 482 712
f 714 1708 317
f 1435 713 267
f 715 714 317
f 904 267 714
f 381 293 1365
f 232 1080 1079
f 365 268 716
f 704 716 268
f 1347 850 1814
f 1713 1711 718
f 724 955 957
f 1712 723 718
f 957 955 956
f 953 954 719
f 981 958 720
f 963 1907 720
f 1903 718 956
f 981 719 954
f 960 722 962
f 901 1868 1869
f 1714 723 570
f 1716 723 1715
f 1815 571 850
f 947 209 946
f 1900 725 950
f 834 1802 250
f 940 726 946
f 953 719 955
f 728 914 1212
f 932 929 930
f 940 944 727
f 1212 1213 728
f 1804 1807 700
f 623 1137 1138
f 931 934 930
f 935 730 934
f 976 977 931
f 936 731 980
f 732 680 1684
f 735 732 230
f 970 965 733
f 699 1750 1753
f 951 209 947
f 834 734 959
f 735 230 1186
f 299 383 1517
f 987 1920 323
f 1937 2048 1028
f 1937 238 2048
f 1118 1119 1117
f 1027 739 1025
f 1115 979 977
f 1914 974 285
f 1894 515 938
f 267 904 1720
f 1718 758 1719
f 1720 904 1350
f 1084 672 1082
f 1695 742 332
f 744 1723 1725
f 743 1721 1722
f 743 1722 745
f 744 1725 1726
f 242 991 1089
f 2009 745 249
f 2091 746 1729
f 746 2091 1731
f 584 1800 1728
f 215 1168 1169
f 1790 1789 825
f 1166 1167 750
f 1996 1165 749
f 749 1170 1171
f 1176 1172 434
f 1168 1166 748
f 1846 870 1847
f 752 1154 1444
f 1158 751 1153
f 1445 1151 752
f 214 1148 1149
f 1150 1153 752
f 214 1988 1145
f 1272 754 414
f 1732 272 1196
f 1733 516 338
f 1719 755 740
f 273 1735 1734
f 319 517 756
f 1735 273 1719
f 1375 1376 595
f 1718 1719 740
f 1410 1086 1088
f 1986 1661 625
f 1985 1737 759
f 1424 1143 1144
f 1924 1925 770
f 1881 919 1884
f 852 1819 1817
f 861 855 1824
f 1818 1819 852
f 921 983 985
f 678 1298 1302
f 760 1737 1425
f 1741 770 1740
f 660 765 673
f 765 291 1464
f 1300 1301 1299
f 629 1304 923
f 1307 1300 210
f 455 1880 1883
f 767 1317 1315
f 1829 1830 858
f 1749 219 1751
f 769 1748 1130
f 770 1925 1740
f 1924 1941 996
f 400 771 45
f 771 325 1589
f 466 772 91
f 772 326 1947
f 444 773 87
f 411 773 327
f 997 774 199
f 353 1464 2068
f 1564 775 344
f 1129 775 432
f 1348 776 1742
f 776 1348 1349
f 777 1743 1349
f 1327 1326 777
f 1362 645 1359
f 212 1475 1473
f 1482 1485 412
f 779 1485 1486
f 998 1928 1929
f 1137 1139 1422
f 1118 999 780
f 1745 1746 782
f 783 986 837
f 782 983 1136
f 833 1803 1805
f 766 1301 1887
f 1750 1751 785
f 1750 790 1755
f 785 1751 1752
f 1476 787 1477
f 1070 788 1357
f 1356 786 1355
f 838 1213 1476
f 968 733 967
f 1308 1296 1306
f 1303 678 1302
f 2077 1330 923
f 1804 1754 789
f 969 834 1801
f 1132 790 250
f 793 1756 290
f 1415 328 791
f 1757 1758 794
f 792 1757 1415
f 1318 793 290
f 1040 241 1038
f 794 1758 1760
f 1759 682 1707
f 1040 681 1756
f 796 1762 1763
f 795 1760 1761
f 1764 1766 798
f 1826 685 857
f 796 1071 360
f 798 1766 1767
f 1768 1769 798
f 1954 1467 1767
f 1467 1770 799
f 1071 1072 360
f 1023 1024 473
f 801 1770 803
f 907 1876 1874
f 1783 657 2026
f 820 1785 802
f 1092 806 1967
f 1093 803 1092
f 1091 1092 684
f 813 1013 1015
f 1776 1014 1775
f 1294 805 1934
f 1935 1023 473
f 807 1021 1022
f 862 1837 1839
f 1864 213 894
f 1289 411 327
f 808 254 1772
f 1287 1286 254
f 1778 809 1774
f 1777 815 1776
f 1775 811 1774
f 809 1773 1774
f 1011 1012 812
f 1004 543 1003
f 812 1004 1005
f 814 1013 1014
f 2060 471 1417
f 1523 910 1522
f 1017 1015 1016
f 478 1292 1293
f 805 1872 1523
f 1284 225 2031
f 1841 816 1840
f 1974 817 511
f 817 1974 1779
f 818 1780 1781
f 1443 635 1442
f 819 1782 1786
f 1785 820 1783
f 1506 802 1505
f 820 1506 1507
f 1787 711 1409
f 802 1408 1364
f 658 1328 1329
f 1483 836 2028
f 1365 2052 317
f 823 293 1665
f 537 913 912
f 1031 978 1094
f 825 1789 1110
f 1111 583 1791
f 1975 434 1111
f 1799 1791 827
f 1792 828 1474
f 1799 1798 830
f 828 1792 1793
f 1326 1327 582
f 829 1793 1794
f 433 1325 1324
f 1210 831 1800
f 830 584 1790
f 830 1798 1210
f 1726 242 744
f 1149 1150 832
f 1229 552 1228
f 1803 789 2041
f 729 911 1879
f 1801 834 790
f 966 959 734
f 949 1901 725
f 289 1570 1567
f 1780 836 221
f 255 2029 1676
f 2100 1330 2041
f 783 985 986
f 1879 1806 839
f 911 728 1878
f 1805 839 833
f 201 1746 1747
f 401 840 73
f 840 330 1583
f 1276 841 324
f 415 1274 1275
f 842 1808 1809
f 866 1366 597
f 843 328 1415
f 1703 843 707
f 1812 1844 868
f 1812 845 1811
f 1280 1845 869
f 508 1354 2049
f 1220 847 1217
f 1133 846 1469
f 552 1231 1989
f 1216 847 1215
f 1222 1225 1216
f 2000 2001 277
f 1319 849 241
f 1515 389 1514
f 1814 850 717
f 650 1346 1339
f 948 949 725
f 851 1899 957
f 1917 761 1987
f 1820 762 917
f 917 855 1822
f 861 686 1825
f 1821 1822 854
f 1825 686 1826
f 853 1820 917
f 917 1390 855
f 1315 1316 455
f 1828 858 1827
f 857 1825 1826
f 1941 1741 685
f 858 1830 1827
f 862 1839 1834
f 1836 475 862
f 1024 1351 1835
f 1953 1954 1072
f 1832 861 1831
f 861 854 1822
f 1831 861 476
f 862 1834 1836
f 862 475 1837
f 886 863 1838
f 895 1320 1321
f 864 1839 1837
f 1320 864 863
f 1277 2032 2031
f 2069 2102 2070
f 1366 1429 245
f 1371 1373 597
f 2055 1381 867
f 867 1382 1383
f 868 1844 1256
f 868 1256 1257
f 1259 1260 2024
f 418 1154 1175
f 869 1260 2025
f 1161 751 1160
f 279 1849 1448
f 1276 324 871
f 872 1448 1849
f 489 1367 1370
f 279 1513 1432
f 1852 874 1851
f 1116 1001 1932
f 1369 1368 489
f 337 875 431
f 1059 260 1055
f 1853 536 419
f 876 1853 877
f 878 877 294
f 1854 452 877
f 897 294 590
f 878 591 879
f 880 879 882
f 591 882 879
f 474 927 880
f 927 881 1855
f 1856 454 898
f 1069 453 1068
f 884 882 591
f 880 882 1857
f 883 1856 898
f 1310 2038 1309
f 591 897 888
f 884 472 885
f 928 885 472
f 885 928 886
f 1321 886 213
f 863 1837 1838
f 887 1838 1861
f 1860 927 1859
f 591 888 884
f 890 1389 469
f 475 1836 1828
f 768 1317 1867
f 892 890 469
f 890 892 891
f 894 891 470
f 928 472 891
f 469 1862 892
f 892 1862 893
f 229 1863 893
f 1003 1002 893
f 893 1002 470
f 807 864 1320
f 1866 894 470
f 1416 471 1021
f 543 1018 1019
f 1864 1865 895
f 590 257 897
f 888 897 257
f 454 1860 1867
f 2037 767 1300
f 1322 899 445
f 1629 581 1628
f 900 1656 901
f 1870 900 1869
f 962 963 720
f 901 1904 1868
f 1869 900 901
f 1527 903 1526
f 945 1898 513
f 1106 1103 216
f 1079 714 715
f 1350 904 672
f 1145 1148 214
f 1164 1170 749
f 1328 1842 2095
f 1876 908 1874
f 1876 1877 908
f 1468 203 1968
f 1506 820 802
f 1363 2074 1364
f 1873 907 1871
f 906 1841 1842
f 907 1874 1875
f 1016 1522 1468
f 911 1878 1879
f 911 729 912
f 1931 729 1000
f 912 1931 976
f 912 913 911
f 914 929 727
f 929 913 537
f 970 727 944
f 1241 1223 1224
f 1335 1101 617
f 1222 1223 1233
f 534 1237 1238
f 918 917 762
f 1390 856 1824
f 1882 918 762
f 1881 920 1883
f 919 1882 982
f 1884 1885 921
f 920 1881 1886
f 920 1314 1315
f 983 921 605
f 2077 1519 2078
f 1518 923 1887
f 766 1299 1301
f 922 1886 1518
f 1330 783 837
f 924 1888 2033
f 669 1498 1497
f 925 1889 1890
f 1427 1291 1290
f 925 1890 1278
f 1062 1063 281
f 474 1858 1859
f 927 454 1856
f 894 928 891
f 928 213 886
f 913 929 914
f 930 929 537
f 931 930 537
f 930 730 932
f 976 931 537
f 931 731 934
f 933 932 730
f 940 727 932
f 1134 730 935
f 933 1134 1902
f 731 936 934
f 936 1891 934
f 960 961 722
f 730 1134 933
f 731 979 980
f 1891 936 592
f 937 980 1892
f 1892 1893 937
f 1025 938 1892
f 1895 1912 971
f 939 1894 1025
f 1912 1913 973
f 933 940 932
f 944 946 209
f 942 941 515
f 941 1898 945
f 1897 942 515
f 942 1896 1527
f 1894 1895 515
f 1908 512 1909
f 965 944 209
f 944 965 970
f 2098 513 1868
f 945 2098 961
f 940 946 944
f 952 947 946
f 952 946 726
f 948 947 724
f 1899 948 724
f 948 725 951
f 851 239 949
f 1901 949 239
f 1457 1458 442
f 1900 1459 835
f 959 951 725
f 966 734 967
f 953 952 726
f 955 724 952
f 1902 726 933
f 953 1902 954
f 958 954 514
f 981 721 1903
f 953 955 952
f 955 719 956
f 1903 956 719
f 1711 956 718
f 956 571 957
f 957 571 1815
f 960 958 514
f 958 960 962
f 1900 959 725
f 959 835 1802
f 514 1520 960
f 935 1891 961
f 961 960 1520
f 945 961 592
f 722 1904 962
f 963 901 200
f 963 962 1904
f 1907 200 964
f 1905 964 200
f 964 570 1906
f 966 965 209
f 965 966 967
f 209 951 966
f 959 966 951
f 968 967 969
f 1213 1392 787
f 969 967 734
f 1753 968 699
f 834 969 734
f 699 968 969
f 1212 970 733
f 914 727 970
f 1897 1895 943
f 1910 971 237
f 972 1910 1521
f 284 1974 1973
f 1914 1915 974
f 1949 1521 975
f 1352 739 1027
f 1920 987 1919
f 975 1916 1914
f 1066 285 388
f 912 976 537
f 977 976 824
f 1031 1094 624
f 931 977 731
f 1026 1936 738
f 977 979 731
f 1436 979 978
f 208 1892 980
f 208 980 979
f 936 980 937
f 958 981 954
f 720 721 981
f 762 1820 1917
f 1144 1987 761
f 983 605 1918
f 985 983 782
f 1144 761 1424
f 1141 1140 1143
f 782 1746 986
f 985 783 2078
f 782 986 985
f 1805 986 201
f 1919 987 974
f 1067 323 522
f 405 988 150
f 406 988 328
f 989 19 1511
f 402 989 329
f 1428 1064 1427
f 990 1428 1288
f 1089 991 449
f 991 242 2014
f 625 1661 1565
f 265 1249 1340
f 663 1035 993
f 580 1637 1638
f 1923 1035 994
f 1331 1332 588
f 710 1707 1788
f 995 222 1704
f 996 1941 1038
f 241 849 1926
f 1 997 199
f 997 2 1542
f 1747 839 201
f 1928 998 781
f 1928 1138 999
f 624 1969 1930
f 1969 624 1094
f 1000 1969 1931
f 874 1852 1116
f 1244 1245 276
f 1003 893 542
f 543 896 1002
f 542 1933 1003
f 1004 812 1018
f 1933 1004 1003
f 1005 1004 256
f 1006 1005 256
f 1010 812 1005
f 1006 256 1007
f 346 1560 1009
f 256 1933 1008
f 335 404 1007
f 1465 1008 542
f 335 1007 1008
f 346 1009 1006
f 270 1778 1010
f 270 1010 1009
f 1011 811 220
f 811 1011 1010
f 1012 1011 220
f 1013 1012 220
f 1012 813 1018
f 1014 1013 220
f 1013 814 1015
f 1775 1774 810
f 1014 1776 1934
f 1016 1015 814
f 1391 813 1015
f 1522 1016 814
f 1016 804 1017
f 1093 1967 804
f 1021 1017 1020
f 1019 1018 813
f 1004 1018 543
f 1019 813 1391
f 896 543 1019
f 1022 1020 806
f 1020 1022 1021
f 1416 1021 807
f 471 1017 1021
f 1023 1022 806
f 1935 473 1839
f 806 1091 1023
f 1024 1466 800
f 1024 1023 1091
f 1953 1351 800
f 1026 1025 208
f 1025 739 1913
f 1436 208 979
f 1026 738 1027
f 1028 1027 738
f 1352 974 1915
f 738 1030 1028
f 1937 1938 1029
f 1030 1033 1938
f 736 1340 1250
f 1031 1030 738
f 1030 737 1033
f 1031 738 1936
f 1117 1031 624
f 2021 1029 736
f 1939 303 528
f 1034 1033 737
f 736 1029 1033
f 1980 737 1119
f 1524 218 992
f 1036 1035 663
f 1035 580 1638
f 674 275 1437
f 1940 1418 1036
f 1437 1036 663
f 1595 1596 275
f 1039 1038 685
f 1038 1039 1040
f 685 1942 1039
f 797 1763 1761
f 681 1040 1039
f 1040 793 2039
f 404 1041 81
f 394 1041 335
f 1043 1042 301
f 1044 260 875
f 1045 1043 301
f 1043 1045 1945
f 1943 1042 1043
f 1044 1943 1047
f 1214 301 391
f 1046 757 2053
f 1214 1046 1045
f 1734 1046 319
f 1048 1047 565
f 1047 1048 1052
f 565 1050 1048
f 594 1374 1377
f 1050 2054 1944
f 1049 205 1378
f 1051 1050 565
f 594 1377 2054
f 1945 565 1043
f 1051 234 1379
f 1053 1052 487
f 1052 1053 1055
f 1054 1053 487
f 233 486 1053
f 487 1944 1095
f 488 1932 1096
f 1056 1055 486
f 1059 875 260
f 1060 1056 486
f 1056 269 1057
f 269 385 1057
f 1058 1057 385
f 120 1058 385
f 1190 1058 121
f 875 1059 336
f 1056 1059 1055
f 1061 1060 486
f 1060 485 1585
f 486 233 1061
f 1405 233 1096
f 1420 1062 1947
f 252 1496 1063
f 1063 1062 1420
f 1948 926 1064
f 2035 1278 1291
f 281 1948 1428
f 284 1973 1535
f 322 520 1065
f 1949 521 322
f 975 285 1066
f 285 987 1067
f 323 1067 987
f 1068 676 1686
f 2097 1069 1068
f 2097 452 1854
f 1855 1069 240
f 1692 1070 690
f 1070 628 1308
f 1826 1071 797
f 861 1832 686
f 1952 1072 1071
f 1072 1832 1953
f 1073 1383 1955
f 223 1274 1386
f 416 1956 1955
f 2008 1200 1201
f 1501 1083 1500
f 1499 204 2071
f 1525 1526 903
f 1076 216 1333
f 1970 1098 1972
f 617 1236 1959
f 1333 216 1105
f 1098 310 1097
f 714 1079 904
f 232 1079 715
f 1532 1081 232
f 1082 1080 639
f 1438 1081 638
f 639 1080 1081
f 1960 1082 639
f 1961 1082 1960
f 639 1533 1534
f 204 1499 1500
f 640 1965 1963
f 1350 1084 741
f 1964 1087 1086
f 1965 1085 1963
f 1086 1966 1088
f 1388 595 1387
f 1501 1502 640
f 1966 1086 1087
f 1381 1382 867
f 1088 596 1380
f 1090 1089 449
f 242 1089 744
f 359 1090 449
f 1090 288 1723
f 1092 1091 806
f 1091 684 1466
f 806 1020 1967
f 684 1092 803
f 1468 1093 804
f 1968 803 1093
f 1115 1094 978
f 1094 1115 1969
f 1378 1095 1049
f 488 1054 1095
f 488 1096 1054
f 1405 1001 1245
f 235 1100 1097
f 1971 1098 1970
f 1100 1098 1097
f 1970 1972 1099
f 1334 1077 1333
f 1102 511 1597
f 1100 235 1101
f 1100 1078 1972
f 1226 1101 235
f 1234 915 1233
f 1099 1105 1102
f 1102 1105 1103
f 1076 1525 216
f 1104 1103 512
f 1104 512 1911
f 1974 511 1104
f 1078 1334 1099
f 1103 1105 216
f 903 1896 1909
f 512 1103 1106
f 306 1107 406
f 147 1107 481
f 2099 1971 1108
f 1108 263 1597
f 627 1662 1659
f 1109 244 1736
f 747 1169 1353
f 1996 749 1172
f 1975 1111 826
f 1111 434 1976
f 1976 1977 1112
f 1978 1113 1979
f 1184 589 1180
f 598 2086 1637
f 1171 1172 749
f 553 1178 1177
f 1115 824 1969
f 979 1115 978
f 1336 1116 228
f 1245 1404 276
f 1118 1117 624
f 1030 1117 737
f 1118 624 1930
f 1118 780 1119
f 1120 1119 780
f 1120 218 1980
f 1137 1120 780
f 1422 218 1120
f 407 1121 64
f 408 1121 331
f 409 1122 36
f 410 1122 332
f 457 1123 48
f 1123 333 1601
f 420 1124 124
f 431 1124 337
f 262 1632 1633
f 1981 1127 2057
f 1633 1125 262
f 586 1186 1187
f 1127 550 1982
f 1397 551 1396
f 1128 1147 1146
f 1173 1145 1146
f 775 1129 295
f 1661 1129 432
f 1130 266 1951
f 1131 1130 698
f 1132 1131 698
f 1131 315 1698
f 1132 698 1755
f 250 1569 1984
f 1195 1469 236
f 1394 1395 248
f 1520 1134 935
f 1902 1134 514
f 1905 1135 964
f 1652 1135 614
f 1918 1136 983
f 984 623 1136
f 1138 1137 780
f 1139 1137 623
f 999 1138 780
f 1138 781 1745
f 1140 623 984
f 1139 626 1422
f 623 1140 1139
f 1143 1140 984
f 1985 620 1737
f 625 1423 1142
f 1141 1985 1142
f 1142 1985 1986
f 1143 984 1144
f 1141 1143 620
f 1918 1144 984
f 1987 605 982
f 1145 1128 1146
f 1995 1994 905
f 1128 1982 1147
f 1178 1528 679
f 1688 1147 550
f 1528 1147 679
f 905 1148 1145
f 1149 1148 753
f 1150 1149 753
f 1149 832 1402
f 1158 1153 1150
f 1150 752 1151
f 752 1444 1445
f 1989 1231 1151
f 1174 1152 612
f 1221 847 1220
f 1158 1150 753
f 1175 1154 1153
f 1175 1153 751
f 1154 418 1155
f 418 1990 1155
f 611 1406 1407
f 1155 1990 1991
f 1156 1407 1283
f 1283 500 1282
f 1241 609 2015
f 1159 1158 753
f 1158 1159 1160
f 1994 753 1148
f 1159 1994 1995
f 509 1162 1160
f 1160 1162 1161
f 1847 1161 750
f 1175 1161 870
f 1162 509 1163
f 1161 1162 750
f 1164 1163 509
f 1163 1164 1165
f 1995 509 1159
f 1164 1995 1170
f 749 1165 1164
f 1353 1165 1110
f 1166 1168 1167
f 1162 1166 750
f 1188 1999 2091
f 1847 1848 508
f 1169 1168 748
f 1999 1168 215
f 1353 1169 748
f 1169 747 1731
f 905 1173 1170
f 1170 1173 1171
f 553 1177 1171
f 1243 434 1172
f 1171 1177 1243
f 1975 1176 434
f 1145 1173 905
f 1171 1173 553
f 1993 1174 612
f 1215 1426 206
f 1161 1175 751
f 2025 1175 870
f 825 1110 1176
f 1996 1176 1110
f 1146 1528 553
f 1243 1177 1114
f 679 1179 1178
f 1997 589 1978
f 1181 1180 1179
f 1997 1179 589
f 1179 679 1181
f 2044 1184 1180
f 1688 1181 679
f 1182 1181 587
f 1183 1185 230
f 588 1180 1182
f 1185 1182 587
f 1183 230 1717
f 2044 588 1332
f 1641 1184 202
f 1182 1185 1183
f 587 1126 1187
f 1187 1186 1185
f 1186 586 1634
f 587 1187 1185
f 586 1187 1126
f 2010 1188 694
f 1354 1188 695
f 482 1189 144
f 483 1189 334
f 431 1190 122
f 1058 1190 336
f 321 1194 1191
f 1194 1192 2000
f 1218 1192 236
f 1414 451 1413
f 848 1227 1192
f 848 1216 1225
f 1599 2083 395
f 1192 1194 236
f 2083 1194 321
f 1195 287 1399
f 272 2003 1196
f 326 466 1196
f 1199 2004 2002
f 1200 2006 2004
f 1196 2003 1197
f 671 1503 1490
f 272 1732 1272
f 2004 2005 1200
f 1201 1200 223
f 1198 2004 2006
f 2007 1201 223
f 1074 1957 2008
f 578 231 1202
f 231 1940 1529
f 1471 283 2064
f 1205 1203 693
f 2064 283 1450
f 1208 2011 2012
f 1206 1205 693
f 1205 249 1695
f 1207 1206 693
f 1729 2009 694
f 1470 2011 693
f 695 1188 2010
f 1207 693 2011
f 226 1811 1813
f 1813 1208 226
f 1209 845 1280
f 1211 1210 643
f 2013 831 1210
f 1472 1211 643
f 2014 1211 642
f 970 1212 914
f 733 968 1392
f 1476 1213 787
f 1878 1213 838
f 391 319 1214
f 1046 1214 319
f 1426 1174 1157
f 1216 1215 206
f 1222 1216 206
f 1216 848 1217
f 848 1218 1217
f 1217 1218 1219
f 1192 1218 848
f 1219 1218 236
f 1469 1219 236
f 1219 846 1220
f 846 1228 1220
f 1221 1152 1174
f 1228 1221 1220
f 1989 1221 552
f 1223 1222 206
f 1222 915 1225
f 1223 206 1224
f 1223 916 1233
f 1426 1224 206
f 1449 1224 1157
f 1226 1225 915
f 1227 848 1225
f 1226 915 1234
f 1193 1226 235
f 1226 1227 1225
f 1227 1193 2001
f 1229 1232 554
f 1221 1228 552
f 1230 1229 554
f 1231 552 1229
f 554 1393 1230
f 1402 1403 214
f 1230 1231 1229
f 1151 1231 832
f 1228 1232 1229
f 1133 1232 846
f 916 1235 1233
f 1234 1101 1226
f 1235 1234 1233
f 617 1101 1234
f 1235 1237 1236
f 1234 1235 617
f 2018 534 2079
f 616 1958 1959
f 1238 1237 916
f 2018 1237 534
f 1241 1238 916
f 1238 1241 2015
f 609 1282 1295
f 608 2088 2016
f 533 1652 1653
f 1239 1530 534
f 1223 1241 916
f 609 1241 1224
f 2079 534 1530
f 1242 2079 2019
f 1243 1114 1977
f 1171 1243 1172
f 1246 320 1061
f 1405 1245 1246
f 1245 1244 1246
f 1404 1001 1116
f 320 1246 1244
f 1061 233 1246
f 1339 1247 239
f 1247 1339 1346
f 1249 2020 303
f 1248 265 1564
f 1250 1249 303
f 265 1340 992
f 303 1939 2021
f 736 1250 2021
f 1253 2022 568
f 1252 1251 497
f 1252 497 1844
f 498 1451 2065
f 2022 1251 246
f 1253 568 1254
f 1610 1611 568
f 1613 1255 1612
f 1254 1611 1612
f 606 1647 2087
f 1256 207 1257
f 1253 1256 497
f 207 1261 1257
f 1258 499 2093
f 1261 1258 1257
f 1406 1259 2023
f 2023 1259 1258
f 1259 611 1260
f 1990 1260 611
f 2025 1260 418
f 1264 1262 1261
f 1261 610 2023
f 1264 1261 207
f 607 1648 1649
f 1649 1262 607
f 1281 500 1263
f 207 1255 1264
f 2087 1264 1255
f 305 1265 702
f 2047 647 645
f 1268 271 708
f 1267 1266 709
f 1271 1267 709
f 712 1267 334
f 271 1268 1266
f 1782 2026 708
f 1268 708 2026
f 2027 836 2029
f 1270 2027 2029
f 1271 1270 255
f 1270 1271 709
f 1447 1271 255
f 1273 1272 414
f 2003 1272 1199
f 1274 1273 414
f 1273 223 2005
f 414 1561 1275
f 1384 1386 415
f 414 1275 1274
f 1808 1275 280
f 1448 1276 871
f 1276 245 1809
f 2034 2032 865
f 2031 2030 1277
f 1291 225 1290
f 2073 1495 1497
f 1279 2031 2032
f 1284 1292 478
f 1845 1280 845
f 1846 1280 869
f 1649 1281 1263
f 2015 1295 1239
f 1281 608 1295
f 609 1224 1449
f 1449 1283 1282
f 1993 1283 1157
f 1292 1279 816
f 1285 1284 478
f 1285 478 1286
f 1290 1285 477
f 1777 1286 478
f 1773 1286 810
f 411 1289 808
f 1285 1287 477
f 1289 1287 254
f 1288 327 1921
f 1287 1289 1288
f 254 808 1289
f 1427 1290 477
f 1284 1290 225
f 2035 1064 926
f 2030 1291 1278
f 1279 1292 1284
f 1293 1292 816
f 1294 2036 906
f 1293 815 1777
f 2036 1293 816
f 1871 1294 906
f 1281 1295 1282
f 2016 1295 608
f 1297 691 677
f 1306 1296 678
f 691 1297 1296
f 1298 1309 210
f 1309 1297 677
f 1299 1298 210
f 1300 1299 210
f 1299 766 1302
f 2038 1307 210
f 1300 767 1301
f 1314 1301 767
f 1887 1301 922
f 766 1304 1302
f 1302 1304 1303
f 1305 1303 629
f 1303 1305 1306
f 1304 766 1887
f 1303 1304 629
f 2100 1356 1305
f 1355 788 1305
f 1303 1306 678
f 1308 1306 788
f 883 898 1307
f 2037 1307 898
f 1070 1308 788
f 1296 1308 628
f 1297 1309 1298
f 1311 1310 677
f 1313 1310 453
f 1310 1313 2038
f 1312 1311 677
f 453 1311 676
f 691 1312 677
f 1312 247 1687
f 1069 1313 453
f 1856 1313 881
f 1314 767 1315
f 1314 920 1886
f 767 2037 1317
f 1315 1317 1316
f 1827 1316 768
f 1390 1316 856
f 1867 1317 898
f 1316 1317 768
f 1318 290 1616
f 1319 1318 312
f 1319 312 1515
f 2039 1319 241
f 1321 1320 863
f 1416 1320 895
f 886 1321 863
f 1321 213 1864
f 445 1743 1326
f 1322 582 1323
f 1324 1323 582
f 1325 581 1323
f 1797 1324 582
f 829 433 1324
f 1324 1325 1323
f 1636 1630 1325
f 445 1326 1322
f 777 1744 1327
f 1474 1327 212
f 1797 1327 828
f 1328 909 1842
f 1329 1328 670
f 1478 1329 670
f 2040 1329 822
f 2041 1330 837
f 629 923 1330
f 1332 2043 202
f 2042 1331 588
f 2043 1331 994
f 1184 1332 202
f 1105 1099 1334
f 1333 1077 1958
f 1334 1333 1105
f 1335 1334 1078
f 1101 1335 1078
f 1335 617 1959
f 2045 1336 228
f 307 375 1338
f 2081 2045 228
f 1587 1588 282
f 2075 1338 375
f 276 1404 2058
f 1816 239 851
f 650 1339 1816
f 1250 1340 1249
f 1524 1340 736
f 518 1341 132
f 516 1341 338
f 425 1342 29
f 426 1342 341
f 1624 548 1623
f 1343 1624 1398
f 313 1700 2046
f 1344 2046 1463
f 649 1670 1346
f 1347 1345 650
f 649 1346 1345
f 1247 1346 311
f 850 1347 650
f 264 1347 653
f 1348 243 1463
f 1349 645 778
f 645 1349 1348
f 1744 1349 778
f 1084 1350 672
f 1350 741 1720
f 1833 1351 860
f 859 1834 1835
f 2048 1027 1028
f 1352 2048 1919
f 1165 1353 748
f 747 1353 1110
f 2049 695 1209
f 1848 1354 508
f 1356 1355 1305
f 786 1752 1357
f 2100 1305 629
f 1356 789 1754
f 786 1357 1355
f 1070 1357 219
f 275 674 1358
f 2050 1358 674
f 261 1360 1359
f 1359 1360 1362
f 1667 1361 1360
f 644 1475 1362
f 1667 1360 261
f 1211 1361 642
f 644 1362 1360
f 645 1362 778
f 1504 1363 203
f 1505 2074 1504
f 1408 802 821
f 2051 801 1364
f 2052 823 715
f 317 381 1365
f 866 1843 1429
f 1448 1370 245
f 1370 1366 245
f 1367 489 1368
f 489 2096 1369
f 1378 205 1368
f 1932 1369 874
f 1378 1369 488
f 1370 872 1850
f 1367 1366 1370
f 1372 1371 205
f 1367 1371 597
f 1377 1374 1372
f 1372 596 1373
f 1381 1373 596
f 867 1385 2055
f 1377 1372 205
f 1374 594 1375
f 1379 594 1051
f 1375 1379 1376
f 2053 234 1046
f 757 1735 1387
f 205 1049 1377
f 2054 1377 1049
f 1369 1378 1368
f 1378 488 1095
f 1376 1379 234
f 594 1379 1375
f 1380 595 1410
f 1374 1380 596
f 596 1088 1381
f 1382 1381 1088
f 1088 416 1382
f 416 1955 1383
f 416 1383 1382
f 1384 1383 1073
f 1386 1384 1073
f 415 1843 1385
f 415 1385 1384
f 866 597 2055
f 1386 1073 2007
f 415 1386 1274
f 1387 1376 2053
f 1388 2056 224
f 2056 1387 758
f 1964 1388 224
f 888 1389 890
f 468 1389 257
f 1880 1390 917
f 1316 1390 455
f 1017 1391 1015
f 1391 471 2060
f 733 1392 1212
f 787 1392 968
f 1394 1393 554
f 1393 551 1403
f 1430 1394 554
f 1396 1394 248
f 1133 1399 1395
f 1400 1401 1399
f 1398 1396 248
f 1393 1396 551
f 2057 549 1125
f 1127 551 1397
f 1343 1398 248
f 1397 1398 549
f 1195 1399 1133
f 1598 1400 287
f 355 447 1400
f 1400 447 1401
f 1401 1395 1399
f 1343 1401 447
f 1230 1393 1403
f 1149 1402 214
f 1403 1402 1230
f 1983 551 1127
f 1001 1404 1245
f 1116 1336 2058
f 233 1405 1246
f 1001 1405 1096
f 2059 610 1263
f 1406 2059 1407
f 1283 1407 500
f 1991 1407 1156
f 1409 1408 821
f 2051 1408 683
f 821 1786 1787
f 1769 1409 711
f 1086 1410 1388
f 1380 1410 1088
f 421 1411 12
f 422 1411 339
f 423 1412 139
f 424 1412 340
f 2001 1413 277
f 1414 1193 235
f 1193 1414 1413
f 1097 1414 235
f 792 1415 791
f 1415 251 1706
f 1320 1416 807
f 1416 895 1417
f 1865 1417 895
f 1417 1865 2060
f 2085 1418 231
f 1419 598 1637
f 1418 579 1419
f 1636 1419 579
f 1421 1420 326
f 1063 1420 252
f 1196 1421 326
f 252 1421 1197
f 1422 1120 1137
f 626 1142 1423
f 1423 1422 626
f 992 1423 625
f 1424 761 1425
f 1143 1424 620
f 1817 1425 761
f 1738 1425 764
f 1174 1426 1215
f 1224 1426 1157
f 477 1288 1428
f 1291 1427 1064
f 477 1428 1427
f 990 281 1428
f 866 1429 1366
f 1809 1429 842
f 1232 1430 554
f 1395 1430 1133
f 427 1431 189
f 428 1431 342
f 1433 1432 298
f 2062 1849 279
f 298 1581 2081
f 2061 1433 228
f 301 1434 391
f 125 1434 420
f 1435 267 1720
f 518 1435 338
f 1936 1436 978
f 1026 208 1436
f 1437 1037 1940
f 663 674 1437
f 1439 1438 638
f 1438 779 1533
f 1440 1439 638
f 1439 412 1485
f 638 1531 1441
f 635 1494 1440
f 638 1441 1440
f 2063 1441 637
f 1664 1442 259
f 1443 818 1494
f 1442 634 1443
f 1675 1443 634
f 1154 1155 1444
f 612 1444 1155
f 612 1445 1444
f 1445 1152 1989
f 1446 2064 1450
f 1810 1446 498
f 334 1447 654
f 1271 1447 1267
f 279 1448 871
f 1448 872 1370
f 1283 1449 1157
f 609 1449 1282
f 283 1594 1452
f 1451 498 1450
f 1452 1451 1450
f 2065 308 496
f 283 1452 1450
f 308 1452 376
f 502 1453 174
f 519 1453 343
f 128 1454 127
f 517 319 1454
f 229 1862 1456
f 1455 2067 1558
f 1584 469 468
f 2067 1455 1456
f 289 1459 1457
f 950 1901 1458
f 1458 1457 1459
f 1247 1458 239
f 1459 289 1568
f 1458 1459 950
f 841 1460 399
f 349 1460 280
f 348 1461 505
f 274 1689 1690
f 1605 1462 530
f 531 325 1462
f 1463 648 2047
f 1344 1463 243
f 2068 291 429
f 437 1464 353
f 1465 542 1863
f 1465 417 1563
f 1091 1466 1024
f 684 1770 1467
f 684 1467 1466
f 1467 799 1767
f 1016 1468 804
f 1468 910 1875
f 1133 1469 1195
f 1219 1469 846
f 1471 309 378
f 1470 1204 2011
f 309 1471 1470
f 378 283 1471
f 1473 1472 643
f 1361 1472 644
f 1473 643 1798
f 1744 1475 212
f 827 1474 1473
f 1327 1474 828
f 1362 1475 778
f 644 1473 1475
f 1753 1477 787
f 1476 700 1807
f 1752 1477 785
f 1477 786 1754
f 1479 1478 670
f 1483 1478 221
f 1480 1479 670
f 1479 666 1781
f 1492 1480 670
f 1480 667 1481
f 1482 1481 667
f 1493 1481 412
f 2069 1482 667
f 1486 1485 2070
f 836 1483 221
f 1329 1483 822
f 1840 1484 479
f 1888 1484 865
f 2070 1485 1482
f 1439 1485 779
f 1487 1486 668
f 1486 1487 1488
f 668 1889 1498
f 1498 1489 2071
f 204 1500 1534
f 1533 779 1488
f 1490 1489 669
f 671 1957 1499
f 1491 1490 669
f 1490 2072 2006
f 1495 1491 669
f 1491 252 2002
f 2095 670 1328
f 1484 1492 479
f 1440 1493 412
f 1493 1440 1494
f 1443 1494 635
f 1781 1494 818
f 1497 1495 669
f 1496 1495 926
f 1063 1496 926
f 1491 1496 252
f 669 1489 1498
f 2073 925 1278
f 668 1498 1487
f 925 1497 1498
f 1503 1499 1489
f 1500 1499 1075
f 1501 1500 1075
f 1500 1083 1534
f 1502 1501 1075
f 1501 640 1961
f 1502 1075 1957
f 1502 1087 1965
f 1490 1503 1489
f 671 1499 1503
f 1874 1504 203
f 1505 1504 908
f 908 1877 1506
f 2074 802 1364
f 908 1506 1505
f 658 2040 1507
f 658 1507 1506
f 1784 1507 822
f 490 1508 161
f 556 1508 344
f 411 1509 85
f 403 1509 345
f 403 1510 83
f 404 1510 346
f 22 1511 20
f 989 1511 393
f 1513 506 369
f 871 1512 279
f 506 1513 1512
f 1432 1513 369
f 352 1514 523
f 1515 278 849
f 278 1515 1514
f 1319 1515 849
f 1244 1516 392
f 276 1338 2075
f 383 318 1517
f 732 2076 318
f 1519 1518 763
f 2077 923 1518
f 1884 1519 763
f 921 985 2078
f 1134 1520 514
f 961 1520 935
f 1521 237 1916
f 1535 322 1065
f 1522 814 1523
f 1468 1522 910
f 814 1014 1523
f 1934 1523 1014
f 218 1524 1034
f 1340 1524 992
f 216 1525 1106
f 1526 1525 1076
f 1076 902 1526
f 1527 902 513
f 902 1527 1526
f 942 1527 513
f 553 1528 1178
f 1147 1528 1146
f 231 1529 1202
f 1596 1529 1037
f 1654 1530 1240
f 2079 1530 615
f 1081 1531 638
f 1532 637 1531
f 1081 1532 1531
f 823 1532 232
f 1534 1533 1488
f 1438 1533 639
f 204 1534 1488
f 1534 1083 1960
f 322 1535 1521
f 284 1535 1065
f 413 1536 71
f 507 1536 347
f 555 1537 196
f 505 1537 348
f 467 1538 95
f 465 1538 349
f 435 1539 8
f 503 1539 350
f 527 1540 179
f 436 1540 351
f 557 1541 157
f 523 1541 352
f 437 1542 3
f 997 1542 353
f 536 1543 67
f 535 1543 354
f 446 1544 185
f 526 1544 355
f 438 1545 56
f 440 1545 356
f 440 1546 54
f 441 1546 357
f 105 106 1548
f 464 1547 358
f 105 1548 1547
f 108 1548 107
f 541 1549 33
f 448 1549 359
f 456 1550 50
f 457 1550 361
f 458 1551 60
f 459 1551 362
f 460 1552 15
f 544 1552 363
f 1554 75 77
f 401 1553 364
f 480 1554 78
f 1553 1554 364
f 462 1555 25
f 525 1555 365
f 1585 1556 269
f 576 1556 370
f 480 1557 364
f 1558 1557 292
f 1455 1558 292
f 330 401 1558
f 1559 345 1771
f 1560 1559 270
f 1559 1560 403
f 1009 1560 270
f 1275 1561 280
f 754 1561 414
f 480 1562 292
f 1563 1562 394
f 1465 1563 335
f 1562 1563 417
f 1565 265 992
f 775 1564 432
f 265 1565 1564
f 625 1565 992
f 575 1566 438
f 1984 1566 315
f 439 1984 1569
f 1568 289 1567
f 1569 1568 1567
f 1459 1568 835
f 439 1569 1567
f 1569 250 1802
f 1567 1570 356
f 357 1570 289
f 442 311 1571
f 561 1571 311
f 574 1572 446
f 1343 1572 314
f 560 1573 302
f 448 449 1573
f 558 1574 435
f 300 450 1574
f 559 1575 310
f 436 451 1575
f 876 1576 354
f 1068 1576 452
f 563 1577 460
f 1344 1577 313
f 1646 1578 461
f 1644 1578 604
f 492 1579 358
f 1580 1579 282
f 2080 1337 2081
f 464 1580 368
f 2080 1580 282
f 1581 2080 2081
f 590 1582 257
f 347 468 1582
f 840 1583 413
f 330 2067 1584
f 330 1584 1583
f 469 1584 1456
f 1556 1585 370
f 1060 1585 269
f 1061 1586 485
f 601 1586 320
f 374 307 1588
f 1579 1587 282
f 307 1337 1588
f 1588 1337 2080
f 771 1589 494
f 1590 1589 325
f 531 1590 325
f 1593 1590 246
f 1609 531 1606
f 2022 1591 568
f 308 377 1592
f 495 1592 377
f 1251 1593 246
f 1592 1593 496
f 1452 1594 376
f 378 1594 283
f 1596 1595 350
f 275 1358 2082
f 450 1596 350
f 275 1596 1037
f 1102 1597 263
f 817 1597 511
f 1400 1598 355
f 1599 1598 287
f 2083 287 1195
f 526 1599 395
f 1191 1600 396
f 351 1600 277
f 1123 1601 529
f 1601 333 1602
f 1604 333 651
f 1602 1604 1603
f 1672 1603 652
f 1607 1603 567
f 1671 1604 651
f 1603 1604 652
f 1606 1605 253
f 1462 1605 531
f 1607 1606 253
f 1606 566 1609
f 1603 1607 253
f 1607 567 1608
f 1614 1608 567
f 566 1608 532
f 1609 566 1610
f 1591 531 1609
f 566 532 1610
f 1611 1610 532
f 1612 1611 532
f 1254 568 1611
f 1612 532 1613
f 1254 1612 1255
f 2084 532 1608
f 1613 2084 1651
f 567 1672 2089
f 2084 1614 569
f 1576 1615 535
f 1615 286 1686
f 1318 1616 390
f 1617 1616 290
f 791 1617 290
f 539 1617 405
f 742 1618 410
f 1619 1618 288
f 1618 1619 541
f 1090 1619 288
f 1578 1620 363
f 1621 1620 297
f 1621 297 1642
f 421 544 1621
f 585 1622 342
f 1623 1622 262
f 1125 1623 262
f 549 1398 1624
f 548 1624 314
f 549 1624 1623
f 602 1625 339
f 1627 1625 258
f 577 1625 1627
f 1202 1626 578
f 577 1627 1626
f 1629 1628 1627
f 1629 1627 258
f 1630 1628 581
f 258 899 1629
f 899 581 1629
f 1325 1630 581
f 1631 1630 579
f 1630 1631 1628
f 579 1418 2085
f 1634 585 299
f 1633 586 1126
f 586 1633 1632
f 1633 1126 1981
f 585 1634 1632
f 735 1634 299
f 507 1635 419
f 590 294 1635
f 1630 1636 579
f 1639 1636 433
f 2086 1640 1641
f 202 2043 1638
f 202 1638 1637
f 1035 1638 994
f 1796 433 829
f 599 1979 1640
f 599 1640 1639
f 1641 1640 1113
f 1184 1641 1113
f 2086 202 1637
f 1644 1642 297
f 1643 1642 603
f 899 1643 603
f 1643 258 1625
f 1578 1644 297
f 1644 604 1645
f 1645 604 1742
f 445 603 1645
f 1578 1646 604
f 1344 1646 461
f 1648 1647 533
f 2087 1647 607
f 2088 1648 533
f 608 1281 1649
f 608 1649 1648
f 1262 1649 1263
f 1647 1650 533
f 1651 1650 606
f 1613 1651 606
f 1715 1651 569
f 1135 1652 613
f 1653 1652 614
f 1654 1653 614
f 1653 1240 2088
f 614 1905 1655
f 1654 615 1530
f 614 1655 1654
f 1656 1655 200
f 901 1656 200
f 1656 900 2019
f 1129 1657 618
f 759 1657 619
f 1659 244 1109
f 593 1658 621
f 244 1659 1658
f 627 1659 1109
f 1514 1660 278
f 593 1660 352
f 1565 1661 432
f 1986 625 1142
f 1659 1662 621
f 849 1662 627
f 1664 1663 633
f 636 1663 259
f 296 1664 633
f 1442 1664 634
f 2063 636 259
f 823 1665 637
f 1667 1666 641
f 1666 261 1669
f 1668 641 302
f 1361 1667 642
f 641 1668 1667
f 991 1668 302
f 1666 1669 646
f 1359 1669 261
f 561 1670 456
f 1346 1670 311
f 653 1671 264
f 1604 1671 652
f 653 1672 652
f 2089 1672 217
f 545 1673 296
f 654 1673 367
f 1676 1675 1674
f 1664 1674 634
f 1780 1675 656
f 1443 1675 818
f 2029 255 1270
f 1675 1676 656
f 1461 1677 274
f 659 1677 348
f 227 1678 660
f 1677 1678 661
f 1681 1679 662
f 1678 1679 661
f 674 1680 227
f 993 1680 663
f 1677 1681 274
f 1681 661 1679
f 993 1682 662
f 1683 1682 572
f 1331 1683 572
f 1684 1683 665
f 1684 665 1717
f 1684 680 1689
f 675 1686 1687
f 1685 247 1691
f 1068 1686 286
f 1686 676 1687
f 1312 1687 676
f 247 1685 1687
f 1126 1688 550
f 1181 1688 587
f 1681 1689 274
f 1684 1689 664
f 318 384 1690
f 1461 1690 384
f 1685 1691 688
f 691 1691 247
f 1070 1692 628
f 1693 1692 690
f 1693 690 1697
f 689 1693 304
f 1692 1694 628
f 1691 1694 689
f 1205 1695 692
f 1695 249 1722
f 562 1696 458
f 1693 1696 304
f 1693 1697 696
f 690 1950 1951
f 1131 1698 697
f 575 1698 315
f 564 1699 462
f 305 701 1699
f 563 1700 313
f 329 1700 402
f 1107 1701 481
f 306 705 1701
f 306 1702 705
f 708 1702 706
f 1702 1703 706
f 843 1703 306
f 995 1704 706
f 1782 1704 222
f 995 1705 710
f 1706 1705 707
f 707 843 1706
f 1415 1706 843
f 682 1764 1765
f 1707 711 1788
f 713 1708 714
f 510 1708 382
f 329 393 1709
f 525 1709 393
f 1713 1710 717
f 1672 1710 217
f 850 1711 717
f 956 1711 571
f 723 1712 570
f 1903 1712 718
f 1710 1713 217
f 1713 717 1711
f 1135 1714 570
f 613 1651 1715
f 1715 569 1716
f 613 1715 1714
f 1614 1716 569
f 1713 1716 217
f 1684 1717 732
f 1183 1717 665
f 1962 1718 741
f 1718 224 2056
f 1735 1719 758
f 755 1719 273
f 1718 1720 741
f 1435 1720 740
f 1722 1721 742
f 1723 1721 743
f 1695 1722 742
f 1722 249 745
f 743 1724 1725
f 1723 744 1090
f 1725 1724 600
f 743 745 1724
f 1725 600 1726
f 743 1725 1723
f 2090 600 1728
f 1726 831 2013
f 745 2009 1729
f 1728 1727 746
f 1731 1730 746
f 1726 2090 831
f 745 1729 1727
f 694 1188 2091
f 1789 1730 747
f 584 1728 1730
f 1169 1731 215
f 1730 1731 747
f 465 1732 386
f 1272 1732 754
f 1435 1733 338
f 740 755 1733
f 273 1734 756
f 1046 1734 757
f 1387 1735 758
f 1734 1735 757
f 1737 1736 759
f 1109 1736 760
f 1424 1737 620
f 1736 1737 760
f 1109 1738 622
f 1425 1738 760
f 1464 1739 765
f 538 1739 437
f 764 1817 1819
f 211 1823 1741
f 211 1741 1740
f 685 1741 857
f 1646 1742 604
f 1348 1742 243
f 1349 1743 776
f 1326 1743 777
f 1327 1744 212
f 1349 1744 777
f 1138 1745 623
f 1746 1745 781
f 1747 781 998
f 986 1746 201
f 781 1747 1746
f 839 1747 998
f 1130 1748 698
f 1749 1748 769
f 1748 1749 784
f 1070 1749 769
f 1753 1750 785
f 1750 699 1801
f 1749 1751 784
f 1752 1751 219
f 1357 1752 219
f 1477 1752 786
f 1477 1753 785
f 968 1753 787
f 1356 1754 786
f 789 1803 1804
f 1748 1755 698
f 1750 1755 784
f 290 1756 792
f 1040 1756 793
f 1415 1757 251
f 1758 1757 792
f 1756 1758 792
f 1760 1758 681
f 1759 710 1705
f 1759 794 1760
f 1761 1760 681
f 1759 1760 795
f 681 1039 1761
f 1761 1039 1942
f 1763 1762 795
f 1764 1762 796
f 1761 1763 795
f 1071 1763 797
f 1766 1764 796
f 682 1765 1707
f 1764 798 1765
f 1765 798 1769
f 796 360 1766
f 1767 1766 360
f 1767 360 1954
f 1768 1767 799
f 799 1770 2101
f 1769 1768 683
f 1409 1769 683
f 1765 1769 711
f 803 1770 684
f 801 2051 2101
f 1772 1771 808
f 809 1778 1771
f 1773 1772 254
f 1771 1772 809
f 1286 1773 254
f 1774 1773 810
f 1776 1775 810
f 1774 811 1778
f 1014 220 1775
f 811 1775 220
f 1777 1776 810
f 1776 815 1934
f 1286 1777 810
f 1777 478 1293
f 1010 1778 811
f 1771 1778 270
f 1065 1779 284
f 519 1779 387
f 1780 656 2029
f 1781 1780 221
f 1781 221 1478
f 1494 1781 666
f 2026 1782 819
f 1704 1782 708
f 819 1786 1785
f 1784 1783 820
f 1507 1784 820
f 1483 2028 822
f 819 1785 1783
f 802 1785 821
f 1787 1786 222
f 1785 1786 821
f 222 995 1788
f 821 1787 1409
f 1788 995 710
f 711 1787 1788
f 1730 1789 584
f 1110 1789 747
f 1789 1790 584
f 1975 1790 825
f 1111 1791 826
f 1792 1791 583
f 1791 1792 827
f 1793 1792 583
f 1794 1793 583
f 1797 1793 829
f 1795 583 1111
f 1796 1794 599
f 1111 1976 2092
f 1794 1795 2092
f 599 1639 1796
f 433 1796 1639
f 1324 1797 829
f 1327 1797 582
f 1473 1798 827
f 1210 1798 643
f 1790 1799 830
f 1791 1799 826
f 1210 1800 830
f 1728 1800 831
f 1750 1801 790
f 969 1801 699
f 959 1802 834
f 1569 1802 835
f 1805 1803 837
f 1803 833 1804
f 833 1806 1807
f 1754 1804 700
f 986 1805 837
f 839 1805 201
f 1807 1806 838
f 833 839 1806
f 1807 838 1476
f 833 1807 1804
f 1809 1808 841
f 1275 1808 842
f 1276 1809 841
f 1809 245 1429
f 1811 1810 844
f 1446 1810 226
f 1812 1811 844
f 1813 845 1209
f 1844 1812 844
f 2093 1812 868
f 845 1813 1811
f 1208 1813 1209
f 1710 1814 717
f 1347 1814 653
f 850 650 1816
f 957 1815 851
f 850 1816 1815
f 239 1816 1339
f 1425 1817 764
f 1917 1817 761
f 1819 211 1740
f 1820 1818 852
f 211 1819 1818
f 764 1819 1740
f 1818 1820 853
f 1820 852 1917
f 1822 1821 853
f 854 1825 1823
f 917 1822 853
f 861 1822 855
f 1741 1823 857
f 211 1821 1823
f 1390 1824 855
f 856 1827 1830
f 1823 1825 857
f 861 1825 854
f 1826 686 1952
f 1826 797 1942
f 1316 1827 856
f 889 1861 2094
f 2094 1827 768
f 1828 2094 1861
f 1831 1833 860
f 1830 476 1824
f 476 1830 1829
f 856 1830 1824
f 1833 476 1829
f 1832 1831 860
f 1953 1832 860
f 1832 1072 1952
f 1833 1831 476
f 1351 1833 859
f 473 1024 1835
f 1836 1834 859
f 859 1835 1351
f 473 1835 1834
f 1829 1836 859
f 1836 858 1828
f 475 1861 1838
f 864 1837 863
f 475 1838 1837
f 1838 887 1858
f 1935 1839 864
f 1834 1839 473
f 1484 1840 865
f 1841 1840 479
f 1842 1841 479
f 1841 906 2036
f 479 1492 2095
f 1842 909 1873
f 1385 1843 866
f 1275 1843 415
f 1252 1844 844
f 1256 1844 497
f 1812 1845 845
f 2024 1845 499
f 1280 1846 508
f 2025 1846 869
f 1161 1847 870
f 1848 750 1167
f 750 1848 1847
f 1354 1848 1167
f 2062 279 1432
f 1850 1849 873
f 1851 1850 873
f 1850 489 1370
f 2061 1852 1851
f 874 1369 2096
f 2061 1851 873
f 1116 1852 228
f 877 1853 294
f 536 1853 876
f 879 1854 877
f 2097 240 1069
f 927 1855 880
f 1069 1855 881
f 1313 1856 883
f 927 1856 881
f 880 1857 474
f 884 1857 882
f 1838 1858 886
f 1859 1858 887
f 887 1861 1860
f 474 1859 927
f 887 1860 1859
f 1860 889 1867
f 1828 1861 475
f 1860 1861 889
f 1456 1862 469
f 893 1862 229
f 229 2066 1863
f 542 893 1863
f 894 1866 1865
f 1321 1864 895
f 894 1865 1864
f 1865 896 2060
f 1002 1866 470
f 1865 1866 896
f 1867 889 2094
f 898 454 1867
f 2098 1868 722
f 1869 513 902
f 513 1869 1868
f 1869 902 1870
f 1076 1870 902
f 1242 1870 616
f 1294 1871 805
f 1873 1871 906
f 1875 1872 907
f 1872 910 1523
f 1842 1873 906
f 1873 909 1876
f 1504 1874 908
f 1875 1874 203
f 1468 1875 203
f 1875 910 1872
f 1873 1876 907
f 1876 909 1877
f 1328 1877 909
f 1506 1877 658
f 1213 1878 728
f 1879 1878 838
f 1806 1879 838
f 729 1879 839
f 1390 1880 455
f 917 918 1880
f 1881 763 1886
f 1882 1881 918
f 982 1882 762
f 1881 1882 919
f 1881 1883 918
f 1315 1883 920
f 1885 1884 919
f 1519 1884 921
f 982 1885 919
f 605 921 1885
f 1518 1886 763
f 1314 1886 922
f 1518 1887 922
f 1304 1887 923
f 1484 1888 667
f 2033 865 2032
f 924 2033 1890
f 1498 1889 925
f 924 1890 1889
f 1890 1277 2030
f 961 1891 592
f 934 1891 935
f 1025 1892 208
f 1893 1892 938
f 515 1893 938
f 941 937 1893
f 1025 1894 938
f 1912 1895 939
f 939 1895 1894
f 1895 971 1908
f 1909 1896 943
f 1527 1896 903
f 1895 1897 515
f 1896 1897 943
f 941 942 1898
f 513 1898 942
f 957 1899 724
f 949 1899 851
f 1459 1900 950
f 959 1900 835
f 1458 1901 239
f 725 1901 950
f 954 1902 514
f 726 1902 953
f 981 1903 719
f 1903 721 1712
f 1868 1904 722
f 963 1904 901
f 1655 1905 200
f 1135 1905 614
f 1712 1906 570
f 720 1906 721
f 200 1907 963
f 1906 1907 964
f 1909 512 1106
f 1895 1908 943
f 903 1909 1106
f 943 1908 1909
f 1521 1910 237
f 1911 1910 972
f 1911 972 1973
f 1911 512 1908
f 1912 237 971
f 1913 1912 939
f 1025 1913 939
f 1915 1913 739
f 975 1914 285
f 1915 1914 973
f 1913 1915 973
f 1352 1915 739
f 1912 1916 237
f 1914 1916 973
f 1917 982 762
f 1817 1917 852
f 1144 1918 605
f 1136 1918 984
f 1352 1919 974
f 1920 238 1032
f 238 1920 1919
f 323 1920 1032
f 773 1921 327
f 1922 1921 444
f 1922 372 1946
f 1921 1922 990
f 1035 1923 993
f 1331 1923 994
f 1925 622 1738
f 1941 1924 770
f 1925 1924 622
f 1740 1925 764
f 849 627 1926
f 1927 1926 627
f 1926 1927 996
f 1109 1927 627
f 1138 1928 781
f 1929 1928 999
f 1929 999 1930
f 729 998 1929
f 1929 1930 1000
f 1118 1930 999
f 976 1931 824
f 729 1931 912
f 1369 1932 488
f 1116 1932 874
f 1008 1933 542
f 1004 1933 256
f 1294 1934 815
f 1523 1934 805
f 807 1935 864
f 1023 1935 1022
f 1436 1936 1026
f 1031 1936 978
f 1938 1937 1028
f 1937 1029 2021
f 1030 1938 1028
f 1029 1938 1033
f 323 1939 397
f 1939 1032 2021
f 1437 1940 1036
f 1529 1940 1037
f 1741 1941 770
f 685 1038 1941
f 1826 1942 685
f 1761 1942 797
f 1047 1943 565
f 1042 1943 1044
f 1050 1944 1048
f 1095 1944 1049
f 234 1945 1045
f 565 1945 1051
f 1922 1946 281
f 443 1946 372
f 1946 1947 1062
f 772 1947 443
f 926 1948 1063
f 1428 1948 1064
f 521 1949 1066
f 1521 1949 322
f 1070 769 1950
f 1950 769 1951
f 1130 1951 769
f 1697 1951 266
f 1826 1952 1071
f 1832 1952 686
f 1351 1953 860
f 1954 1953 800
f 1467 1954 800
f 360 1072 1954
f 416 1966 1956
f 1201 1955 1074
f 1502 1956 1087
f 1074 1955 1956
f 1499 1957 1075
f 1957 671 2008
f 1333 1958 1076
f 1959 1958 1077
f 1959 1077 1335
f 1959 1236 2017
f 1534 1960 639
f 1960 1083 1961
f 1501 1961 1083
f 1963 1961 640
f 1718 1962 224
f 1084 1962 741
f 1962 1963 1085
f 1961 1963 1084
f 1964 1085 1965
f 1388 1964 1086
f 1502 1965 640
f 1964 1965 1087
f 1956 1966 1087
f 1088 1966 416
f 804 1967 1020
f 1092 1967 1093
f 1468 1968 1093
f 1363 1968 203
f 1931 1969 824
f 1969 1000 1930
f 1102 1970 1099
f 1971 263 1108
f 263 1971 1970
f 1108 379 2099
f 1100 1972 1098
f 1078 1099 1972
f 1911 1973 1104
f 1535 1973 972
f 1973 1974 1104
f 1974 284 1779
f 1790 1975 826
f 1975 825 1176
f 1977 1976 434
f 1976 1112 2092
f 1243 1977 434
f 1977 1114 1978
f 1997 1978 1114
f 1978 589 1998
f 1978 1979 1112
f 1640 1979 1113
f 737 1980 1034
f 1119 1120 1980
f 1127 1981 550
f 1633 1981 1125
f 1147 1982 550
f 1983 1982 1128
f 1983 1128 1988
f 551 1983 1403
f 1131 1984 315
f 250 1984 1132
f 620 1985 1141
f 1986 1985 759
f 759 619 1986
f 1661 1986 619
f 605 1987 1144
f 1917 1987 982
f 1983 1988 214
f 1128 1145 1988
f 1445 1989 1151
f 1221 1989 1152
f 1260 1990 418
f 1991 1990 611
f 1407 1991 611
f 1991 1156 1992
f 1991 1992 1155
f 1993 1992 1156
f 1283 1993 1156
f 1174 1993 1157
f 753 1994 1159
f 1148 905 1994
f 1170 1995 905
f 509 1995 1164
f 1176 1996 1172
f 1165 1996 1110
f 1177 1997 1114
f 1179 1997 1178
f 1184 1113 1998
f 1978 1998 1113
f 1354 1999 1188
f 1168 1999 1167
f 1194 2000 1191
f 2001 2000 1192
f 1227 2001 1192
f 2001 1193 1413
f 2002 1197 2003
f 2002 1198 2072
f 1272 2003 272
f 2002 2003 1199
f 2002 2004 1198
f 2005 2004 1199
f 1273 2005 1199
f 223 1200 2005
f 2008 2006 1200
f 1490 2006 671
f 1386 2007 223
f 1955 2007 1073
f 2008 1201 1074
f 2006 2008 671
f 1205 2009 249
f 694 2009 1206
f 1206 2010 694
f 695 2010 1207
f 1204 2064 2012
f 1207 2011 1208
f 1204 2012 2011
f 226 2012 1446
f 1210 242 2013
f 1726 2013 242
f 991 2014 642
f 242 1211 2014
f 1295 2015 609
f 534 2015 1239
f 2088 608 1648
f 1530 2016 1240
f 1242 616 2017
f 1959 2017 616
f 2017 2018 1242
f 1237 2018 1236
f 2019 615 1655
f 1870 2019 900
f 1248 2020 1249
f 528 2020 373
f 2021 1250 303
f 1937 2021 1032
f 1251 2022 1253
f 1591 2022 246
f 1261 2023 1258
f 1406 2023 610
f 1845 2024 869
f 1259 2024 499
f 1175 2025 418
f 2025 870 1846
f 2026 819 1783
f 1268 2026 1269
f 1269 2027 1270
f 2028 657 1784
f 657 2028 2027
f 822 2028 1784
f 1780 2029 836
f 1676 2029 656
f 1291 2030 225
f 1890 2030 1278
f 1284 2031 1279
f 2030 2031 225
f 2033 2032 1277
f 2034 865 1840
f 2033 1277 1890
f 1888 865 2033
f 816 2034 1840
f 1279 2032 2034
f 1064 2035 1291
f 2073 2035 926
f 1293 2036 1294
f 1841 2036 816
f 1307 2037 1300
f 1317 2037 898
f 1307 2038 883
f 1309 2038 210
f 1040 2039 241
f 1318 2039 793
f 1507 2040 822
f 658 1329 2040
f 1803 2041 837
f 789 1356 2100
f 1183 2042 588
f 1683 2042 665
f 1331 2043 1332
f 1638 2043 994
f 588 2044 1180
f 1332 1184 2044
f 2081 228 1433
f 307 2045 1337
f 1463 2046 703
f 313 2046 1344
f 1463 2047 1348
f 1265 2047 648
f 1919 2048 238
f 1027 2048 1352
f 695 2049 1354
f 1280 2049 1209
f 227 2050 674
f 316 2050 673
f 1408 2051 1364
f 2101 683 1768
f 823 2052 1365
f 715 317 2052
f 1387 2053 757
f 234 2053 1376
f 1944 2054 1049
f 594 2054 1050
f 2055 1373 1381
f 866 2055 1385
f 1387 2056 1388
f 1718 2056 758
f 549 2057 1397
f 1981 2057 1125
f 276 2058 1338
f 1116 2058 1404
f 1407 2059 500
f 610 2059 1406
f 896 1019 2060
f 2060 1019 1391
f 1852 2061 228
f 2062 2061 873
f 2061 2062 1433
f 1849 2062 873
f 1665 2063 637
f 1442 2063 259
f 2012 2064 1446
f 1471 2064 1204
f 1251 2065 496
f 498 2065 1252
f 1455 417 2066
f 2066 417 1465
f 1584 2067 1456
f 1558 2067 330
f 353 2068 774
f 291 2068 1464
f 1888 2069 667
f 924 1889 2102
f 2069 2070 1482
f 1486 2070 668
f 1498 2071 1487
f 1499 2071 1489
f 2002 2072 1491
f 2006 2072 1198
f 1495 2073 926
f 925 2073 1497
f 1504 2074 1363
f 802 2074 1505
f 524 2075 375
f 276 2075 1516
f 735 2076 732
f 1517 318 2076
f 1519 2077 1518
f 1330 2077 783
f 2077 2078 783
f 921 2078 1519
f 2019 2079 615
f 2079 1242 2018
f 1580 2080 1581
f 1588 2080 282
f 2045 2081 1337
f 298 2081 1433
f 503 2082 380
f 275 2082 1595
f 1194 2083 1195
f 395 2083 321
f 532 2084 1613
f 1614 2084 1608
f 578 2085 231
f 579 2085 1631
f 1640 2086 598
f 202 2086 1641
f 1264 2087 607
f 606 2087 1255
f 1653 2088 533
f 2016 2088 1240
f 1716 2089 217
f 567 2089 1614
f 600 2090 1726
f 1728 831 2090
f 2091 215 1731
f 694 2091 1729
f 2092 1795 1111
f 1979 2092 1112
f 1258 2093 868
f 1845 2093 499
f 1827 2094 1828
f 1867 2094 768
f 479 2095 1842
f 670 2095 1492
f 1850 2096 489
f 874 2096 1851
f 452 2097 1068
f 240 2097 1854
f 961 2098 722
f 513 2098 945
f 559 2099 379
f 1098 2099 310
f 1330 2100 629
f 789 2100 2041
f 799 2101 1768
f 801 2101 1770
f 924 2102 2069
f 668 2102 1889
f 21 2103 3950
f 2351 2451 3976
f 23 3949 2451
f 23 2451 24
f 23 22 3949
f 3951 25 24
f 2377 2545 2105
f 2612 2424 26
f 27 26 2424
f 28 3613 29
f 4087 2651 2304
f 2432 30 29
f 31 30 2619
f 2620 2304 2434
f 2348 2507 3614
f 36 35 2435
f 34 3711 35
f 32 31 2382
f 2348 3947 2447
f 39 38 3947
f 3032 2404 2318
f 2548 2380 43
f 3032 42 41
f 40 2586 2404
f 37 2629 2447
f 2104 2105 2545
f 2105 2106 2377
f 2109 2110 3952
f 2378 2108 2546
f 2906 2111 2112
f 4017 4019 2546
f 2701 4018 2453
f 2113 2114 2400
f 2116 2117 2403
f 2547 2302 2379
f 2403 3151 2315
f 2907 2115 2116
f 2583 2112 2113
f 45 2379 46
f 2594 2410 47
f 2410 2333 3094
f 2871 2861 2876
f 2506 4195 4213
f 2508 4006 2474
f 2628 2443 52
f 2443 2346 3944
f 2606 2388 2308
f 3156 2385 2555
f 57 56 2606
f 55 2558 2388
f 50 2473 2367
f 58 2555 2385
f 2106 2544 2377
f 3873 2408 2344
f 67 66 2368
f 2475 67 2368
f 3848 3849 4796
f 2369 2485 65
f 2556 60 59
f 2684 4474 3219
f 2383 2486 63
f 3701 2794 4321
f 63 2486 64
f 3069 4378 3068
f 66 65 2485
f 73 72 3012
f 2402 74 2415
f 2179 76 75
f 3975 3014 2448
f 75 2402 2179
f 2415 2313 2402
f 4117 3012 2391
f 2176 2433 2362
f 3457 4664 3227
f 3525 3528 2779
f 3920 2392 2440
f 70 2492 71
f 3048 2331 3996
f 2385 59 58
f 4554 2764 3326
f 2392 3996 3093
f 2349 3948 2437
f 2493 3999 4000
f 2439 2361 3962
f 2163 2493 2417
f 3575 2417 2338
f 3047 3046 2264
f 2161 2418 2160
f 2158 2159 2366
f 2162 3575 2161
f 2595 2338 2417
f 2155 2156 2363
f 2602 2154 2469
f 2149 2150 2148
f 2152 2490 2151
f 2152 2384 2490
f 2384 2152 2153
f 2150 2151 3957
f 2144 2387 2143
f 3958 2147 2148
f 2557 2386 2146
f 2144 2145 2571
f 2386 2306 2571
f 2456 2157 2601
f 3093 2169 2170
f 2298 2495 2361
f 2294 4008 2524
f 2122 2697 2121
f 3953 2454 2123
f 4353 2237 4352
f 2618 2124 2125
f 2124 3953 2123
f 3576 2126 2127
f 2430 2127 2128
f 3096 4391 2129
f 1 199 3096
f 2430 2339 3683
f 4391 2430 2128
f 2455 3978 2454
f 198 197 2470
f 2471 196 195
f 3964 2472 2365
f 2337 3427 2416
f 197 196 3963
f 2706 2365 2472
f 3640 3641 2641
f 2373 187 186
f 185 2524 186
f 2374 184 2525
f 2374 2524 185
f 2608 3685 4116
f 2470 197 3963
f 2524 4008 2373
f 2353 3952 2452
f 181 180 2394
f 2436 2621 175
f 178 3010 179
f 2621 176 175
f 4124 2527 2714
f 2462 2463 3981
f 170 2514 171
f 170 169 2389
f 3033 3582 3583
f 177 176 3954
f 2389 4126 2514
f 2389 2559 2296
f 4138 4139 2543
f 54 53 3944
f 2537 4015 2536
f 4508 2825 4507
f 164 163 2395
f 160 159 2911
f 2585 159 158
f 3154 2323 2406
f 2401 158 157
f 160 2911 2406
f 162 161 2912
f 169 2559 2389
f 182 181 2575
f 154 2910 2405
f 2610 2329 2609
f 121 120 4717
f 3577 119 2425
f 2289 4696 3965
f 3965 2372 4084
f 125 3011 126
f 2140 3543 2427
f 152 2579 153
f 2428 2336 3544
f 3965 122 2372
f 2371 2609 124
f 2838 2335 2426
f 4084 2372 3578
f 2614 2426 2142
f 2138 2139 2615
f 3946 3945 128
f 2303 2428 2616
f 2140 2427 2139
f 3543 2140 2141
f 2138 2381 2137
f 2134 2135 3544
f 2132 2133 2617
f 3577 2425 2311
f 2132 3959 2131
f 2134 2429 2133
f 2616 2428 2136
f 154 2405 155
f 2396 152 151
f 2743 2744 3017
f 2913 148 147
f 149 2914 150
f 3034 3745 3752
f 148 2913 2407
f 2407 3098 2325
f 142 141 3955
f 2813 4173 2812
f 3090 3835 3836
f 2581 147 146
f 140 2466 141
f 3169 3200 2202
f 2360 3960 3961
f 2409 3946 127
f 129 128 3945
f 2516 4007 2515
f 3009 134 133
f 2467 2357 3956
f 3500 3518 3896
f 4172 2694 2808
f 3943 136 135
f 136 2442 137
f 2356 2466 3983
f 3982 2464 2465
f 2320 2405 3152
f 2370 2119 2120
f 2118 2119 2518
f 33 2620 2434
f 2404 4826 3097
f 2527 4012 2526
f 2375 167 2535
f 165 164 2577
f 2793 4162 4839
f 148 2407 149
f 2437 2166 2495
f 2441 2345 3943
f 2291 4354 2601
f 3199 2445 3118
f 2611 2416 191
f 2965 3400 3402
f 2762 3313 3314
f 123 2371 124
f 2657 4846 4289
f 4863 4649 3406
f 3244 4482 4497
f 4151 2639 4152
f 173 3826 174
f 4669 3569 2858
f 2750 4145 2902
f 2854 2855 2511
f 3874 2388 2558
f 4251 2677 3612
f 4127 2720 2227
f 3277 4533 2190
f 2572 2362 3975
f 2408 2587 2344
f 2486 2305 2369
f 2487 2383 62
f 2479 4106 4115
f 2722 2726 2719
f 145 2397 146
f 2464 142 3955
f 2439 2850 2361
f 3449 3456 2591
f 3519 2786 3511
f 3854 3855 4260
f 4247 2471 2290
f 4352 2237 3040
f 2315 2907 2403
f 4050 4097 2977
f 3960 2515 132
f 131 3960 132
f 3857 3167 3169
f 4188 2696 4385
f 2376 189 3921
f 190 189 2376
f 2954 3192 3193
f 3008 3599 3600
f 3305 2768 3304
f 4002 4003 2258
f 4650 4637 2974
f 2256 3106 3209
f 2462 177 3954
f 4630 3389 3395
f 172 2390 2560
f 2560 173 172
f 44 2547 45
f 4276 4273 4274
f 2192 2861 4203
f 4164 2459 4163
f 160 2406 161
f 2212 3622 3623
f 69 68 2916
f 4158 2792 2449
f 156 155 2909
f 4777 3767 2929
f 3758 3759 3089
f 2320 3777 3778
f 144 143 2915
f 2244 2807 2808
f 2440 2392 2171
f 4323 4325 2458
f 2301 2377 2544
f 2803 3126 4416
f 2469 2154 2155
f 2839 2838 2282
f 2961 4296 4291
f 4095 2659 4094
f 2561 2159 2160
f 4063 4361 2598
f 3086 2767 3083
f 4784 3820 4785
f 2554 4641 4643
f 4694 3536 4822
f 2718 2634 4010
f 3966 2300 3967
f 2295 4004 2628
f 3121 3122 2413
f 4724 2483 3606
f 2671 3164 3162
f 2726 2227 2719
f 2343 3654 3107
f 2369 65 64
f 2478 2923 2982
f 2774 3481 3482
f 4060 2236 4059
f 137 2442 3045
f 2624 3668 3669
f 2429 2617 2133
f 3548 3632 4728
f 2572 2174 2175
f 3448 2232 3447
f 4229 2891 2702
f 2233 2888 2701
f 2908 2117 2118
f 2955 3223 3224
f 2450 3961 130
f 2235 2516 2824
f 3086 3084 2505
f 3280 3281 2221
f 2431 2618 2125
f 2693 3679 3680
f 2550 2238 4025
f 2271 4057 3910
f 2239 2663 3580
f 3586 3587 4819
f 2178 2644 2177
f 2837 4182 2240
f 2910 154 153
f 3749 3035 3748
f 3754 3755 3767
f 2323 3154 3590
f 4260 4262 2940
f 4466 2325 3098
f 2466 140 3956
f 4169 2288 3986
f 2335 3543 2426
f 4347 3029 2832
f 3630 3628 3629
f 2603 2311 2494
f 3991 3432 2247
f 3013 2273 3997
f 3038 61 60
f 4248 2673 2921
f 2206 4407 3198
f 2932 3113 2445
f 2471 195 3964
f 2340 3067 2431
f 3427 193 192
f 2709 3642 3643
f 3648 3049 3647
f 3970 2349 3969
f 2613 28 27
f 2703 3705 3706
f 2434 2342 3711
f 2980 4309 4311
f 3149 183 182
f 4509 4510 3259
f 3094 49 48
f 2859 4197 4198
f 3150 166 165
f 2538 2927 2727
f 4001 4002 2258
f 2357 3984 3983
f 171 2514 2390
f 2227 2726 2728
f 2523 3921 188
f 3689 2204 4484
f 2517 2370 2120
f 3054 3189 3190
f 126 3011 2409
f 4409 4410 3117
f 3873 2172 2173
f 3974 2263 3973
f 2156 2456 2363
f 2842 4385 3250
f 4031 2566 4029
f 4023 2549 2550
f 4211 2225 2869
f 4217 2266 4216
f 2226 3877 4222
f 2488 3995 3994
f 2107 2544 2106
f 3202 2612 2351
f 2582 2400 2114
f 4700 2201 4698
f 2574 2394 180
f 3585 3271 4522
f 2380 2547 44
f 3989 2256 2474
f 2576 2395 163
f 3620 2724 3619
f 2916 2398 69
f 4154 2833 2700
f 2584 2401 157
f 3037 3869 3870
f 2578 2396 151
f 2241 3152 3153
f 2580 2397 145
f 3851 2834 3850
f 4018 2277 4017
f 2301 3707 3708
f 3948 2164 2165
f 3206 2765 3207
f 3576 2431 2126
f 4149 2760 4150
f 3826 2436 174
f 2239 2463 2663
f 2281 2844 4189
f 3591 3593 2650
f 2144 2571 2387
f 4187 4186 2839
f 2153 2602 2384
f 3674 3675 2283
f 2705 3460 4254
f 3228 2341 2613
f 29 3613 2432
f 4166 2285 2800
f 2134 3544 2429
f 2648 3592 3591
f 129 3945 2450
f 2347 3201 2450
f 3956 140 139
f 2625 3663 3664
f 2372 122 121
f 2289 4084 4085
f 3964 195 194
f 3710 3679 2707
f 3058 3252 3279
f 2363 2456 3043
f 2161 3575 2418
f 4066 4067 2292
f 35 3711 2435
f 2293 2658 4092
f 2374 185 184
f 2294 4012 2527
f 2367 51 50
f 2295 4006 2508
f 2375 168 167
f 2296 4015 2537
f 3862 3991 2247
f 2476 3862 2475
f 3962 2167 2168
f 3925 2298 2361
f 136 3943 2442
f 2299 2622 4083
f 187 2373 2523
f 2519 3546 3545
f 2378 2107 2108
f 4119 3707 2277
f 2380 44 43
f 4023 2550 2302
f 2941 3687 4267
f 2846 2336 2428
f 2304 2382 3917
f 2651 2342 2434
f 2383 63 62
f 2305 3994 2489
f 2145 2146 2386
f 3678 3677 4858
f 2155 2363 2469
f 2384 3674 2283
f 56 55 2388
f 4222 4223 2226
f 2362 2175 2176
f 2309 2572 3975
f 2296 2719 2720
f 171 2390 172
f 2425 119 118
f 2130 2494 2425
f 3055 3042 3052
f 2370 2517 3051
f 74 2402 75
f 2415 74 73
f 2583 2113 2400
f 3601 2269 3598
f 3903 3151 2234
f 2400 2582 4722
f 2518 2119 2370
f 4454 3553 2261
f 3579 2496 2317
f 2496 2345 2441
f 2404 41 40
f 2318 2404 3097
f 3981 3980 2319
f 2394 2574 3587
f 3777 3152 2241
f 2401 2584 3778
f 2579 152 2396
f 4809 3092 3153
f 2585 158 2401
f 3908 3870 3871
f 2242 3765 3779
f 2395 2576 3922
f 2581 146 2397
f 2835 3853 3851
f 4260 4261 2243
f 2396 2578 3775
f 2812 4173 3827
f 2397 2580 4051
f 2247 3434 3435
f 69 2398 70
f 2556 59 2385
f 3158 3159 3157
f 2249 3117 3430
f 126 2409 127
f 2391 72 71
f 3848 4117 2699
f 2392 2170 2171
f 3093 3996 2331
f 2575 181 2394
f 2332 3617 3904
f 2410 48 47
f 2333 2410 3155
f 2577 164 2395
f 3620 3618 2272
f 2141 2142 2426
f 2844 2281 4072
f 2135 2136 2428
f 2848 2286 4075
f 2416 192 191
f 3644 2709 3643
f 2162 2163 2417
f 2597 4067 4066
f 3095 3096 199
f 198 3095 199
f 3683 3684 2340
f 2126 2431 2125
f 27 2424 2613
f 2800 2285 4078
f 34 33 2434
f 2435 2658 2293
f 2259 3655 3654
f 174 2436 175
f 2173 2174 2408
f 4055 3974 2587
f 135 134 2441
f 2442 2622 2299
f 2443 53 52
f 2346 2443 2506
f 2262 3698 4745
f 129 2450 130
f 2447 38 37
f 2348 2447 2507
f 2437 2165 2166
f 2349 2437 3969
f 3950 2350 3949
f 2350 3950 2104
f 2351 3976 3979
f 2612 3202 4458
f 4335 2758 4331
f 2503 4579 4175
f 2452 2110 2111
f 2353 2452 2453
f 3039 2455 4351
f 2123 2454 2122
f 2463 2355 4082
f 177 2462 178
f 2805 2465 4168
f 142 2464 143
f 2467 139 138
f 2357 2467 2468
f 4024 4741 2557
f 2150 3957 2148
f 2359 3625 2603
f 2311 2425 2494
f 2824 2516 4177
f 132 2515 133
f 2168 2169 2439
f 2361 2850 3925
f 2176 2177 2433
f 2433 3014 2362
f 2156 2157 2456
f 2363 3046 2469
f 2693 3685 2918
f 3682 2470 2917
f 194 193 2472
f 2706 2707 4120
f 2561 2160 2418
f 4535 2292 3281
f 2473 50 49
f 2367 2473 2474
f 3991 3992 2477
f 67 2475 68
f 2305 4378 4377
f 2485 2297 2368
f 2120 2121 2517
f 2370 3056 2518
f 2610 2371 4696
f 124 2609 125
f 4717 3577 3578
f 2311 3284 2645
f 2830 2519 4008
f 187 2523 188
f 2525 184 183
f 2374 2525 2526
f 2535 167 166
f 2375 2535 2536
f 3966 2376 2300
f 4828 3119 2416
f 3709 2377 2301
f 3976 2545 4016
f 2108 2109 2546
f 4020 2301 2378
f 3910 2379 2302
f 2594 4057 4058
f 2548 43 42
f 2380 2548 2549
f 2615 2139 2427
f 2281 4074 4073
f 2619 30 2432
f 2382 4079 3917
f 2487 62 61
f 2383 2487 2488
f 3674 2384 2307
f 2283 4024 2490
f 58 57 2555
f 2385 3157 2556
f 2146 2147 2557
f 3675 4741 2283
f 3678 2387 2306
f 4071 2614 4070
f 55 54 2558
f 2266 3875 3874
f 169 168 2559
f 4126 2296 2720
f 3845 4794 2721
f 3653 2560 3165
f 2492 70 2398
f 3998 2699 4117
f 2171 2172 2440
f 3920 2491 3996
f 2648 3591 3091
f 2771 3320 3316
f 180 179 2574
f 2575 3617 2332
f 163 162 2576
f 2577 3618 2334
f 151 150 2578
f 2579 3923 2321
f 145 144 2580
f 2276 3851 3852
f 3013 2398 2327
f 2492 3998 2391
f 4288 2955 3224
f 2957 3181 3182
f 2114 2115 2582
f 2269 3601 3603
f 157 156 2584
f 3908 3871 2274
f 2644 2402 2313
f 2179 2402 2178
f 2908 2403 2117
f 3151 2403 2316
f 40 39 2586
f 4052 4826 2586
f 3152 2405 2321
f 2909 2405 2320
f 3154 2406 2322
f 2912 2406 2323
f 3098 2407 2324
f 2914 2407 2325
f 2572 2408 2174
f 4054 2232 4055
f 3428 2409 2329
f 4816 2347 3946
f 47 46 2594
f 2410 4058 3155
f 3135 4425 4424
f 4134 2540 4140
f 3146 3799 3800
f 4324 3295 2986
f 2512 4200 3715
f 2868 2853 2854
f 2944 4285 3926
f 3839 3841 4793
f 3012 2415 73
f 4796 2330 3848
f 191 190 2611
f 3119 2826 4795
f 2163 2164 2493
f 2417 4000 2595
f 2597 2418 2338
f 2561 2292 2366
f 3193 3194 2954
f 3072 4754 4380
f 4667 4668 3467
f 3260 3811 3808
f 4706 4542 3298
f 2818 4542 4544
f 3301 3846 3751
f 4453 4329 4330
f 4426 3143 2689
f 2744 2752 2630
f 26 25 2612
f 3228 2613 2424
f 118 2130 2425
f 2130 2131 2494
f 2142 2143 2614
f 2426 4071 2838
f 2844 2427 2335
f 2615 4073 2381
f 2136 2137 2616
f 2846 2428 2303
f 2848 2429 2336
f 2617 4076 2359
f 2339 3682 3683
f 3576 2430 2340
f 2340 3684 3067
f 4077 2354 2618
f 2800 2432 2341
f 2619 4079 2382
f 2644 2433 2177
f 2313 3849 3872
f 33 32 2620
f 2651 2434 2304
f 2658 2435 2342
f 4005 2629 2293
f 3653 3654 2343
f 2621 4081 2355
f 2495 2166 2167
f 3972 2438 3969
f 4460 2298 3204
f 3015 4818 3971
f 3093 2439 2169
f 2850 3681 2252
f 3873 2440 2172
f 3973 2440 2344
f 3009 2441 134
f 2496 2441 2317
f 2622 2442 2345
f 3987 3045 2299
f 52 51 2628
f 2506 2443 4004
f 2206 3114 3115
f 3113 3114 2445
f 3817 3818 2937
f 4003 3294 2604
f 3063 4371 3721
f 3167 2498 2933
f 37 36 2629
f 2507 2447 4005
f 2833 2699 4118
f 3975 2448 4413
f 2789 4155 4158
f 2804 4412 4411
f 2347 4745 3201
f 3961 2287 2360
f 3976 2451 2350
f 3951 2451 2351
f 2906 2452 2111
f 3602 4723 2314
f 3977 2453 2452
f 2453 2233 2701
f 2455 2454 2354
f 2454 3978 2697
f 4351 2279 3039
f 4360 2237 3055
f 2157 2158 2601
f 2363 3043 2264
f 4156 4157 2790
f 2794 4320 4321
f 2457 4157 4159
f 3218 4333 4334
f 4320 4852 2459
f 2983 4312 4313
f 2539 2730 4135
f 3660 3477 2740
f 3708 3709 2301
f 4253 4252 2218
f 2463 2462 2355
f 2462 3981 3010
f 2355 4081 4082
f 2463 2239 3980
f 2465 2464 2356
f 2464 3982 2915
f 4168 2288 2805
f 2244 3827 4787
f 3983 2466 2357
f 3955 2466 2356
f 138 137 3045
f 2468 3987 2299
f 3431 2468 2299
f 3985 4820 3986
f 3046 2363 2264
f 2154 2602 2153
f 2917 2470 2364
f 3095 2470 2339
f 2471 2365 4120
f 3963 2471 2364
f 3427 2472 193
f 2337 3847 2706
f 3094 2473 49
f 3989 2474 3988
f 3988 2474 2473
f 2474 2256 2508
f 2476 2475 2368
f 2916 2475 2327
f 3992 2297 2477
f 2247 3435 3862
f 2297 3828 2477
f 2921 2228 4248
f 2921 2922 2228
f 2983 2798 3717
f 3068 4376 2672
f 3608 2675 3609
f 2673 4104 4106
f 2992 4325 4323
f 3588 4105 3900
f 2479 2673 4106
f 2482 4108 4107
f 2676 4724 3607
f 4226 2642 4221
f 3822 3023 3558
f 3133 4423 4420
f 4430 3142 4474
f 2485 2369 4377
f 2371 123 3965
f 2305 2486 2383
f 2369 64 2486
f 3038 2487 61
f 3159 3161 2328
f 3993 2488 2487
f 3161 3995 2488
f 2489 3995 2669
f 2489 4376 3068
f 2283 2490 2384
f 3957 2490 2358
f 2491 3302 3050
f 3048 2252 3681
f 3997 2492 2398
f 2391 71 2492
f 3948 2493 2164
f 3999 2493 2349
f 3959 2494 2131
f 2494 2359 2603
f 2495 2167 3962
f 3972 2495 2298
f 3579 2497 4002
f 4001 2345 2496
f 3292 3293 3866
f 3293 3294 2497
f 2824 2932 2235
f 3292 2933 2498
f 3721 4372 3063
f 3832 4370 3061
f 3495 3496 3494
f 3059 2604 3860
f 3316 3320 3315
f 3832 3061 3831
f 3318 2771 3317
f 3018 4343 4174
f 3511 3512 3510
f 4565 4590 3336
f 2903 3310 3311
f 3323 2770 3322
f 3309 2766 4701
f 4362 4363 3058
f 4195 2295 2852
f 2870 4213 4195
f 3099 2507 2293
f 3614 2265 4052
f 4398 4399 3105
f 2852 2295 2508
f 2854 2509 3121
f 2852 2853 2225
f 2256 3989 3990
f 3103 4393 2210
f 2511 2855 2860
f 2869 4215 2862
f 3730 4842 2513
f 2511 2860 4202
f 3738 3024 3725
f 4756 3725 3024
f 2389 2514 170
f 2514 2310 4438
f 2516 2515 2360
f 2515 4007 3009
f 4177 2287 2824
f 2516 2235 4718
f 2697 2517 2121
f 2370 3051 2261
f 3056 2370 2261
f 2908 2518 2316
f 4009 2519 2224
f 2373 3545 2523
f 4009 4010 2520
f 4151 2787 2520
f 3234 4487 4488
f 4153 4480 3229
f 4490 2636 4489
f 3403 2965 3402
f 2373 4008 3545
f 3921 2300 2376
f 2524 2374 4012
f 2373 186 2524
f 3149 2525 183
f 3904 3906 2332
f 4011 2526 2525
f 2526 2255 2527
f 2714 2527 2255
f 4124 2830 2527
f 4122 3261 4705
f 2718 3712 2634
f 2528 2714 4121
f 3272 4516 3266
f 2529 4511 3263
f 3272 3858 4799
f 3581 4720 3580
f 4514 2531 4513
f 4527 4813 3274
f 2181 3421 3412
f 4524 2532 4523
f 3465 4669 4279
f 3213 4468 4467
f 4640 4641 2554
f 3150 2535 166
f 4014 2536 4013
f 4013 2536 2535
f 2536 2257 2537
f 2723 2722 4128
f 2719 2296 2537
f 2563 2725 3109
f 4130 4129 2539
f 2539 2727 2730
f 3844 4131 2543
f 2752 2744 4142
f 3111 4401 2751
f 3878 2732 2898
f 4814 3278 3898
f 4422 3133 4421
f 4348 3025 4349
f 4136 2543 4131
f 2720 4127 4835
f 2107 2378 2544
f 2301 2544 2378
f 4016 2545 2377
f 2350 2104 2545
f 3952 2546 2109
f 4017 2546 2353
f 2302 2547 2380
f 2379 45 2547
f 3032 2548 42
f 4021 2318 4022
f 4021 2549 2548
f 2549 2238 2550
f 2565 4026 4028
f 2550 3916 3915
f 3536 4694 3535
f 2552 3915 3916
f 2565 3100 3916
f 3910 3911 2271
f 4645 3416 4644
f 4271 4272 2948
f 4031 4823 2207
f 3416 2569 4041
f 2606 2555 57
f 4435 2886 3156
f 3157 2385 2267
f 3038 2556 2328
f 3958 2557 2147
f 4024 2557 2358
f 3944 2558 54
f 2346 4213 4214
f 168 2375 2559
f 2559 2375 4015
f 3165 2560 2390
f 3826 2560 2343
f 2561 2418 4066
f 2366 2159 2561
f 3100 2551 4392
f 2948 4270 4271
f 2723 2538 2722
f 2564 2752 4143
f 2756 3771 3770
f 2928 2630 4146
f 4025 4026 2565
f 2565 2551 3100
f 4027 2566 4026
f 3614 4725 2265
f 2566 4027 4029
f 4096 2223 4098
f 3097 3724 2318
f 3615 4030 4035
f 4040 2661 4042
f 3415 4048 3414
f 4046 4300 2963
f 2654 4296 4293
f 2386 2571 2145
f 2387 2571 2306
f 2362 2572 2175
f 2572 2309 4053
f 4101 2209 4102
f 2343 3107 2436
f 3010 2574 179
f 2574 2319 3587
f 3617 2394 2270
f 3149 2575 2332
f 2912 2576 162
f 3922 2576 2323
f 3618 2395 2272
f 3150 2577 2334
f 2914 2578 150
f 2578 2325 3775
f 3923 2396 2275
f 2910 2579 2321
f 2915 2580 144
f 4051 2580 2326
f 3852 2397 2276
f 2913 2581 2324
f 2907 2582 2115
f 2582 2315 3600
f 3603 2400 2269
f 2906 2583 2314
f 2909 2584 156
f 2584 2320 3778
f 3871 2401 2274
f 2911 2585 2322
f 3947 2586 39
f 4052 2586 2348
f 4053 2587 2408
f 4054 4055 2587
f 2449 2792 4161
f 3974 4056 2263
f 2592 3456 3450
f 3302 4546 3050
f 2194 3438 3439
f 3484 3485 3487
f 3449 2588 3448
f 3449 2591 4056
f 3108 3453 3451
f 3225 4477 4478
f 3502 3529 2799
f 3524 3525 4689
f 46 2379 2594
f 4057 2594 2379
f 4060 4065 2596
f 4059 2338 2595
f 4855 3015 4337
f 3888 2203 3887
f 4059 2597 2338
f 2221 3281 4068
f 2236 4062 4064
f 3057 4063 4827
f 4062 2236 4061
f 3890 2631 3889
f 2638 4498 3241
f 2967 3401 3405
f 2158 2366 2601
f 2601 2366 4535
f 4355 2602 2469
f 2384 2602 2307
f 2359 4076 3625
f 3284 2311 2603
f 3059 4368 4369
f 3059 4366 4367
f 3501 3514 3515
f 3540 2625 4740
f 2388 2606 56
f 2555 2606 2308
f 3433 2247 3432
f 3719 2700 3718
f 3684 3685 2608
f 4833 4149 4116
f 2610 2609 2371
f 3011 2609 2329
f 3547 4696 2289
f 3430 4658 2249
f 190 2376 2611
f 4069 2611 2376
f 3951 2612 25
f 3979 3202 2351
f 3228 2424 2284
f 3613 2613 2341
f 2143 2387 2614
f 4070 2614 2387
f 4072 2615 2427
f 2381 2138 2615
f 2137 2381 2616
f 2303 2616 2381
f 4075 2617 2429
f 3959 2617 2359
f 4077 2618 2431
f 3953 2618 2354
f 4078 2619 2432
f 2382 31 2619
f 32 2382 2620
f 2304 2620 2382
f 4080 2621 2436
f 3954 2621 2355
f 4001 2622 2345
f 2230 3985 3431
f 2258 3940 2622
f 3940 2604 3670
f 3669 3670 2624
f 3517 3671 3500
f 3540 4695 3518
f 3663 2199 3662
f 4170 2694 4172
f 2805 2244 2465
f 2809 3662 3665
f 4586 2197 4585
f 51 2367 2628
f 2295 2628 2367
f 36 2435 2629
f 2293 2629 2435
f 2630 2752 4146
f 3879 3880 2732
f 2236 4060 4061
f 3887 2203 3886
f 4556 3326 3327
f 4684 3493 3494
f 3493 3492 2781
f 2776 3502 3503
f 2224 2717 2718
f 2634 3907 2639
f 3560 4705 3261
f 3235 4489 4487
f 3559 3236 3256
f 4497 3230 4488
f 2636 4487 4489
f 3257 3802 3812
f 4497 4498 2638
f 3229 3231 4153
f 3229 4481 4482
f 4152 2787 4151
f 3244 3242 4500
f 4178 2827 3233
f 3722 3723 2712
f 3640 3638 2710
f 4219 2881 2862
f 2211 3843 3588
f 3877 2882 4222
f 4203 4204 2192
f 2402 2644 2178
f 2433 2644 2313
f 4084 3578 2645
f 4085 2231 2646
f 3626 3631 2231
f 3547 2249 4658
f 3625 2286 3626
f 2848 4192 2286
f 2650 3091 3591
f 3078 3091 2650
f 3080 2649 3077
f 3815 2938 3306
f 3594 2847 3593
f 4350 3030 3686
f 3917 3919 2304
f 4086 2342 2651
f 4091 2980 4311
f 4087 4088 2651
f 2803 4416 3128
f 4304 4301 2976
f 3126 2979 4309
f 4293 4294 2963
f 3185 3187 2956
f 2920 3424 3425
f 3170 3423 4440
f 4493 3238 3392
f 4291 2657 4289
f 4233 4234 2892
f 4086 2658 2342
f 2223 3616 3099
f 4093 2659 4092
f 2788 4097 4094
f 4093 4094 2659
f 2188 4043 4040
f 4039 2966 4038
f 4032 4825 4824
f 2195 2982 3129
f 2662 4319 4314
f 4099 2663 4082
f 4102 3580 2667
f 3478 2209 4679
f 4528 4532 3275
f 2543 4136 4138
f 4524 2897 4677
f 3276 4529 4530
f 4515 3264 3271
f 2667 4099 4100
f 2667 4101 4102
f 3270 3273 3561
f 4520 4518 2668
f 3901 2670 3900
f 4376 4103 2672
f 3160 3162 3901
f 2670 3162 3163
f 3161 3159 3160
f 2886 4224 2267
f 2672 4103 2673
f 2672 2228 3068
f 4104 2673 2481
f 2673 2479 2921
f 4437 3588 2670
f 4107 4108 2674
f 2674 4104 4105
f 3609 2675 3843
f 3611 4539 3868
f 2483 3605 3606
f 3605 2483 3220
f 2924 4780 4250
f 4109 2678 4108
f 4111 4113 4110
f 2482 3608 3867
f 2680 4113 4111
f 2988 4315 4317
f 4312 4114 2984
f 3783 4780 2925
f 4506 2692 4505
f 4110 2678 4109
f 4113 4114 4832
f 3219 3220 2684
f 3782 3780 3781
f 4761 3737 2879
f 4423 3141 2484
f 2483 3290 3291
f 4208 2878 4207
f 3135 3141 4423
f 3136 3798 3799
f 4609 2999 4616
f 3379 2996 3378
f 3023 3735 3736
f 3825 4786 3798
f 3112 4405 4404
f 3796 3797 3144
f 3130 2734 4349
f 3882 3883 2542
f 2412 3801 3146
f 2681 3297 4318
f 3359 2996 4601
f 3894 3895 2997
f 2918 2250 2917
f 2290 4120 2707
f 2216 2813 4174
f 2244 2808 2812
f 4231 2891 4232
f 3604 3596 2953
f 4246 2843 2904
f 2842 4346 3286
f 2454 2697 2122
f 2517 2697 2312
f 3911 3912 2271
f 3104 4395 4393
f 2699 3998 4118
f 2699 2833 3848
f 3718 2273 3013
f 4154 2213 4155
f 4700 3550 2890
f 4119 2888 4228
f 3459 3460 4746
f 2701 4119 2277
f 2702 3704 3705
f 2703 3706 3707
f 2702 2888 4229
f 2952 4288 4287
f 3458 2702 2891
f 3464 4252 2926
f 2337 2706 2472
f 2706 2251 2707
f 3710 2707 4732
f 3679 2290 2707
f 2251 2706 3847
f 2708 3645 3646
f 4484 3231 3232
f 3641 3642 2827
f 3643 3642 3645
f 3640 2641 3637
f 3723 4755 2712
f 2237 2455 3039
f 4179 2641 4178
f 3071 3177 3178
f 4381 4380 3070
f 3179 4449 3177
f 4123 2715 4121
f 2717 2714 2528
f 3905 4522 4123
f 3271 2208 4515
f 3906 3904 3905
f 3585 3842 3586
f 4834 3560 4704
f 2717 2224 2830
f 2528 4125 2717
f 2718 2635 3712
f 2722 2719 2537
f 2720 2719 2227
f 2728 3714 2227
f 2720 2310 4126
f 2721 3844 3845
f 2259 3165 3166
f 4128 2722 2537
f 2722 2538 2726
f 3109 3929 2724
f 2725 2538 2723
f 3619 2334 3618
f 4400 3109 2724
f 2723 3929 3109
f 2743 2725 2563
f 2727 2726 2538
f 2726 4129 2728
f 2927 2725 2743
f 2927 4255 2727
f 2728 4129 4130
f 3714 2721 4127
f 2539 4135 3924
f 4137 2738 4136
f 2730 4255 4132
f 4132 4134 2730
f 2743 3017 2193
f 4133 2731 4132
f 2734 4348 4349
f 2898 2736 2750
f 2630 2928 3881
f 3878 3879 2732
f 4243 4244 2900
f 2750 2736 4145
f 4465 3211 3570
f 3926 2945 4810
f 4237 2736 2898
f 4237 4238 2736
f 2737 4134 4140
f 3924 2729 4130
f 3659 2460 3658
f 2739 3476 3477
f 3658 2741 4736
f 4527 4532 2190
f 2738 3659 3660
f 2573 3654 3655
f 4141 2460 3924
f 4710 3897 2541
f 2742 4140 2750
f 4245 2742 2902
f 2744 2743 2563
f 4132 4255 2193
f 2744 2563 4142
f 3017 4339 2733
f 3109 3110 2563
f 4144 2746 4143
f 3621 3620 2272
f 2564 4143 2755
f 2242 3869 3765
f 3624 4256 2755
f 3764 3037 4776
f 3759 3761 2749
f 3763 4770 3754
f 3746 2214 3752
f 3878 2898 4236
f 2751 4145 3111
f 3899 2541 3897
f 2750 2902 2742
f 4143 2752 2745
f 4146 4147 2753
f 2564 4778 4147
f 4404 4148 2753
f 3148 2688 4422
f 3134 4433 4432
f 2746 3623 3624
f 3768 3770 2423
f 3768 3769 3770
f 2689 4786 4426
f 3768 2423 3755
f 2757 4775 4476
f 4333 2758 4854
f 4331 3001 4335
f 3380 3532 2183
f 3344 4574 2819
f 2711 3639 3638
f 3039 3040 2237
f 2203 4802 3886
f 3087 4550 3556
f 3323 3885 2764
f 2504 3312 3313
f 2766 3309 3308
f 4390 2505 4389
f 4855 2596 4065
f 2632 3325 3326
f 3328 3016 4555
f 3483 3482 2777
f 3086 3088 2767
f 2768 3088 3304
f 3077 4387 3030
f 2767 3080 3082
f 4373 3064 3721
f 3080 2767 3652
f 4257 4258 2934
f 3305 3306 2768
f 4682 3324 3325
f 3317 2771 3316
f 2771 3318 4552
f 3320 3321 4375
f 3490 2632 3479
f 3491 2772 4682
f 3327 3329 4556
f 3481 2773 3480
f 2632 4556 3479
f 3503 3530 2776
f 4563 3332 4561
f 4626 4628 2785
f 3524 3485 2198
f 2776 3486 3502
f 2778 3483 3488
f 3490 3480 2773
f 3205 2778 4461
f 4459 2851 3204
f 3204 3205 2229
f 3651 4735 3048
f 3049 3526 3527
f 3485 3486 2776
f 2784 3509 3510
f 3495 3509 3497
f 2782 3497 3498
f 3832 3833 4789
f 3499 2783 3501
f 3303 3060 4370
f 3521 3574 2786
f 3495 3497 2782
f 3539 3332 4562
f 3506 3507 2811
f 3481 2774 3489
f 2786 3519 3520
f 2787 4152 3690
f 2260 4069 3966
f 4090 4088 2652
f 2976 4303 4304
f 2789 4154 4155
f 2833 2837 2240
f 4155 4156 2790
f 4157 4160 2790
f 4753 3720 3719
f 4852 4320 2794
f 3438 2792 4160
f 4839 3446 3447
f 2792 3438 3445
f 4053 4054 2587
f 2983 4313 2459
f 3441 3699 2458
f 3439 3440 2796
f 3439 3438 3703
f 3440 3441 2796
f 3444 3454 4663
f 3719 3720 2213
f 3433 3434 2247
f 3436 4753 3434
f 3717 2478 2982
f 2590 4471 4472
f 4557 3330 4558
f 2341 4165 2800
f 4166 2253 2801
f 2253 3461 3462
f 2285 3918 3917
f 3461 3463 4254
f 4235 2180 4231
f 4307 4306 2978
f 3127 3557 4702
f 3120 4412 4182
f 2232 4054 4167
f 3983 3984 2288
f 2807 2244 2805
f 3664 3667 2625
f 4738 4739 3664
f 4169 2807 2805
f 2808 2807 2626
f 4737 4172 2808
f 2808 2694 2812
f 2199 3661 3662
f 3661 2199 3508
f 3508 2811 3507
f 4840 3666 2627
f 3499 4685 2783
f 4626 3382 4627
f 2694 2813 2812
f 2834 2813 2216
f 4174 2694 2815
f 2834 2814 4173
f 2814 4180 4051
f 2812 3827 2244
f 4170 2815 2694
f 3344 2819 4580
f 2815 4170 4171
f 3346 3385 4584
f 4585 3347 4266
f 2940 4261 4260
f 4595 3353 4596
f 4605 3000 3365
f 4344 4341 2816
f 4569 3337 4570
f 2821 4564 3337
f 4861 3357 3341
f 3523 2785 3521
f 3539 3938 3538
f 3505 3506 3504
f 4841 4625 3334
f 3516 2810 3507
f 2503 4578 4579
f 3113 2824 2287
f 2824 3113 2932
f 3263 4516 4508
f 4703 2637 3559
f 3119 2337 2416
f 3689 3690 2204
f 3689 3232 4485
f 3233 2828 4178
f 3243 3244 4500
f 2828 3243 3692
f 4379 2186 3694
f 3636 2712 3635
f 2519 2830 2224
f 2527 2830 2294
f 3031 3147 2845
f 3551 4347 3020
f 2841 2245 4185
f 2831 3029 3021
f 4181 2449 2837
f 2833 2240 3848
f 3850 2834 2216
f 4180 2814 2834
f 2835 3850 3019
f 3853 2324 3852
f 2216 4174 4343
f 3385 2816 4584
f 4181 2837 2833
f 2837 2449 3120
f 2282 4184 2839
f 4183 2335 2838
f 4186 2696 4188
f 4185 4183 2838
f 3677 3678 2306
f 2219 4357 4386
f 2841 4186 4188
f 3285 2245 2841
f 3927 3928 2264
f 3286 4346 3020
f 3927 2264 3043
f 2221 4361 4362
f 4183 2844 2335
f 4190 2845 4189
f 2845 4190 3285
f 2832 3029 3031
f 3594 2846 4267
f 4191 2336 2846
f 2381 4073 4074
f 3686 3687 2222
f 4191 2848 2336
f 4193 2849 4192
f 2647 3627 3628
f 3631 3626 3627
f 3681 2439 2331
f 2850 2252 4194
f 3541 2252 3527
f 3542 3528 3205
f 2853 3208 2509
f 4195 2852 2225
f 3208 2852 2508
f 2854 2853 2509
f 2855 3121 2413
f 2854 2511 2868
f 4196 2855 2413
f 4196 2860 2855
f 2859 4268 3715
f 3715 4749 2512
f 4196 4197 2856
f 2867 4666 4665
f 4284 4268 2942
f 3569 4711 2946
f 3122 2875 4198
f 4199 2859 4198
f 2856 4200 2860
f 4202 4201 2861
f 2860 4200 4201
f 2876 2877 4219
f 2873 4217 4216
f 2225 2853 2868
f 2863 4201 4210
f 4205 2866 4204
f 4210 4751 2864
f 3727 3725 4756
f 3839 4872 3838
f 4810 3838 2414
f 4205 4842 2866
f 4537 2877 4209
f 4278 4279 2944
f 4652 2534 4865
f 2511 4202 2871
f 2869 2225 2868
f 2871 2868 2511
f 2870 4211 4212
f 4212 2862 2873
f 4216 4213 2870
f 2861 2192 2876
f 2869 2868 2871
f 4209 2192 4206
f 4227 4221 2642
f 3876 2862 2881
f 4218 2874 4217
f 4225 2226 4223
f 3874 3875 2388
f 2510 4396 4397
f 4469 4468 3213
f 2877 2876 2192
f 2876 4219 4215
f 4204 4206 2192
f 2877 2872 2881
f 2878 4206 4207
f 3287 2883 4220
f 2513 4758 3730
f 3737 4761 3732
f 3732 3733 2880
f 2676 3868 3290
f 2882 2881 2872
f 2862 3876 2873
f 4220 2882 2872
f 4221 2882 4220
f 3287 2872 4537
f 3163 4436 4437
f 4227 2642 3164
f 4224 2886 4223
f 3287 3288 2883
f 4539 3288 4538
f 3156 2267 2385
f 4225 4845 2874
f 3164 2642 3163
f 3158 2887 2671
f 2889 2888 2233
f 4228 2888 2702
f 4723 3673 2233
f 4230 2891 4229
f 3602 2314 3603
f 2201 3598 3597
f 2891 4230 4232
f 2891 4231 3458
f 2892 4232 4233
f 2894 4235 4234
f 4699 4698 2952
f 2893 4287 2959
f 2657 4306 4307
f 2894 4307 3128
f 3566 4710 3565
f 3273 4523 2532
f 4401 4403 2541
f 4670 3466 3935
f 4674 4676 2896
f 3470 3471 2420
f 4236 2898 2750
f 4348 4240 3025
f 2899 4237 4240
f 4242 3130 4418
f 4238 2899 4239
f 4402 4244 4708
f 4239 4241 4243
f 2182 3727 3729
f 4805 2751 3899
f 2741 3658 4848
f 3066 4374 2501
f 3308 2393 3304
f 3075 4384 2696
f 3250 2904 2843
f 2905 4246 3075
f 2307 4355 4356
f 2583 2906 2112
f 2906 2314 3977
f 2403 2907 2116
f 2582 2907 2315
f 2518 2908 2118
f 2403 2908 2316
f 2405 2909 155
f 2584 2909 2320
f 2579 2910 153
f 2405 2910 2321
f 2585 2911 159
f 2406 2911 2322
f 2406 2912 161
f 2576 2912 2323
f 2581 2913 147
f 2407 2913 2324
f 2407 2914 149
f 2578 2914 2325
f 2464 2915 143
f 2580 2915 2326
f 2475 2916 68
f 2398 2916 2327
f 2918 4247 2290
f 3682 2917 2250
f 4247 2917 2364
f 3679 2918 2290
f 3386 3174 3247
f 2186 3693 3694
f 3425 4443 2920
f 3171 3393 3394
f 2479 2923 2921
f 2923 4249 2921
f 2922 4249 3432
f 3828 2297 3069
f 4115 3129 2479
f 4249 2923 2478
f 2679 4109 3867
f 2677 3606 3612
f 2683 3780 3782
f 2925 3782 3783
f 4746 2705 3704
f 2926 3463 3464
f 2725 2927 2538
f 2193 2927 2743
f 2753 4148 4837
f 3880 3881 3882
f 3624 2755 2746
f 2747 3765 4777
f 4582 4583 3345
f 3343 4584 4342
f 4564 2821 4563
f 2758 4335 4336
f 2933 2932 2445
f 3292 2235 2932
f 3114 3118 2445
f 4439 3167 3168
f 2934 3118 4257
f 2933 3168 3167
f 2206 3115 4407
f 4548 3688 2769
f 2647 3628 3630
f 3816 3817 2937
f 2937 3819 3820
f 3079 3196 3197
f 3820 4784 2937
f 3080 3081 2649
f 3551 3552 2939
f 2767 3082 3083
f 2940 4262 4263
f 3739 3774 3212
f 2281 4189 3147
f 3687 2941 2222
f 2942 4467 4269
f 4284 2942 4278
f 4269 4270 2943
f 2943 4665 3465
f 2942 4269 4278
f 4285 2945 3926
f 3467 3569 4669
f 3837 3838 4810
f 2946 3468 3563
f 2946 3564 3567
f 3567 3568 2946
f 3211 3840 4790
f 4850 3214 4277
f 3419 4815 4655
f 4274 4275 2950
f 4281 2951 4273
f 3103 2210 3102
f 4392 4283 4851
f 2951 4272 4273
f 4656 3419 4655
f 2704 4699 4233
f 3604 4698 3596
f 3597 3595 3596
f 3553 3865 3056
f 2954 4456 3190
f 3722 4383 2205
f 2953 3191 3475
f 3223 3195 2419
f 3186 3185 3222
f 2399 4292 3007
f 3185 3186 2957
f 3181 2957 3179
f 4441 3170 3184
f 4440 3184 3170
f 2956 3187 4452
f 2894 4234 4846
f 4290 2695 3007
f 4292 2399 3884
f 4292 3884 2961
f 4293 4296 2961
f 3183 3184 3884
f 4295 4294 2655
f 4295 2963 4294
f 4046 2963 4295
f 2964 3413 3403
f 2570 4044 4045
f 3423 3171 3422
f 3394 3400 2965
f 4048 2975 4038
f 2970 4047 4043
f 3402 3401 2967
f 2570 3404 3414
f 4297 2968 4296
f 4301 2653 4310
f 4302 4298 2970
f 2979 3126 4308
f 2964 4045 4046
f 2188 4303 4302
f 2656 3388 3389
f 4630 4863 2971
f 2920 3386 3387
f 4496 4634 3398
f 4631 4632 2181
f 4636 4640 2554
f 3405 3406 3407
f 2975 3415 4864
f 4041 4036 4037
f 2975 4037 4038
f 2969 4297 4298
f 4304 4303 2977
f 2188 4040 4050
f 4311 4305 2981
f 4299 2968 4297
f 2978 4308 4307
f 4308 4299 2979
f 4309 2653 4311
f 2653 4304 4305
f 4415 2220 3557
f 4088 4089 2254
f 2981 4090 4091
f 3129 2982 2923
f 2982 2195 2983
f 4312 2983 2195
f 4164 2983 2459
f 4832 4114 2195
f 4319 2989 4313
f 2985 4831 3861
f 3296 2986 3295
f 4327 4328 2994
f 2458 3699 3702
f 4112 2680 4111
f 3296 2987 4318
f 2480 4780 3784
f 2988 3784 3785
f 2662 4322 4321
f 2989 4321 4320
f 4321 4322 2990
f 2990 3700 3701
f 2991 4322 3295
f 4323 4324 2992
f 4327 2992 4324
f 4331 4853 3001
f 4453 4326 2994
f 4662 4868 3444
f 2986 3296 3297
f 4326 4453 3188
f 4316 2681 4315
f 3360 4603 4743
f 3893 3894 2997
f 4596 3358 3004
f 4614 4743 3695
f 4744 3893 2997
f 4608 4613 3367
f 2999 4610 4611
f 4609 4610 2999
f 3756 3758 3089
f 3374 4619 4620
f 3363 3365 3028
f 2996 3359 3378
f 3351 4593 2759
f 3358 3359 3004
f 4592 2759 3350
f 3003 3356 4599
f 3335 4561 4568
f 4597 3004 4604
f 4595 4593 3353
f 3359 3362 3004
f 4573 4577 3340
f 3250 3251 2185
f 3084 4389 2505
f 4290 2960 4289
f 3224 3007 2695
f 3191 3595 3902
f 3008 3595 3597
f 2515 3009 133
f 2441 3009 2317
f 2462 3010 178
f 2574 3010 2319
f 2609 3011 125
f 2409 3011 2329
f 2391 3012 72
f 3012 2330 4796
f 3435 3013 2327
f 3718 3013 2607
f 3872 2433 2313
f 4182 3014 2240
f 4818 2278 3970
f 4463 4464 2229
f 4555 2765 3327
f 4856 3888 4338
f 2630 3017 2744
f 3017 2733 4133
f 4340 3018 2815
f 4344 2816 4345
f 3019 4343 4344
f 3019 4345 3855
f 3020 4346 3551
f 2832 3285 3286
f 3021 4347 3551
f 2831 3554 3082
f 3733 3734 3022
f 4475 2684 3220
f 3023 3734 3735
f 2484 3141 3558
f 3728 3730 4758
f 2182 4242 4418
f 4801 2732 3880
f 2542 4434 4349
f 3883 3145 4434
f 4418 3856 3131
f 3563 3564 2946
f 3027 4709 3565
f 4604 3363 3028
f 3028 3365 3372
f 3030 3029 2831
f 3031 2845 4536
f 3077 3030 2831
f 2222 4350 3686
f 4350 3031 3029
f 3147 2222 2941
f 2404 3032 41
f 3032 2318 4021
f 4720 3581 3582
f 3584 3033 3583
f 3744 3745 3776
f 3752 3753 3941
f 3741 3742 3092
f 3749 3762 3035
f 3742 3744 2241
f 4768 3743 3036
f 2214 3753 3752
f 4770 2214 4769
f 2556 3038 60
f 3038 2328 3993
f 4150 2279 4149
f 3039 4150 3040
f 4731 2760 3639
f 4352 3040 4731
f 4755 4730 3635
f 3041 4755 3723
f 2261 3052 3053
f 3052 2261 3051
f 2456 4354 3043
f 4534 3927 4354
f 3279 3280 2221
f 2843 4246 3928
f 2299 3045 2442
f 138 3045 2467
f 3047 2264 2905
f 4355 2469 3046
f 2905 4357 3047
f 4357 3676 3047
f 2491 3050 3048
f 3648 2780 3526
f 3050 3647 3651
f 4689 3526 2780
f 2491 2263 3302
f 3647 3050 2217
f 2312 4358 2517
f 4353 3055 2237
f 4358 3052 3051
f 3053 3052 3042
f 3042 4359 3053
f 4454 3189 3054
f 4455 3189 4454
f 3255 2234 3151
f 4358 3055 3052
f 4360 2312 3978
f 3553 3056 2261
f 2316 2518 3056
f 2598 4064 4063
f 4363 4365 3058
f 3006 3552 3251
f 3279 3282 3280
f 3059 3860 4368
f 3059 4369 4366
f 3060 4368 3200
f 2783 3514 3501
f 3721 4371 2499
f 3830 3831 3063
f 3320 2771 3321
f 4553 3833 3319
f 3721 2446 4373
f 2501 4375 3830
f 3688 3065 4373
f 2501 4372 3066
f 4549 3307 4548
f 3065 3307 3426
f 3064 4373 3426
f 3066 2393 3310
f 4149 3067 2608
f 4077 3067 2279
f 3069 3068 2228
f 2305 2489 3068
f 4788 2922 4659
f 3069 2297 4377
f 3242 3248 3693
f 2713 4382 4381
f 3176 2919 4444
f 3071 4445 3177
f 3072 4381 4382
f 3722 2712 4754
f 4448 4382 2713
f 3189 3192 2954
f 3180 3179 2957
f 3193 3074 4451
f 3075 2696 4187
f 4386 4357 3075
f 3117 4410 4408
f 3548 2249 3547
f 3082 3080 3077
f 4387 2649 3078
f 3078 2649 4388
f 3078 2650 3686
f 3196 2649 3081
f 3634 2187 3629
f 3082 3077 2831
f 2767 3088 3652
f 4547 2768 3306
f 3081 4547 3196
f 3554 2831 3021
f 3082 3554 3083
f 3084 3083 2939
f 3083 3084 3086
f 3672 2939 3552
f 3672 3085 4389
f 2599 4364 4363
f 2599 3890 3891
f 2505 3555 3086
f 3086 3555 3088
f 3892 2599 3891
f 4803 3314 4551
f 3304 3088 2766
f 3652 2768 3081
f 3758 3756 3757
f 3746 4769 2214
f 3757 3375 3835
f 4615 3364 4609
f 4388 3091 3078
f 3079 3634 4729
f 2215 3740 3739
f 3092 3740 3741
f 2392 3093 2170
f 2439 3093 2331
f 2410 3094 48
f 3094 2333 3988
f 2470 3095 198
f 3096 3095 2339
f 2339 2430 4391
f 3096 2129 1
f 4035 3097 2265
f 3724 3097 2568
f 4797 2324 3853
f 4261 4466 2243
f 4092 3099 2293
f 4098 3099 2659
f 3535 4282 4283
f 2552 3100 3102
f 4394 4275 2562
f 3913 4806 2210
f 4392 3102 3100
f 3103 3102 3101
f 4275 4280 2950
f 4396 3105 4395
f 4394 3104 4393
f 3215 2562 3214
f 4396 4398 3105
f 2698 3912 3914
f 2510 3122 3210
f 3208 3209 2509
f 4100 3107 2573
f 4080 3107 2280
f 3443 2194 3439
f 2592 3450 3453
f 2723 3109 2725
f 3939 3110 4400
f 4144 2212 2746
f 4142 3110 2745
f 4847 2736 4238
f 3111 4847 4402
f 4778 2755 3771
f 2411 4404 4405
f 2287 4406 3113
f 3113 4406 3114
f 3115 3114 2444
f 3118 2934 3199
f 2262 3697 3698
f 4408 3198 3116
f 2262 3429 3697
f 3428 2262 4816
f 3429 2262 3428
f 4409 3117 2249
f 3114 2206 3118
f 4257 3118 2206
f 4828 2611 4069
f 4742 3119 2260
f 3120 2449 4161
f 3120 4411 4412
f 2854 3121 2855
f 3210 2509 3209
f 3121 2509 3210
f 4414 3122 2510
f 4714 2533 3572
f 4866 4865 2534
f 2533 3571 3572
f 2534 4652 4653
f 3474 4678 4712
f 3469 4672 4671
f 3557 3127 4416
f 3126 2803 4308
f 4415 3557 3126
f 3459 3128 4417
f 4417 3128 3127
f 3128 2180 4235
f 2479 3129 2923
f 3129 2682 4832
f 3856 3130 3026
f 4241 4242 2901
f 3131 3856 4419
f 2182 4418 3725
f 3132 4419 3133
f 3736 4765 3023
f 4421 2690 4433
f 4422 3135 4423
f 4433 2690 4798
f 4432 3148 3134
f 3135 4422 4425
f 3135 4424 3141
f 3825 2688 3138
f 3795 3793 3796
f 4786 2689 3794
f 2687 3790 3792
f 4428 2688 3148
f 4405 3139 4427
f 3139 4426 4427
f 4476 3773 3769
f 3789 3790 3368
f 3787 3283 3786
f 3141 4424 4431
f 3558 3023 4765
f 3142 4431 3146
f 3219 3780 2683
f 3769 3773 2756
f 3221 3144 3797
f 3144 4623 3381
f 3793 2687 3792
f 3145 4432 4433
f 3145 4798 4434
f 3146 2686 3799
f 3146 3800 3788
f 2222 3147 3031
f 2281 3147 2941
f 4148 4836 2754
f 4427 4428 4429
f 2575 3149 182
f 3149 2332 4011
f 2577 3150 165
f 3150 2334 4013
f 3255 3151 2316
f 2234 3902 3903
f 3153 3152 2321
f 2241 3776 3777
f 4809 2321 3923
f 3153 3092 3742
f 3154 2322 3870
f 3154 2242 3590
f 3912 3155 2271
f 4821 3155 2698
f 4435 2555 2308
f 2886 2267 3156
f 3158 3157 2267
f 2328 2556 3157
f 2887 3158 2267
f 3159 3158 2671
f 3160 3159 2671
f 3157 3159 2328
f 3162 3160 2671
f 2248 3995 3161
f 2248 3161 3160
f 3161 2488 3993
f 3164 3163 3162
f 3162 2670 3901
f 4226 3163 2642
f 3163 4226 4436
f 2671 2887 3164
f 3164 2887 4227
f 4438 2310 4835
f 3653 3165 2259
f 4438 3165 2390
f 3166 4438 4835
f 3199 3168 2933
f 3169 3167 2499
f 4258 4259 2934
f 2446 3721 4439
f 2499 4371 3200
f 3857 3169 2202
f 3181 3172 4441
f 2965 3413 3422
f 3171 3423 3424
f 3393 2920 3387
f 3425 4442 3173
f 2920 3393 3424
f 3173 4442 3176
f 4443 4444 3174
f 3246 3240 4502
f 3392 3391 3175
f 3247 3174 3246
f 3399 2656 3400
f 3177 3176 2600
f 3176 4445 4446
f 3179 3177 2600
f 3178 3070 3694
f 4449 3179 3180
f 4381 3178 2713
f 3181 3179 2600
f 4450 2957 3186
f 4447 3180 4450
f 3178 4449 2713
f 3181 2600 4442
f 3181 2958 3182
f 3183 3182 2958
f 3185 2957 3182
f 3184 3183 2958
f 2399 3007 4452
f 3184 2958 4441
f 3884 3184 2962
f 3187 3182 3183
f 3222 3185 2956
f 3074 4450 4451
f 4450 3074 4447
f 3182 3187 3185
f 3183 2399 4452
f 4453 3532 3188
f 2993 4325 4326
f 3192 3189 2205
f 3190 3189 2954
f 3194 3475 2954
f 3190 4457 3255
f 3595 3191 2953
f 4456 4457 3190
f 2205 3073 3192
f 3073 4448 3193
f 3073 3193 3192
f 4451 3194 3193
f 3195 3194 2419
f 3194 3195 3475
f 3223 2419 3222
f 2955 2953 3195
f 3197 3196 2938
f 4388 3196 3079
f 3816 2938 3815
f 3197 4784 3634
f 3818 3819 2937
f 3198 2935 4257
f 3168 3199 2934
f 2445 3199 2933
f 2499 3200 3169
f 4370 3200 3061
f 4406 3201 2444
f 4817 3201 2287
f 4849 2461 4252
f 2424 4458 2284
f 2774 3484 3487
f 4691 3519 3203
f 3542 3204 3541
f 4460 3204 2229
f 3204 2851 3541
f 4462 4461 2778
f 4555 3207 2765
f 4461 4463 3205
f 4337 3207 3016
f 3015 3971 4464
f 2852 3208 2853
f 2256 3208 2508
f 2256 3209 3208
f 3210 3209 3106
f 3210 3106 4398
f 3210 3122 3121
f 2901 4242 3729
f 3211 2865 3840
f 3212 4261 3739
f 3212 3774 3775
f 3213 2942 4268
f 3215 3214 4469
f 4469 2875 3215
f 4277 2562 4275
f 4414 4397 3215
f 3215 4397 4394
f 3348 2931 4568
f 4589 4470 3216
f 3864 2799 3529
f 2590 4473 4471
f 4471 4473 3218
f 2796 3441 4660
f 3780 3801 2412
f 3605 3220 3219
f 3605 3219 2683
f 4540 2483 3291
f 4775 2757 3761
f 2196 4624 4623
f 3223 3222 2956
f 3186 3222 2419
f 3224 3223 2956
f 3195 3223 2955
f 3007 3224 2956
f 3224 2695 4288
f 4472 3330 3225
f 4478 4477 3226
f 4664 4479 3227
f 2592 3453 3455
f 3648 3649 2780
f 2217 3456 3457
f 2284 4252 3464
f 3228 3464 4165
f 4480 4481 3229
f 3231 3229 4483
f 3230 4481 3234
f 3234 4488 3230
f 3232 3233 2827
f 2204 4152 4153
f 3233 3231 2640
f 4485 3232 2827
f 3231 3233 3232
f 4486 3233 2640
f 2521 3907 3713
f 3713 3235 4487
f 4704 2635 4834
f 4491 3236 4489
f 3236 4491 3256
f 4492 3237 4490
f 4495 3238 4494
f 2636 3245 3239
f 3238 4493 4494
f 3390 3391 4859
f 2636 4490 3245
f 4498 3239 4502
f 2522 3247 3246
f 3246 4504 3240
f 3176 4446 2919
f 4499 2638 3241
f 3248 3241 2919
f 3243 4500 3692
f 4486 3243 2828
f 3244 3243 4501
f 4483 4482 2640
f 4499 3244 2638
f 4493 3245 3237
f 3245 4493 4502
f 3174 4503 3246
f 3241 4504 2919
f 3391 3392 3238
f 3386 3247 3175
f 3693 3248 3071
f 4499 3248 3242
f 4679 4680 2740
f 2259 3166 4794
f 3251 3252 3058
f 3250 2185 4346
f 3252 3250 2843
f 3251 3058 4365
f 3250 3252 3251
f 2843 3928 3282
f 3253 4316 3785
f 2997 3895 4505
f 3496 2184 3494
f 3501 2782 3498
f 3865 3255 2316
f 3255 3054 3190
f 4509 4508 3256
f 4508 4507 3256
f 3257 4507 3272
f 3257 3272 3802
f 3812 3803 3258
f 2181 4630 4631
f 4509 2189 3560
f 3259 4510 3263
f 3805 3804 2530
f 3397 3808 3809
f 3261 4509 3560
f 4122 4705 4121
f 3260 3806 3804
f 3937 4677 2897
f 4522 4521 2715
f 4516 3263 4860
f 3583 3265 4515
f 3263 4511 4512
f 4514 4517 3268
f 3264 4513 4512
f 3858 3859 3267
f 2825 4516 3272
f 2531 4514 3270
f 3813 4783 3805
f 4719 4519 3581
f 4526 2668 4525
f 3269 4518 4519
f 4681 4531 3478
f 4520 4526 3270
f 3270 3561 4800
f 3271 3264 4511
f 3271 4521 4522
f 3858 3272 3266
f 3272 2530 3802
f 3275 3274 4523
f 3561 3273 2532
f 4523 4525 3275
f 4527 3930 4813
f 3275 4525 4528
f 4527 3274 3275
f 4528 4529 3276
f 3276 2665 3277
f 2665 3476 3277
f 4736 3657 3658
f 3277 3476 3657
f 2741 3899 3898
f 3282 3279 3252
f 4362 3279 2221
f 3044 4534 3280
f 3280 4534 3281
f 4535 3281 2291
f 2292 4067 4068
f 2843 3282 3252
f 3280 3282 3044
f 3781 4779 2691
f 4779 3786 3283
f 3633 2603 3625
f 2645 3284 2231
f 3286 3285 2841
f 2832 3031 4536
f 3286 2841 4188
f 3286 3020 4347
f 4843 2878 4208
f 3287 4843 3288
f 4538 3288 2643
f 4226 3288 2885
f 3656 2880 3291
f 2676 3609 3610
f 3656 3290 3289
f 2880 3733 4763
f 3291 3290 3656
f 3022 4475 4540
f 2933 3292 2932
f 3293 3292 2498
f 3857 3294 3293
f 3293 2497 3866
f 3857 3293 2498
f 3860 2604 3294
f 4314 3295 2662
f 3296 3861 2987
f 3861 3295 2985
f 2987 4315 4318
f 2681 4541 3297
f 4328 4329 2994
f 3562 2817 4588
f 4542 4543 3298
f 4707 3562 4706
f 4265 4266 2817
f 3005 3373 3376
f 3373 3028 3372
f 4618 2818 4545
f 3750 2421 3749
f 4056 3302 2263
f 4546 3302 2591
f 4804 2783 3896
f 3303 4804 4369
f 3308 3304 2766
f 3305 3304 2393
f 3307 3305 2393
f 3306 2938 4547
f 4549 3305 3307
f 3306 4549 3815
f 3426 2393 3066
f 4548 3307 3065
f 3556 4701 3555
f 3310 2393 3308
f 3312 2504 3315
f 3311 3310 3308
f 3311 3308 3309
f 3310 2903 4374
f 3312 3311 3309
f 3315 2903 3311
f 3309 2763 3312
f 3323 3834 2762
f 3312 2763 3313
f 3314 3313 2763
f 2763 4550 3314
f 3314 4550 4551
f 3312 3315 3311
f 3315 2504 3316
f 2504 3322 3316
f 3316 3322 3317
f 2770 3324 3317
f 4684 3318 3324
f 3318 3317 3324
f 4552 2184 3319
f 4553 3319 2184
f 4375 3829 3830
f 4552 3321 2771
f 3315 3320 2903
f 3829 3321 3319
f 4375 2501 4374
f 2504 3313 3834
f 3317 3322 2770
f 3322 2504 3834
f 3885 3323 2762
f 3325 3324 2770
f 3324 2772 4684
f 2770 3323 4554
f 2632 3490 4682
f 3325 2770 4554
f 3327 3326 2764
f 3327 2764 3328
f 3327 2765 3329
f 4802 2764 3885
f 3328 4802 4856
f 3488 3329 2765
f 3329 2777 3479
f 4559 3217 4470
f 4557 4558 3331
f 3331 4558 4560
f 3503 3538 2775
f 4563 4561 3335
f 4563 4562 3332
f 2821 4567 4562
f 3521 2786 3520
f 3337 4566 2821
f 2503 4175 4176
f 3332 4560 4561
f 3336 4564 4565
f 4565 2931 3349
f 4569 4570 3339
f 2820 4571 4570
f 4569 2503 4841
f 4589 2352 4470
f 3216 4336 3348
f 3339 4570 4571
f 4579 4578 3344
f 4572 3340 4571
f 3346 4586 4585
f 4590 4591 2820
f 3341 4600 3377
f 4573 3340 4572
f 3377 3005 3376
f 2816 4341 4342
f 3342 4575 4577
f 4574 3339 4571
f 3345 4580 4581
f 4582 3345 2930
f 3345 4583 4579
f 4587 3347 4585
f 2817 4262 4265
f 4544 3347 3300
f 4588 3347 3299
f 4589 3348 3338
f 3531 3348 3003
f 3351 3349 2931
f 3341 4573 4861
f 3350 4591 4592
f 3357 3350 2759
f 3531 2931 3348
f 3531 3352 4593
f 3003 4335 3356
f 3353 4594 3002
f 3358 3353 3002
f 4596 3004 4597
f 3362 4604 3004
f 3357 4600 3341
f 4617 3028 3373
f 3354 4597 4598
f 3001 3532 3533
f 4594 3356 3002
f 4595 3357 2759
f 3357 3354 4598
f 3378 3358 3002
f 3358 3378 3359
f 3909 3361 4603
f 3359 4602 3362
f 4607 4608 3366
f 3359 4601 4602
f 3379 3893 3909
f 4744 3695 4743
f 3363 3362 2422
f 3355 4604 3028
f 3363 2422 4606
f 3363 4605 3365
f 3364 3363 4606
f 4606 4609 3364
f 3374 3365 3000
f 3374 4618 3365
f 3366 4606 4607
f 4608 3367 4610
f 4614 3368 4613
f 3791 3367 4613
f 2692 3787 3789
f 3368 3790 3791
f 3795 4781 2687
f 4624 3371 4612
f 3370 4609 4616
f 4773 3836 3371
f 2999 4611 4612
f 4773 4624 2196
f 4545 2818 4544
f 3373 3005 4617
f 4621 3372 4545
f 3376 3373 4621
f 4619 3374 3000
f 3374 3301 4543
f 3375 4619 3835
f 3375 2421 3846
f 4587 3376 3300
f 4575 3342 4576
f 4576 3376 2197
f 4573 3377 3342
f 3002 3380 3378
f 4453 4330 2183
f 3378 3380 4622
f 3893 3379 2995
f 3002 3356 3533
f 4622 3380 2183
f 3371 4616 4612
f 3942 3381 3369
f 4566 4841 3334
f 4627 2822 3506
f 3506 2811 3504
f 2502 3513 3384
f 4628 3505 3384
f 2784 3510 3512
f 4266 4265 3385
f 4344 4345 3019
f 3387 3386 3175
f 4443 3386 2920
f 3388 3387 3175
f 3422 3394 2965
f 3175 3390 3388
f 3389 2971 4635
f 3390 3389 3388
f 3395 3389 4629
f 3391 3390 3175
f 3390 2972 4629
f 3392 3175 3247
f 3238 4495 4859
f 3247 2522 3392
f 4493 3392 2522
f 3387 3388 3399
f 3424 3393 3171
f 3399 3394 3393
f 3394 3399 3400
f 4631 4633 3396
f 3395 4631 4630
f 4633 2972 3398
f 3806 3258 3803
f 3807 3396 3806
f 3397 3807 3808
f 2972 4859 4495
f 4496 3812 3258
f 3387 3399 3393
f 2656 3399 3388
f 3401 3400 2656
f 3400 3401 3402
f 4635 2656 3389
f 3401 4635 3405
f 2967 3404 3402
f 4295 3413 2964
f 3404 3403 3402
f 2570 2964 3403
f 2967 3407 4650
f 3403 3404 2570
f 2971 3406 3405
f 3407 2967 3405
f 3412 4649 4863
f 3408 4640 4636
f 4638 3406 4649
f 2974 3414 4650
f 3408 4637 4638
f 3408 4638 4639
f 4651 2973 3420
f 3696 2553 4648
f 4642 4866 3696
f 3534 4694 4692
f 4648 3534 4647
f 4032 4824 4646
f 2181 4632 3421
f 3412 3421 3420
f 3422 3413 2655
f 2965 3403 3413
f 3404 2967 4650
f 3415 3414 2974
f 4637 4636 2974
f 3415 2975 4048
f 4864 2974 4636
f 2554 4643 4644
f 3420 2973 4649
f 4716 4870 3573
f 3417 3420 3537
f 4654 4815 3419
f 4654 3124 3934
f 4665 4655 2867
f 3537 3420 3123
f 4651 3420 3417
f 4782 3397 3809
f 3420 3421 3123
f 2655 4440 3423
f 3422 3171 3394
f 2655 3423 3422
f 3170 4441 3424
f 3170 3424 3423
f 3424 3172 3425
f 4442 3425 3172
f 4443 3425 3173
f 2393 3426 3307
f 3064 3426 3066
f 2416 3427 192
f 2472 3427 2337
f 3429 3428 3430
f 2329 3430 3428
f 4408 3429 3117
f 3116 4407 3697
f 2329 2610 4658
f 3117 3429 3430
f 4083 3431 2299
f 3669 3431 2623
f 4659 3432 2477
f 2478 3717 3433
f 2478 3433 3432
f 2798 4164 3436
f 3436 3434 3433
f 3435 3434 2607
f 3013 3435 2607
f 3435 2327 3862
f 2798 3436 3433
f 3436 2797 4753
f 4036 2569 4824
f 4726 4871 3615
f 4838 3703 2457
f 3445 3438 2194
f 3440 3439 2795
f 3443 3439 2796
f 3699 3440 2795
f 3440 3699 3441
f 4325 3441 2458
f 4332 2993 4331
f 4661 2993 4332
f 3442 4332 4333
f 4663 2796 3444
f 3443 4663 3452
f 2796 4660 4662
f 3444 4473 3454
f 3446 3445 2194
f 4161 4162 2793
f 3451 3452 3108
f 3446 2589 3447
f 3448 3447 2589
f 4167 3447 2232
f 3448 2589 3449
f 3448 2588 4055
f 3450 3449 2589
f 3449 3450 3456
f 3451 3450 2589
f 3450 3451 3453
f 2589 3446 3451
f 3452 3446 2194
f 3446 3452 3451
f 3443 3452 2194
f 3108 3454 3453
f 3226 4664 3455
f 3454 3108 4663
f 2590 4478 3455
f 3453 3454 3455
f 2590 3455 3454
f 3457 3456 2592
f 4546 3456 2217
f 4664 3457 2592
f 3457 3227 4733
f 3459 3458 2180
f 3704 2702 3458
f 3128 3459 2180
f 3459 2802 3460
f 3461 3460 2802
f 4253 4254 2926
f 3462 3461 2802
f 3463 3461 2253
f 2802 4417 4702
f 2253 3462 2801
f 2253 4165 3464
f 3463 2926 4254
f 2253 3464 3463
f 2284 3464 3228
f 3465 4665 4666
f 4666 4667 3465
f 3466 4666 3934
f 4713 4673 3572
f 4675 4711 4668
f 3568 3569 2946
f 3471 4675 2420
f 3468 4674 3563
f 3466 3934 3935
f 3470 4672 3125
f 3125 3473 3470
f 3471 3470 3936
f 3470 3473 3936
f 3471 4676 4674
f 3932 2897 3930
f 3472 3932 3933
f 3811 3571 2533
f 3936 3937 3472
f 3473 4678 4677
f 3814 3262 4783
f 2953 3475 3195
f 3475 3191 4456
f 2665 4681 3476
f 3657 3476 2739
f 4679 4681 3478
f 4679 2740 3477
f 2665 4530 4531
f 4102 3478 2664
f 3480 3479 2777
f 3479 3480 3490
f 3482 3480 2777
f 3480 3482 3481
f 2774 3487 3489
f 4683 2633 4686
f 2777 3488 3483
f 3484 2774 3482
f 4690 2778 3528
f 3483 4690 3484
f 3483 3484 3482
f 3485 3484 2198
f 3485 3524 3486
f 3485 2776 3487
f 3649 4734 2780
f 3529 3502 3650
f 3530 3487 2776
f 3489 3487 3203
f 3329 3488 2777
f 2765 3206 4462
f 3203 3519 4688
f 4683 3489 2633
f 3491 3490 2773
f 4682 2772 3324
f 3492 3491 2773
f 3493 2772 3491
f 4683 2773 3481
f 2633 3510 4686
f 3492 3493 3491
f 3494 3493 2781
f 3495 3494 2781
f 2184 3318 4684
f 3509 3495 2781
f 3495 2782 3496
f 4687 3496 2782
f 4553 3496 3254
f 2784 3513 3497
f 3497 3513 3498
f 3499 3498 2502
f 3498 3499 3501
f 2502 3504 3499
f 3504 3863 3499
f 3517 2811 3508
f 3671 3517 2199
f 2783 3303 3514
f 3501 3515 4687
f 4734 3650 3486
f 3538 2799 4557
f 2799 3503 3502
f 2775 3520 4691
f 3505 3504 2502
f 3863 3504 2811
f 3384 3505 2502
f 3505 3383 3506
f 4627 3506 3383
f 3661 3508 2810
f 3506 2822 3507
f 2822 4175 3516
f 2810 3508 3507
f 3517 3508 2199
f 2781 3492 4686
f 3497 3509 2784
f 3509 2781 4686
f 3511 3510 2633
f 2633 3489 4688
f 3511 2786 3512
f 3574 3512 2786
f 3513 3512 3384
f 3513 2784 3512
f 3498 3513 2502
f 3303 2500 3514
f 3832 4789 2500
f 4789 3514 2500
f 3254 3496 4687
f 2822 3516 3507
f 3666 3516 2823
f 2625 3671 3663
f 3517 3500 3863
f 3540 3518 2625
f 3518 4695 3896
f 3511 2633 4688
f 3530 4691 3203
f 3522 2775 3938
f 4628 3574 2785
f 2775 3522 3520
f 3522 3333 3523
f 3333 4567 3523
f 3521 3520 3522
f 3523 3334 4625
f 3521 3522 3523
f 3525 3524 2198
f 3524 4689 4734
f 4690 3528 3525
f 3525 2779 3526
f 3527 3526 2779
f 3526 3049 3648
f 3541 3527 2779
f 3527 2252 4735
f 4690 3525 2198
f 3205 3528 2778
f 4477 3529 2593
f 3864 3225 3330
f 4691 3503 2775
f 3487 3530 3203
f 3531 3003 4599
f 2931 3531 3351
f 3533 3532 3380
f 3532 3001 4853
f 3002 3533 3380
f 3001 3533 3356
f 3411 4643 4647
f 4693 2553 4276
f 4276 4282 4693
f 4283 3536 3535
f 4028 2551 2565
f 4031 4822 2566
f 4870 3537 3123
f 3537 3418 4652
f 2799 3538 3503
f 3539 3538 3331
f 3539 3331 4560
f 3333 3522 3938
f 4740 3667 3668
f 3540 2624 4366
f 3542 3541 2779
f 3541 2851 4194
f 3528 3542 2779
f 3204 3542 3205
f 2426 3543 2141
f 2427 3543 2335
f 2428 3544 2135
f 2429 3544 2336
f 2519 4009 3546
f 2300 2523 3545
f 3967 3546 2520
f 2300 3545 3546
f 4697 2289 4085
f 4697 2646 3632
f 2646 3631 3632
f 4409 3548 3076
f 3549 4698 4699
f 3549 2704 3550
f 4230 3550 2704
f 3673 3550 2889
f 3552 3551 2185
f 3551 2939 3554
f 3251 3552 2185
f 3552 3006 3672
f 4454 2261 3053
f 3054 3255 3865
f 3551 3554 3021
f 3083 3554 2939
f 3556 3555 2505
f 3088 3555 2766
f 3556 2505 4390
f 4701 2763 3309
f 4807 2220 3918
f 4702 2801 3462
f 4430 3558 3141
f 2684 4475 3822
f 3559 3256 4507
f 2637 4494 4492
f 2189 4491 4704
f 2718 4125 4834
f 3813 3561 2532
f 3267 3859 4800
f 4706 3562 3299
f 2215 3739 4264
f 3565 3563 2896
f 3564 4708 2735
f 3563 3565 4709
f 3567 3570 2947
f 3566 3565 2896
f 3565 4710 4403
f 2896 4676 4869
f 3566 2895 3897
f 3570 3564 2735
f 3568 3837 2945
f 3837 3567 2947
f 2945 4285 4286
f 3569 3568 4286
f 4711 3569 3467
f 3564 3570 3567
f 3570 2735 4465
f 3474 4677 4678
f 4713 3125 4673
f 3125 4672 4673
f 4714 4715 3573
f 3573 4715 4716
f 3123 3421 4782
f 2785 3574 3521
f 3512 3574 3384
f 2417 3575 2162
f 2418 3575 2338
f 2430 3576 2127
f 2431 3576 2340
f 3578 3577 2311
f 119 3577 120
f 2645 3578 2311
f 4717 2372 121
f 2317 4007 4718
f 3866 2497 3579
f 3580 2663 4099
f 3581 3580 2664
f 4719 3581 2664
f 3581 2666 3582
f 3583 3582 2666
f 4819 4721 3033
f 3583 2666 4517
f 3583 2208 3584
f 3585 3584 2208
f 3586 3033 3584
f 3271 3585 2208
f 3842 3585 2716
f 3585 3586 3584
f 3587 3586 2270
f 3587 2270 2394
f 2319 3980 4819
f 2675 4107 4105
f 2481 4103 3900
f 3589 3622 3621
f 3589 3621 4808
f 3779 3590 2242
f 3590 3589 3922
f 3628 3592 2648
f 2650 3593 2847
f 4193 3592 2849
f 2246 3591 3592
f 3591 2246 3593
f 2246 4191 3594
f 2246 3594 3593
f 4267 2846 2303
f 3596 3595 2953
f 3902 3595 3008
f 2953 2955 3604
f 3596 2201 3597
f 2201 4700 3598
f 3599 3008 3597
f 3601 3598 2890
f 3599 3598 2269
f 3598 3599 3597
f 3600 3599 2269
f 2269 2400 4722
f 3600 2315 3903
f 3602 3601 2890
f 3603 2314 2583
f 3673 3602 2890
f 2453 4723 2233
f 3603 3601 3602
f 2400 3603 2583
f 4288 3604 2955
f 3604 2952 4698
f 3612 2683 2925
f 3605 3612 3606
f 3607 3606 2677
f 3290 4724 2676
f 3608 3607 2677
f 3609 2676 3607
f 2677 4251 3867
f 3608 2482 4107
f 3608 3609 3607
f 3610 3843 2211
f 3611 3610 2211
f 3868 2676 3610
f 4436 3611 2211
f 3611 2885 4539
f 2683 3612 3605
f 3612 2925 4251
f 2613 3613 28
f 2432 3613 2341
f 3616 2507 3099
f 4034 4030 2567
f 3615 4725 3616
f 4726 3615 2223
f 3615 3616 2223
f 2507 3616 3614
f 2394 3617 2575
f 3617 2270 3842
f 2395 3618 2577
f 3620 3619 3618
f 4812 2724 3929
f 4014 2257 2536
f 3922 4808 2272
f 3939 2724 3620
f 3589 3779 3622
f 3939 3621 2212
f 3623 3622 2747
f 2212 3621 3622
f 3624 2747 2929
f 2212 3623 2746
f 2747 3624 3623
f 3624 2929 4256
f 2286 4192 3626
f 3284 3633 2231
f 3627 3626 2849
f 3633 3626 2231
f 2849 3592 3628
f 3627 2647 3631
f 3628 3627 2849
f 3629 3628 2648
f 2648 3091 4729
f 3629 2187 3630
f 2187 4784 4785
f 3630 4785 4728
f 3632 3631 2647
f 2646 2231 3631
f 2647 3630 4728
f 3632 3548 4697
f 2603 3633 3284
f 3626 3633 3625
f 3629 2648 4729
f 3197 3634 3079
f 2711 3637 3635
f 3636 2829 4380
f 3637 3636 3635
f 4179 3636 2641
f 3637 2711 3638
f 3636 3637 2641
f 2711 4731 3639
f 3638 3639 3646
f 4833 3639 2760
f 3646 3639 2200
f 3638 3640 3637
f 3641 3640 2710
f 3642 3641 2710
f 3641 2827 4178
f 3645 3642 2710
f 3642 2709 4485
f 2708 4732 3643
f 2251 3847 3644
f 3644 3643 4732
f 3691 3644 2826
f 3646 3645 2710
f 3643 3645 2708
f 3638 3646 2710
f 2708 3646 2200
f 3648 4733 3227
f 3651 3647 3049
f 4733 3647 2217
f 3227 4479 3649
f 3227 3649 3648
f 3649 2593 3650
f 3529 3650 2593
f 3486 3650 3502
f 3049 3527 4735
f 3050 3651 3048
f 2768 3652 3088
f 3080 3652 3081
f 3654 3653 2259
f 2560 3653 2343
f 3655 2259 3249
f 3107 3654 2573
f 3249 4139 4680
f 3655 4680 4101
f 4538 3656 3289
f 4766 3656 2643
f 3657 2739 3658
f 3657 3278 4533
f 3659 3658 2739
f 2460 4245 4848
f 3660 3659 2739
f 2738 2460 3659
f 3477 3660 2739
f 3660 2740 4138
f 3665 3661 2810
f 3661 3665 3662
f 2809 4737 3662
f 2626 2807 4739
f 3662 4737 4738
f 3671 2625 3518
f 4738 3664 3663
f 2806 4820 3667
f 3666 3665 2810
f 4170 4840 2627
f 3516 3666 2810
f 3666 2823 4583
f 2806 3667 3664
f 3668 3667 2230
f 2230 3431 3669
f 4740 2624 3540
f 2230 3669 3668
f 3670 3669 2623
f 3940 3670 2623
f 2604 3059 4367
f 3663 3671 2199
f 3500 3671 3518
f 3085 3672 3006
f 2939 3672 3084
f 3550 3673 2890
f 2889 2233 3673
f 2307 3676 3674
f 3675 3677 2306
f 3675 3674 3676
f 2386 3675 2306
f 3676 2307 4356
f 3676 2219 3677
f 3676 3677 3675
f 2219 4386 4858
f 4184 3678 2840
f 3678 2282 4070
f 3680 3710 2708
f 2918 3679 2693
f 2708 2200 3680
f 4116 3680 2200
f 2439 3681 2850
f 3048 3681 2331
f 3682 2250 3683
f 2470 3682 2339
f 3684 3683 2250
f 2430 3683 2340
f 3685 3684 2250
f 3684 2608 3067
f 2918 3685 2250
f 3685 2693 4116
f 3686 3030 4387
f 3687 2650 2847
f 2650 3687 3686
f 3687 2847 4267
f 4259 4258 3688
f 3688 2935 3821
f 3691 2709 3644
f 3690 4742 2260
f 3690 3689 3691
f 3690 2260 3968
f 3691 2826 4742
f 2709 3691 3689
f 4379 3692 2186
f 4179 3692 2829
f 3694 3693 3071
f 3693 2186 4500
f 3178 3694 3071
f 3694 3070 4379
f 4505 3695 2997
f 2692 3789 4862
f 3410 4641 4642
f 4657 2534 4656
f 3116 3697 3429
f 3698 3115 2444
f 3115 3698 3697
f 2444 3201 4745
f 2795 3700 3699
f 3699 3700 3702
f 3700 2795 3701
f 2990 4322 3702
f 3703 3701 2795
f 4159 4838 2457
f 2990 3702 3700
f 3702 2991 4323
f 3439 3703 2795
f 2457 3703 3438
f 3458 3459 4746
f 3705 3704 2705
f 2705 4253 3706
f 3705 2703 4228
f 2705 3706 3705
f 2218 3708 3707
f 2218 3707 3706
f 2378 4019 4020
f 2218 4747 3708
f 2268 4748 3979
f 4748 3709 3708
f 3709 2268 4016
f 3679 3710 3680
f 4732 2707 2251
f 2434 3711 34
f 2435 3711 2342
f 3713 3712 2635
f 3907 2634 3712
f 3235 3713 2635
f 2521 3713 3234
f 4131 2728 4130
f 3844 2721 3714
f 3715 2856 4197
f 4811 4750 3926
f 3716 4749 4750
f 3839 4793 4872
f 2983 3717 2982
f 3433 3717 2798
f 3719 3718 2607
f 4118 3718 2700
f 4753 3719 2607
f 3719 2213 4154
f 4163 3720 2797
f 4156 3720 2791
f 3721 3064 4372
f 4439 2499 3167
f 3072 4382 4383
f 4857 3723 3722
f 4857 2205 4359
f 4353 3723 3042
f 4027 3724 2568
f 4021 4022 2549
f 3738 3725 3131
f 3823 3824 3735
f 3726 4758 4759
f 3725 3727 2182
f 3726 4757 3727
f 4760 3211 3729
f 3726 4756 3824
f 3728 3731 3730
f 4760 3729 3727
f 3729 3211 4465
f 3728 3823 3731
f 2879 4762 4761
f 3732 3731 2685
f 4761 3730 3731
f 3733 3732 2685
f 3732 2880 3737
f 3734 3733 2685
f 3022 3291 4763
f 3735 3734 2685
f 3734 3023 3822
f 3823 3735 2685
f 4764 3132 3736
f 4764 3736 3735
f 3736 3132 4420
f 4766 2880 3656
f 3737 4766 4208
f 4419 3738 3131
f 3738 3132 4764
f 2940 4263 4264
f 3741 3740 2215
f 3092 4767 3740
f 3774 3740 2275
f 3743 3741 2215
f 3742 2241 3153
f 3741 4768 3742
f 3744 3748 3035
f 3298 4707 4706
f 3751 3743 3298
f 3742 4768 3748
f 3745 3744 3035
f 3745 3035 3746
f 3776 3745 3034
f 3762 3746 3035
f 3759 4772 3089
f 3746 3762 3766
f 4770 4771 3754
f 3742 3748 3744
f 3750 3749 3748
f 3750 3748 3036
f 3756 3749 2421
f 3751 3750 3036
f 3846 2421 3750
f 3743 3751 3036
f 3751 3298 4543
f 3746 3752 3745
f 4776 2214 3763
f 3908 3753 3037
f 3941 2274 3778
f 3755 3754 2749
f 3754 2748 3763
f 2749 3761 3772
f 3767 3755 2423
f 3757 3756 2421
f 3762 3756 3089
f 3375 3757 2421
f 3757 3090 3758
f 3090 3760 3758
f 4771 4772 2749
f 3760 3759 3758
f 3759 3760 4774
f 4773 3760 3090
f 2196 3761 4774
f 4775 3761 2196
f 2757 3768 3772
f 3756 3762 3749
f 3762 3089 3766
f 3764 3763 2748
f 3753 4776 3037
f 3765 3764 2748
f 3869 3037 3764
f 4777 3765 2748
f 3779 3765 2747
f 4772 3766 3089
f 3766 3747 4769
f 3767 2423 4256
f 3754 3767 2748
f 3772 3768 3755
f 3769 3768 2757
f 3769 2757 4476
f 3769 2756 3770
f 2756 4405 3771
f 4256 3770 2755
f 4778 3771 3112
f 2755 3770 3771
f 2749 3772 3755
f 2757 3772 3761
f 3143 3139 3773
f 4405 3773 3139
f 3740 3774 3739
f 3775 3774 2275
f 3775 2275 2396
f 3775 2325 4466
f 3777 3776 3034
f 3744 3776 2241
f 3034 3941 3778
f 3152 3777 2320
f 3034 3778 3777
f 3778 2274 2401
f 3622 3779 2747
f 3590 3779 3589
f 3219 4474 3801
f 3781 3780 2412
f 3781 2412 3786
f 3781 2691 3782
f 3783 3782 2691
f 2683 3782 2925
f 3784 3783 2691
f 3783 3784 4780
f 2691 4779 3785
f 3784 2988 4830
f 2691 3785 3784
f 4506 3785 3283
f 2412 3788 3786
f 3787 2692 4506
f 3788 3787 3786
f 3368 4614 4862
f 3146 3788 2412
f 3787 3788 3140
f 3787 3140 3789
f 3140 3792 3790
f 3140 3790 3789
f 3791 3790 2687
f 4781 3791 2687
f 3791 3369 4611
f 3800 3792 3140
f 3793 3792 3137
f 3794 3793 3137
f 3795 2687 3793
f 3798 3794 3137
f 3795 3796 3144
f 3796 3793 3794
f 3942 3795 3144
f 3794 2689 3796
f 3797 2689 3143
f 2689 3797 3796
f 3797 3143 4476
f 3799 3798 3137
f 3825 3798 3136
f 3799 3137 3800
f 3799 2686 4424
f 3792 3800 3137
f 3788 3800 3140
f 3219 3801 3780
f 3146 3801 3142
f 3803 3802 2530
f 3802 3803 3812
f 3804 3803 2530
f 3803 3804 3806
f 2530 4799 3805
f 3810 3260 3804
f 3267 3561 3813
f 3805 4783 3810
f 3807 3806 3260
f 4634 3806 3396
f 3808 3807 3260
f 3807 3397 4632
f 3260 3810 3811
f 2533 4714 3809
f 2533 3809 3808
f 3123 3809 3573
f 3805 3810 3804
f 3810 3262 3811
f 3811 3262 4712
f 3808 3811 2533
f 3258 4634 4496
f 4703 3812 2637
f 3813 2532 3814
f 3267 3813 3805
f 4524 3814 2532
f 4712 3814 3474
f 3817 3815 2769
f 3815 3817 3816
f 4784 3816 2937
f 3197 2938 3816
f 2769 3821 3817
f 3817 3821 3818
f 2935 3198 3818
f 3819 3198 2936
f 3198 3819 3818
f 4410 2936 4408
f 2936 3820 3819
f 4785 3076 4728
f 3688 3821 2769
f 3818 3821 2935
f 2684 3822 3558
f 3734 3822 3022
f 3731 3823 2685
f 3824 3823 3728
f 3824 3728 4758
f 3824 3024 4764
f 3825 3136 4425
f 3138 4426 4786
f 2560 3826 173
f 2436 3826 2343
f 2326 4787 2814
f 4787 2326 3982
f 4788 3069 2228
f 3828 4788 4659
f 3319 3062 3829
f 3829 3062 3830
f 3831 3830 3062
f 4372 3830 3063
f 3832 3831 3062
f 3831 3061 4371
f 3833 3832 3062
f 3832 2500 4370
f 3319 3833 3062
f 3254 3515 4789
f 2762 3834 3313
f 3322 3834 3323
f 3835 3000 4615
f 3757 3835 3090
f 3835 3370 3836
f 4616 3836 3370
f 3567 3837 3568
f 3837 2947 3838
f 2947 3840 3838
f 2864 4751 4752
f 4791 3838 3840
f 3839 4791 3841
f 2947 3570 4790
f 4791 3840 2865
f 3841 2865 4757
f 3841 2513 4792
f 3842 2716 3904
f 3586 3842 2270
f 3609 3843 3610
f 3588 3843 2675
f 3844 3714 4131
f 2543 4139 3845
f 2543 3845 3844
f 4794 3249 2259
f 3751 3846 3750
f 3846 3301 4620
f 4795 2337 3119
f 3847 4795 3644
f 3849 3848 2240
f 3848 2330 4117
f 3872 2240 3014
f 2313 2415 4796
f 3850 2216 4343
f 3851 3850 2835
f 3853 3852 3851
f 3851 2276 4180
f 2324 2581 3852
f 2397 3852 2581
f 2835 3854 3853
f 3098 4797 2243
f 3855 3854 2835
f 4797 3854 2243
f 3019 3855 2835
f 3855 2836 4260
f 4798 3856 3026
f 3856 2690 4419
f 3857 2202 3860
f 3167 3857 2498
f 3266 4860 3859
f 3267 3805 4799
f 3266 3859 3858
f 4800 2531 3270
f 3857 3860 3294
f 3860 2202 4368
f 3295 3861 3296
f 4831 2985 2680
f 2475 3862 2327
f 3862 2476 3991
f 3517 3863 2811
f 3863 3500 4685
f 3225 3864 3529
f 4557 3864 3330
f 3056 3865 2316
f 3054 3865 3553
f 4718 3866 3579
f 3866 2235 3292
f 2677 3867 3608
f 3867 2924 4250
f 3611 3868 3610
f 3290 3868 3289
f 3765 3869 3764
f 3869 2242 3154
f 3154 3870 3869
f 3870 2322 3871
f 2322 2585 3871
f 2401 3871 2585
f 2240 3872 3849
f 2433 3872 3014
f 2408 3873 2173
f 2440 3873 2344
f 4214 2558 2346
f 2266 4217 3875
f 4845 3875 2874
f 2308 2388 3875
f 2881 3877 3876
f 4218 2226 2874
f 2882 3877 2881
f 4218 3877 2226
f 2540 2731 3878
f 2731 4133 3879
f 2731 3879 3878
f 3880 3879 2733
f 3881 3880 2733
f 3880 2542 4801
f 3881 2733 4339
f 3882 3881 2928
f 3883 3882 2928
f 3880 3882 2542
f 4837 3883 2928
f 3883 2754 4432
f 2961 3884 2962
f 3183 3884 2399
f 3886 3885 2762
f 4802 2203 4856
f 4803 2762 3314
f 3886 4803 3887
f 2761 3889 3887
f 3887 3889 3888
f 4062 4061 3888
f 2596 4337 4338
f 3891 3890 3889
f 3888 3889 2631
f 3891 3889 2761
f 4827 2599 3057
f 4551 3891 2761
f 3892 3085 4364
f 4551 3892 3891
f 4390 3892 3087
f 3893 2995 3894
f 3909 3893 3361
f 4541 3894 2995
f 3894 4541 3895
f 4316 3895 2681
f 4505 3895 3253
f 4804 3896 2605
f 4685 3896 2783
f 3898 3897 2895
f 3899 2751 4401
f 4814 2895 3931
f 4736 3898 3278
f 3898 3899 3897
f 4805 3899 2741
f 3901 2669 2248
f 2670 3588 3900
f 2669 3901 3900
f 3901 2248 3160
f 3903 3902 3008
f 3902 2234 4457
f 3600 3903 3008
f 3151 3903 2315
f 3842 3904 3617
f 3905 3904 2716
f 3905 2716 4522
f 3906 2255 2526
f 2255 3906 3905
f 3906 2526 4011
f 3713 3907 3712
f 3907 2521 4480
f 3753 3908 2274
f 3870 3908 3037
f 4601 4603 3360
f 3379 3909 2996
f 2302 3915 3910
f 3910 3915 3911
f 4806 2552 3102
f 3914 3912 3913
f 3913 3912 3911
f 3155 3912 2698
f 3911 2552 4806
f 2210 4395 3914
f 2210 3914 3913
f 3914 3105 4399
f 2550 3915 2302
f 3911 3915 2552
f 3916 2550 4025
f 3100 2552 3916
f 2285 4166 3918
f 3917 3918 3919
f 4807 3918 2801
f 2220 4091 3919
f 2220 3919 3918
f 3919 2652 4087
f 3973 3920 2440
f 2491 3920 2263
f 188 3921 189
f 2300 3921 2523
f 3922 2323 3590
f 2395 3922 2272
f 2396 3923 2579
f 3923 2275 4767
f 4141 2737 4140
f 4137 2460 2738
f 4194 3925 2850
f 3925 2851 4459
f 3926 4810 4811
f 3926 2857 4284
f 3927 3043 4354
f 3928 3927 3044
f 3928 3044 3282
f 2264 3928 2905
f 2723 2257 3929
f 4812 3929 2257
f 2190 3931 3930
f 3932 3472 3937
f 3931 2190 4533
f 3932 3931 2895
f 3931 3932 3930
f 3933 3932 2895
f 2895 3566 3933
f 4869 3933 3566
f 3419 4653 4654
f 3934 3124 3935
f 4673 3935 3124
f 3935 3469 4670
f 3473 4677 3937
f 3936 3472 4676
f 3473 3937 3936
f 3932 3937 2897
f 3538 3938 2775
f 3333 3938 3539
f 3621 3939 3620
f 3110 3939 2212
f 3940 2623 4083
f 3940 2258 4003
f 3752 3941 3034
f 3753 2274 3941
f 3381 3942 3144
f 4781 3942 3369
f 2441 3943 135
f 2442 3943 2345
f 2443 3944 53
f 2558 3944 2346
f 128 127 3946
f 2450 3945 2347
f 2409 3428 4816
f 2347 3945 3946
f 2447 3947 38
f 2586 3947 2348
f 2437 3948 2165
f 2493 3948 2349
f 22 21 3950
f 2451 3949 2350
f 22 3950 3949
f 2104 3950 2103
f 2451 3951 24
f 2612 3951 2351
f 2452 3952 2110
f 2546 3952 2353
f 2618 3953 2124
f 2454 3953 2354
f 2621 3954 176
f 2462 3954 2355
f 2466 3955 141
f 2464 3955 2356
f 2467 3956 139
f 2466 3956 2357
f 2490 3957 2151
f 3957 2358 3958
f 3957 3958 2148
f 2557 3958 2358
f 2617 3959 2132
f 2494 3959 2359
f 3961 3960 131
f 2515 3960 2360
f 130 3961 131
f 4817 3961 2450
f 2439 3962 2168
f 2495 3962 2361
f 2471 3963 196
f 2470 3963 2364
f 2472 3964 194
f 2471 3964 2365
f 2368 66 2485
f 122 3965 123
f 2300 3546 3967
f 3968 2260 3966
f 2520 2787 3967
f 3968 3967 2787
f 3967 3968 3966
f 3690 3968 2787
f 3972 3969 2437
f 3970 3969 2438
f 3970 2438 3971
f 3999 3970 2278
f 4460 3971 2438
f 4464 3971 2229
f 2495 3972 2437
f 2438 3972 2298
f 3974 3973 2344
f 3920 3973 2263
f 2587 3974 2344
f 3974 2588 4056
f 3014 3975 2362
f 2448 4412 4413
f 2545 3976 2350
f 3976 2268 3979
f 2906 3977 2452
f 4723 3977 2314
f 4360 3978 2455
f 2697 3978 2312
f 4748 2268 3709
f 3202 3979 2461
f 4721 2239 4720
f 4819 3033 3586
f 3980 3981 2463
f 3010 3981 2319
f 4787 3982 2465
f 2915 3982 2326
f 3984 2357 2468
f 2356 3983 2288
f 3985 3984 2468
f 3986 2288 3984
f 3431 3985 2468
f 2230 3667 4820
f 3985 3986 3984
f 3986 2806 4169
f 2468 2467 3987
f 3045 3987 2467
f 3094 3988 2473
f 3989 3988 2333
f 4821 2333 3155
f 3989 4821 3990
f 2698 3914 4399
f 3106 2256 3990
f 3992 3991 2476
f 3432 3991 2477
f 2476 2368 3992
f 2297 3992 2368
f 3038 3993 2487
f 3161 3993 2328
f 2305 2383 3994
f 2488 3994 2383
f 2669 3995 2248
f 3994 3995 2489
f 3920 3996 2392
f 3048 3996 2491
f 3013 3997 2398
f 3998 3997 2273
f 3997 3998 2492
f 3998 2273 4118
f 3970 3999 2349
f 4000 3999 2278
f 2595 4000 2278
f 2493 4000 2417
f 4002 4001 2496
f 2622 4001 2258
f 3579 4002 2496
f 4003 4002 2497
f 3294 4003 2497
f 4003 2604 3940
f 2628 4004 2443
f 2295 2506 4004
f 2629 4005 2447
f 2293 2507 4005
f 2295 2367 4006
f 2474 4006 2367
f 4718 4007 2516
f 3009 4007 2317
f 2830 4008 2294
f 3545 4008 2519
f 4010 4009 2224
f 3546 4009 2520
f 2718 4010 2224
f 4010 2634 4151
f 3149 4011 2525
f 3906 4011 2332
f 2524 4012 2294
f 2526 4012 2374
f 3150 4013 2535
f 4014 2334 3619
f 2334 4014 4013
f 4014 3619 4812
f 2559 4015 2296
f 2536 4015 2375
f 3709 4016 2377
f 3976 4016 2268
f 4018 4017 2353
f 4019 4017 2277
f 2453 4018 2353
f 2277 4018 2701
f 4020 2277 3707
f 2546 4019 2378
f 2277 4020 4019
f 3707 2301 4020
f 3032 4021 2548
f 4022 2318 3724
f 3724 2238 4022
f 2238 2549 4022
f 2302 2380 4023
f 2549 4023 2380
f 2490 4024 2358
f 4741 4024 2283
f 4026 4025 2238
f 3916 4025 2565
f 4027 4026 2238
f 2566 4822 4028
f 3724 4027 2238
f 4029 4027 2568
f 2566 4028 4026
f 2551 4028 3536
f 4030 4029 2568
f 4694 4822 2207
f 4035 4030 2568
f 4871 4030 3615
f 4029 4034 4031
f 4646 4824 4645
f 4032 4823 4034
f 4871 4727 2567
f 4033 4824 4825
f 3437 4042 4049
f 4030 4034 4029
f 4034 2567 4825
f 3097 4035 2568
f 4035 2265 4725
f 4049 4033 3437
f 4037 4036 2661
f 4039 4038 4037
f 4041 4037 2975
f 4039 4037 2661
f 4044 4038 2966
f 4040 4039 2661
f 4043 2966 4039
f 4036 4049 2661
f 4050 2977 4303
f 3416 4041 2975
f 4036 4041 2569
f 4096 4042 3437
f 2660 4040 4042
f 4040 4043 4039
f 4043 2188 4302
f 4045 4044 2966
f 4048 4044 2570
f 4047 4045 2966
f 2570 4045 2964
f 4047 4046 4045
f 4300 4046 2970
f 4043 4047 2966
f 4046 4047 2970
f 4044 4048 4038
f 4048 2570 3414
f 2661 4049 4042
f 4033 4049 4036
f 4040 2660 4050
f 4097 4050 2660
f 2814 4051 2326
f 2397 4051 2276
f 3614 4052 2348
f 4826 2265 3097
f 2572 4053 2408
f 2309 4413 4054
f 2309 4054 4053
f 4167 4054 2804
f 3448 4055 2232
f 3974 4055 2588
f 3449 4056 2588
f 3302 4056 2591
f 3910 4057 2379
f 4058 4057 2271
f 3155 4058 2271
f 2594 4058 2410
f 4060 4059 2595
f 2597 4059 2236
f 4065 2595 2278
f 2596 4338 4061
f 2596 4061 4060
f 4062 3888 2631
f 4063 4062 2631
f 4062 4063 4064
f 4827 2631 3890
f 4361 4063 3057
f 4067 4064 2598
f 2597 2236 4064
f 2595 4065 4060
f 4065 2278 4818
f 2561 4066 2292
f 2418 2597 4066
f 4064 4067 2597
f 4068 4067 2598
f 4068 2598 4361
f 2292 4068 3281
f 3966 4069 2376
f 4828 2260 3119
f 3678 4070 2387
f 4071 4070 2282
f 2838 4071 2282
f 2426 2614 4071
f 2844 4072 2427
f 4073 4072 2281
f 4072 4073 2615
f 4074 2281 2941
f 4267 4074 2941
f 2303 2381 4074
f 2848 4075 2429
f 4076 4075 2286
f 4075 4076 2617
f 3625 4076 2286
f 3067 4077 2431
f 2354 4077 2279
f 2800 4078 2432
f 4079 4078 2285
f 4078 4079 2619
f 3917 4079 2285
f 3107 4080 2436
f 4081 4080 2280
f 4080 4081 2621
f 2280 4099 4082
f 2280 4082 4081
f 2463 4082 2663
f 3940 4083 2622
f 3431 4083 2623
f 4085 4084 2645
f 3965 4084 2289
f 2231 4085 2645
f 4085 2646 4697
f 4088 4086 2651
f 4086 2254 4093
f 3919 4087 2304
f 4088 4087 2652
f 4089 4090 2981
f 4088 2254 4086
f 4305 4089 2981
f 4089 2788 4094
f 4088 4090 4089
f 4090 2652 4091
f 3919 4091 2652
f 4415 4091 2220
f 2658 4086 4093
f 3099 4092 2659
f 2658 4093 4092
f 2254 4089 4094
f 4094 4093 2254
f 4095 4097 2660
f 4096 4095 2660
f 4098 2659 4095
f 4042 4096 2660
f 4726 4096 3437
f 4094 4097 4095
f 2977 4097 2788
f 4096 4098 4095
f 3099 4098 2223
f 4100 4099 2280
f 3580 4099 2667
f 3107 4100 2280
f 4101 4100 2573
f 4100 4101 2667
f 3655 4101 2573
f 3478 4102 2209
f 3580 4102 2664
f 3900 4103 2669
f 2673 4103 2481
f 4105 4104 2481
f 4106 4104 2674
f 3900 4105 2481
f 2675 4105 3588
f 4108 4106 2674
f 4106 2678 4115
f 4105 4107 2674
f 3608 4107 2675
f 4109 4108 2482
f 4106 4108 2678
f 3867 4109 2482
f 4110 4109 2679
f 4110 2679 4111
f 4115 4110 2682
f 4829 2679 4250
f 4829 2480 4830
f 4112 4829 4830
f 4831 2680 4112
f 4113 2680 4114
f 4110 4113 2682
f 2680 2985 4114
f 4114 2985 4314
f 4110 4115 2678
f 3129 4115 2682
f 3680 4116 2693
f 4833 4116 2200
f 3012 4117 2330
f 3998 4117 2391
f 3718 4118 2273
f 2833 4118 2700
f 2888 4119 2701
f 3707 4119 2703
f 2471 4120 2290
f 2706 4120 2365
f 4123 2714 2255
f 4121 2715 4122
f 4521 4122 2715
f 4510 4122 2529
f 2714 4123 4121
f 3905 4123 2255
f 2714 2717 4124
f 2830 4124 2717
f 4125 2528 4705
f 2718 2717 4125
f 2514 4126 2310
f 2296 4126 2389
f 3714 4127 2227
f 2721 3166 4835
f 2537 2257 4128
f 2723 4128 2257
f 2726 2727 4129
f 2539 4129 2727
f 3924 4130 2539
f 4131 4130 2729
f 2729 4136 4131
f 3714 2728 4131
f 4133 4132 2193
f 4134 4132 2731
f 3017 4133 2193
f 3879 4133 2733
f 2540 4134 2731
f 4135 4134 2737
f 4134 4135 2730
f 3924 4135 2737
f 4137 4136 2729
f 4138 4136 2738
f 2729 3924 4137
f 2460 4137 3924
f 3660 4138 2738
f 4139 3249 3845
f 4138 2740 4139
f 4680 4139 2740
f 2750 4140 2540
f 4141 4140 2742
f 2460 4141 2742
f 3924 2737 4141
f 3110 4142 2563
f 2752 4142 2745
f 4144 4143 2745
f 2755 4143 2746
f 2745 3110 4144
f 2212 4144 3110
f 3111 4145 2736
f 2902 4145 2751
f 4147 4146 2752
f 2928 4146 2753
f 2564 4147 2752
f 4147 3112 4404
f 4148 2411 4429
f 4837 4148 2754
f 3067 4149 2279
f 4116 4149 2608
f 3040 4150 2760
f 2279 4150 3039
f 4010 4151 2520
f 2639 4151 2634
f 4153 4152 2639
f 3690 4152 2204
f 4153 2639 4480
f 4153 3231 4484
f 2833 4154 2789
f 3719 4154 2700
f 4156 4155 2213
f 4158 4155 2790
f 3720 4156 2213
f 4156 2791 4157
f 4159 4157 2791
f 4157 2457 4160
f 4158 2790 4160
f 2789 4158 2449
f 2791 4163 4852
f 2794 3701 4838
f 3438 4160 2457
f 4158 4160 2792
f 4162 2792 3445
f 4161 2793 4411
f 2792 4162 4161
f 3445 3446 4839
f 3720 4163 2791
f 4164 4163 2797
f 3436 4164 2797
f 2983 4164 2798
f 3228 4165 2341
f 4166 4165 2253
f 4166 2800 4165
f 3918 4166 2801
f 4411 4167 2804
f 3447 4167 2793
f 2465 2356 4168
f 2288 4168 2356
f 4169 2805 2288
f 4739 4169 2806
f 4840 2809 3665
f 4170 2627 4171
f 4582 4171 2627
f 4340 4171 2930
f 4737 2808 2626
f 4170 4172 2809
f 2834 4173 2813
f 3827 4173 2814
f 2694 4174 2813
f 3018 4174 2815
f 3516 4175 2823
f 2822 4627 4176
f 2822 4176 4175
f 4625 4841 3382
f 2516 2360 4177
f 2287 4177 2360
f 4179 4178 2828
f 3641 4178 2641
f 3692 4179 2828
f 3636 4179 2829
f 3851 4180 2834
f 4051 4180 2276
f 2833 2789 4181
f 2449 4181 2789
f 3120 4182 2837
f 3014 4182 2448
f 4185 2838 2839
f 4183 2245 4190
f 3678 4184 2282
f 4186 4187 2696
f 4183 4185 2245
f 4186 4185 2839
f 4185 4186 2841
f 4187 2839 4184
f 4184 2840 4187
f 4187 2840 4386
f 2696 4384 4385
f 3286 4188 2842
f 4190 4189 2844
f 3147 4189 2845
f 4183 4190 2844
f 4190 2245 3285
f 3594 4191 2846
f 4191 2246 4193
f 4193 4192 2848
f 3626 4192 2849
f 4191 4193 2848
f 4193 2246 3592
f 3541 4194 2252
f 3925 4194 2851
f 4195 2225 4211
f 2295 4195 2506
f 4197 4196 2413
f 2860 4196 2856
f 4198 4197 2413
f 4197 2859 3715
f 3122 4198 2413
f 4469 4199 2875
f 2875 4199 4198
f 3213 2859 4199
f 3715 4200 2856
f 2512 4210 4201
f 2512 4201 4200
f 4201 2863 4203
f 4201 4202 2860
f 2871 4202 2861
f 4201 4203 2861
f 4204 4203 2863
f 4205 4204 2863
f 4204 2866 4206
f 4844 2863 4210
f 2864 4793 4792
f 4207 4206 2866
f 4206 2878 4209
f 4761 4762 3730
f 4208 4207 2879
f 3737 4208 2879
f 4843 4208 2643
f 4209 2878 4537
f 2192 4209 2877
f 2512 4749 4751
f 4844 4210 2864
f 4212 4211 2869
f 4195 4211 2870
f 2862 4212 2869
f 4216 4212 2873
f 4214 2266 3874
f 2506 4213 2346
f 2266 4214 4213
f 2558 4214 3874
f 2869 2871 4215
f 2876 4215 2871
f 4213 4216 2266
f 4212 4216 2870
f 4218 2873 3876
f 3875 4217 2874
f 2873 4218 4217
f 4218 3876 3877
f 2881 4219 2877
f 4215 4219 2862
f 3287 4220 2872
f 4221 4220 2883
f 4221 2883 4226
f 4221 2884 4222
f 4221 4222 2882
f 4223 4222 2884
f 4224 4223 2884
f 4223 2886 4225
f 4227 4224 2884
f 2267 4224 2887
f 4225 2886 4435
f 2874 2226 4225
f 3288 4226 2883
f 4226 2885 4436
f 4224 4227 2887
f 4221 4227 2884
f 3705 4228 2702
f 4119 4228 2703
f 2888 2889 4229
f 4229 2889 4230
f 3550 4230 2889
f 4232 4230 2704
f 4235 4231 2892
f 3458 4231 2180
f 4233 4232 2704
f 4231 4232 2892
f 4699 2704 3549
f 4234 4233 2893
f 2893 2959 4234
f 4234 2959 4846
f 4234 4235 2892
f 3128 4235 2894
f 2750 2540 4236
f 3878 4236 2540
f 4240 2898 2732
f 4238 4237 2899
f 2899 4348 4239
f 4847 4238 2900
f 4241 4239 2734
f 2900 4238 4239
f 2898 4240 4237
f 3025 4240 2732
f 3130 4241 2734
f 4243 4241 2901
f 3130 4242 4241
f 3729 4242 2182
f 4465 4244 4243
f 4239 4243 2900
f 4465 4243 2901
f 4244 2735 4708
f 4805 4848 2902
f 2460 2742 4245
f 3075 4246 2904
f 3928 4246 2905
f 2917 4247 2918
f 2471 4247 2364
f 2228 2672 4248
f 2673 4248 2672
f 3432 4249 2478
f 2921 4249 2922
f 4250 2480 4829
f 3867 4250 2679
f 4780 4251 2925
f 3867 4251 2924
f 4849 4252 2284
f 4252 2461 4747
f 4252 4253 2926
f 3706 4253 2218
f 2705 4254 4253
f 4254 3460 3461
f 2727 4255 2730
f 2927 2193 4255
f 3767 4256 2929
f 3770 4256 2423
f 3198 4257 2206
f 4258 2935 3688
f 2935 4258 4257
f 4259 3688 2446
f 2446 3168 4259
f 3168 2934 4259
f 4260 2243 3854
f 4262 4260 2836
f 3739 4261 2940
f 4261 3212 4466
f 4265 2836 3385
f 4263 2817 3562
f 2817 4263 4262
f 4264 4263 3562
f 2215 4264 3562
f 2940 4264 3739
f 2836 4265 4262
f 4266 3385 3346
f 4585 4266 3346
f 4588 4266 3347
f 3594 4267 2847
f 4074 4267 2303
f 3715 4268 2857
f 3213 4268 2859
f 4270 4269 2191
f 4278 4269 2943
f 4271 4270 2191
f 4270 2948 4665
f 2191 4468 4850
f 4271 2949 4272
f 4273 4272 2949
f 4272 2951 4867
f 4274 4273 2949
f 4281 2553 3696
f 4277 4275 4274
f 4276 4274 2950
f 4277 4274 2949
f 4394 4280 4275
f 4282 4276 2950
f 4276 2553 4281
f 4850 2949 4271
f 3214 2562 4277
f 4279 4278 2943
f 4278 2944 4284
f 3465 4279 2943
f 4279 2858 4285
f 3103 3101 4280
f 4851 4280 3101
f 4281 4273 4276
f 4657 4281 3696
f 4851 3101 4392
f 4693 4282 3535
f 4282 2950 4851
f 3536 4283 2551
f 3926 4284 2944
f 4268 4284 2857
f 4279 4285 2944
f 4286 4285 2858
f 3569 4286 2858
f 2945 4286 3568
f 2959 4287 2695
f 4699 4287 2893
f 4287 4288 2695
f 3604 4288 2952
f 4290 4289 2959
f 4291 4289 2960
f 2695 4290 2959
f 3007 2960 4290
f 4291 2960 4292
f 4306 4291 2968
f 4291 4292 2961
f 3007 4292 2960
f 4294 2961 2962
f 4300 4293 2963
f 2961 4294 4293
f 4294 2962 4440
f 3413 4295 2655
f 4046 4295 2964
f 4297 4296 2654
f 4291 4296 2968
f 4298 4297 2654
f 4299 4297 2969
f 4298 2654 4300
f 4301 4298 2976
f 4299 2969 4310
f 4306 4299 2978
f 4298 4300 2970
f 4293 4300 2654
f 2653 4309 4310
f 4298 4301 2969
f 4298 4302 2976
f 4043 4302 2970
f 4302 4303 2976
f 4050 4303 2188
f 4304 2977 4305
f 4301 4304 2653
f 2977 2788 4305
f 4089 4305 2788
f 4291 4306 2657
f 4299 4306 2968
f 3128 4307 2803
f 2657 4307 2894
f 4307 4308 2803
f 4299 4308 2978
f 3126 4309 2980
f 4310 4309 2979
f 4299 4310 2979
f 2969 4301 4310
f 4305 4311 2653
f 4091 4311 2981
f 4114 4312 2195
f 4313 4312 2984
f 4319 4313 2984
f 4313 2989 4320
f 4114 4314 2984
f 3295 4314 2985
f 4317 4315 2987
f 4316 4315 2988
f 3785 4316 2988
f 4316 3253 3895
f 4831 4317 2987
f 4317 4112 4830
f 2681 4318 4315
f 3296 4318 3297
f 4314 4319 2984
f 2662 2989 4319
f 4852 2794 4159
f 4313 4320 2459
f 2662 4321 2989
f 3701 4321 2990
f 3295 4322 2662
f 3702 4322 2991
f 3702 4323 2458
f 4324 4323 2991
f 3295 4324 2991
f 4327 4324 2986
f 4326 4325 2992
f 3441 4325 2993
f 4326 2992 4327
f 2993 4326 3188
f 4328 4327 2986
f 4326 4327 2994
f 2986 3297 4328
f 4541 4329 4328
f 4541 4328 3297
f 4329 2995 4330
f 2995 3379 4330
f 4622 4330 3379
f 4332 4331 2758
f 4853 2993 3188
f 4333 4332 2758
f 3442 4660 4661
f 2758 4336 4854
f 3442 4333 3218
f 4470 4334 3216
f 4471 4334 3217
f 3356 4335 3001
f 4336 4335 3003
f 3348 4336 3003
f 3216 4334 4854
f 3207 4337 3015
f 4338 4337 3016
f 3016 3328 4856
f 4338 3888 4061
f 3017 2630 4339
f 3881 4339 2630
f 4171 4340 2815
f 4341 4340 2930
f 4340 4341 3018
f 4341 2930 4342
f 4581 2930 3345
f 4342 4581 4577
f 4344 4343 3018
f 3850 4343 3019
f 4341 4344 3018
f 4345 2816 3385
f 3385 2836 4345
f 3855 4345 2836
f 3250 4346 2842
f 3551 4346 2185
f 3029 4347 3021
f 3286 4347 2832
f 4239 4348 2734
f 4240 4348 2899
f 2542 4349 3025
f 3130 4349 3026
f 3031 4350 2222
f 3029 3030 4350
f 2455 2354 4351
f 2279 4351 2354
f 4731 4730 4352
f 4353 4352 3041
f 3723 4353 3041
f 3055 4353 3042
f 2601 4354 2456
f 4354 2291 4534
f 4356 3046 3047
f 2602 4355 2307
f 3046 4356 4355
f 3676 4356 3047
f 3075 4357 2905
f 3676 4357 2219
f 2517 4358 3051
f 4358 2312 4360
f 4857 3042 3723
f 4455 4359 2205
f 2237 4360 2455
f 4358 4360 3055
f 4362 4361 3057
f 4068 4361 2221
f 4363 3057 2599
f 3279 4362 3058
f 3057 4363 4362
f 3892 4364 2599
f 3085 3006 4364
f 4365 4364 3006
f 4364 4365 4363
f 3251 4365 3006
f 3540 4366 2605
f 4367 2624 3670
f 2624 4367 4366
f 2604 4367 3670
f 3200 4368 2202
f 4369 4368 3060
f 3303 4369 3060
f 4366 4369 2605
f 3303 4370 2500
f 3200 4370 3060
f 3831 4371 3063
f 3200 4371 3061
f 3066 4372 3064
f 3830 4372 2501
f 3688 4373 2446
f 3426 4373 3065
f 3310 4374 3066
f 2903 3320 4375
f 4375 4374 2903
f 3829 4375 3321
f 2489 2669 4376
f 4376 2669 4103
f 2485 4377 2297
f 2305 4377 2369
f 4377 4378 3069
f 2305 3068 4378
f 4380 4379 3070
f 3692 4379 2829
f 3636 4380 2712
f 4380 2829 4379
f 4380 4381 3072
f 3178 4381 3070
f 2713 4447 4448
f 4383 4382 3073
f 2205 4383 3073
f 4383 3722 4754
f 3075 2904 4384
f 4384 2904 4385
f 3250 4385 2904
f 2842 4188 4385
f 4187 4386 3075
f 2840 3678 4858
f 2649 4387 3077
f 3686 4387 3078
f 3196 4388 2649
f 3091 4388 3079
f 3672 4389 3084
f 4390 4389 3085
f 3892 4390 3085
f 4390 3087 3556
f 2129 4391 2128
f 2339 4391 3096
f 4283 4392 2551
f 3102 4392 3101
f 4394 4393 3103
f 3104 4396 4395
f 4280 4394 3103
f 3215 4394 2562
f 3914 4395 3105
f 2210 4393 4395
f 4397 4396 3104
f 4398 4396 2510
f 4394 4397 3104
f 4414 3215 2875
f 3210 4398 2510
f 4399 4398 3106
f 3106 3990 4399
f 2698 4399 3990
f 3939 4400 2724
f 3110 3109 4400
f 4403 4401 3111
f 3899 4401 2541
f 4244 4402 2900
f 4403 4402 3027
f 4402 4403 3111
f 3565 4403 3027
f 4148 4404 2411
f 4147 4404 2753
f 3771 4405 3112
f 4405 2756 3773
f 3201 4406 2287
f 3114 4406 2444
f 3697 4407 3115
f 3198 4407 3116
f 3198 4408 2936
f 3429 4408 3116
f 3548 4409 2249
f 4409 3076 4410
f 4785 4410 3076
f 3820 2936 4410
f 4161 4411 3120
f 4167 4411 2793
f 4412 2804 4413
f 4182 4412 2448
f 4054 4413 2804
f 3975 4413 2309
f 4397 4414 2510
f 2875 3122 4414
f 3126 2980 4415
f 4091 4415 2980
f 3557 4416 3126
f 3128 4416 3127
f 4702 4417 3127
f 3459 4417 2802
f 3856 4418 3130
f 3725 4418 3131
f 4419 2690 4421
f 3738 4419 3132
f 4420 2484 4765
f 3132 3133 4420
f 4422 4421 3134
f 4419 4421 3133
f 3148 4422 3134
f 4422 2688 4425
f 4420 4423 2484
f 4422 4423 3133
f 3799 4424 3136
f 4424 2686 4431
f 3825 4425 2688
f 4424 4425 3136
f 4427 4426 3138
f 3143 4426 3139
f 4428 4427 3138
f 4405 4427 2411
f 2688 4428 3138
f 4429 4428 3148
f 4429 3148 4836
f 4427 4429 2411
f 3558 4430 2684
f 4431 4430 3141
f 3146 4431 2686
f 4430 4431 3142
f 3883 4432 3145
f 4432 2754 4836
f 4421 4433 3134
f 4798 2690 3856
f 4349 4434 3026
f 3883 4434 2542
f 2555 4435 3156
f 4435 2308 4845
f 3611 4436 2885
f 4437 4436 2211
f 3588 4437 2211
f 3163 4437 2670
f 3165 4438 3166
f 2514 4438 2390
f 2446 4439 3168
f 3721 2499 4439
f 4294 4440 2655
f 3184 4440 2962
f 3181 4441 2958
f 3424 4441 3172
f 3181 4442 3172
f 3176 4442 2600
f 4444 4443 3173
f 3386 4443 3174
f 3176 4444 3173
f 4503 4444 2919
f 4446 3071 3248
f 3176 3177 4445
f 3071 4446 4445
f 2919 4446 3248
f 4447 3074 4448
f 4449 4447 2713
f 3193 4448 3074
f 4382 4448 3073
f 3177 4449 3178
f 4447 4449 3180
f 2957 4450 3180
f 4451 3186 2419
f 3186 4451 4450
f 3194 4451 2419
f 2956 4452 3007
f 3183 4452 3187
f 4329 4453 2994
f 3532 4453 2183
f 3553 4454 3054
f 4455 4454 3053
f 4359 4455 3053
f 2205 3189 4455
f 3475 4456 2954
f 4457 4456 3191
f 3902 4457 3191
f 4457 2234 3255
f 2612 4458 2424
f 4849 4458 3202
f 3204 2298 4459
f 3925 4459 2298
f 3971 4460 2229
f 2298 4460 2438
f 4462 2778 3488
f 4463 4461 3206
f 2765 4462 3488
f 3206 4461 4462
f 4464 4463 3206
f 3205 4463 2229
f 3206 3207 4464
f 3015 4464 3207
f 4244 4465 2735
f 3729 4465 2901
f 2243 4466 3098
f 3775 4466 3212
f 4269 4467 2191
f 2942 3213 4467
f 4850 4468 3214
f 4467 4468 2191
f 4468 4469 3214
f 4469 3213 4199
f 2352 4558 4559
f 4334 4470 3217
f 4334 4471 3218
f 4472 4471 3217
f 3330 4472 3217
f 4472 3225 4478
f 3454 4473 2590
f 4473 3444 4868
f 4430 4474 2684
f 3801 4474 3142
f 4475 3220 4540
f 3822 4475 3022
f 3797 4476 3221
f 4476 3143 3773
f 3529 4477 3225
f 4479 4477 2593
f 3455 4478 3226
f 4472 4478 2590
f 4477 4479 3226
f 3649 4479 2593
f 3907 4480 2639
f 4481 4480 2521
f 3234 4481 2521
f 4482 4481 3230
f 4497 4482 3230
f 2640 4482 3244
f 4482 4483 3229
f 2640 3231 4483
f 3689 4484 3232
f 4153 4484 2204
f 3642 4485 2827
f 3689 4485 2709
f 4486 2640 4501
f 2828 3233 4486
f 4488 4487 2636
f 3713 4487 3234
f 2636 3239 4488
f 4488 3239 4497
f 4491 4489 3235
f 4490 4489 3236
f 4492 3236 3559
f 4490 3237 3245
f 4491 3235 4704
f 4491 2189 3256
f 3236 4492 4490
f 2637 4492 3559
f 4493 2522 4502
f 4494 4493 3237
f 4492 4494 3237
f 4495 4496 3398
f 4496 4494 2637
f 2972 4495 3398
f 4494 4496 4495
f 3812 4496 2637
f 4498 4497 3239
f 3244 4497 2638
f 4502 3239 3245
f 3241 4498 3240
f 3248 4499 3241
f 3244 4499 3242
f 3693 4500 3242
f 3692 4500 2186
f 4486 4501 3243
f 2640 3244 4501
f 3246 4502 2522
f 4498 4502 3240
f 4444 4503 3174
f 4504 4503 2919
f 3240 4504 3241
f 4503 4504 3246
f 4506 4505 3253
f 3695 4505 2692
f 3785 4506 3253
f 4506 3283 3787
f 3272 4507 2825
f 3559 4507 3257
f 4509 3256 2189
f 3263 4508 3259
f 4510 4509 3261
f 4508 4509 3259
f 4122 4510 3261
f 3263 4510 2529
f 3271 4511 2529
f 4512 4511 3264
f 3264 4515 4513
f 4512 4513 4860
f 4514 4513 3265
f 4860 4513 2531
f 4517 4514 3265
f 4514 3268 4520
f 3583 4515 2208
f 4513 4515 3265
f 4508 4516 2825
f 4860 3263 4512
f 3583 4517 3265
f 4519 4517 2666
f 3268 4517 4519
f 3269 4530 4529
f 3268 4519 4518
f 3581 4519 2666
f 4514 4520 3270
f 4518 4520 3268
f 3271 2529 4521
f 4122 4521 2529
f 4522 2715 4123
f 3585 4522 2716
f 4523 3273 4525
f 4524 4523 3274
f 4524 3274 4813
f 4524 3474 3814
f 4526 4525 3273
f 4528 4525 2668
f 3270 4526 3273
f 2668 4526 4520
f 4532 4527 3275
f 3930 4527 2190
f 4529 4528 2668
f 4532 4528 3276
f 2668 4518 4529
f 3269 4529 4518
f 4530 3269 4531
f 2665 3276 4530
f 4719 4531 3269
f 2664 3478 4531
f 3276 3277 4532
f 2190 4532 3277
f 3657 4533 3277
f 4533 3278 4814
f 3927 4534 3044
f 3281 4534 2291
f 2601 4535 2291
f 2292 4535 2366
f 2845 3285 4536
f 2832 4536 3285
f 4537 2872 2877
f 2878 3287 4537
f 3656 4538 2643
f 4539 4538 3289
f 4539 3289 3868
f 3288 4539 2885
f 4540 3291 3022
f 3220 2483 4540
f 4541 2681 3895
f 4329 4541 2995
f 4544 4542 3299
f 4543 4542 2818
f 4543 2818 4618
f 4543 3301 3751
f 3347 4544 3299
f 4545 4544 3300
f 4545 3300 4621
f 4545 3372 4618
f 3456 4546 2591
f 3050 4546 2217
f 3196 4547 2938
f 2768 4547 3081
f 3688 4548 3065
f 2769 3815 4549
f 2769 4549 4548
f 3305 4549 3306
f 3556 4550 2763
f 4551 4550 3087
f 4551 3087 3892
f 4803 4551 2761
f 2184 4552 3318
f 3321 4552 3319
f 3496 4553 2184
f 3833 4553 3254
f 2764 4554 3323
f 3325 4554 3326
f 3328 4555 3327
f 3207 4555 3016
f 3479 4556 3329
f 3326 4556 2632
f 3538 4557 3331
f 3864 4557 2799
f 4559 4558 3330
f 4560 4558 2352
f 3217 4559 3330
f 2352 4559 4470
f 4561 4560 2352
f 3539 4560 3332
f 2352 3338 4561
f 4561 3338 4568
f 2821 4566 4567
f 3539 4562 3333
f 4564 4563 3335
f 4562 4563 2821
f 4565 4564 3335
f 3337 4564 3336
f 4565 3335 4568
f 4590 4565 3349
f 4841 4566 3337
f 4566 3334 4567
f 3523 4567 3334
f 3333 4562 4567
f 3348 4568 3338
f 4565 4568 2931
f 4578 4569 3339
f 4841 2503 4176
f 3337 3336 4570
f 4570 3336 4590
f 4572 4571 2820
f 4574 4571 3340
f 2820 4591 4861
f 3342 4577 4573
f 4861 4573 4572
f 3377 4573 3341
f 2819 4574 3340
f 4578 4574 3344
f 4577 4575 3343
f 4576 3342 3377
f 3376 4576 3377
f 2197 4575 4576
f 4342 4577 3343
f 4577 2819 3340
f 4569 4578 2503
f 4574 4578 3339
f 4579 3344 4580
f 4175 4579 2823
f 4581 4580 2819
f 4579 4580 3345
f 4577 4581 2819
f 2930 4581 4342
f 4171 4582 2930
f 2627 3666 4583
f 4583 4582 2627
f 4579 4583 2823
f 4342 4584 2816
f 4586 4584 3343
f 4584 4586 3346
f 4587 4585 2197
f 3343 4575 4586
f 2197 4586 4575
f 3376 4587 2197
f 3300 3347 4587
f 3562 4588 3299
f 4266 4588 2817
f 4589 3338 2352
f 3216 3348 4589
f 4591 4590 3349
f 4570 4590 2820
f 4592 4591 3349
f 4591 3350 4861
f 3349 3351 4592
f 2759 4592 3351
f 3531 4593 3351
f 3353 4593 3352
f 3353 3352 4594
f 4594 3352 4599
f 3357 4595 3354
f 4593 4595 2759
f 4595 4596 3354
f 3358 4596 3353
f 4598 4597 3355
f 4596 4597 3354
f 4617 4598 3355
f 4598 3005 4600
f 4594 4599 3356
f 3531 4599 3352
f 4598 4600 3357
f 3377 4600 3005
f 4603 2996 3909
f 3360 4607 4602
f 3360 4602 4601
f 3362 4602 2422
f 4603 4601 2996
f 4603 3361 4743
f 4604 3355 4597
f 3363 4604 3362
f 3363 3364 4605
f 4605 3364 4615
f 4607 4606 2422
f 4609 4606 3366
f 4602 4607 2422
f 4608 3360 2998
f 3360 4608 4607
f 4608 2998 4613
f 4609 3366 4610
f 4615 4609 3370
f 4608 4610 3366
f 4611 4610 3367
f 3791 4611 3367
f 4612 4611 3369
f 3369 3381 4612
f 4612 3381 4624
f 2998 4743 4614
f 3791 4613 3368
f 2998 4614 4613
f 4862 3695 2692
f 3835 4615 3370
f 4605 4615 3000
f 4612 4616 2999
f 3836 4616 3371
f 4598 4617 3005
f 3028 4617 3355
f 3365 4618 3372
f 4543 4618 3374
f 3835 4619 3000
f 4620 4619 3375
f 3846 4620 3375
f 3374 4620 3301
f 4621 3373 3372
f 3300 3376 4621
f 4330 4622 2183
f 3378 4622 3379
f 3144 3221 4623
f 4623 3221 4775
f 4623 4624 3381
f 4773 2196 3760
f 4626 4625 3382
f 3523 4625 2785
f 4628 4626 3383
f 4625 4626 2785
f 4626 4627 3383
f 4176 4627 3382
f 3505 4628 3383
f 3574 4628 3384
f 3390 4629 3389
f 4633 4629 2972
f 4863 2181 3412
f 3389 4630 2971
f 4633 4631 3395
f 4632 4631 3396
f 3807 4632 3396
f 4632 3397 3421
f 4633 3395 4629
f 4633 3398 4634
f 3806 4634 3258
f 4633 4634 3396
f 3405 4635 2971
f 2656 4635 3401
f 2554 3416 4636
f 4864 4636 3416
f 4638 4637 3407
f 4636 4637 3408
f 3407 3406 4638
f 4649 4639 4638
f 4651 4639 2973
f 4640 4639 3409
f 4639 4640 3408
f 4641 4640 3409
f 4642 4641 3409
f 4641 3410 4643
f 4642 3409 4865
f 3410 4642 3696
f 4647 4643 3410
f 4643 3411 4644
f 4645 4644 3411
f 2554 4644 3416
f 4645 3411 4646
f 3416 4645 2569
f 4692 4646 3411
f 4823 4646 2207
f 4648 4647 3410
f 4647 3534 4692
f 3696 4648 3410
f 4648 2553 4693
f 3420 4649 3412
f 4639 4649 2973
f 4650 3407 4637
f 3404 4650 3414
f 4865 4651 3417
f 4639 4651 3409
f 3537 4652 3417
f 4653 4652 3418
f 4654 4653 3418
f 4653 3419 4656
f 4654 3418 4716
f 4654 3934 4815
f 4867 2948 4272
f 4655 4867 4656
f 4657 4656 2951
f 4653 4656 2534
f 4281 4657 2951
f 4866 4657 3696
f 2329 4658 3430
f 3547 4658 2610
f 3828 4659 2477
f 2922 3432 4659
f 4661 4660 3441
f 4662 4660 3442
f 2993 4661 3441
f 4332 3442 4661
f 4868 3442 3218
f 3444 2796 4662
f 3452 4663 3108
f 2796 4663 3443
f 3455 4664 2592
f 4664 3226 4479
f 4270 4665 2943
f 4665 2948 4655
f 3934 4666 2867
f 4667 4666 3466
f 3466 4670 4668
f 4669 4667 3467
f 3466 4668 4667
f 4668 2420 4675
f 4279 4669 2858
f 4667 4669 3465
f 4671 4670 3469
f 4668 4670 2420
f 3470 2420 4671
f 4670 4671 2420
f 4671 4672 3470
f 4673 4672 3469
f 3935 4673 3469
f 4715 4673 3124
f 3563 4674 2896
f 4675 4674 3468
f 4674 4675 3471
f 4675 3468 4711
f 3936 4676 3471
f 3472 3933 4869
f 3473 3125 4678
f 4524 4677 3474
f 4713 4678 3125
f 4678 3571 4712
f 4679 3477 4681
f 2209 4101 4680
f 2209 4680 4679
f 3249 4680 3655
f 3476 4681 3477
f 4531 4681 2665
f 2632 4682 3325
f 3491 4682 3490
f 2773 4683 3492
f 3489 4683 3481
f 3493 4684 2772
f 2184 4684 3494
f 3863 4685 3499
f 3896 4685 3500
f 4686 3492 4683
f 3509 4686 3510
f 3501 4687 2782
f 3254 4687 3515
f 3203 4688 3489
f 3511 4688 3519
f 3526 4689 3525
f 4689 2780 4734
f 3484 4690 2198
f 2778 4690 3483
f 4691 3520 3519
f 3503 4691 3530
f 4646 4692 2207
f 4647 4692 3411
f 4694 4693 3535
f 4648 4693 3534
f 4692 4694 2207
f 4694 3534 4693
f 3540 2605 4695
f 3896 4695 2605
f 2610 4696 3547
f 3965 4696 2371
f 3548 3547 4697
f 4697 3547 2289
f 4700 4698 3549
f 4698 2201 3596
f 4287 4699 2952
f 4233 4699 2893
f 3550 4700 3549
f 3598 4700 2890
f 3555 4701 2766
f 2763 4701 3556
f 4702 3557 4807
f 2802 4702 3462
f 3559 3257 4703
f 3812 4703 3257
f 4704 3560 2189
f 3235 2635 4704
f 4705 3560 4834
f 4705 2528 4121
f 4542 4706 3299
f 3298 3743 4707
f 3743 2215 4707
f 3562 4707 2215
f 4709 4708 3564
f 4708 3027 4402
f 4708 4709 3027
f 3563 4709 3564
f 3897 4710 3566
f 4403 4710 2541
f 4668 4711 3467
f 2946 4711 3468
f 3811 4712 3571
f 3814 4712 3262
f 3572 3571 4713
f 4678 4713 3571
f 4715 4714 3572
f 3809 4714 3573
f 4673 4715 3572
f 4716 4715 3124
f 4654 4716 3124
f 3418 3537 4870
f 3577 4717 120
f 2372 4717 3578
f 3866 4718 2235
f 2317 4718 3579
f 4531 4719 2664
f 4519 4719 3269
f 4721 4720 3582
f 3580 4720 2239
f 3033 4721 3582
f 3980 2239 4721
f 2582 3600 4722
f 2269 4722 3600
f 4723 2453 3977
f 3673 4723 3602
f 2483 4724 3290
f 3607 4724 3606
f 3616 4725 3614
f 4035 4725 3615
f 4096 4726 2223
f 4726 3437 4727
f 3437 4033 4727
f 4825 4727 4033
f 3548 4728 3076
f 2647 4728 3632
f 3079 4729 3091
f 3629 4729 3634
f 4352 4730 3041
f 2711 3635 4730
f 4730 4731 2711
f 2760 4731 3040
f 3710 4732 2708
f 3644 4732 2251
f 3647 4733 3648
f 3457 4733 2217
f 3650 4734 3649
f 4734 3486 3524
f 3048 4735 2252
f 3049 4735 3651
f 3898 4736 2741
f 3657 4736 3278
f 4172 4737 2809
f 4738 4737 2626
f 3662 4738 3663
f 4739 4738 2626
f 4169 4739 2807
f 2806 3664 4739
f 3667 4740 2625
f 2624 4740 3668
f 3675 2386 4741
f 2557 4741 2386
f 3691 4742 3690
f 3119 4742 2826
f 4743 2998 3360
f 4744 4743 3361
f 3893 4744 3361
f 2997 3695 4744
f 4745 2347 4816
f 2444 4745 3698
f 2705 4746 3460
f 3458 4746 3704
f 4252 4747 2218
f 4748 4747 2461
f 4747 4748 3708
f 3979 4748 2461
f 4750 3715 2857
f 4751 4749 3716
f 3715 4750 4749
f 3926 4750 2857
f 4751 3716 4752
f 2512 4751 4210
f 3716 4811 4872
f 4752 4872 4793
f 4753 2607 3434
f 3720 4753 2797
f 4380 4754 2712
f 4383 4754 3072
f 4730 4755 3041
f 2712 4755 3635
f 3824 4756 3024
f 3727 4756 3726
f 4757 3726 4759
f 4760 4757 2865
f 4759 2513 3841
f 3824 4758 3726
f 2513 4759 4758
f 4757 4759 3841
f 4757 4760 3727
f 3211 4760 2865
f 4761 3731 3732
f 4762 2879 4207
f 4207 2866 4762
f 4842 4762 2866
f 3022 4763 3733
f 3291 2880 4763
f 3824 4764 3735
f 4764 3024 3738
f 4420 4765 3736
f 3558 4765 2484
f 4208 4766 2643
f 2880 4766 3737
f 4767 3092 4809
f 2275 3740 4767
f 3743 4768 3741
f 3748 4768 3036
f 3766 4769 3746
f 4770 4769 3747
f 4770 3747 4771
f 2214 4770 3763
f 4772 4771 3747
f 2749 3754 4771
f 4772 3747 3766
f 2749 4772 3759
f 3836 4773 3090
f 4624 4773 3371
f 2196 4774 3760
f 3761 3759 4774
f 4623 4775 2196
f 4775 3221 4476
f 2214 4776 3753
f 3764 4776 3763
f 3767 4777 2748
f 2747 4777 2929
f 4147 4778 3112
f 2755 4778 2564
f 3786 4779 3781
f 3785 4779 3283
f 4250 4780 2480
f 4780 2924 4251
f 3942 4781 3795
f 3791 4781 3369
f 3397 4782 3421
f 3809 3123 4782
f 3814 4783 3813
f 3810 4783 3262
f 3634 4784 2187
f 4784 3197 3816
f 2187 4785 3630
f 4410 4785 3820
f 3798 4786 3794
f 4786 3825 3138
f 2244 4787 2465
f 2814 4787 3827
f 3069 4788 3828
f 2228 2922 4788
f 3254 4789 3833
f 3514 4789 3515
f 2947 4790 3840
f 3570 3211 4790
f 3841 4791 2865
f 3838 4791 3839
f 4842 4792 2513
f 4844 4792 4205
f 4792 4793 3841
f 4752 4793 2864
f 2721 4794 3166
f 3249 4794 3845
f 3644 4795 2826
f 2337 4795 3847
f 2313 4796 3849
f 3012 4796 2415
f 2324 4797 3098
f 3854 4797 3853
f 4434 4798 3026
f 4433 4798 3145
f 3272 4799 2530
f 3267 4799 3858
f 3267 4800 3561
f 2531 4800 3859
f 2542 3025 4801
f 2732 4801 3025
f 2764 4802 3328
f 3886 4802 3885
f 3887 4803 2761
f 2762 4803 3886
f 4369 4804 2605
f 2783 4804 3303
f 4848 4805 2741
f 2751 4805 2902
f 2210 4806 3102
f 3911 4806 3913
f 4702 4807 2801
f 2220 4807 3557
f 2272 4808 3621
f 3922 3589 4808
f 2321 4809 3153
f 4767 4809 3923
f 3837 4810 2945
f 4811 4810 2414
f 4811 2414 4872
f 4750 4811 3716
f 4014 4812 2257
f 2724 4812 3619
f 3930 2897 4813
f 4524 4813 2897
f 2895 4814 3898
f 4533 4814 3931
f 3934 2867 4815
f 4655 4815 2867
f 4816 2262 4745
f 2409 4816 3946
f 3201 4817 2450
f 2287 3961 4817
f 3971 4818 3970
f 4818 3015 4855
f 2319 4819 3587
f 4721 4819 3980
f 3986 4820 2806
f 2230 4820 3985
f 3990 4821 2698
f 2333 4821 3989
f 2207 4822 4031
f 4028 4822 3536
f 4034 4823 4031
f 4646 4823 4032
f 4036 4824 4033
f 4824 2569 4645
f 4034 4825 4032
f 4727 4825 2567
f 2586 4826 2404
f 2265 4826 4052
f 2631 4827 4063
f 2599 4827 3890
f 2611 4828 2416
f 2260 4828 4069
f 4112 4111 4829
f 4829 4111 2679
f 3784 4830 2480
f 4317 4830 2988
f 4317 4831 4112
f 3861 4831 2987
f 3129 4832 2195
f 4113 4832 2682
f 3639 4833 2200
f 4149 4833 2760
f 2718 4834 2635
f 4705 4834 4125
f 2720 4835 2310
f 2721 4835 4127
f 4429 4836 4148
f 4432 4836 3148
f 3883 4837 2754
f 2753 4837 2928
f 2794 4838 4159
f 3703 4838 3701
f 2793 4839 3447
f 3445 4839 4162
f 2809 4840 4170
f 3666 4840 3665
f 4569 4841 3337
f 3382 4841 4176
f 4842 3730 4762
f 4792 4842 4205
f 3288 4843 2643
f 2878 4843 3287
f 4792 4844 2864
f 2863 4844 4205
f 4435 4845 4225
f 3875 4845 2308
f 4289 4846 2959
f 2894 4846 2657
f 4402 4847 2900
f 2736 4847 3111
f 2460 4848 3658
f 2902 4848 4245
f 4458 4849 2284
f 2461 4849 3202
f 2949 4850 4277
f 2191 4850 4271
f 4282 4851 4283
f 4280 4851 2950
f 2791 4852 4159
f 2459 4852 4163
f 2993 4853 4331
f 3532 4853 3188
f 3216 4854 4336
f 4333 4854 4334
f 2596 4855 4337
f 4818 4855 4065
f 3888 4856 2203
f 3016 4856 4338
f 2205 4857 3722
f 3042 4857 4359
f 2219 4858 3677
f 2840 4858 4386
f 3390 4859 2972
f 3238 4859 3391
f 3859 4860 2531
f 4516 4860 3266
f 4861 4572 2820
f 3357 4861 3350
f 3368 4862 3789
f 3695 4862 4614
f 2971 4863 3406
f 2181 4863 4630
f 2975 4864 3416
f 2974 4864 3415
f 4651 4865 3409
f 4865 3417 4652
f 4865 4866 4642
f 4657 4866 2534
f 4656 4867 2951
f 2948 4867 4655
f 3442 4868 4662
f 4473 4868 3218
f 2896 4869 3566
f 3472 4869 4676
f 3573 4870 3123
f 3418 4870 4716
f 4727 4871 4726
f 4030 4871 2567
f 4872 4752 3716
f 3838 4872 2414
f 4873 4874 6340
f 5349 6411 6412
f 5038 5349 5218
f 5219 5348 5146
f 5039 5040 6339
f 5037 5038 5218
f 5217 5347 4876
f 5037 5218 5348
f 5278 5279 6379
f 5035 5350 5034
f 5350 5035 5219
f 5034 6341 5033
f 5465 5031 5032
f 5245 6096 5169
f 5028 5029 5277
f 6338 5029 5030
f 5781 5245 5027
f 5024 5213 5023
f 5085 5284 5474
f 5022 5023 5332
f 6384 5287 5839
f 5028 5781 5027
f 4875 4876 5347
f 5217 4876 4877
f 4879 4880 5211
f 5203 6347 5286
f 6573 6575 5634
f 5328 4881 5444
f 4878 5445 4877
f 5145 6558 6164
f 4883 6353 5312
f 4885 5254 5427
f 5021 5022 5498
f 6353 4883 4884
f 5285 5018 5019
f 6347 5285 5019
f 6346 5017 5018
f 5581 5015 5016
f 5012 5013 6251
f 5283 5017 6346
f 5297 6397 5273
f 5011 5429 5010
f 5273 5009 6334
f 5007 5443 5309
f 6729 5841 6731
f 6334 5009 5010
f 5519 6033 5078
f 5005 5006 6350
f 4997 4998 5449
f 5864 5235 5176
f 4994 4995 5272
f 6356 6358 5235
f 5392 6082 6083
f 5268 5003 5004
f 6163 5002 5003
f 4999 5000 5448
f 4999 5448 5228
f 5000 5001 5310
f 5228 4998 4999
f 6445 6357 5250
f 4988 6355 4987
f 77 76 4987
f 6355 6354 4987
f 4989 4990 6335
f 6354 5327 78
f 6336 5266 5193
f 5259 4990 4991
f 5177 5865 5230
f 6176 5259 6369
f 5625 4993 4994
f 5236 6374 6373
f 6162 5206 5394
f 82 81 5235
f 5236 83 5864
f 5268 5394 5143
f 87 86 5260
f 5267 84 5236
f 88 87 6337
f 91 90 5628
f 5263 6376 5187
f 6331 5258 5188
f 91 5234 92
f 6389 5288 6387
f 5225 5314 100
f 102 6328 5257
f 5248 104 5863
f 105 6364 106
f 5863 104 103
f 6330 97 96
f 5110 5289 6391
f 99 98 5375
f 5248 105 104
f 5264 97 6330
f 5289 6390 5257
f 5264 5265 6377
f 5258 93 5359
f 89 5288 5233
f 5033 6341 5278
f 5253 5180 6149
f 5426 5253 4888
f 5253 5426 5149
f 5355 5223 4890
f 5223 4889 4890
f 5615 5807 5198
f 4893 4894 5807
f 4897 5417 4896
f 6342 4894 4895
f 6469 5467 5149
f 5722 5198 5280
f 6422 5358 6420
f 5358 5229 4898
f 4904 4905 5812
f 6008 6009 6007
f 5377 5378 6433
f 4906 4907 6329
f 5379 5815 6715
f 5295 5749 6682
f 5148 6404 5430
f 5430 5269 4908
f 5270 4905 4906
f 4899 4900 6345
f 4913 5352 4912
f 5147 5220 5352
f 6415 6300 5123
f 5232 4917 5381
f 4914 5353 5221
f 4919 5862 4918
f 5381 5382 5232
f 5755 6685 6687
f 5014 5240 5388
f 6344 4920 4921
f 4919 4920 5303
f 4925 6349 4924
f 4927 6348 4926
f 6398 5205 5304
f 4929 5582 4928
f 5304 4926 6348
f 4930 5387 4929
f 4934 5214 5333
f 6483 5406 6565
f 4935 5214 4934
f 5357 4935 4936
f 5357 4936 5226
f 6399 5306 5511
f 4925 4926 5304
f 4912 5220 4911
f 4938 5435 4937
f 4969 4970 5499
f 5100 5530 6508
f 6094 6095 5184
f 5246 4980 4981
f 5238 4969 5499
f 4966 5227 5418
f 4939 4940 6333
f 6211 4968 5238
f 6211 5227 4967
f 4965 4966 5418
f 4938 4939 5275
f 5241 6361 4974
f 5618 6764 6562
f 5356 4983 4984
f 4983 6187 4982
f 5172 5423 5906
f 5076 6507 5702
f 5424 4976 4977
f 4975 5241 4974
f 4978 4979 5905
f 4976 5241 4975
f 6094 5111 6093
f 4980 5423 4979
f 4977 4978 5247
f 5435 4938 5275
f 5694 5695 5336
f 5783 4941 4942
f 5400 5170 5311
f 5266 5470 5193
f 5330 4948 5212
f 5330 4947 4948
f 5492 6488 6485
f 4949 5212 4948
f 5428 4949 4950
f 4947 6091 4946
f 6186 4951 4952
f 4961 5626 4960
f 5420 4961 4962
f 4962 4963 5242
f 5243 5785 5166
f 5965 6922 5991
f 5345 4955 5215
f 5144 6655 5345
f 4960 5243 4959
f 4958 4959 5627
f 4957 5421 4956
f 5215 4955 4956
f 4953 5346 4952
f 5274 5190 6333
f 4887 6149 4886
f 5254 4885 4886
f 4903 5376 5231
f 5245 5026 5027
f 5220 5351 4911
f 4923 5466 4922
f 5307 4924 6349
f 4944 6352 4943
f 4944 4945 5425
f 5864 83 82
f 6323 5401 6038
f 6544 6253 5262
f 5626 5243 4960
f 5263 5187 6330
f 5897 5721 5896
f 5281 5201 6345
f 6138 6139 5601
f 5543 5232 5161
f 5709 6638 6639
f 6383 5202 5285
f 5459 6641 6642
f 5784 4932 4933
f 6527 6528 5053
f 4931 5237 4930
f 5456 5113 6447
f 5001 5002 6351
f 5699 6629 5690
f 6535 5576 6533
f 6238 6236 6237
f 6485 6488 6913
f 5924 6779 6774
f 5138 6492 6494
f 6205 6201 5057
f 5026 5782 5025
f 6089 6042 5708
f 6191 6192 5441
f 5378 5102 6434
f 5013 5014 5388
f 6268 6270 5650
f 6317 5384 6910
f 6418 6452 5404
f 4995 4996 6332
f 6704 5390 5799
f 5311 4943 6352
f 5343 6604 5674
f 5216 5346 4953
f 5539 5960 5988
f 6799 5541 5963
f 5931 5932 5092
f 4964 4965 6092
f 6064 6063 5587
f 5931 5501 5929
f 6873 6170 6148
f 5356 4984 5224
f 5314 101 100
f 6648 6711 5716
f 5767 5315 5765
f 5544 6443 6442
f 6348 5305 5204
f 5415 6797 6796
f 6119 6118 5360
f 5329 4878 4879
f 6817 6004 6823
f 5259 4991 6336
f 6512 5261 6359
f 6908 5417 5229
f 6497 5366 6496
f 5254 4886 6149
f 5510 5901 5902
f 5588 6061 6062
f 5593 6547 6550
f 4969 5238 4968
f 5239 5160 5499
f 5256 5429 5011
f 5646 6585 6586
f 6536 5571 6535
f 5565 5458 5557
f 5226 4936 4937
f 5668 5671 5336
f 6785 5940 5987
f 5937 5501 5931
f 5081 6012 6021
f 5093 6096 6097
f 5263 96 95
f 5771 6853 5594
f 4902 5520 4901
f 5520 5231 5157
f 5543 4915 4916
f 6429 5084 6430
f 5085 5633 5632
f 5324 6866 6154
f 5486 6482 5621
f 5484 6480 6912
f 5915 6208 5914
f 5432 5829 5838
f 6659 5479 6658
f 6381 5283 5284
f 5898 5763 5896
f 5729 5652 6123
f 6069 5596 6073
f 5076 5523 5524
f 6617 6620 5687
f 5867 5513 6500
f 6490 5628 5233
f 5929 5501 5928
f 5440 6190 6193
f 6590 5659 5660
f 6329 5269 5186
f 5222 4909 4910
f 5404 5789 5790
f 5354 6429 6428
f 6474 6473 5434
f 5770 5899 5497
f 5252 5425 4945
f 6114 6115 6116
f 5255 5428 4950
f 5493 6487 6489
f 5099 6470 6521
f 5427 4884 4885
f 5523 5530 5463
f 6508 6509 5100
f 5697 5101 6628
f 6161 6871 5124
f 5291 5764 5174
f 6421 5282 5599
f 5276 5195 6338
f 6463 5103 5436
f 5015 5581 5240
f 5104 5629 6216
f 5302 5200 6344
f 5105 5481 6195
f 5271 5189 6332
f 5918 5919 5397
f 5669 6168 6169
f 5079 5667 5669
f 4955 5345 4954
f 6124 6125 5651
f 84 5267 85
f 6771 6371 5920
f 4986 6364 6363
f 102 101 6328
f 4973 6361 6095
f 5076 5524 6507
f 5309 5206 6350
f 6515 5452 5553
f 5456 6466 5113
f 5228 5813 5153
f 5865 81 80
f 5114 6356 6357
f 5331 5213 5024
f 5666 6122 5159
f 4958 5627 5244
f 5116 5760 5811
f 99 5375 5225
f 6560 5616 6561
f 4880 5328 5211
f 6015 6016 6826
f 5012 6251 5256
f 5183 5726 5256
f 6331 95 94
f 6546 6548 5587
f 5329 5445 4878
f 6819 6005 5127
f 5419 5242 4963
f 5089 5785 5786
f 5221 5352 4913
f 6307 6924 5148
f 5386 5237 4931
f 6401 5091 5306
f 6336 4991 4992
f 6369 6370 5125
f 91 5628 5234
f 5126 5545 6510
f 5037 5348 5036
f 6012 6823 6930
f 5128 6420 6421
f 5722 5723 5134
f 6347 5019 5020
f 5633 5475 5634
f 5422 5246 4981
f 5598 6065 6067
f 5131 6398 6399
f 5158 6402 5308
f 6778 6776 5927
f 6491 6490 5500
f 6354 78 77
f 4989 6335 5249
f 4891 4892 5615
f 5280 5198 6342
f 5135 6768 5920
f 85 6343 86
f 6091 5252 4946
f 5097 5400 5411
f 6186 5255 4951
f 6487 5493 6486
f 6458 6492 5138
f 5139 6403 5313
f 6018 5313 6019
f 5211 5328 5602
f 5551 5552 5454
f 5206 5309 5550
f 5101 5334 5335
f 5333 5334 6408
f 4978 5905 5247
f 5142 5583 5584
f 5143 5394 5451
f 6447 5207 5395
f 6696 5729 5779
f 4954 5216 4953
f 5329 4879 5211
f 5609 6558 5145
f 6165 6167 6273
f 5036 5219 5035
f 5221 4913 4914
f 6428 5372 5147
f 5765 6691 5316
f 5315 5186 5269
f 5134 5723 6654
f 5467 5180 5253
f 5100 5462 5463
f 4967 5227 4966
f 6081 6075 5082
f 99 5225 100
f 5001 6351 5310
f 6517 5152 6516
f 6767 5153 5814
f 5189 5271 5396
f 5229 4897 4898
f 5601 5725 6423
f 4939 6333 5275
f 6426 6168 5364
f 6465 5156 6212
f 5195 5276 5436
f 5231 4902 4903
f 5157 5231 6433
f 5482 6195 6196
f 5200 5302 5481
f 5332 5023 5213
f 6122 5115 6592
f 5239 4970 4971
f 5524 5160 6264
f 5232 4916 4917
f 5161 5232 6439
f 6254 5629 5104
f 5015 5240 5014
f 5387 4930 5237
f 6909 5614 6401
f 4995 6332 5272
f 5829 5432 5828
f 5420 4962 5242
f 5886 5122 5885
f 5116 6308 6900
f 4958 5244 4957
f 90 89 5233
f 5545 5126 6424
f 5029 6338 5277
f 6188 6097 5439
f 5660 6255 5495
f 5213 5331 5659
f 5361 6118 6119
f 5190 5274 5360
f 6408 6407 5171
f 5237 5386 6161
f 4980 5246 5423
f 5247 5583 5142
f 4920 6344 5303
f 6436 5095 5382
f 4906 6329 5270
f 6395 5764 5291
f 4985 5224 4984
f 105 5248 6364
f 6359 5176 6358
f 83 5236 84
f 5230 80 79
f 5177 5230 6367
f 5548 5547 5178
f 4946 5252 4945
f 5533 6746 6901
f 5242 5419 5866
f 4887 4888 5253
f 6492 6458 5505
f 6147 6148 5108
f 4951 5255 4950
f 6391 6392 5110
f 5422 5618 6562
f 5183 6254 6405
f 5012 5256 5011
f 6361 5241 6360
f 5584 6183 5142
f 5289 5185 6177
f 102 5257 103
f 4907 4908 5269
f 5186 5291 5270
f 5594 5082 5887
f 97 5264 98
f 5258 94 93
f 5188 5258 5262
f 4996 4997 5271
f 5189 5431 5272
f 4940 4941 5274
f 5190 5364 5275
f 5191 6150 5297
f 5009 5273 5008
f 5125 6472 5497
f 6365 5210 5249
f 4992 4993 5266
f 5470 5471 6370
f 86 6343 5260
f 6372 5927 6388
f 5030 5031 5276
f 5195 5439 5277
f 6340 5196 6339
f 5196 6340 4875
f 6817 6818 6004
f 5033 5278 5032
f 4895 4896 5280
f 5134 5355 6419
f 5199 6378 5920
f 6372 5260 6371
f 4921 4922 5302
f 5200 5483 5303
f 5281 4900 4901
f 5201 5281 5282
f 5474 5284 6476
f 5017 5283 5016
f 5286 5020 5021
f 5203 5286 5287
f 5305 4927 4928
f 5204 5305 5306
f 6252 5131 6500
f 4924 5307 4923
f 5006 5007 5309
f 5451 5394 6446
f 5268 5395 6163
f 5207 5556 5310
f 5400 5208 6455
f 4943 5311 4942
f 6019 6020 5507
f 4883 5312 4882
f 5249 4988 4989
f 6368 5327 5133
f 4880 4881 5328
f 5211 5609 5329
f 5494 6487 5560
f 6518 5330 5559
f 5024 5025 5331
f 5213 5666 5332
f 6409 5334 5214
f 4934 5333 4933
f 5421 4957 5244
f 6308 5779 6695
f 6655 5727 5216
f 6170 5346 5727
f 6166 5217 5145
f 6411 5347 6410
f 5038 5039 5349
f 5146 6167 6165
f 6006 6819 6414
f 6413 5197 5350
f 6300 5220 5147
f 5222 5351 6415
f 5353 4914 4915
f 5221 5353 5354
f 5351 4910 4911
f 6307 5222 5123
f 5355 4890 4891
f 5134 6654 6653
f 5110 5787 5788
f 6135 5356 5787
f 5225 6160 6159
f 6159 5185 5314
f 6597 5155 5669
f 5357 5141 5214
f 6467 5462 5227
f 5462 5179 5418
f 5813 5228 5152
f 5449 5228 5153
f 4898 4899 5358
f 5229 6422 6908
f 5327 79 78
f 6368 5250 6367
f 5376 4903 4904
f 5231 5376 5377
f 4917 4918 5381
f 5382 5383 6439
f 89 88 5288
f 6389 5500 6490
f 5545 5234 5167
f 5359 6424 6375
f 5865 5235 81
f 6356 5235 5177
f 5236 5864 6374
f 6378 5199 5267
f 4931 4932 5386
f 5387 6440 5163
f 6506 5160 5524
f 5150 6467 6211
f 6095 6856 4972
f 6093 5160 5239
f 5629 5240 5162
f 6254 5183 5388
f 5424 4977 5247
f 6360 5241 5142
f 4963 4964 5419
f 5886 5420 5242
f 5785 5243 5165
f 5627 5243 5166
f 5760 5244 5166
f 5421 6308 5215
f 6096 5245 5168
f 5782 5245 5169
f 4981 4982 5422
f 5906 5423 5246
f 5583 5247 5172
f 5424 5142 5241
f 5175 6362 5248
f 5224 6363 6362
f 5192 5899 6366
f 6355 5249 5210
f 5072 5770 5497
f 5770 6445 5250
f 6616 5686 6615
f 5578 6235 6236
f 5547 5252 5178
f 6455 5425 6457
f 4888 4889 5426
f 5467 5253 5149
f 5505 5254 5180
f 5427 6459 5209
f 6873 5181 6170
f 5137 6519 5428
f 5183 6405 5726
f 5429 6460 5191
f 5289 5257 5185
f 5257 6390 5863
f 93 92 5359
f 5262 5258 6375
f 6369 5259 5193
f 6335 5259 5192
f 6371 5260 5199
f 6337 5260 5194
f 5114 6359 6358
f 5261 6512 6513
f 5126 5585 5262
f 5262 5585 6544
f 6331 5263 95
f 6376 5263 5188
f 5265 5264 5187
f 5264 6377 5375
f 6755 5120 5887
f 6076 6851 5082
f 5625 5266 4993
f 5830 5470 6471
f 5267 5236 6373
f 6343 5267 5199
f 5004 5005 6162
f 5395 5268 5143
f 4908 4909 5430
f 5315 5269 6404
f 6394 5094 6395
f 5812 5270 5174
f 5449 5271 4997
f 5189 5396 5106
f 5431 5189 5106
f 5272 6461 5625
f 5297 5273 5191
f 6514 5443 5140
f 5783 5274 4941
f 5190 5360 5107
f 5364 5190 5107
f 5155 5226 5435
f 5465 5276 5031
f 5195 5436 5103
f 5439 5195 5103
f 5781 5277 5168
f 5279 5278 5197
f 5278 6379 5465
f 6818 5127 6004
f 5279 6817 6212
f 5417 5280 4896
f 5722 5134 6419
f 5520 5281 4901
f 6380 5157 6108
f 5282 6380 6108
f 5282 5083 5599
f 5284 5283 5202
f 5283 6381 5581
f 6476 5129 5474
f 5085 5631 6382
f 6383 5285 5203
f 6346 5285 5202
f 5498 5286 5021
f 5287 5286 6385
f 5287 6385 6386
f 6318 5839 5088
f 6337 5288 88
f 6387 5288 5194
f 6177 5290 6391
f 5289 5110 5788
f 6559 5117 6561
f 6393 5298 6392
f 6394 6395 5291
f 5174 5270 5291
f 5292 6395 6396
f 5815 5816 5293
f 5754 6104 5757
f 5817 6720 6108
f 6024 6031 5438
f 5753 6679 5295
f 6052 6684 5754
f 6676 5746 6675
f 5717 6101 6249
f 5042 6664 5737
f 5191 6460 6150
f 5297 6153 6158
f 6067 6763 5908
f 5618 5182 6136
f 5901 5900 5747
f 5819 6721 6745
f 6677 5745 6032
f 6555 6013 6554
f 6133 6134 6210
f 5181 5658 5255
f 5466 5302 4922
f 5200 5481 5105
f 5483 5200 5105
f 5862 5303 5173
f 6398 5304 5204
f 6349 5304 5205
f 5582 5305 4928
f 6401 5306 6400
f 6400 5306 5305
f 5306 5091 5511
f 5308 5307 5205
f 5307 6402 5466
f 5308 6889 6252
f 5308 5086 6197
f 5007 5008 5443
f 5550 5112 6446
f 5207 6447 5556
f 5310 6516 5448
f 5400 5311 5208
f 5783 5311 5170
f 5313 5312 5209
f 5139 5328 5444
f 5209 6459 6020
f 6018 5074 6017
f 6159 5314 5225
f 6328 5314 5185
f 5765 5315 5148
f 6394 5315 5094
f 6304 6898 5810
f 6174 5316 5810
f 6925 6647 5716
f 6101 6102 6249
f 5793 5459 5792
f 6644 6646 5714
f 6316 6317 5408
f 6051 5707 6050
f 5923 6784 6770
f 5982 6809 5045
f 5944 5952 5450
f 5800 6171 6173
f 5537 5956 5949
f 6114 5611 6113
f 6406 6155 5323
f 6155 5324 6154
f 5889 5640 5536
f 5119 6151 6150
f 6107 5623 6921
f 6865 6151 6866
f 5370 6240 6241
f 6180 6879 6877
f 5327 5210 6365
f 5230 79 5327
f 4881 4882 5444
f 5211 5602 5118
f 5609 5211 5118
f 5445 5145 5217
f 5559 5330 5212
f 6091 5330 5178
f 5782 5331 5025
f 5213 5659 5115
f 5666 5213 5115
f 5498 5332 5159
f 5334 5333 5214
f 5333 6408 5784
f 6409 5141 5335
f 5334 5101 6407
f 5141 5667 5335
f 5668 5670 5671
f 5667 5668 6923
f 5671 5694 5336
f 6603 5054 6601
f 5686 6616 6614
f 5672 6600 5054
f 5574 6531 6532
f 5672 5054 5694
f 6631 5704 5916
f 5567 6526 6525
f 5453 6282 6279
f 5911 5566 5912
f 6294 5452 6285
f 5679 5562 6184
f 5343 5674 6599
f 6520 5365 6427
f 5675 5680 6609
f 5344 6615 5691
f 6625 6626 5689
f 5345 5215 6695
f 5216 4954 5345
f 5727 5346 5216
f 6186 5346 5181
f 6410 5347 5217
f 5196 4875 5347
f 5146 5348 5218
f 5219 5036 5348
f 6339 5349 5039
f 6411 5349 5196
f 6413 5350 5219
f 6341 5350 5197
f 6415 5351 5220
f 5222 4910 5351
f 5147 5352 5221
f 5220 4912 5352
f 5543 5353 4915
f 6416 6417 5354
f 6416 5354 5353
f 6417 6429 5354
f 5355 4891 5615
f 5134 5223 5355
f 5787 5356 5224
f 6187 5356 5182
f 5357 5226 6597
f 5214 4935 5357
f 6345 5358 4899
f 6420 5358 5201
f 92 5234 5359
f 6424 5359 5234
f 5274 5170 5360
f 6119 6120 5361
f 6116 5362 6114
f 5361 6115 6117
f 6456 5097 5411
f 5415 5966 6802
f 5973 5977 5414
f 5969 5970 5968
f 5364 5107 6426
f 6425 5275 5364
f 5365 6426 6427
f 5670 5679 6184
f 6496 5366 6495
f 6036 5605 6035
f 6673 5851 5745
f 6011 6825 6824
f 6879 6181 6233
f 5052 6326 6903
f 6235 5613 6240
f 5052 6286 6298
f 6757 5516 6218
f 5571 6288 6289
f 6145 6146 5517
f 5890 5512 6259
f 5084 6417 6418
f 6306 5374 6301
f 5719 6314 6651
f 6702 6703 5797
f 5372 6430 5797
f 6300 6301 5123
f 5264 5375 98
f 5225 5375 5151
f 5812 5376 4904
f 5377 6432 5102
f 6431 5377 5376
f 5377 5102 5378
f 5815 5379 6434
f 6108 5378 5817
f 6716 6690 6217
f 6434 5817 5378
f 6680 6682 5749
f 5818 6721 6722
f 5862 5381 4918
f 6436 5382 6435
f 6435 5382 5381
f 5095 6449 5382
f 5382 6449 5383
f 5383 6418 6417
f 5402 6450 6451
f 5405 6566 5622
f 5476 6575 5638
f 5409 6699 5794
f 5784 5386 4932
f 6161 5386 5171
f 6440 5237 5124
f 5582 5387 5163
f 5240 5629 6254
f 6251 5388 5183
f 6085 6084 5389
f 6084 5392 6083
f 5125 6370 6472
f 5824 5433 5822
f 5834 6725 5826
f 5855 5801 5832
f 5955 5800 5055
f 5953 5954 6790
f 5985 5522 5975
f 5976 5974 5537
f 5268 5004 6162
f 6446 5394 5206
f 5395 5143 5456
f 5207 6351 6163
f 5271 6448 5396
f 5153 5813 5814
f 5911 5913 5458
f 5705 5917 5916
f 5053 6525 6527
f 5916 5704 6634
f 6612 5681 6611
f 6000 6815 5999
f 5411 6455 5136
f 5097 6120 6861
f 6860 6112 5611
f 5401 6037 6837
f 5402 6449 6450
f 6451 6454 5402
f 6438 6436 5173
f 6566 6453 5060
f 5404 6454 5789
f 5790 5796 6701
f 5060 5621 6566
f 6105 6107 5385
f 5484 6479 6480
f 5489 6483 6222
f 5515 6221 6231
f 5515 6505 6219
f 5794 5795 5409
f 5794 5049 6315
f 6700 6636 5709
f 5719 5792 6314
f 6582 6583 5644
f 5410 6637 5649
f 6215 5136 6214
f 5362 6116 6121
f 5547 5136 6457
f 5414 5977 5978
f 6456 6215 6807
f 6485 5978 6807
f 5414 5978 6087
f 6804 5972 5973
f 5492 6486 6488
f 5961 5966 5415
f 5980 5981 5979
f 5540 5979 5981
f 5229 5417 4897
f 5280 5417 5154
f 5462 5418 5227
f 6092 5418 5179
f 6092 5419 4964
f 5419 5179 5866
f 5886 5242 5122
f 5626 5420 5165
f 5244 5760 6900
f 5215 4956 5421
f 6187 5422 4982
f 5422 5182 5618
f 5906 5246 5130
f 5905 5423 5172
f 5142 5424 5247
f 5241 4976 5424
f 6457 5425 5252
f 6352 5425 5208
f 4889 5223 5426
f 5149 5426 5223
f 6458 5427 5254
f 6353 5427 5209
f 5137 5428 5255
f 5212 4949 5428
f 5256 5726 6911
f 6334 5429 5191
f 4909 5222 5430
f 5148 5430 5222
f 5833 6635 5061
f 6461 5272 5431
f 5824 5432 5833
f 5432 5824 5828
f 5825 5433 5824
f 5390 6854 5799
f 5802 5391 6171
f 5497 6475 5072
f 5435 5275 6425
f 5226 4937 5435
f 5276 6462 5436
f 6379 6212 5156
f 6821 6012 5579
f 6463 6464 5103
f 6026 6027 5607
f 5620 6830 6257
f 5439 5103 6188
f 5168 5277 5439
f 5440 6188 6189
f 6191 6193 6190
f 5056 6190 6563
f 6885 6194 5093
f 5701 5739 5740
f 5480 6657 6660
f 5008 5273 5443
f 5443 5273 6397
f 4882 5312 5444
f 5444 5312 6403
f 5145 5445 5329
f 5217 4877 5445
f 5933 5504 5932
f 5594 6547 5771
f 6054 5447 6057
f 5873 5531 5872
f 5310 5448 5000
f 5228 5448 5152
f 5228 5449 4998
f 5449 5153 6448
f 6791 5538 5947
f 5944 5945 6788
f 6033 6034 5452
f 5519 5143 5451
f 5112 5551 5553
f 5341 6277 6278
f 6285 5554 6284
f 6283 5577 6287
f 5551 5112 5550
f 6266 5077 6865
f 6529 5569 6526
f 5458 5558 5557
f 5519 5456 5143
f 5519 5868 5456
f 5078 6295 6280
f 5458 5565 5910
f 6280 6296 5457
f 5911 5458 5910
f 6639 5712 6699
f 6699 6641 5459
f 6047 6262 5050
f 6099 6645 5736
f 6048 5478 6047
f 5479 5730 6658
f 5463 6467 5150
f 6309 5462 5100
f 5150 5523 5463
f 5528 5530 5523
f 5076 5869 5528
f 5464 5871 5872
f 5278 5465 5032
f 5465 5156 6462
f 5307 5466 4923
f 5302 5466 5158
f 6652 6469 5724
f 6468 5180 5467
f 5073 6139 6140
f 6469 6470 5467
f 6421 6551 5128
f 6036 6498 6499
f 6471 5470 5266
f 5470 5096 5471
f 5821 5471 5096
f 6473 5472 6472
f 5472 6473 6474
f 6474 6475 5472
f 5473 6474 5799
f 6854 6084 6085
f 6841 5888 5477
f 5888 5475 5633
f 6477 5474 5129
f 6048 6841 6049
f 5635 6574 6576
f 5059 6155 6869
f 5088 5839 5287
f 5663 5664 5662
f 6318 5665 6049
f 6045 6046 5478
f 6595 5088 6905
f 6594 5730 5479
f 5480 5732 6657
f 6665 5708 5735
f 5302 5158 5481
f 6196 6197 5482
f 6915 6198 5086
f 5486 5621 6481
f 6478 5483 5105
f 5173 5303 5483
f 6479 5484 6478
f 6436 6437 5095
f 6199 5105 6195
f 5768 5407 6482
f 5482 6200 6199
f 5407 6887 6482
f 6887 6221 6222
f 6565 5406 6567
f 6692 5407 5768
f 6227 5488 6226
f 5488 6220 6226
f 6733 6484 5844
f 6230 5326 6228
f 5842 6731 6732
f 6228 5326 6225
f 5842 6730 6729
f 6214 5136 5547
f 5492 5548 6486
f 5560 5098 5559
f 6706 5803 6488
f 6134 5301 6210
f 6798 5963 5416
f 6201 6202 5496
f 6590 5115 5659
f 5442 5742 6670
f 5442 5740 5742
f 6445 5770 5072
f 5497 5899 6176
f 5332 5498 5022
f 5498 5159 6385
f 5239 5499 4970
f 5238 5499 5160
f 5937 5938 5501
f 5167 6490 6491
f 6776 6783 5927
f 5926 5928 5501
f 5983 6809 5982
f 5846 6736 6735
f 5942 5884 6781
f 5935 5075 6110
f 5503 6780 5932
f 5589 6057 6058
f 6468 5505 5180
f 6496 6493 5508
f 6492 5505 6493
f 6553 6035 5605
f 5507 6494 6495
f 5074 6018 6019
f 6470 5563 6521
f 6742 5853 5854
f 6521 6522 5508
f 5510 6758 5859
f 6742 5854 6758
f 6675 5299 6678
f 5091 5867 5511
f 6500 5131 5511
f 5091 6629 5699
f 6501 5513 5867
f 6501 5512 6756
f 5308 6252 5086
f 6218 6505 5051
f 5513 6501 6502
f 6218 5051 5894
f 6221 5515 6219
f 5051 5893 5894
f 6219 6220 5488
f 6144 5892 5890
f 5688 6618 6619
f 6599 6605 5343
f 5998 6813 5995
f 6033 5519 5451
f 5519 5078 5868
f 5231 5520 4902
f 5520 5157 6380
f 5968 5521 5967
f 5968 5970 5521
f 5521 5966 5967
f 5522 5974 5975
f 5150 5238 6506
f 5528 5523 5076
f 6506 5523 5150
f 5160 6093 6264
f 5111 6883 6183
f 5528 5869 5870
f 5527 6324 6325
f 5598 6067 6068
f 6077 5090 6065
f 6066 5526 6185
f 6630 5869 5702
f 5528 5464 5530
f 5529 6630 6072
f 5776 5047 5773
f 5464 5872 6916
f 5100 5463 5530
f 5464 5870 5871
f 5874 5875 5533
f 5771 5772 5595
f 6060 5532 5774
f 5874 5531 5873
f 5122 5242 5866
f 6582 5649 5645
f 6580 5536 6579
f 6921 5623 6583
f 6579 5536 5641
f 5640 5641 5536
f 5638 6578 5476
f 5539 5956 5957
f 6792 5951 5801
f 5948 5539 5989
f 5321 6788 5945
f 5960 5957 5958
f 5988 5989 5539
f 5959 5961 5804
f 5959 5979 5540
f 5963 5541 5962
f 5651 5063 6210
f 6109 5903 6759
f 6737 5655 6589
f 5232 5543 4916
f 5543 5161 6416
f 5696 6311 5697
f 5124 6442 6441
f 6491 5545 5167
f 5932 5504 6209
f 5546 6510 6511
f 5504 5935 6110
f 5178 6518 5548
f 5412 6886 6485
f 6486 5548 5098
f 6886 5548 5492
f 6082 5114 6083
f 5952 5953 5450
f 5309 6514 5550
f 5140 5552 5551
f 5551 5550 6514
f 5553 5551 5454
f 5140 6397 6158
f 5552 6158 5909
f 6515 5454 5554
f 5553 5452 6034
f 5454 5909 6299
f 6284 6286 6903
f 5909 5454 5552
f 6178 6298 6267
f 5557 5556 5113
f 6516 5310 5556
f 5113 6466 5565
f 6766 5458 5913
f 5558 6766 6714
f 6517 5558 5152
f 6519 5137 6862
f 5098 5548 6518
f 6519 5559 5212
f 5560 6519 6862
f 6117 6118 5361
f 6037 5401 5698
f 5562 6039 6037
f 5698 5673 6598
f 6140 5563 5468
f 6742 6743 5564
f 6523 5564 6522
f 5469 5852 5853
f 5113 5565 5557
f 5457 6296 6897
f 6293 6765 6296
f 5912 5568 5911
f 6277 5341 6276
f 5569 6525 6526
f 6524 5568 6917
f 5914 5087 6766
f 5569 6529 6530
f 5703 6528 6613
f 5570 6281 6277
f 6275 5572 6288
f 6275 6276 5341
f 6291 5338 6534
f 6287 6274 6275
f 6289 6239 5251
f 6542 5569 6530
f 6814 6611 5681
f 6537 6531 6533
f 6611 6543 5339
f 6531 5574 6530
f 5054 6600 6601
f 5571 6289 6290
f 5576 6534 6533
f 6282 5341 6278
f 5577 6904 6238
f 6179 6327 6876
f 6234 6179 6877
f 5071 6827 6008
f 5579 6009 6821
f 5118 5602 6552
f 6007 6009 5579
f 5283 5581 5016
f 5240 5581 5162
f 5387 5582 4929
f 5582 5163 6400
f 6207 5583 5172
f 5090 6077 6079
f 6079 5583 5090
f 5584 5527 6325
f 5585 5126 6510
f 5075 6545 6544
f 5587 6545 5075
f 5262 6253 5188
f 5075 6782 6064
f 5587 6063 6546
f 5934 5935 5504
f 5447 6059 6061
f 5075 5935 6782
f 6054 6055 5590
f 6056 5881 6749
f 5065 6927 5877
f 6760 6759 5883
f 5780 5066 6131
f 5532 5773 5774
f 5772 5773 5047
f 6546 6547 5593
f 5120 6253 6549
f 6081 6853 5595
f 6851 5887 5082
f 6074 6078 6073
f 6074 6075 6081
f 5597 6073 6078
f 6393 5616 6848
f 5526 6071 6072
f 6070 6071 6849
f 5598 6066 6065
f 5090 6207 5907
f 6310 5599 5083
f 5601 6551 6310
f 5083 6108 6720
f 5600 6722 5852
f 6138 5600 5852
f 5725 5073 5723
f 5328 5139 5602
f 5139 6828 6552
f 6017 5604 6016
f 6014 6015 5580
f 6553 5074 6035
f 5580 6011 6009
f 6835 5507 6035
f 6555 6556 6557
f 6555 6557 5606
f 6028 5752 5367
f 6832 6029 6833
f 6023 6024 5438
f 5851 6673 5741
f 5442 6670 6672
f 6558 5118 5610
f 5145 5329 5609
f 6008 6014 5580
f 6827 6164 5610
f 5973 5414 6804
f 5992 6111 5363
f 5992 5993 6111
f 5624 5997 5995
f 5326 6224 6225
f 5326 6220 6223
f 6441 6442 6623
f 6620 5690 5069
f 5807 5615 4892
f 5615 5198 6419
f 6561 5117 6160
f 6560 6069 6848
f 5117 6159 6160
f 6075 6076 5082
f 6136 5182 6135
f 5298 6847 6764
f 6213 6022 5437
f 6189 6190 5440
f 6464 6022 6564
f 6024 6025 6031
f 6565 6567 5621
f 5621 5060 6481
f 5622 6567 6568
f 5385 6700 6105
f 6484 5406 6483
f 6581 6584 5643
f 5993 5612 6111
f 6610 6098 5518
f 5272 5625 4994
f 5625 5164 6471
f 5420 5626 4961
f 5243 5626 5165
f 5243 5627 4959
f 5244 5627 5166
f 5233 5628 90
f 5234 5628 5167
f 5162 6381 6382
f 5631 5632 5630
f 5631 5629 5162
f 6569 5476 6578
f 5632 5631 5085
f 6216 5631 5630
f 5474 5888 5085
f 6569 5630 5632
f 6048 6840 5475
f 6572 5632 5633
f 5634 6840 6573
f 5634 6575 6572
f 5635 6573 6574
f 6577 5638 6575
f 5478 6046 6047
f 6640 5319 5712
f 6319 6320 5707
f 5707 6051 6319
f 5640 5638 5534
f 6271 5059 6272
f 5889 5638 5640
f 6571 6156 6570
f 5534 5647 5640
f 5640 5647 5641
f 5535 5643 5641
f 5325 6586 6585
f 6920 5643 5841
f 6920 5642 6579
f 6581 5643 5535
f 5643 5043 5841
f 6582 5644 6581
f 6734 5623 5845
f 5649 5535 5647
f 6636 6637 5709
f 6182 5325 6181
f 6271 6272 5646
f 5647 5534 5648
f 5641 5647 5535
f 6576 5648 5534
f 6312 5636 5711
f 5647 5648 5649
f 5410 5649 5648
f 5650 6269 6268
f 6157 5324 6155
f 6123 5108 5728
f 5651 6125 6129
f 5728 5108 5727
f 6128 5656 6127
f 6147 6124 5651
f 6587 5654 6922
f 6589 5983 6588
f 5980 5982 5045
f 6736 5847 6589
f 5924 6261 5850
f 6109 6859 5903
f 6126 5653 6125
f 6749 6750 5591
f 5591 5898 6749
f 6863 5301 6134
f 5137 5255 5658
f 5331 5169 5659
f 6096 5093 6890
f 6256 5659 5169
f 6205 5661 6591
f 5661 6590 6591
f 5663 5662 6592
f 6593 5663 6592
f 5287 6386 5088
f 5663 6593 5730
f 5088 6386 6905
f 5663 6594 5664
f 6596 5479 6838
f 5665 6595 6596
f 6049 5478 6048
f 6122 5666 5115
f 5159 5332 5666
f 5357 6597 5141
f 5668 5667 5079
f 5670 5668 5079
f 5336 5697 6628
f 6597 5667 5141
f 6168 5669 5155
f 5670 5079 5679
f 5670 5342 5671
f 5672 5671 5342
f 5671 5672 5694
f 6598 5672 5342
f 6598 6599 5672
f 5342 6184 5698
f 6606 5678 6605
f 5680 5675 6604
f 6602 5676 6601
f 5339 6919 6609
f 6602 5575 5676
f 6539 5575 6534
f 6694 5337 6627
f 6540 5676 6539
f 5691 5686 6541
f 5401 6608 5678
f 5624 6811 6098
f 6169 5679 5079
f 6520 5679 5365
f 6605 5678 6607
f 6610 5681 6612
f 5518 6813 5999
f 6613 5573 6543
f 6727 6726 5836
f 6816 5399 6814
f 5858 5857 5805
f 5825 5827 5433
f 6175 5836 6726
f 5704 6633 6634
f 6815 6814 5681
f 5573 6542 6543
f 5677 6540 6541
f 6615 5344 6617
f 5687 6615 6617
f 6443 6444 5069
f 5688 6617 6618
f 6622 5690 6620
f 5344 5691 6624
f 6146 5891 6621
f 6622 5699 5690
f 6623 5690 5614
f 6291 5576 6290
f 6618 5344 6625
f 6291 6292 5691
f 6237 6239 5572
f 6244 5251 6239
f 6241 6242 5370
f 5054 6603 5778
f 5054 5778 5694
f 5695 6694 6627
f 5697 5336 5695
f 6616 6444 5337
f 5697 6311 5101
f 5697 5695 6627
f 6628 5101 5335
f 6037 5698 5562
f 6606 5401 5678
f 5890 5699 5371
f 5867 6259 5512
f 6668 6669 5740
f 5734 5480 6660
f 6689 5748 6679
f 5737 6666 5042
f 6185 6324 5527
f 5702 6185 6630
f 6633 5704 6632
f 6631 6524 5703
f 5704 6631 6632
f 5705 6634 5835
f 5706 6635 5833
f 5915 5916 5917
f 5838 5706 5432
f 5706 5918 5917
f 6041 6042 6320
f 5707 6042 6043
f 6044 6040 6041
f 5480 5734 5735
f 5709 6637 6638
f 6700 5409 5795
f 5410 5648 6312
f 6640 5712 5710
f 6313 5410 6312
f 6263 5636 6262
f 6641 5319 5713
f 5459 5793 6699
f 6043 6050 5707
f 6314 5792 5459
f 6643 5714 6642
f 5714 6643 6644
f 6711 5317 6710
f 5318 6646 6647
f 6648 6649 5717
f 5809 6709 6708
f 5717 6649 6650
f 6100 5717 6650
f 5068 6302 6305
f 5798 5719 6651
f 5790 5791 5373
f 6698 5792 5719
f 5885 5875 5876
f 5721 5897 5877
f 5876 5877 5897
f 5721 5879 5880
f 5280 5154 5722
f 5723 5073 5724
f 5722 5154 5723
f 5725 5723 5154
f 6652 5724 5073
f 5724 5149 6653
f 6422 6423 6908
f 6864 5601 6139
f 6868 5323 6154
f 5119 6460 6911
f 5728 6655 5144
f 6170 5727 5108
f 5729 5728 5144
f 5728 5729 6123
f 5779 5729 5144
f 6128 6131 5066
f 6656 5730 5057
f 6657 5730 6656
f 6201 5731 6656
f 5733 6662 5734
f 6040 5480 5735
f 6659 6658 5732
f 5733 6660 6661
f 6663 5742 5700
f 5737 5734 5700
f 5735 5708 6040
f 5734 6664 5735
f 5736 5460 6089
f 5736 6665 6664
f 6099 6857 5042
f 5700 5739 5737
f 5739 6103 5738
f 6666 5739 5738
f 6100 6101 5717
f 5742 5740 6667
f 5739 5701 6103
f 6667 5740 5739
f 6668 5740 5442
f 6672 5851 5442
f 6673 5757 5741
f 5700 6662 6663
f 6663 6671 5742
f 6203 5496 6202
f 6204 6203 6202
f 6257 5744 6884
f 5608 6247 5851
f 6247 6029 6032
f 6032 5746 6677
f 5746 6032 6674
f 6674 6675 5746
f 5747 6674 5752
f 5861 5900 5510
f 5748 6675 6678
f 6678 6679 5748
f 5750 5749 6678
f 5749 5750 6680
f 5861 5510 5859
f 5380 5820 6217
f 6681 5380 6217
f 5293 6719 6690
f 6028 5607 6027
f 5900 5901 5510
f 6683 5753 5295
f 5757 6688 5753
f 5295 5758 6052
f 6265 6103 6104
f 5754 6683 6052
f 6842 6685 5755
f 6685 6686 5756
f 6875 6174 5759
f 5757 5753 6683
f 5757 5701 6669
f 5816 6719 5293
f 6052 6842 5755
f 6137 5058 5816
f 5094 5315 5767
f 5762 5166 5785
f 5762 5763 5761
f 5762 5760 5166
f 6750 6752 5591
f 5763 5762 5089
f 5811 5762 5761
f 5896 5763 5089
f 6206 5761 5763
f 5292 6718 6717
f 6432 5377 6431
f 5148 5222 6307
f 5765 5316 5767
f 6303 5123 6301
f 5766 6303 6304
f 6875 5316 6174
f 6396 5767 5759
f 6199 6200 5485
f 5482 6197 6198
f 6198 6197 5086
f 5769 6503 6504
f 6368 5770 5250
f 6366 5133 6365
f 5777 5446 6063
f 5772 5047 6852
f 5446 5777 5771
f 5774 5773 6693
f 5772 5777 6693
f 5776 5773 5532
f 5774 6061 6059
f 5775 6748 5873
f 5447 6053 6059
f 6321 6053 6054
f 6916 5531 6508
f 5047 6850 6072
f 5592 5774 6693
f 5772 5771 5777
f 5677 6614 6694
f 5695 5694 5778
f 6695 5779 5144
f 5779 5116 5780
f 5811 5780 5116
f 6761 6762 5904
f 5277 5781 5028
f 5245 5781 5168
f 5245 5782 5026
f 5331 5782 5169
f 5311 5783 4942
f 5274 5783 5170
f 5333 5784 4933
f 5386 5784 5171
f 5786 5785 5165
f 5785 5089 5762
f 5886 5786 5165
f 5786 5720 5897
f 5224 6362 5788
f 6135 5787 5110
f 5224 5788 5787
f 5788 5175 6390
f 6315 6316 5408
f 5791 5790 6697
f 6697 5790 5789
f 5796 5790 5373
f 5792 5791 5049
f 6698 5373 5791
f 5793 5792 5049
f 6642 6314 5459
f 5794 5793 5049
f 6699 5409 6639
f 5049 6697 6315
f 5795 5794 5408
f 6105 5795 5408
f 6700 5385 6636
f 5796 5373 5797
f 6701 5796 5084
f 6702 5797 5373
f 6899 5374 6306
f 6702 6698 5798
f 6709 6305 5718
f 6705 5799 5434
f 5055 5954 5955
f 5799 6705 6171
f 5976 5950 5393
f 6173 6171 6172
f 5391 5831 6723
f 5823 5434 5821
f 5827 6258 5433
f 5803 6706 6707
f 5070 6088 6087
f 5804 5962 5959
f 5959 5540 5958
f 5855 5856 5858
f 6141 6142 5805
f 5994 5993 5806
f 5969 5992 5363
f 4893 5807 4892
f 5807 4894 6342
f 6737 6738 5655
f 5923 5943 6784
f 6710 5317 6712
f 5718 6708 6709
f 5810 6710 6712
f 6691 6304 5316
f 5762 5811 5760
f 5811 5761 6762
f 5270 5812 4905
f 5812 5174 6431
f 6714 5152 5558
f 5813 6714 5814
f 6208 5814 5087
f 5397 5919 6767
f 6717 5815 5102
f 6137 5816 6718
f 6718 5816 5815
f 5816 5058 6248
f 5379 5820 5817
f 5820 5818 6720
f 6722 6721 5819
f 5818 6722 6310
f 6745 5750 5860
f 5819 5048 5852
f 5379 6715 6716
f 5820 5380 6721
f 5096 5822 5821
f 5822 5433 5823
f 5828 5824 5822
f 5433 6258 5823
f 5823 5802 6705
f 5821 5822 5823
f 5828 5822 5096
f 5825 5833 5061
f 5834 5825 5061
f 5834 5827 5825
f 5835 6725 5834
f 5827 5831 5391
f 5831 5827 5826
f 6258 5391 5802
f 5096 5830 5828
f 5164 6461 5829
f 5829 5828 5830
f 5838 5431 5106
f 5470 5830 5096
f 5829 5830 5164
f 5826 6175 5831
f 6172 6171 5391
f 6723 6724 5832
f 5856 5855 5832
f 5824 5833 5825
f 5706 5833 5432
f 5835 5834 5061
f 5827 5834 5826
f 5835 5061 6635
f 6725 5684 6728
f 6728 6001 6727
f 6727 5682 6812
f 5998 6812 5682
f 5857 6141 5805
f 5431 5838 5829
f 5838 5106 5918
f 6477 5839 5477
f 5129 6383 6384
f 5539 5957 5960
f 5045 5984 5987
f 6733 6731 5043
f 5642 5841 6729
f 6229 5490 6230
f 6181 5325 6880
f 5843 6729 6730
f 6585 5843 5325
f 6731 6733 5844
f 5844 5489 6227
f 6733 6584 5845
f 5845 5623 6568
f 6760 6260 5657
f 5655 5983 6589
f 6741 6740 5846
f 6739 5848 6737
f 5502 5941 5930
f 6003 6926 6002
f 5849 6740 6741
f 6246 6739 6892
f 5924 6775 6779
f 5986 5808 5984
f 5851 5741 6668
f 6891 5744 6257
f 5853 5852 5048
f 6138 5852 5469
f 5853 5048 5854
f 5853 5564 6523
f 5859 5854 5048
f 6758 5510 5902
f 5831 6724 6723
f 6792 5393 5950
f 5857 5856 5683
f 5856 5857 5858
f 5683 6744 5857
f 6141 6143 5044
f 6806 5858 5805
f 5393 5855 5858
f 5048 5860 5859
f 5750 5861 5860
f 5819 5860 5048
f 5861 5750 5299
f 5860 5861 5859
f 5900 5299 5747
f 5303 5862 4919
f 5862 5173 6435
f 5257 5863 103
f 5248 5863 5175
f 5235 5864 82
f 5864 5176 6374
f 5230 5865 80
f 5235 5865 5177
f 6901 5179 6309
f 6746 5122 5866
f 6259 5091 5699
f 5867 5512 6501
f 6280 5868 5078
f 5868 5457 6466
f 5702 5869 5076
f 5870 5869 5529
f 5529 6850 5871
f 5528 5870 5464
f 5529 5871 5870
f 5872 6747 5532
f 6747 5871 5776
f 5532 6060 6845
f 6845 5872 5532
f 5873 6748 5874
f 5875 5874 5065
f 6509 5874 5533
f 5876 5875 5065
f 5875 5885 6746
f 5876 5065 5877
f 5885 5876 5720
f 5065 6748 6927
f 5879 5721 5877
f 6053 5878 5775
f 5878 6321 5879
f 5878 5879 5877
f 5880 5879 5590
f 6056 5590 6055
f 6749 5898 5880
f 6751 6753 5882
f 6751 5883 6750
f 5882 6753 6754
f 6892 6260 5502
f 6109 6759 5657
f 5883 5903 5904
f 5934 5936 5589
f 6781 5884 5933
f 5720 5786 5886
f 5885 5122 6746
f 5720 5886 5885
f 5420 5886 5165
f 6755 5887 5265
f 6550 5120 5593
f 5085 5888 5633
f 5888 5474 6477
f 6272 5889 5536
f 6578 5889 5639
f 5371 6621 6144
f 5892 5512 5890
f 6621 5371 6619
f 5892 5893 5051
f 5893 6144 5891
f 6756 5892 5051
f 5891 6145 5893
f 5893 6145 5894
f 6757 5517 5895
f 5894 6757 6218
f 6888 5517 6146
f 6224 5326 6223
f 5089 5786 5897
f 5898 5896 5721
f 5089 5897 5896
f 5897 5720 5876
f 5880 5898 5721
f 5898 5591 6206
f 6366 5770 5133
f 6176 5899 5192
f 5299 5900 5861
f 5901 5747 5752
f 5752 5300 5901
f 5902 5901 5300
f 6499 5300 6036
f 6758 5509 6742
f 6741 6109 5657
f 6761 5066 6762
f 6761 5904 5903
f 5904 5761 6206
f 5423 5905 4979
f 5247 5905 5172
f 5906 5130 6763
f 6207 5172 5906
f 6764 5130 6562
f 6065 5090 5907
f 5908 6847 6846
f 6068 6067 6846
f 6266 5909 5077
f 6299 5555 6297
f 6897 5565 5457
f 5911 5910 5566
f 6765 5912 5566
f 5911 5568 5913
f 6525 5912 5567
f 5053 6524 6917
f 5914 5913 5568
f 6766 5087 6714
f 6918 5568 6524
f 5915 5914 5398
f 5916 5915 5398
f 5397 5814 6208
f 5916 5398 6631
f 6635 5917 5705
f 5706 5838 5918
f 5915 5917 5397
f 5919 5106 5396
f 5397 5917 5918
f 5106 5919 5918
f 6448 6767 5396
f 6513 5135 6373
f 5109 6371 6771
f 5921 6513 6772
f 6770 5922 6769
f 5920 6768 6769
f 5924 6774 6261
f 5952 5944 6773
f 6785 6786 5939
f 6003 5924 5850
f 5064 5926 6777
f 5926 6776 6777
f 5922 6779 6771
f 5928 5926 5064
f 5501 5938 6783
f 5132 6387 6388
f 5925 6776 6778
f 6002 5928 5064
f 5941 5929 5930
f 5929 5928 5930
f 5931 5929 5503
f 6002 5930 5928
f 6246 5502 5930
f 5932 5931 5503
f 5931 5092 5937
f 6781 5933 6780
f 5504 5546 6209
f 5884 6754 5936
f 5934 5504 5933
f 5936 5934 5933
f 6844 5935 5934
f 5589 6058 6844
f 5075 5585 6110
f 5884 5936 5933
f 5936 5046 6843
f 6491 5937 5092
f 5938 5500 5132
f 5500 5938 5937
f 5132 5927 6783
f 5943 5939 6784
f 5990 5940 6787
f 5939 5943 6787
f 5045 6929 5981
f 5941 5502 5942
f 5929 5941 5503
f 6893 5502 6260
f 5942 6893 6754
f 5944 5943 5923
f 5943 6788 6787
f 5923 6772 6773
f 5944 5450 5945
f 6789 5945 5450
f 5947 5321 5945
f 6789 5450 6790
f 6794 5055 6874
f 5947 5945 6789
f 5947 5538 5948
f 5949 5948 5538
f 5956 5539 5948
f 5950 5949 5538
f 5949 5950 5976
f 6793 5950 5538
f 5855 6792 5801
f 6793 6791 5951
f 6794 6874 5951
f 6090 5080 6512
f 5953 6082 5392
f 6082 6090 5549
f 5954 5953 5392
f 5392 6084 6086
f 6794 6790 5055
f 6086 5954 5392
f 6704 5955 5390
f 5949 5956 5948
f 6805 6801 5537
f 6801 5956 5537
f 5958 5957 5322
f 5961 5959 6795
f 5958 5540 5960
f 6795 5322 5961
f 6707 5962 5804
f 6808 5540 5981
f 5960 6808 5988
f 5966 5961 5322
f 6796 5804 5961
f 5963 5962 5416
f 5979 5962 5541
f 6706 5493 6928
f 5063 6129 6130
f 5063 6132 6133
f 6132 5063 6130
f 6800 6798 6132
f 6922 5653 6587
f 5967 5966 5322
f 5521 5971 6802
f 6801 5322 5957
f 5968 5974 5522
f 5974 6805 5537
f 5969 5968 5522
f 5992 5996 5806
f 5969 5363 5970
f 6111 6860 5363
f 5971 5521 5970
f 5972 5970 5363
f 5414 6087 6803
f 5972 5611 5973
f 5971 5970 5972
f 6250 5611 6114
f 5973 6250 5977
f 6805 5968 5967
f 5975 5976 5393
f 6806 5393 5858
f 5975 6806 5985
f 5974 5976 5975
f 5949 5976 5537
f 6121 5977 5362
f 5978 5977 5413
f 6807 5978 5413
f 6087 5978 5070
f 5962 5979 5959
f 5980 5979 5541
f 5982 5991 5654
f 5980 5045 5981
f 6929 5987 6810
f 5981 6929 6808
f 5991 5980 5541
f 5983 5982 5654
f 5654 6587 6588
f 5983 5655 5984
f 5986 5984 5655
f 5987 5984 5808
f 6142 5985 5805
f 5996 5985 5806
f 6738 5986 5655
f 6894 5850 6261
f 6785 5987 5808
f 6810 5987 5940
f 5840 5990 5988
f 5988 5990 5989
f 5321 5947 5989
f 5948 5989 5947
f 5940 5990 5840
f 5989 5990 5321
f 5980 5991 5982
f 5991 5541 6799
f 5996 5969 5522
f 5992 5806 5993
f 5806 6142 5994
f 5612 5993 5997
f 5995 5994 5044
f 5997 5993 5994
f 5998 5995 5044
f 5995 6813 6811
f 5969 5996 5992
f 5985 5996 5522
f 5995 5997 5994
f 5997 5624 6323
f 5998 5044 6143
f 5998 5682 5999
f 6000 5999 5682
f 5999 6815 6610
f 6001 6000 5682
f 6816 6814 6000
f 6001 5682 6727
f 6634 6633 5684
f 6003 6002 5064
f 6002 5848 6246
f 6003 5064 6775
f 5850 6738 6926
f 6005 6004 5127
f 5579 6930 6005
f 6414 5127 6413
f 6007 5579 6005
f 6165 6872 5146
f 6007 6820 5071
f 6007 6005 6819
f 6008 6007 5071
f 6014 6827 5610
f 6008 5580 6009
f 6016 5604 6826
f 6822 6010 6821
f 5041 6023 6010
f 6829 6023 5438
f 6825 5604 6554
f 6822 5041 6010
f 6010 6023 6829
f 6823 5081 6817
f 5604 6553 6554
f 6027 6030 5606
f 5610 5118 6014
f 5118 6552 6015
f 5118 6015 6014
f 6016 6015 5603
f 6017 6016 5603
f 6825 6826 5604
f 6018 6828 5139
f 6017 5074 6553
f 6828 6017 5603
f 5139 5313 6018
f 6020 6019 5313
f 6019 5507 6835
f 5209 6020 5313
f 6020 5138 6494
f 6022 6021 5438
f 6213 5437 6465
f 6834 5438 6031
f 5620 6563 6564
f 6024 6026 5607
f 5438 6021 6829
f 6026 6023 5041
f 5607 6832 6024
f 6028 6029 6832
f 6830 5620 6025
f 6023 6026 6024
f 6030 6027 6026
f 6030 6026 5041
f 6028 6831 5752
f 6027 5606 6831
f 6028 5367 6029
f 6032 6029 5367
f 6025 6832 6833
f 6824 6030 5041
f 6555 6030 6013
f 6025 5620 6031
f 6834 6031 5620
f 6032 5367 6674
f 6247 6032 5745
f 6034 5451 5112
f 6033 5452 6294
f 5451 6034 6033
f 5553 6034 5112
f 6495 6035 5507
f 6036 6035 5366
f 5366 6497 6498
f 6556 6036 5300
f 5562 6520 6039
f 6037 6039 6837
f 6112 6113 5611
f 6038 6322 6323
f 5561 6836 6039
f 5062 6837 6836
f 6041 6040 5708
f 5732 5480 6040
f 6042 6041 5708
f 6044 6041 5461
f 6043 6089 5460
f 6042 5707 6320
f 6643 6043 5460
f 6050 5713 5319
f 6044 5461 6045
f 6040 6044 5732
f 6046 6045 5461
f 6838 6045 5478
f 5461 6320 6902
f 6262 6047 6839
f 6839 6047 6046
f 6573 6840 5050
f 6840 6047 5050
f 6841 6048 5475
f 5477 5839 6318
f 6838 6049 5665
f 5713 6050 6043
f 6051 6050 5319
f 6640 6051 5319
f 6895 5711 6263
f 6248 6052 5758
f 6052 5755 6684
f 6059 6060 5774
f 6054 6053 5447
f 6055 6057 5589
f 6321 6054 5590
f 6843 5589 5936
f 6055 6843 6056
f 5881 6056 5046
f 5880 5590 6056
f 6054 6057 6055
f 6058 5447 5588
f 5447 6058 6057
f 5588 6782 6844
f 6060 6053 5775
f 6061 5774 5592
f 6053 6060 6059
f 5775 5873 6845
f 6062 6061 5592
f 5588 5447 6061
f 6063 6062 5592
f 6064 5588 6062
f 5777 6063 5592
f 6063 5446 6546
f 6063 6064 6062
f 5075 6064 5587
f 5907 6763 6067
f 6849 6066 5598
f 5526 6630 6185
f 6066 6185 6077
f 5907 6067 6065
f 6846 6067 5908
f 6069 6068 5067
f 6070 5598 6068
f 6848 6069 5067
f 6070 6073 5597
f 6069 6070 6068
f 6071 6070 5597
f 6078 6080 5597
f 5526 6066 6849
f 6080 6071 5597
f 5047 5776 6850
f 6069 6073 6070
f 6074 6073 5596
f 6074 5596 6075
f 6074 5595 6078
f 6560 6075 5596
f 5617 6160 6870
f 5617 6076 6075
f 6851 5151 5265
f 6066 6077 6065
f 6079 5527 5584
f 6852 5595 5772
f 6080 6072 6071
f 5527 6079 6077
f 5583 6079 5584
f 6852 6080 6078
f 5047 6072 6080
f 6853 5082 5594
f 6074 6081 5595
f 6090 5953 5952
f 5114 6082 5549
f 5114 5389 6083
f 6084 6083 5389
f 5389 6445 6085
f 6086 5390 5955
f 5473 6854 5072
f 6085 5072 6854
f 5390 6086 6084
f 5954 6086 5955
f 5070 6913 6088
f 5415 6802 6803
f 5803 6707 6797
f 6803 6088 5415
f 6042 6089 6043
f 6089 5708 6665
f 5953 6090 6082
f 5080 6090 5952
f 5330 6091 4947
f 5252 6091 5178
f 5418 6092 4965
f 5419 6092 5179
f 6094 6093 5239
f 6855 6093 5111
f 5239 4971 6856
f 5184 6183 6883
f 6094 5239 6856
f 4973 6095 4972
f 6097 6096 5168
f 6255 6256 6890
f 5439 6097 5168
f 6885 5440 6193
f 6607 5680 5343
f 6098 5678 6608
f 6099 5042 6100
f 5715 6644 6645
f 6666 6100 5042
f 6101 6858 5296
f 5738 6101 6100
f 6101 5296 6102
f 5296 6684 6687
f 5756 6712 6713
f 6104 6103 5701
f 5738 6103 6265
f 5757 6104 5701
f 5754 6684 6265
f 6106 6105 5408
f 6105 6106 6107
f 6317 6106 5408
f 5405 5622 6106
f 6106 5622 6107
f 6107 5622 6568
f 5282 6108 5083
f 5157 5378 6108
f 6735 6109 5846
f 6859 6109 5656
f 5585 5546 6110
f 5504 6110 5546
f 6112 6111 5612
f 5972 6860 5611
f 5612 6322 6112
f 6113 6038 5062
f 6113 6112 6322
f 6114 6113 5062
f 6115 6114 5062
f 6114 5362 6250
f 6836 6117 6115
f 6115 5361 6116
f 6120 6116 5361
f 5097 6456 6121
f 6836 6115 5062
f 6427 6118 6117
f 6427 6117 5561
f 5360 6118 5107
f 5360 5170 6119
f 5170 5400 6861
f 6861 6119 5170
f 6116 6120 5097
f 5097 6121 6116
f 5977 6121 5413
f 5115 6590 6592
f 5159 6122 5662
f 6124 6123 5652
f 6147 5108 6123
f 5652 6127 6124
f 6587 6126 5542
f 6127 6126 6125
f 6129 6125 5653
f 6127 6125 6124
f 6735 6126 5656
f 6128 6127 5652
f 6126 6127 5656
f 6131 5652 5729
f 6128 5066 6859
f 6130 5653 5965
f 5651 6129 5063
f 5653 6130 6129
f 6799 6800 5965
f 5652 6131 6128
f 6131 5729 6696
f 5965 6800 6130
f 6133 6132 5964
f 6489 6133 5964
f 6133 5494 6134
f 6862 5494 5560
f 5658 6863 5137
f 6392 6136 6135
f 5356 6135 5182
f 6392 6135 5110
f 5298 5618 6136
f 6396 6137 5292
f 6686 6137 5759
f 6139 6138 5469
f 5601 5600 6138
f 6140 6139 5469
f 5725 6864 5073
f 6140 5469 6523
f 6140 5468 6652
f 5857 6744 6143
f 6142 6141 5044
f 5994 6142 5044
f 6142 5806 5985
f 5857 6143 6141
f 6143 5837 6812
f 5892 6144 5893
f 5371 6144 5890
f 6146 6145 5891
f 5894 6145 5517
f 6626 6146 5689
f 6888 5693 6242
f 6124 6147 6123
f 6148 5651 5301
f 5651 6148 6147
f 5301 5658 6873
f 5253 6149 4887
f 5254 6149 5180
f 6154 5119 6868
f 6153 5297 6150
f 6151 6154 6866
f 6151 6865 6153
f 6268 6269 6867
f 6266 6267 5555
f 6151 6153 6150
f 5077 5909 6158
f 5119 6154 6151
f 6155 6154 5323
f 5323 6405 6406
f 6155 5059 6157
f 6216 6156 5104
f 6570 5630 6569
f 6270 6271 5646
f 6268 5324 6157
f 5077 6158 6153
f 5140 6158 5552
f 5225 5151 6160
f 5185 6159 5117
f 6870 5151 6076
f 6160 5617 6561
f 6407 6906 6907
f 5237 6161 5124
f 6162 5005 6350
f 5268 6162 5394
f 5268 6163 5003
f 5207 6163 5395
f 6165 6164 5071
f 6166 5145 6164
f 6165 5071 6820
f 5146 5218 6167
f 6273 6164 6165
f 6166 5121 6410
f 6412 6167 5218
f 6273 5121 6166
f 5364 6168 5155
f 6169 6168 5365
f 5679 6169 5365
f 5669 6169 5079
f 6148 6170 5108
f 5346 6170 5181
f 6723 6172 5391
f 6171 5800 6704
f 5832 5801 6172
f 6172 5801 6173
f 6874 5801 5951
f 5800 6173 6874
f 6712 6174 5810
f 6686 6174 5756
f 6175 5826 6725
f 6724 5683 5856
f 5259 6176 5192
f 5497 6176 5125
f 5185 5117 6177
f 6559 6177 5117
f 6877 6878 6180
f 6877 6178 6878
f 6234 5369 6232
f 6327 6179 5578
f 6882 6182 6881
f 6181 5491 6233
f 6181 6879 6182
f 6880 5325 5843
f 6881 6182 6180
f 6586 6182 5650
f 5111 6183 5584
f 6360 6183 5184
f 5698 6184 5562
f 5670 6184 5342
f 6324 5702 5525
f 6077 6185 5527
f 5346 6186 4952
f 5255 6186 5181
f 5356 6187 4983
f 5422 6187 5182
f 5103 6464 6189
f 6097 6188 5440
f 5103 6189 6188
f 5619 6563 6190
f 5619 6190 6189
f 6191 6190 5056
f 6192 6884 5744
f 6191 5441 6193
f 6884 6191 5056
f 6672 6192 5744
f 6194 6193 5441
f 6097 6885 5093
f 6204 6194 5441
f 6255 6194 5495
f 6196 5481 5158
f 6199 6195 5482
f 5481 6196 6195
f 6196 5158 5308
f 5308 6197 6196
f 6502 6915 6914
f 6692 6198 5769
f 5482 6198 5768
f 6200 5482 5768
f 6199 5485 6479
f 5768 5486 6200
f 6481 6200 5486
f 6202 6205 5495
f 6661 5496 5733
f 6204 5495 6194
f 5441 6192 6203
f 6192 5743 6203
f 5496 6203 5743
f 6203 6204 5441
f 5495 6204 6202
f 6201 6205 6202
f 6205 5057 6593
f 5898 6206 5763
f 6206 5591 6752
f 5907 6207 5906
f 5583 6207 5090
f 5914 6208 5087
f 5397 6208 5915
f 6511 6209 5546
f 5092 5932 6209
f 5651 6210 5301
f 6133 6210 5063
f 4968 6211 4967
f 5150 6211 5238
f 6213 6212 5081
f 5437 6463 6465
f 5081 6021 6213
f 6022 6213 6021
f 5547 5548 6886
f 6215 6214 5412
f 6215 5412 6807
f 5136 6215 5411
f 5631 6216 5629
f 6156 6216 5630
f 6716 6715 5293
f 6681 5751 6680
f 6219 6218 5516
f 6505 5515 6504
f 6220 6219 5516
f 6221 6219 5488
f 6223 6220 5516
f 5326 6230 6226
f 6222 6221 5488
f 6221 6887 6231
f 6222 5488 6227
f 6222 5487 6482
f 6757 6223 5516
f 6224 5613 6225
f 6223 5895 6224
f 5895 6241 6245
f 5613 6232 6225
f 6225 6232 6233
f 5326 6226 6220
f 6227 6226 5490
f 6227 5490 6732
f 6227 5489 6222
f 6233 6228 6225
f 6228 5491 6229
f 6730 6229 5491
f 6732 6229 5842
f 6229 6230 6228
f 6226 6230 5490
f 6692 6231 5407
f 5769 5515 6231
f 6234 6235 5578
f 6233 6232 5369
f 6233 5369 6879
f 6228 6233 5491
f 6235 6232 5613
f 5578 6179 6234
f 6232 6235 6234
f 6236 6240 5370
f 5370 6237 6236
f 6238 5578 6236
f 5370 6242 6243
f 6238 6274 5577
f 6274 6237 5572
f 6904 6326 6327
f 5693 6243 6242
f 6244 5692 6292
f 6235 6240 6236
f 5613 6224 6245
f 6245 6241 6240
f 5517 6241 5895
f 5517 6242 6241
f 6244 6243 5693
f 6239 6237 6243
f 5370 6243 6237
f 6243 6244 6239
f 6626 6244 5693
f 5613 6245 6240
f 5895 6245 6224
f 6002 6246 5930
f 6246 5848 6739
f 5851 6247 5745
f 6247 5608 6833
f 6248 5758 6719
f 6842 6248 5058
f 6713 6249 6102
f 6648 6249 5317
f 5977 6250 5362
f 5611 6250 5973
f 5388 6251 5013
f 5256 6251 5183
f 5308 5205 6889
f 6914 5513 6502
f 5586 6548 6549
f 6376 6253 5120
f 6254 5104 6405
f 5240 6254 5388
f 6256 6255 5660
f 6194 6255 5093
f 5659 6256 5660
f 6890 5169 6096
f 6257 5056 6563
f 6891 6257 5608
f 5391 6258 5827
f 5823 6258 5802
f 5091 6259 5867
f 5890 6259 5699
f 6260 5849 6741
f 6893 6260 5882
f 5320 6784 6786
f 5986 6894 5808
f 6263 6262 5637
f 6574 6262 5636
f 5637 6319 6895
f 5711 5636 6263
f 6855 6264 6093
f 6264 5525 6507
f 5754 6265 6104
f 6265 5296 6858
f 6152 6269 6896
f 5909 6266 5555
f 6896 6267 6266
f 6267 5368 6878
f 6270 6268 6157
f 5368 6882 6881
f 6896 6269 5368
f 6152 6866 6867
f 6271 6157 5059
f 6270 5646 6586
f 6157 6271 6270
f 6571 6272 5059
f 5889 6272 5639
f 6272 5536 6580
f 5121 6273 6167
f 6164 6273 6166
f 6237 6274 6238
f 6275 6274 5572
f 6276 6288 5571
f 6275 5341 6287
f 6538 5571 6536
f 6276 6538 6277
f 5570 6526 6281
f 6277 6281 6278
f 6279 6278 5455
f 6278 6279 6282
f 6280 6279 5455
f 6295 5078 6294
f 6296 6280 5455
f 6280 5457 5868
f 5567 6293 6281
f 6281 6293 6278
f 6283 6282 5453
f 6287 5341 6282
f 6284 6283 5453
f 6326 5577 6283
f 6285 6284 5453
f 6284 5554 6286
f 6279 6295 5453
f 6285 5452 6515
f 5554 6297 6286
f 6286 6297 6298
f 6283 6287 6282
f 6287 5577 6274
f 6275 6288 6276
f 6288 5572 6239
f 6239 6289 6288
f 6290 6289 5251
f 6292 6291 6290
f 6290 5576 6535
f 6292 6290 5251
f 5691 5338 6291
f 6244 6292 5251
f 6624 6292 5692
f 6765 5567 5912
f 6278 6293 5455
f 6285 5453 6295
f 6033 6294 5078
f 6295 6294 6285
f 6280 6295 6279
f 6293 6296 5455
f 5566 5910 6897
f 6299 5554 5454
f 5555 6267 6298
f 5555 6298 6297
f 6298 6178 6876
f 5555 6299 5909
f 5554 6299 6297
f 6306 6300 5147
f 6300 6306 6301
f 5374 6302 6301
f 6302 6303 6301
f 6703 6305 6302
f 6303 6302 5068
f 6898 6304 6303
f 6303 5766 5123
f 6898 6303 5068
f 5316 6304 5810
f 6703 6302 5374
f 5718 6305 5798
f 5147 5372 6306
f 5797 6899 5372
f 5123 5766 6307
f 6924 5766 6691
f 5421 5244 6900
f 5779 6308 5116
f 6309 5100 6509
f 5179 5462 6309
f 6310 5083 6720
f 5601 6310 5600
f 5696 5544 6311
f 6906 6311 5544
f 5636 6312 5648
f 6313 6312 5711
f 6640 6313 5711
f 6313 5710 6638
f 5714 5318 6314
f 6314 5318 6651
f 6316 6315 5789
f 5408 5794 6315
f 5789 5384 6316
f 6453 6910 6451
f 5384 6317 6316
f 6106 6317 5405
f 6318 5088 6595
f 5477 6318 6049
f 6895 6319 6051
f 6839 6902 5637
f 6319 5637 6902
f 6320 5461 6041
f 5879 6321 5590
f 6053 6321 5878
f 6322 5612 6323
f 6113 6322 6038
f 5997 6323 5612
f 6608 6323 5624
f 5702 6324 6185
f 5525 6855 6325
f 5525 6325 6324
f 5584 6325 5111
f 6903 6283 6284
f 6327 6326 5052
f 6327 5052 6876
f 6904 5578 6238
f 5314 6328 101
f 5257 6328 5185
f 5269 6329 4907
f 5270 6329 5186
f 5263 6330 96
f 5264 6330 5187
f 5258 6331 94
f 5263 6331 5188
f 5271 6332 4996
f 5272 6332 5189
f 5274 6333 4940
f 5275 6333 5190
f 5429 6334 5010
f 5273 6334 5191
f 5259 6335 4990
f 5249 6335 5192
f 5266 6336 4992
f 5259 6336 5193
f 5260 6337 87
f 5288 6337 5194
f 5276 6338 5030
f 5277 6338 5195
f 5040 4873 6340
f 5349 6339 5196
f 5040 6340 6339
f 4875 6340 4874
f 5350 6341 5034
f 5278 6341 5197
f 5280 6342 4895
f 5807 6342 5198
f 5267 6343 85
f 5260 6343 5199
f 5302 6344 4921
f 5303 6344 5200
f 5281 6345 4900
f 5358 6345 5201
f 5285 6346 5018
f 5283 6346 5202
f 5286 6347 5020
f 5285 6347 5203
f 5305 6348 4927
f 5304 6348 5204
f 5304 6349 4925
f 5307 6349 5205
f 5309 6350 5006
f 6162 6350 5206
f 6163 6351 5002
f 5310 6351 5207
f 5425 6352 4944
f 5311 6352 5208
f 5427 6353 4884
f 5312 6353 5209
f 4987 6354 77
f 5327 6354 5210
f 5249 6355 4988
f 6354 6355 5210
f 6357 6356 5177
f 6358 6356 5114
f 6357 5177 6367
f 5114 6357 5389
f 6359 5114 5549
f 5235 6358 5176
f 6512 6359 5549
f 6374 6359 5261
f 6183 6360 5142
f 6361 6360 5184
f 6095 6361 5184
f 4974 6361 4973
f 5788 6362 5175
f 6363 5224 4985
f 4986 6363 4985
f 5248 6362 6363
f 6363 6364 5248
f 106 6364 4986
f 6366 6365 5249
f 5327 6365 5133
f 5192 6366 5249
f 6366 5899 5770
f 6368 6367 5230
f 6357 6367 5250
f 5327 6368 5230
f 6368 5133 5770
f 6370 6369 5193
f 6176 6369 5125
f 5470 6370 5193
f 6370 5471 6472
f 5920 6371 5199
f 6372 6371 5109
f 6372 5109 6778
f 5260 6372 5194
f 6513 6373 5261
f 5267 6373 5135
f 6359 6374 5176
f 6373 6374 5261
f 5359 6375 5258
f 5126 5262 6375
f 6253 6376 5188
f 5187 6376 5120
f 5265 5151 6377
f 5375 6377 5151
f 5267 5135 6378
f 5920 6378 5135
f 6212 6379 5279
f 5465 6379 5156
f 5282 5281 6380
f 5520 6380 5281
f 6382 6381 5284
f 5581 6381 5162
f 5085 6382 5284
f 5631 5162 6382
f 6384 6383 5203
f 5202 6383 5129
f 5287 6384 5203
f 5129 6384 5839
f 5498 6385 5286
f 6386 6385 5159
f 5159 5662 6386
f 6905 6386 5662
f 6388 6387 5194
f 6389 6387 5132
f 6372 6388 5194
f 5132 6388 5927
f 5500 6389 5132
f 5233 5288 6389
f 5788 6390 5289
f 5863 6390 5175
f 6177 6391 5289
f 6392 6391 5290
f 6393 6392 5290
f 6392 5298 6136
f 6393 5290 6559
f 6846 6847 5067
f 5291 5186 6394
f 5315 6394 5186
f 5094 5767 6396
f 5764 6395 5292
f 5094 6396 6395
f 6137 6396 5759
f 6158 6397 5297
f 5443 6397 5140
f 6399 6398 5204
f 5205 6398 5131
f 5306 6399 5204
f 5131 6399 5511
f 5582 6400 5305
f 6401 6400 5163
f 6909 5163 6440
f 6629 6401 5614
f 5466 6402 5158
f 5307 5308 6402
f 5444 6403 5139
f 5312 5313 6403
f 5430 6404 5269
f 5148 5315 6404
f 6406 5104 6156
f 5726 6405 5323
f 5104 6406 6405
f 6406 6156 6869
f 6906 5101 6311
f 5544 6907 6906
f 6407 6408 5334
f 5784 6408 5171
f 5141 6409 5214
f 5335 5334 6409
f 6166 6410 5217
f 6410 5121 6411
f 6411 5196 5347
f 6412 6411 5121
f 6167 6412 5121
f 5349 6412 5218
f 6413 5219 6414
f 5197 6413 5127
f 5219 5146 6414
f 6872 6414 5146
f 6300 6415 5220
f 5222 6415 5123
f 5543 6416 5353
f 6417 6416 5161
f 5383 6417 5161
f 6429 6417 5084
f 6452 5383 6449
f 6701 6418 5404
f 5615 6419 5355
f 5722 6419 5198
f 6421 6420 5201
f 6422 6420 5128
f 5282 6421 5201
f 6421 5599 6551
f 6423 6422 5128
f 5358 6422 5229
f 6423 5128 6551
f 6908 5725 5154
f 5545 6424 5234
f 6375 6424 5126
f 5364 5155 6425
f 5435 6425 5155
f 6427 6426 5107
f 6168 6426 5365
f 6118 6427 5107
f 6427 5561 6520
f 5147 5221 6428
f 5354 6428 5221
f 6430 5084 5796
f 6428 6429 5372
f 5797 6430 5796
f 5372 6429 6430
f 5812 6431 5376
f 6432 5174 5764
f 5174 6432 6431
f 6717 6432 5764
f 5377 6433 5231
f 5378 5157 6433
f 5815 6434 5102
f 5817 6434 5379
f 5862 6435 5381
f 6435 5173 6436
f 6438 5173 5483
f 6436 6438 6437
f 5484 5403 6437
f 6450 6437 5403
f 6478 6438 5483
f 6437 6438 5484
f 5382 6439 5232
f 5383 5161 6439
f 5237 6440 5387
f 6441 6440 5124
f 6871 6442 5124
f 6909 6441 5614
f 6443 5544 5696
f 6442 5069 6623
f 6444 6443 5696
f 5069 6442 6443
f 6444 5696 6627
f 5069 6444 5687
f 6085 6445 5072
f 6357 6445 5389
f 5550 6446 5206
f 5451 6446 5112
f 5456 6447 5395
f 5556 6447 5113
f 5449 6448 5271
f 6767 6448 5153
f 6450 6449 5095
f 6452 6449 5402
f 6437 6450 5095
f 6451 6450 5403
f 6453 6451 5403
f 6454 6451 5384
f 6452 5402 6454
f 6418 5383 6452
f 6453 5403 6912
f 6910 5405 6317
f 5789 6454 5384
f 6452 6454 5404
f 5400 6455 5411
f 5425 6455 5208
f 6215 6456 5411
f 6121 6456 5413
f 5547 6457 5252
f 6455 6457 5136
f 5505 6458 5254
f 6459 6458 5138
f 6458 6459 5427
f 6020 6459 5138
f 5429 5256 6911
f 6150 6460 5119
f 5829 6461 5431
f 5625 6461 5164
f 5465 6462 5276
f 6465 6462 5156
f 6462 6465 5436
f 6464 6463 5437
f 6022 6464 5437
f 6464 5619 6189
f 6465 6212 6213
f 5436 6465 6463
f 5868 6466 5456
f 5565 6466 5457
f 5462 6467 5463
f 6211 6467 5227
f 6470 6468 5467
f 6468 5099 6493
f 5724 6469 5149
f 6470 6469 5468
f 5563 6470 5468
f 6470 5099 6468
f 5625 6471 5266
f 5830 6471 5164
f 6473 6472 5471
f 5497 6472 5472
f 5471 5821 6473
f 5434 6473 5821
f 5799 6474 5434
f 6475 6474 5473
f 5072 6475 5473
f 5497 5472 6475
f 5284 5202 6476
f 5129 6476 5202
f 5839 6477 5129
f 5888 6477 5477
f 6479 6478 5105
f 6438 6478 5484
f 6199 6479 5105
f 6479 5485 6480
f 6481 6480 5485
f 6912 6480 5060
f 6480 6481 5060
f 6200 6481 5485
f 5621 6482 5487
f 5768 6482 5486
f 6222 6483 5487
f 6484 6483 5489
f 5844 6484 5489
f 5406 6484 5845
f 5978 6485 5070
f 6886 5412 6214
f 6487 6486 5098
f 6488 6486 5493
f 5560 6487 5098
f 5494 6133 6489
f 6706 6488 5493
f 6913 6488 5803
f 5494 6489 6487
f 5964 6798 6928
f 5628 6490 5167
f 6389 6490 5233
f 5937 6491 5500
f 6491 5092 6511
f 5505 6468 6493
f 6494 6492 5506
f 6493 5099 6521
f 5506 6492 6493
f 5506 6496 6495
f 6494 5507 6020
f 5506 6495 6494
f 6035 6495 5366
f 6493 6496 5506
f 6497 6496 5508
f 5508 6522 6743
f 5366 6498 6036
f 6497 5509 6498
f 6758 6499 5509
f 5509 6499 6498
f 5902 5300 6499
f 5867 6500 5511
f 6252 6500 5513
f 6756 5512 5892
f 6502 6501 5514
f 6503 6502 5514
f 6252 6914 5086
f 6504 6503 5514
f 6915 5769 6198
f 6756 6505 6504
f 5769 6504 5515
f 6505 6218 6219
f 6756 6504 5514
f 5160 6506 5238
f 5523 6506 5524
f 6264 6507 5524
f 5702 6507 5525
f 6916 5530 5464
f 6509 6508 5531
f 5874 6509 5531
f 5533 6901 6509
f 6511 6510 5545
f 5585 6510 5546
f 6491 6511 5545
f 6209 6511 5092
f 6090 6512 5549
f 6513 6512 5080
f 6772 6513 5080
f 6513 5921 6768
f 5443 6514 5309
f 5551 6514 5140
f 5454 6515 5553
f 6285 6515 5554
f 6517 5556 5557
f 5448 6516 5152
f 5556 6517 6516
f 5558 6517 5557
f 5330 6518 5178
f 5098 6518 5559
f 5559 6519 5560
f 5428 6519 5212
f 6039 6520 5561
f 5679 6520 5562
f 6522 6521 5563
f 6493 6521 5508
f 6523 6522 5563
f 6522 5564 6743
f 6140 6523 5563
f 5853 6523 5469
f 6524 5053 6528
f 6918 6524 5398
f 6527 6525 5569
f 5912 6525 5053
f 6281 6526 5567
f 6526 5570 6529
f 6542 6527 5569
f 6527 5573 6528
f 6613 6528 5573
f 6528 5703 6524
f 6536 6529 5570
f 6530 6529 5340
f 6531 6530 5340
f 6530 5574 6542
f 6533 6531 5340
f 6531 6537 6532
f 6919 6532 5575
f 5339 5574 6532
f 6535 6533 5340
f 6291 6534 5576
f 6539 6534 5338
f 6537 6534 5575
f 6536 6535 5340
f 6290 6535 5571
f 6529 6536 5340
f 6536 5570 6538
f 6534 6537 6533
f 6532 6537 5575
f 6277 6538 5570
f 5571 6538 6276
f 6540 6539 5338
f 5575 6539 5676
f 6541 6540 5338
f 6540 5677 6603
f 5691 6541 5338
f 6541 5686 6614
f 6543 6542 5574
f 6527 6542 5573
f 5339 6543 5574
f 6543 5685 6613
f 5075 6544 5585
f 6253 6544 5586
f 6548 6545 5587
f 6544 6545 5586
f 6547 6546 5446
f 6548 6546 5593
f 5771 6547 5446
f 6547 5594 6550
f 6549 6548 5593
f 6545 6548 5586
f 5120 6549 5593
f 5586 6549 6253
f 5594 5887 6550
f 5120 6550 5887
f 6310 6551 5599
f 6423 6551 5601
f 5139 6552 5602
f 6015 6552 5603
f 6554 6553 5605
f 6017 6553 5604
f 6555 6554 5605
f 6554 6013 6825
f 6556 6555 5605
f 6555 5606 6030
f 6036 6556 5605
f 6556 5300 6557
f 5300 5752 6557
f 6831 6557 5752
f 5118 6558 5609
f 6164 6558 5610
f 6393 6559 5616
f 6177 6559 5290
f 6075 6560 5617
f 6069 6560 5596
f 6560 6561 5617
f 6559 6561 5616
f 5130 5246 6562
f 5422 6562 5246
f 6564 6563 5619
f 6257 6563 5620
f 6464 6564 5619
f 6564 6022 6834
f 5621 5487 6565
f 6483 6565 5487
f 6566 5621 6567
f 6453 6566 5405
f 6568 6567 5406
f 6566 6567 5622
f 5845 6568 5406
f 6107 6568 5623
f 6572 6569 5632
f 6578 6570 6569
f 6571 6570 5639
f 6156 5630 6570
f 6272 6571 5639
f 6869 6571 5059
f 5634 6572 5633
f 6569 6572 5476
f 6574 6573 5050
f 6575 6573 5635
f 6262 6574 5050
f 6576 5534 6577
f 6575 5635 6577
f 6572 6575 5476
f 6574 5636 6576
f 5648 6576 5636
f 6576 6577 5635
f 5534 5638 6577
f 5889 6578 5638
f 6570 6578 5639
f 6920 5641 5643
f 5642 6585 6580
f 5642 6580 6579
f 6272 6580 5646
f 6582 6581 5535
f 6584 6581 5644
f 5649 6582 5535
f 6582 5645 6583
f 6583 5645 6636
f 6734 6583 5623
f 6584 5644 6734
f 5643 6584 5043
f 6580 6585 5646
f 5843 6585 5642
f 6182 6586 5325
f 6586 5650 6270
f 6126 6587 5653
f 6588 6587 5542
f 5542 6736 6589
f 5654 6588 5983
f 5542 6589 6588
f 6589 5847 6737
f 6591 6590 5660
f 6590 5661 6592
f 5660 5495 6591
f 6205 6591 5495
f 6122 6592 5662
f 6593 6592 5661
f 6205 6593 5661
f 5730 6593 5057
f 5730 6594 5663
f 6596 6594 5479
f 6596 6595 5664
f 6318 6595 5665
f 6594 6596 5664
f 6838 5479 6045
f 5155 6597 5226
f 5667 6597 5669
f 5698 6598 5342
f 6599 6598 5673
f 6599 5673 6605
f 6600 6599 5674
f 6599 6600 5672
f 6601 6600 5674
f 6602 6601 5674
f 6601 5676 6603
f 6604 6602 5674
f 6602 5675 6919
f 6540 6603 5676
f 6603 5677 5778
f 5680 6604 5343
f 6602 6604 5675
f 6606 6605 5673
f 6607 5678 6098
f 5673 5698 6606
f 5401 6606 5698
f 5680 6607 6098
f 5343 6605 6607
f 6323 6608 5401
f 6098 6608 5624
f 5680 6610 6612
f 6919 5339 6532
f 6098 6610 5680
f 5999 6610 5518
f 6543 6611 5685
f 6612 5339 6609
f 5339 6612 6611
f 5680 6612 6609
f 6814 6613 5685
f 5703 6613 5399
f 6614 5337 6694
f 6541 6614 5677
f 6616 6615 5687
f 5691 6615 5686
f 6444 6616 5687
f 6614 6616 5337
f 6618 6617 5344
f 6620 6617 5688
f 5344 6624 6625
f 6619 5371 6622
f 6618 5689 6619
f 5689 6146 6621
f 6620 5688 6622
f 5069 5687 6620
f 5689 6621 6619
f 6144 6621 5891
f 6619 6622 5688
f 5699 6622 5371
f 6623 5614 6441
f 5069 5690 6623
f 6292 6624 5691
f 6624 5692 6625
f 6626 6625 5692
f 5689 6618 6625
f 6244 6626 5692
f 6146 6626 5693
f 6444 6627 5337
f 5697 6627 5696
f 6923 5335 5667
f 6628 6923 5336
f 6401 6629 5091
f 5690 6629 5614
f 6072 6630 5526
f 5869 6630 5529
f 6524 6631 5398
f 6632 6631 5703
f 5703 5399 6632
f 5399 6816 6633
f 5399 6633 6632
f 5684 6633 6001
f 5835 6634 5684
f 5916 6634 5705
f 5917 6635 5706
f 5835 6635 5705
f 6636 5385 6921
f 6637 6636 5645
f 5649 6637 5645
f 6638 6637 5410
f 6313 6638 5410
f 6639 6638 5710
f 5712 6639 5710
f 6700 6639 5409
f 6313 6640 5710
f 6051 6640 5711
f 5319 6641 5712
f 6642 6641 5713
f 6643 6642 5713
f 6642 5714 6314
f 6043 6643 5713
f 6644 6643 5460
f 6645 6644 5460
f 5714 6646 5318
f 5736 6645 5460
f 5715 6645 6099
f 6644 5715 6646
f 5715 6649 6647
f 5715 6647 6646
f 5716 6708 6925
f 5716 6647 6649
f 6249 6648 5717
f 5716 6649 6648
f 6650 5715 6099
f 5715 6650 6649
f 6100 6650 6099
f 6925 5318 6647
f 5798 6651 5718
f 6140 6652 5073
f 6469 6652 5468
f 5149 5223 6653
f 5134 6653 5223
f 5723 5724 6654
f 6653 6654 5724
f 5727 6655 5728
f 5345 6655 5216
f 6201 6656 5057
f 6657 6656 5731
f 6657 5731 6660
f 6657 5732 6658
f 6657 6658 5730
f 6659 5732 6044
f 6044 6045 6659
f 6045 5479 6659
f 6661 6660 5731
f 5734 6660 5733
f 5731 6201 6661
f 5496 6661 6201
f 6662 5733 6663
f 5700 5734 6662
f 5733 5496 6663
f 6671 5743 6670
f 5737 6664 5734
f 6664 5042 6857
f 6664 6665 5735
f 6089 6665 5736
f 5739 6666 5737
f 6100 6666 5738
f 5739 5700 6667
f 5742 6667 5700
f 5851 6668 5442
f 6669 6668 5741
f 5757 6669 5741
f 5740 6669 5701
f 6671 6670 5742
f 6672 6670 5743
f 6663 5496 6671
f 5496 5743 6671
f 6192 6672 5743
f 6672 5744 5851
f 6677 5746 6676
f 5757 6673 5294
f 5752 6674 5367
f 6675 6674 5747
f 5299 6675 5747
f 6676 6675 5748
f 6689 5753 6688
f 6677 5294 6673
f 5294 6677 6676
f 6673 5745 6677
f 5750 6678 5299
f 6679 6678 5749
f 5295 6679 5749
f 6689 6679 5753
f 6681 6680 5750
f 6682 6680 5751
f 6681 5750 6745
f 6217 5751 6681
f 6690 6682 5751
f 5295 6682 5758
f 6052 6683 5295
f 5757 6683 5754
f 6687 6684 5755
f 6265 6684 5296
f 6686 6685 5058
f 6687 5756 6102
f 6137 6686 5058
f 6686 5759 6174
f 5756 6687 6685
f 5296 6687 6102
f 5757 5294 6688
f 6689 5294 6676
f 5294 6689 6688
f 6676 5748 6689
f 6682 6690 5758
f 6217 6690 5751
f 6924 5765 5148
f 6304 6691 5766
f 6198 6692 5768
f 6231 6692 5769
f 5772 6693 5773
f 5592 6693 5777
f 5695 5778 6694
f 6694 5778 5677
f 5345 6695 5144
f 6308 6695 5215
f 5779 5780 6696
f 6131 6696 5780
f 6315 6697 5789
f 5791 6697 5049
f 5792 6698 5791
f 5798 6698 5719
f 6699 5712 6641
f 5794 6699 5793
f 6700 5709 6639
f 6105 6700 5795
f 6418 6701 5084
f 5790 6701 5404
f 6698 6702 5373
f 6703 6702 5798
f 6305 6703 5798
f 6703 5374 6899
f 6171 6704 5799
f 5955 6704 5800
f 5823 6705 5434
f 6171 6705 5802
f 6928 5493 6489
f 6707 6706 5416
f 5962 6707 5416
f 6797 5804 6796
f 5718 6651 6925
f 6711 6708 5716
f 6898 6709 5809
f 6305 6709 5068
f 6898 6710 5810
f 6711 6710 5809
f 6711 5809 6708
f 6648 5317 6711
f 6713 6712 5317
f 6174 6712 5756
f 6249 6713 5317
f 5756 6713 6102
f 5814 6714 5087
f 5152 6714 5813
f 5815 5293 6715
f 6690 6716 5293
f 6217 5820 6716
f 5379 6716 5820
f 6432 6717 5102
f 5292 6717 5764
f 6717 6718 5815
f 6137 6718 5292
f 6248 6719 5816
f 6690 6719 5758
f 5820 6720 5817
f 6310 6720 5818
f 5820 6721 5818
f 6745 6721 5380
f 5852 6722 5819
f 6310 6722 5600
f 6724 5831 6175
f 6172 6723 5832
f 5683 6724 6175
f 5856 5832 6724
f 5684 6725 5835
f 6175 6725 5836
f 6744 6726 5837
f 6175 6726 5683
f 6726 6727 5837
f 6727 5836 6728
f 6725 6728 5836
f 6001 6728 5684
f 5642 6729 5843
f 6731 5841 5043
f 6229 6730 5842
f 6880 6730 5491
f 6732 6731 5844
f 6729 6731 5842
f 6227 6732 5844
f 6229 6732 5490
f 6584 6733 5043
f 6484 6733 5845
f 6584 6734 5845
f 6583 6734 5644
f 6126 6735 5542
f 6109 6735 5656
f 6735 6736 5542
f 6740 6736 5846
f 5847 6740 6739
f 6002 6926 5848
f 6926 6737 5848
f 5986 6738 5850
f 5847 6739 6737
f 6739 5849 6892
f 6739 6740 5849
f 6736 6740 5847
f 6109 6741 5846
f 6260 6741 5657
f 6743 5509 6497
f 5853 6742 5564
f 5509 6743 6742
f 6743 6497 5508
f 6726 6744 5683
f 6143 6744 5837
f 6745 5380 6681
f 5860 5819 6745
f 6901 6746 5866
f 5875 6746 5533
f 5871 6747 5872
f 5776 5532 6747
f 6927 5775 5878
f 5065 5874 6748
f 6056 6749 5880
f 6750 6749 5881
f 6751 6750 5881
f 6752 5883 5904
f 6753 6751 5881
f 6759 6760 5657
f 5883 6752 6750
f 6206 6752 5904
f 5881 5046 6753
f 5046 5936 6754
f 5046 6754 6753
f 5942 6754 5884
f 5265 5187 6755
f 5120 6755 5187
f 6505 6756 5051
f 6501 6756 5514
f 5517 6757 5894
f 6223 6757 5895
f 6758 5854 5859
f 6499 6758 5902
f 5903 5883 6759
f 6760 5883 6751
f 6751 5882 6760
f 6260 6760 5882
f 5903 5066 6761
f 6762 5066 5780
f 5811 6762 5780
f 5761 5904 6762
f 5906 6763 5907
f 6764 6763 5130
f 5298 6764 5618
f 6763 6764 5908
f 6296 6765 5566
f 6293 5567 6765
f 5458 6766 5558
f 5914 6766 5913
f 5397 6767 5814
f 5396 6767 5919
f 6513 6768 5135
f 6769 6768 5921
f 6770 6769 5921
f 6769 5922 6771
f 6770 5921 6772
f 6770 5320 6774
f 6769 6771 5920
f 6778 6779 5925
f 6773 6772 5080
f 6770 6772 5923
f 5952 6773 5080
f 5923 6773 5944
f 6770 6774 5922
f 6261 6774 5320
f 6779 6775 5925
f 6003 6775 5924
f 6777 6776 5925
f 6783 6776 5926
f 5925 6775 6777
f 5064 6777 6775
f 6372 6778 5927
f 6779 5109 6771
f 6779 6778 5109
f 6774 6779 5922
f 6780 5503 6781
f 5933 5932 6780
f 5503 5941 6781
f 5942 6781 5941
f 6782 5935 6844
f 6064 6782 5588
f 5501 6783 5926
f 5132 6783 5938
f 6786 6784 5939
f 6770 6784 5320
f 5808 6894 6786
f 5939 5940 6785
f 5808 6786 6785
f 5320 6786 6261
f 5990 6787 5321
f 5939 6787 5940
f 6787 6788 5321
f 5944 6788 5943
f 5450 5953 6790
f 6789 5946 6791
f 5055 6790 5954
f 5946 6789 6790
f 6789 6791 5947
f 6791 5946 6794
f 5393 6792 5855
f 6792 5950 6793
f 6791 6793 5538
f 6792 6793 5951
f 6791 6794 5951
f 6790 6794 5946
f 5959 5958 6795
f 5322 6795 5958
f 5961 5415 6796
f 6797 5415 6088
f 5803 6797 6088
f 6707 5804 6797
f 5416 6706 6928
f 6132 6798 5964
f 6799 5963 6800
f 5991 6799 5965
f 6798 6800 5963
f 6130 6800 6132
f 5322 6801 5967
f 5956 6801 5957
f 5521 6802 5966
f 6803 6802 5971
f 6803 5971 6804
f 6803 6087 6088
f 6803 6804 5414
f 5972 6804 5971
f 5968 6805 5974
f 6801 6805 5967
f 5985 6806 5805
f 5393 6806 5975
f 6807 5413 6456
f 6485 6807 5412
f 5988 6808 5840
f 5540 6808 5960
f 5983 5984 6809
f 5045 6809 5984
f 5940 5840 6810
f 5840 6808 6929
f 6098 6811 5518
f 5624 5995 6811
f 6143 6812 5998
f 6727 6812 5837
f 5999 6813 5998
f 6811 6813 5518
f 6613 6814 5399
f 6814 5685 6611
f 6814 6815 6000
f 6610 6815 5681
f 6000 6001 6816
f 6633 6816 6001
f 6212 6817 5081
f 6818 6817 5279
f 5279 5197 6818
f 5127 6818 5197
f 6414 6819 5127
f 6007 6819 6006
f 6007 6006 6820
f 6820 6006 6872
f 6822 6009 6011
f 6012 6821 6010
f 6009 6822 6821
f 6822 6011 6824
f 6930 6004 6005
f 6012 5081 6823
f 6030 6824 6013
f 6822 6824 5041
f 6824 6825 6013
f 6826 6825 6011
f 6011 5580 6826
f 6015 6826 5580
f 6008 6827 6014
f 6164 6827 5071
f 6017 6828 6018
f 6552 6828 5603
f 6021 6012 6829
f 6010 6829 6012
f 6833 6830 6025
f 6257 6830 5608
f 6027 6831 6028
f 6557 6831 5606
f 6024 6832 6025
f 6028 6832 5607
f 6247 6833 6029
f 6830 6833 5608
f 6564 6834 5620
f 5438 6834 6022
f 6035 5074 6835
f 6019 6835 5074
f 6117 6836 5561
f 6837 5062 6038
f 6836 6837 6039
f 5401 6837 6038
f 6049 6838 5478
f 6596 6838 5665
f 6902 6839 6046
f 6262 6839 5637
f 5475 6840 5634
f 6047 6840 6048
f 5888 6841 5475
f 6049 6841 5477
f 6248 6842 6052
f 6685 6842 5058
f 6056 6843 5046
f 5589 6843 6055
f 5589 6844 5934
f 6844 6058 5588
f 5775 6845 6060
f 5872 6845 5873
f 6764 6847 5908
f 6068 6846 5067
f 5298 6393 6847
f 5067 6847 6393
f 6393 6848 5067
f 6560 6848 5616
f 6070 6849 5598
f 5526 6849 6071
f 5871 6850 5776
f 5529 6072 6850
f 5151 6851 6076
f 5887 6851 5265
f 6080 6852 5047
f 5595 6852 6078
f 5595 6853 5771
f 5082 6853 6081
f 5799 6854 5473
f 6084 6854 5390
f 6325 6855 5111
f 6264 6855 5525
f 4972 6856 4971
f 6094 6856 6095
f 6099 5736 6857
f 6664 6857 5736
f 6101 5738 6858
f 6265 6858 5738
f 6128 6859 5656
f 5903 6859 5066
f 5363 6860 5972
f 6112 6860 6111
f 5097 6861 5400
f 6119 6861 6120
f 6863 6862 5137
f 5494 6862 6134
f 5301 6863 5658
f 6862 6863 6134
f 5601 6864 5725
f 6139 5073 6864
f 6266 6865 6152
f 6153 6865 5077
f 6867 6866 5324
f 6865 6866 6152
f 6268 6867 5324
f 6152 6867 6269
f 6911 6868 5119
f 5323 6868 5726
f 6406 6869 6155
f 6571 6869 6156
f 5151 6870 6160
f 6076 5617 6870
f 6907 6871 6161
f 6442 6871 5544
f 6820 6872 6165
f 6414 6872 6006
f 5301 6873 6148
f 5181 6873 5658
f 5800 6874 5055
f 5801 6874 6173
f 5759 5767 6875
f 5316 6875 5767
f 6298 6876 5052
f 6877 6876 6178
f 6234 6877 5369
f 6877 6179 6876
f 6267 6878 6178
f 6881 6878 5368
f 6877 6879 5369
f 6182 6879 6180
f 6730 6880 5843
f 5491 6181 6880
f 6878 6881 6180
f 5368 6269 6882
f 6269 5650 6882
f 6182 6882 5650
f 5111 6094 6883
f 5184 6883 6094
f 6191 6884 6192
f 6257 6884 5056
f 5440 6885 6097
f 6194 6885 6193
f 6485 6886 5492
f 5547 6886 6214
f 6482 6887 6222
f 6231 6887 5407
f 5693 6888 6146
f 6242 5517 6888
f 5205 5131 6889
f 5131 6252 6889
f 6255 6890 5093
f 5169 6890 6256
f 5608 5851 6891
f 5744 6891 5851
f 6246 6892 5502
f 5849 6260 6892
f 6754 6893 5882
f 5502 6893 5942
f 5850 6894 5986
f 6786 6894 6261
f 5637 6895 6263
f 6051 5711 6895
f 6267 6896 5368
f 6152 6896 6266
f 5566 6897 6296
f 5565 6897 5910
f 6709 6898 5068
f 6898 5809 6710
f 6899 5797 6703
f 6306 5372 6899
f 5116 6900 5760
f 5421 6900 6308
f 5179 6901 5866
f 6509 6901 6309
f 5461 6902 6046
f 6319 6902 6320
f 5052 6903 6286
f 6283 6903 6326
f 6326 6904 5577
f 5578 6904 6327
f 5662 5664 6905
f 6905 5664 6595
f 5544 6871 6907
f 5101 6906 6407
f 6161 5171 6907
f 6407 6907 5171
f 5725 6908 6423
f 5417 6908 5154
f 5163 6909 6401
f 6441 6909 6440
f 6451 6910 5384
f 5405 6910 6453
f 6911 5726 6868
f 5429 6911 6460
f 6453 6912 5060
f 5484 6912 5403
f 6088 6913 5803
f 6485 6913 5070
f 5513 6914 6252
f 6915 6502 6503
f 6914 6915 5086
f 5769 6915 6503
f 5531 6916 5872
f 5530 6916 6508
f 5568 5912 6917
f 5053 6917 5912
f 5398 5914 6918
f 5568 6918 5914
f 6602 6919 5575
f 6609 6919 5675
f 5642 6920 5841
f 5641 6920 6579
f 6636 6921 6583
f 6107 6921 5385
f 5991 6922 5654
f 5653 6922 5965
f 5336 6923 5668
f 5335 6923 6628
f 5766 6924 6307
f 5765 6924 6691
f 5718 6925 6708
f 5318 6925 6651
f 5850 6926 6003
f 6737 6926 6738
f 5775 6927 6748
f 5877 6927 5878
f 5964 6928 6489
f 5416 6928 6798
f 5987 6929 5045
f 5840 6929 6810
f 6012 6930 5579
f 6004 6930 6823
f 7203 4916 4915
f 8275 7126 7421
f 8082 7213 4918
f 4919 4918 7213
f 8406 4914 4913
f 7919 4908 4907
f 7204 4907 4906
f 7356 4911 4910
f 7222 8781 7135
f 7195 4910 4909
f 4912 7222 4913
f 7919 7204 7123
f 7353 4929 4928
f 4927 4926 7501
f 4932 4931 7216
f 7815 7134 7424
f 8404 4930 4929
f 8753 7273 4925
f 4921 4920 7173
f 4922 7322 7174
f 4925 4924 8753
f 7323 4924 4923
f 8805 7274 7111
f 8400 8401 8347
f 9592 7322 7098
f 4906 4905 7918
f 7677 7233 8783
f 6931 7930 4893
f 6934 6935 8758
f 8757 6936 6937
f 6933 7429 7233
f 8757 7279 7156
f 6939 7600 6938
f 7280 7566 8808
f 6943 7601 6942
f 7181 6940 6941
f 6940 7352 6939
f 7157 7278 8807
f 8747 4900 4899
f 7186 7331 4898
f 4903 8749 4904
f 7264 4902 7435
f 8747 7249 4900
f 4899 4898 7331
f 7233 6932 6933
f 6931 6932 7677
f 7408 4897 4896
f 7275 4895 8755
f 4895 7275 4896
f 8815 7249 7290
f 7123 7204 8326
f 7265 4905 4904
f 7216 7920 7091
f 4946 7326 7176
f 6993 7972 8636
f 4948 4947 7327
f 7972 6993 7971
f 4941 8626 7235
f 7234 4939 7430
f 7467 7139 7234
f 4943 4942 7431
f 8626 4941 4940
f 9115 8289 7483
f 4941 7235 4942
f 7234 7430 8878
f 7399 8890 8861
f 7270 8802 7151
f 4953 8752 7271
f 8661 7178 4955
f 8752 4953 4952
f 7150 8751 7268
f 8105 7674 9014
f 4957 4956 7350
f 7168 4961 4960
f 7168 7321 4961
f 4957 8745 4958
f 7372 7086 7248
f 7327 7664 4948
f 7164 8766 7298
f 8690 8472 8187
f 7294 6972 8763
f 4935 7221 7863
f 7247 4967 7737
f 7189 4965 4964
f 8272 4963 4962
f 8739 8740 4969
f 7590 7593 8515
f 7599 7417 7109
f 7502 7165 8767
f 7502 8669 7110
f 8741 7196 8740
f 6963 7328 7182
f 8767 7417 4974
f 4974 4973 8767
f 6975 7190 6974
f 7354 6973 6974
f 7599 7190 6975
f 6975 6976 7599
f 6973 8763 6972
f 8759 7281 7158
f 6968 7358 7199
f 7120 7634 7199
f 7282 7503 8820
f 8195 7592 9437
f 7636 8085 8086
f 4935 4934 7221
f 7300 6945 6946
f 7137 9554 7705
f 7113 7191 7860
f 6948 6949 7633
f 8756 7276 6950
f 8840 9616 9451
f 6952 7198 7357
f 6952 7357 6951
f 6953 6954 7713
f 6955 7712 7197
f 6955 7197 6954
f 7277 8806 7276
f 8756 6950 6951
f 7301 5008 5007
f 5005 7433 5006
f 7236 7142 8743
f 7143 8744 7237
f 5002 5001 8743
f 7237 5003 5002
f 9102 7746 9100
f 7184 5014 5013
f 7433 5005 7238
f 7175 5010 7324
f 7170 7301 5007
f 4919 7422 4920
f 7170 5007 5006
f 6955 6956 7712
f 8748 4999 4998
f 7603 5034 5033
f 8768 5040 7188
f 7603 7192 7117
f 8750 5030 5029
f 5031 5030 7267
f 7149 8750 7266
f 5039 7188 5040
f 5040 8768 4873
f 7217 7562 7127
f 8389 5038 5037
f 7425 7217 5036
f 7332 8738 7188
f 5019 7427 5020
f 7218 7129 7704
f 7465 5015 5014
f 5017 8408 5018
f 7330 5017 5016
f 8765 5021 5020
f 5028 5027 7949
f 8207 7533 7629
f 7297 5021 8765
f 5023 5022 8273
f 9627 8269 8270
f 8657 8514 7318
f 5022 5021 7297
f 7197 7950 7116
f 2158 2157 7383
f 7288 7383 2157
f 7287 7167 2155
f 7167 2156 2155
f 2156 7288 2157
f 7340 2164 2163
f 8814 8791 7289
f 2161 8746 2162
f 8284 7371 8285
f 2162 7226 2163
f 2165 2164 8760
f 2159 2158 7169
f 8759 6964 6965
f 7287 7701 7167
f 6962 7407 6961
f 6960 6961 7183
f 7329 6960 7183
f 6960 7329 6959
f 7328 8819 8821
f 7099 7382 7177
f 2154 7382 7287
f 2151 2150 8761
f 2150 2149 6958
f 7302 7082 7177
f 7177 2152 7302
f 7239 2166 2165
f 7223 8072 8078
f 8716 7303 8715
f 7220 4993 8506
f 4994 7333 4995
f 4933 8505 4934
f 8832 8831 7227
f 4992 4991 7214
f 8774 7194 8769
f 7133 8405 7205
f 7214 8777 9608
f 7138 8506 7214
f 4992 8506 4993
f 7084 8876 7428
f 7194 2175 2174
f 2166 8754 2167
f 2173 2172 7228
f 2170 2169 8271
f 2171 7171 2172
f 7172 8787 8786
f 7215 9475 8778
f 7172 8786 2177
f 76 2179 4987
f 2179 2178 8786
f 8324 2176 2175
f 7241 4988 7240
f 7201 2168 7289
f 7236 9618 7714
f 8764 5026 5025
f 7465 7184 7105
f 7175 5011 5010
f 7147 8748 7250
f 9198 7466 7180
f 6944 7191 6943
f 4917 8082 4918
f 4946 7176 4947
f 4991 4990 8405
f 7086 8788 7248
f 7257 8466 9544
f 8739 7247 7140
f 8097 7822 8099
f 6967 7634 6966
f 9347 9344 8049
f 9363 8065 9362
f 5025 5024 7426
f 7907 7908 7539
f 7208 9069 9640
f 4916 7421 4917
f 9170 9171 9172
f 8598 8600 7700
f 8484 7438 8482
f 5011 7325 5012
f 7654 8141 9405
f 7089 7430 8812
f 8414 7025 8413
f 9043 7720 9041
f 9189 7847 7848
f 8963 6979 8633
f 9147 7781 9145
f 9543 7611 9544
f 8770 7054 8769
f 8460 7257 9536
f 8607 7976 7452
f 7176 7326 7805
f 4944 7179 8666
f 7727 9042 9055
f 7998 9311 9312
f 8108 8110 8107
f 7023 8813 9614
f 5032 7192 5033
f 7166 6946 6947
f 9584 8620 8609
f 7380 8570 8571
f 7191 6944 7602
f 8228 7641 8225
f 2160 7334 7225
f 7834 8726 8728
f 7321 4962 4961
f 9248 7537 7927
f 6970 6971 7635
f 8178 7831 8182
f 8764 7296 5026
f 7296 5027 5026
f 7135 8406 7222
f 9201 8705 7866
f 7185 7330 5016
f 8516 7493 9098
f 7759 9123 9124
f 7050 7436 8510
f 5008 8742 5009
f 8717 7303 8716
f 7187 7353 4928
f 7617 8983 8984
f 8352 7460 7620
f 7032 9368 8390
f 7236 5000 7432
f 9068 7992 9067
f 9149 7774 8469
f 7814 7079 7203
f 8935 7260 8934
f 8575 8576 7017
f 9361 7938 9255
f 8222 7230 8225
f 8059 9358 9359
f 7252 8793 8794
f 6936 7278 6935
f 9163 7800 8635
f 7182 7100 7407
f 8918 7521 8917
f 2174 8325 7194
f 8336 7405 8335
f 9605 8122 9395
f 8326 9578 7042
f 7419 4966 4965
f 8183 7316 8179
f 8915 7520 8914
f 8280 8281 7335
f 7391 9502 8337
f 7864 8856 7367
f 8328 9498 7693
f 7694 9024 7022
f 7909 7914 7285
f 7468 7467 7089
f 4951 7270 4952
f 4950 8751 4951
f 7103 7326 8666
f 8413 7025 9516
f 7350 4956 7178
f 7975 7976 8607
f 5004 5003 8744
f 7206 8074 8075
f 4971 7196 8669
f 7476 8204 7040
f 7217 7127 8389
f 7277 7532 7036
f 5013 5012 7464
f 8980 7005 8979
f 8790 8271 7201
f 8833 8836 7059
f 7986 7401 7985
f 7151 8752 7270
f 4997 4996 7466
f 7989 8069 7224
f 7323 4923 7174
f 8596 8597 8595
f 7604 5032 5031
f 8642 8130 9401
f 8209 6997 8210
f 7637 8238 7060
f 7037 7571 7567
f 8757 7278 6936
f 7602 6944 6945
f 7640 8217 8231
f 6983 8913 8912
f 7503 7524 7078
f 7354 6974 7190
f 9430 8206 8205
f 7596 7681 7686
f 7679 9016 7080
f 7379 8569 8572
f 8391 9513 7069
f 7145 8746 7225
f 7043 8284 7370
f 7248 8788 4959
f 7086 7392 7406
f 7218 7426 5024
f 8485 7438 8484
f 7219 7427 5019
f 7608 8700 7046
f 7139 8626 7234
f 7474 8895 7090
f 7424 4933 4932
f 9232 7900 7285
f 7264 7148 8749
f 7373 8361 8362
f 7441 8642 8643
f 7192 7794 7117
f 8407 4912 4911
f 8125 9398 7866
f 5015 7465 7185
f 9002 7344 8997
f 4927 7501 7187
f 7462 8982 8393
f 8325 2174 2173
f 7012 8926 8927
f 8854 7364 7811
f 8848 8667 7359
f 8739 4969 4968
f 8192 8193 7314
f 7843 7803 7844
f 7030 7839 7840
f 8073 7058 8072
f 7143 7606 7238
f 2171 7227 7171
f 8831 8833 7059
f 7299 7166 6947
f 7860 7861 7038
f 7226 7340 2163
f 9610 7031 8794
f 7500 7519 8917
f 8279 8286 8278
f 4897 7408 7186
f 9159 9161 7797
f 8415 7025 8414
f 7269 9368 8803
f 7271 8661 4954
f 7972 7984 7401
f 8718 7292 8717
f 7715 7324 7141
f 7351 7181 6941
f 9452 8520 9663
f 7635 7200 6970
f 9507 8095 8360
f 7355 7195 4909
f 7051 8781 8782
f 4964 7418 7189
f 7926 9245 9246
f 8848 8849 7071
f 7251 9264 8882
f 5034 7603 7193
f 8208 6997 8207
f 8066 7403 9301
f 7102 8804 7272
f 8881 8882 7074
f 9375 7237 8784
f 7322 4922 4921
f 7098 8672 8673
f 6953 7713 7198
f 8924 7036 7532
f 7077 8807 8808
f 7157 7921 7429
f 7078 8819 8820
f 8920 7078 7524
f 7420 7203 4915
f 7041 9019 7682
f 7678 7679 7080
f 8673 9025 9441
f 7255 8796 8797
f 7125 8271 8790
f 6961 7407 7183
f 8409 7099 7177
f 7108 7796 7797
f 4894 8755 4895
f 4988 4987 7240
f 2177 7229 7172
f 7040 7295 7476
f 7294 7295 8816
f 8745 7248 4958
f 8608 7406 7392
f 8273 7218 5023
f 7045 7444 7445
f 8408 7219 5018
f 7046 7607 7608
f 8766 4938 4937
f 7867 7284 7468
f 7090 7473 7474
f 7103 7179 8660
f 7423 7216 4931
f 7815 9463 9167
f 2162 8746 7226
f 7043 8281 8282
f 8103 8361 7093
f 7148 7264 7373
f 7288 2156 7167
f 7523 7710 7711
f 8279 8280 7095
f 7145 7225 7335
f 4934 8505 7221
f 7096 7526 8922
f 8744 7238 5004
f 9314 7999 8722
f 7080 9016 8671
f 4922 7174 4923
f 2153 2152 7177
f 7701 7702 7062
f 6962 6963 7182
f 8410 8412 8411
f 4965 7189 7419
f 8817 7056 8741
f 7272 8101 7102
f 4955 7178 4956
f 4944 4943 7179
f 9164 7064 7805
f 7325 5011 7175
f 7802 8470 7104
f 7839 9180 7666
f 5015 7185 5016
f 7327 4947 7176
f 7807 8674 7106
f 7180 4996 4995
f 7071 8849 7865
f 7108 7795 7796
f 4897 7186 4898
f 6976 4975 7417
f 7109 7593 7594
f 7196 4971 4970
f 7837 7591 7110
f 7053 7612 7613
f 4927 7187 4928
f 7352 6940 7181
f 7572 9581 8234
f 7860 7862 7113
f 7181 7351 8840
f 7300 6946 7166
f 8061 7640 7861
f 8768 8329 6957
f 5039 7332 7188
f 8994 8993 8995
f 6953 7198 6952
f 7954 8127 8128
f 5034 7193 5035
f 5030 8750 7267
f 8644 7441 8643
f 7638 8238 8239
f 7166 7299 7637
f 7199 6967 6968
f 7120 7199 8083
f 8093 7040 8092
f 6970 7200 6969
f 4904 8749 7265
f 7122 7378 8566
f 8391 8974 7605
f 7195 7355 8391
f 7436 8511 8510
f 7149 7266 7436
f 2169 2168 7201
f 8833 8831 7341
f 4916 7203 7421
f 7678 7080 8867
f 5037 5036 7217
f 7562 8737 7127
f 7128 7504 8670
f 7189 7418 8105
f 8590 7704 8589
f 5023 7218 5024
f 7920 7130 9582
f 7216 7423 7920
f 7505 7428 8877
f 8877 8876 7229
f 7228 2172 7171
f 8901 7434 8902
f 7205 4990 4989
f 7133 7205 8779
f 4932 7216 7424
f 7221 7526 7096
f 7135 8781 8838
f 7203 7420 7814
f 7356 4910 7195
f 7136 7356 7716
f 8980 8519 7645
f 5018 7219 5019
f 7360 8537 9165
f 4993 7220 4994
f 4940 4939 7234
f 7473 7090 8879
f 7247 4968 4967
f 8690 7314 7952
f 7066 8724 9602
f 7324 7715 9033
f 7236 5001 5000
f 7236 7714 7142
f 8080 9374 9375
f 5004 7238 5005
f 8860 7026 7392
f 4958 7248 4959
f 2161 2160 7225
f 7145 7370 7226
f 8564 7290 7146
f 4900 7249 4901
f 7250 4998 4997
f 7147 7250 7251
f 4903 4902 7264
f 7148 7378 7265
f 5029 5028 7266
f 7149 7440 7267
f 7268 4950 4949
f 7150 7268 7269
f 8662 7272 7151
f 4953 7271 4954
f 9439 9440 8198
f 4925 7273 4926
f 2165 8760 7239
f 8627 9587 7061
f 7677 7930 6931
f 7154 7795 7275
f 7532 7277 8923
f 6950 7276 6949
f 7279 6937 6938
f 7156 7279 7280
f 7157 7077 8657
f 7429 7921 9239
f 7281 6965 6966
f 7158 7281 7282
f 7159 8830 8631
f 9587 7239 8785
f 8762 8761 6958
f 6959 8762 6958
f 7295 7161 8843
f 6972 7294 6971
f 8873 7444 7162
f 7444 7124 7296
f 7163 7608 7607
f 7607 7129 7297
f 7298 4937 4936
f 8813 7023 9202
f 7502 4973 4972
f 7165 7502 7590
f 6947 6948 7299
f 7166 7639 7300
f 2155 2154 7287
f 7167 7703 7288
f 7168 8276 7504
f 7504 7128 7321
f 8286 7094 8278
f 8828 7334 7095
f 8309 7097 8000
f 8507 7141 7301
f 2171 2170 7227
f 7434 8901 8770
f 2177 2176 7229
f 4989 7241 7205
f 7422 4919 7213
f 7173 8868 8671
f 8673 9592 7098
f 8818 7152 7323
f 5010 5009 7324
f 7175 7802 7325
f 4946 4945 7326
f 7176 7807 7327
f 2152 2151 7302
f 8409 7177 7082
f 8509 7102 8102
f 8508 7144 7350
f 7431 4942 7235
f 7179 8880 8660
f 7333 4994 7220
f 8826 7865 9198
f 6941 6942 7351
f 9581 7067 8234
f 6963 6964 7328
f 7078 8822 8821
f 8410 7183 7100
f 7329 8823 7160
f 7464 7184 5013
f 7840 7184 7104
f 9007 7665 7185
f 8518 7330 7665
f 7186 8825 8824
f 8824 7146 7331
f 8981 7612 7187
f 8594 7353 7612
f 5039 5038 7332
f 7712 8329 7115
f 4964 4963 7418
f 9434 8472 7070
f 7594 7190 7109
f 7354 8842 7161
f 7860 7191 7114
f 7601 7191 7113
f 7604 7192 5032
f 7794 7192 7118
f 7117 8127 8354
f 8870 7217 7425
f 8769 7194 7132
f 8324 7194 7131
f 4909 4908 7355
f 7356 7195 9034
f 4970 4969 8740
f 8741 7837 7110
f 7950 7197 7115
f 7713 7197 7116
f 7198 8845 8844
f 8844 7155 7357
f 7358 6968 6969
f 7199 8847 8083
f 8086 9376 7121
f 7358 8847 7199
f 2168 2167 7289
f 8790 8791 7252
f 7412 9137 9136
f 8599 7685 8598
f 4915 4914 7420
f 8275 7421 7203
f 7918 7204 4906
f 8326 7204 7122
f 7241 4989 4988
f 8780 7215 8779
f 9306 9307 7010
f 7206 8075 8079
f 9304 9306 7010
f 7992 9066 9067
f 7989 7224 9302
f 9049 7209 9048
f 8403 9072 8402
f 9185 7648 9184
f 7879 8345 8346
f 7688 7690 7597
f 7541 9229 7895
f 8709 7735 8708
f 8648 9458 7439
f 8559 7581 8558
f 7678 7213 7126
f 7422 8868 7173
f 8405 7214 4991
f 8777 7214 7133
f 8574 7084 7428
f 7017 8578 9475
f 4931 4930 7423
f 7815 7424 7216
f 5036 5035 7425
f 7217 8870 7562
f 7129 8589 7704
f 7426 8872 7162
f 8519 9554 8518
f 7427 8875 7163
f 7359 7220 7138
f 7333 8826 7180
f 7526 7221 7134
f 9612 9613 7096
f 8407 7222 4912
f 8781 7222 7136
f 8069 8070 7224
f 8070 8071 7223
f 8859 7033 7384
f 7990 9306 9304
f 2160 2159 7334
f 8827 7335 7043
f 7145 8827 7370
f 7340 8830 7159
f 8271 7227 2170
f 8271 8832 7227
f 7059 8902 8884
f 7228 8883 8325
f 8324 7229 2176
f 8324 8877 7229
f 7641 8218 8221
f 9096 7570 9095
f 8837 8795 7231
f 7231 8795 8796
f 9540 8458 7565
f 8498 9550 7583
f 6933 6934 7429
f 8783 7233 7083
f 4939 4938 7430
f 7234 8878 7467
f 7473 7235 7139
f 7431 8880 7179
f 5000 4999 7432
f 7714 7223 8078
f 8743 7237 5002
f 8784 7237 7142
f 7143 9374 7606
f 7433 7097 7170
f 8785 7239 7159
f 8754 7239 7153
f 7240 4987 2179
f 8787 7084 7241
f 8787 7240 8786
f 8780 7241 7084
f 8379 8378 7416
f 9138 9648 9137
f 9118 9302 8615
f 7208 8001 9045
f 9035 7243 9303
f 9337 8045 9339
f 6995 7764 8299
f 8940 7555 9621
f 8335 7405 9501
f 9518 8420 8421
f 7737 4966 7419
f 7952 7314 8817
f 7372 7248 7144
f 8788 7086 7168
f 7290 7249 7146
f 8858 7435 7093
f 7466 7250 4997
f 8789 7107 8668
f 7251 8789 8668
f 9264 7951 8882
f 7252 8791 8793
f 7125 8790 8792
f 8627 7081 8814
f 8795 8837 7253
f 8629 7081 8627
f 9588 8628 9611
f 8797 8798 7255
f 9205 6992 9620
f 8388 7538 8387
f 9348 7000 9347
f 9544 9536 7257
f 8460 8465 7257
f 9521 8429 8430
f 7260 8956 8934
f 9479 9483 8289
f 8957 7456 8932
f 9489 8297 7365
f 8926 8925 7545
f 9276 7961 9251
f 7981 9294 8638
f 8771 8772 8773
f 7811 9165 7363
f 8325 8883 7132
f 7550 8772 8775
f 4902 4901 7435
f 7148 7373 7049
f 7378 7148 7049
f 7918 7265 7122
f 7949 7266 5028
f 7149 7436 7050
f 7440 7149 7050
f 7267 8885 7604
f 7664 7268 4949
f 8801 7106 8390
f 7269 8801 8390
f 9366 8066 9367
f 8751 7270 4951
f 8802 7270 7150
f 7272 7271 7151
f 8661 7102 7178
f 8662 7151 7073
f 7272 8663 8101
f 7274 7273 7152
f 7273 8805 7501
f 9440 7075 8198
f 7274 9439 7924
f 7154 8783 7795
f 7408 7275 7108
f 7277 7276 7155
f 7276 8806 7633
f 8923 7076 7532
f 8240 9453 7036
f 8807 7278 7156
f 8758 7278 7157
f 7600 7279 6938
f 8587 9580 7112
f 8809 7280 7279
f 7280 7037 7566
f 7634 7281 6966
f 8811 7282 8810
f 8810 7282 7281
f 7282 7039 7503
f 7164 7298 8104
f 7867 7283 9202
f 7531 8350 8351
f 8904 8892 8893
f 7898 7899 7540
f 8698 8699 9236
f 7889 8602 8695
f 7895 9229 7894
f 7382 2154 2153
f 7167 7701 7062
f 7703 7167 7062
f 7383 7094 7169
f 8754 7289 2167
f 8814 7289 7153
f 8564 7146 7063
f 7290 8565 8103
f 8720 7291 8724
f 8720 8719 7291
f 7999 9314 9315
f 9309 7997 7305
f 8003 9316 9318
f 8041 9325 7658
f 7295 7294 7161
f 7294 8816 7635
f 7161 8842 8843
f 7295 7040 8093
f 7444 7296 7162
f 7949 7296 7124
f 7607 7297 7163
f 8273 7297 7129
f 4936 4935 7863
f 8104 7283 8812
f 7633 7299 6948
f 7166 7637 7060
f 7639 7166 7060
f 7602 7300 7114
f 8507 7301 7170
f 8742 7301 7141
f 8761 7302 2151
f 7302 7160 8823
f 7997 9311 7305
f 8005 7293 8003
f 9074 9062 9063
f 8141 8164 8140
f 7027 8075 8076
f 7996 9076 8002
f 8041 7308 8015
f 9409 8148 9408
f 9153 7782 9154
f 9003 7005 8980
f 9322 7663 8011
f 8139 8140 7657
f 8890 8865 7309
f 7969 9286 9284
f 6981 8168 8169
f 7960 9276 9247
f 7609 9098 8591
f 7449 8593 8392
f 7614 8982 8596
f 7819 8249 8694
f 7088 8978 7608
f 7137 7705 7219
f 7140 7247 7952
f 7316 8183 8184
f 9432 8192 9436
f 9435 8190 8191
f 8185 7316 8184
f 7928 9248 9249
f 7857 8049 9343
f 7002 8260 8088
f 8513 8514 8657
f 7015 7796 9158
f 7319 8513 7567
f 9161 7799 9577
f 9624 8635 7800
f 8121 9397 8688
f 7504 7321 7168
f 8272 7321 7128
f 4921 7173 7322
f 7098 7322 7173
f 8818 7323 7174
f 8753 7323 7152
f 8742 7324 5009
f 9602 7715 7141
f 7175 9033 7802
f 7464 7325 7104
f 8666 4945 4944
f 7176 7805 7064
f 7807 7176 7064
f 8801 7664 7106
f 8759 7328 6964
f 8819 7328 7158
f 7329 7183 9515
f 8762 7329 7160
f 7665 7330 7185
f 8408 7330 7137
f 8824 7331 7186
f 8747 7331 7146
f 8389 7332 5038
f 7127 8736 8738
f 8667 7333 7220
f 7180 4995 7333
f 2159 7169 7334
f 7095 7334 7169
f 7225 8828 7335
f 8287 8280 8279
f 8288 8287 7020
f 8282 8052 9349
f 9179 7856 9178
f 7824 8173 8188
f 9175 7337 9174
f 8057 9355 9356
f 9344 9345 7337
f 7823 8316 8317
f 8829 7340 7226
f 8760 7340 7159
f 7341 8832 8792
f 8833 8834 7342
f 8835 7871 9615
f 7342 7870 7545
f 9535 8837 7231
f 8938 9620 6992
f 7645 9001 8997
f 9000 9006 7651
f 8156 8157 7653
f 9455 8242 9606
f 7474 8894 8903
f 8905 7346 8903
f 8681 7621 8679
f 8686 9631 7624
f 8352 8353 7460
f 7511 9241 8433
f 8838 8839 7349
f 8703 7684 9476
f 8508 7350 7178
f 8745 7350 7144
f 7601 7351 6942
f 8840 7351 7113
f 8588 7181 7067
f 7600 7352 7112
f 7612 7353 7187
f 8404 7353 7130
f 8841 7354 7190
f 8763 7354 7161
f 7919 7355 4908
f 8391 7355 7123
f 7716 9034 7069
f 8407 7356 7136
f 8844 7357 7198
f 8756 7357 7155
f 6969 7200 7358
f 8846 7358 7200
f 8327 7363 8537
f 7071 8667 8848
f 7138 8327 7359
f 7361 8856 7864
f 7391 8340 8601
f 7369 8857 7033
f 9487 9489 8292
f 8299 7385 9659
f 8537 7359 8327
f 8854 7366 8852
f 8327 8851 7363
f 8852 8853 7364
f 8541 7457 8540
f 8046 9660 9341
f 8274 7366 8851
f 8580 7368 8579
f 8850 7021 7864
f 8856 8857 7369
f 8578 7366 8274
f 8577 7017 8576
f 7033 9264 8668
f 7369 8668 7865
f 7043 8283 8284
f 8829 7370 7092
f 8053 8054 9351
f 8630 8631 7538
f 7372 8862 7395
f 7392 7086 7372
f 7264 8858 7373
f 7093 7290 8103
f 8120 9394 9392
f 7049 8362 7667
f 8963 8633 8659
f 8123 9009 9010
f 8561 9625 8560
f 8616 7595 8557
f 7578 8549 9571
f 9126 7769 8548
f 8567 7379 8566
f 7122 7265 7378
f 7379 8567 8568
f 8570 8572 8569
f 8619 8618 7582
f 7380 8526 9561
f 8556 8558 7581
f 7771 9132 9130
f 7177 7382 2153
f 9029 7382 7099
f 7383 7288 9032
f 7169 2158 7383
f 8343 7361 8340
f 8358 8615 8357
f 8339 8340 7391
f 8342 8339 8338
f 9490 8293 8296
f 8046 9341 9342
f 9667 7454 8398
f 7483 8289 9483
f 7727 9057 9046
f 7244 9038 7726
f 9056 8614 7729
f 8347 7725 8346
f 8343 9504 7384
f 7243 9305 9303
f 8340 7864 8601
f 9166 7812 8601
f 7144 8862 7372
f 7026 7978 8608
f 7026 7977 7978
f 7960 7675 9617
f 8860 8861 7026
f 7394 7975 7962
f 7395 8860 7372
f 7395 8862 8863
f 7396 7962 7963
f 8167 8168 7826
f 7963 9282 7396
f 7317 8176 8177
f 9281 7398 7967
f 9289 7966 7973
f 7102 8101 8102
f 8865 8890 7399
f 8863 8864 7399
f 7985 7401 7984
f 7986 9301 7403
f 8066 9364 8320
f 8427 9533 8449
f 8431 7512 9521
f 8066 9366 9364
f 8504 8135 8136
f 7587 9470 8255
f 7968 9297 7983
f 8855 7364 8853
f 8333 8334 9501
f 7393 8866 7406
f 7504 8276 9477
f 7182 7407 6962
f 7183 7407 7100
f 7275 7408 4896
f 7186 7408 7108
f 8531 9565 7069
f 7410 9398 9399
f 7779 9137 9648
f 9199 9152 7780
f 7776 9139 9150
f 9388 9390 8118
f 9139 7777 9138
f 9131 9134 6991
f 6991 9130 9131
f 9129 8163 7772
f 9122 8161 8162
f 9407 7307 8144
f 9127 7769 9121
f 8385 9112 7756
f 7754 8383 8382
f 8380 8381 8245
f 4974 7417 4975
f 7417 7165 8515
f 8272 7418 4963
f 8105 7418 7128
f 8472 7189 7070
f 7737 7101 7247
f 8406 7420 4914
f 7420 7135 7814
f 8275 7203 7079
f 8082 7421 7126
f 8867 7422 7213
f 7173 4920 7422
f 8404 7423 4930
f 7423 7130 7920
f 7815 7216 7091
f 8505 7424 7134
f 5035 7193 7425
f 8869 7425 7193
f 8871 7426 7218
f 8764 7426 7162
f 8874 7427 7219
f 8765 7427 7163
f 7131 8774 7505
f 8574 7215 8780
f 8758 7429 6934
f 7157 7318 7921
f 8766 7430 4938
f 7430 7164 8812
f 8879 7431 7235
f 7179 4943 7431
f 8748 7432 4999
f 8881 7432 7147
f 7433 7238 8977
f 7170 5006 7433
f 7434 8883 8884
f 8925 8775 7490
f 4901 7249 7435
f 7435 7249 8815
f 7266 7124 7436
f 8510 8511 7437
f 8485 8486 7438
f 8486 8488 7437
f 8886 7045 7445
f 7006 9103 9105
f 8481 7446 8392
f 9259 9263 7579
f 9078 8644 7050
f 8885 7267 7440
f 8512 9078 7050
f 7738 9079 9080
f 9664 7491 9458
f 8212 7534 8211
f 9088 8130 9080
f 9090 9091 7936
f 7162 8872 8873
f 9553 9552 7045
f 8888 7449 8887
f 8489 7438 8486
f 7445 8873 8887
f 8889 8392 7446
f 9103 7745 9099
f 9546 8482 7447
f 9107 7448 9102
f 9556 8652 7749
f 7311 8592 8593
f 8889 8886 7445
f 9109 7751 8382
f 9574 9206 7872
f 8355 8356 7309
f 7451 8356 7977
f 7401 8636 7972
f 9288 9286 7969
f 9550 8499 9551
f 7964 9278 9280
f 8398 7455 9491
f 8611 8291 8613
f 7456 8957 8958
f 8542 8539 8540
f 7550 8929 8930
f 7012 8925 8926
f 7557 8956 8955
f 7628 8991 7259
f 9595 8989 7626
f 8301 8302 7729
f 8940 8946 7555
f 8421 8423 7508
f 8428 7509 8422
f 7496 8426 8425
f 7910 7912 7471
f 7913 7471 7912
f 7053 7613 8394
f 9273 9272 7958
f 7956 8985 8986
f 7540 7896 7898
f 7325 7464 5012
f 7184 7464 7104
f 7184 7465 5014
f 7465 7105 9007
f 7180 7466 4996
f 7466 7107 8789
f 7867 7089 8812
f 8891 7139 7467
f 8893 7468 7284
f 8892 7467 7468
f 7470 9644 9093
f 7494 7469 8698
f 9093 7284 7868
f 7912 7910 7911
f 7740 9505 7914
f 9231 7900 9230
f 7620 7472 9237
f 7347 8425 7507
f 8891 7473 7139
f 7469 7494 8904
f 8894 7474 7473
f 8413 7475 8896
f 7475 8895 8896
f 7475 9516 8897
f 8973 8898 7594
f 7479 8973 8899
f 7476 8843 8898
f 9427 9428 6982
f 8176 7317 9425
f 7825 8173 8174
f 7591 8972 7028
f 8204 8536 7477
f 7315 9431 8190
f 7480 9435 8473
f 9352 9350 7481
f 8057 9354 8799
f 8189 7338 8188
f 7833 8060 8310
f 8611 8612 7673
f 8680 7246 8697
f 8682 7625 8683
f 8676 8677 7622
f 8113 7789 9385
f 7787 8478 8479
f 8364 7792 8363
f 7696 9026 7931
f 7783 8263 9472
f 7790 8364 8365
f 8259 7931 9252
f 7694 7022 7693
f 7689 8111 8115
f 8021 7734 8020
f 8902 7490 8901
f 7490 8902 8836
f 8482 7438 8481
f 8647 8648 7439
f 9083 9084 9089
f 9079 7738 8488
f 8590 8591 8592
f 9003 9004 7005
f 8903 8894 7494
f 7495 8698 7009
f 7912 7472 8306
f 7346 8905 8906
f 8907 7009 7497
f 8418 7498 8414
f 8910 7507 8426
f 7495 8907 8906
f 8419 8420 8417
f 7806 8439 8440
f 8416 7499 8415
f 8441 8443 7808
f 7500 7524 7514
f 8911 7519 7500
f 7273 7501 4926
f 7501 7111 8981
f 4972 4971 8669
f 7590 7502 7110
f 7514 7503 7039
f 7503 7514 7524
f 7168 7086 8276
f 7504 7044 8670
f 7505 7054 8776
f 7428 8575 8574
f 8771 7054 8770
f 8579 7368 8577
f 7620 7507 8910
f 8424 7508 8423
f 8422 8649 7510
f 8422 9518 8421
f 8428 9668 7509
f 8448 8449 6994
f 8436 8434 9526
f 9525 7511 8433
f 7459 8989 8990
f 9243 7922 9622
f 9241 7511 9240
f 8452 8451 7810
f 9549 8494 7585
f 8496 7585 8494
f 7517 7514 7039
f 7500 7514 8911
f 7517 8359 8360
f 7002 8094 8095
f 7516 8911 7517
f 8099 8313 7515
f 8811 8359 7039
f 7517 7515 8313
f 8083 8087 7120
f 7518 8087 8084
f 7519 8912 8913
f 7869 7524 7500
f 8913 8914 7520
f 7094 8277 8278
f 8913 7522 8918
f 7711 7763 7522
f 7522 8913 8919
f 7521 8918 7763
f 8916 7520 8915
f 7703 7710 8277
f 7500 8917 7869
f 8822 7182 8821
f 8920 7869 9203
f 7525 9203 8412
f 7134 8921 7526
f 8922 7526 9226
f 9168 7891 7048
f 8351 7891 9225
f 7048 9167 9168
f 9171 7820 9465
f 7528 7817 9169
f 8322 9653 8606
f 9655 8707 7885
f 9217 7880 8624
f 7528 7915 7917
f 9238 8348 7531
f 8106 7532 7076
f 8924 8106 9384
f 8845 7076 8844
f 7562 7072 7563
f 8207 8209 7533
f 9255 6997 8065
f 7535 8213 8235
f 9443 8216 7638
f 8207 8992 7536
f 7117 8354 7193
f 9433 7676 8186
f 7537 7926 7927
f 7371 9351 8055
f 8630 8632 8628
f 7539 9230 7899
f 7906 7539 7899
f 7903 7897 9234
f 7895 7896 7541
f 8622 7542 8624
f 9209 7875 9211
f 8345 8623 7886
f 9213 6978 8304
f 9213 8304 7877
f 8677 8678 7622
f 8372 9328 8019
f 8013 8020 8026
f 9204 7546 7870
f 7547 8926 7870
f 8938 7554 8937
f 8956 8454 7553
f 8933 7546 8937
f 8454 7547 8933
f 8929 8931 7549
f 7012 8927 8928
f 8584 7560 8583
f 8581 8582 7813
f 7550 8928 8929
f 8773 8772 7550
f 7732 8042 8043
f 9049 9050 7209
f 8004 8006 9319
f 6990 9059 9060
f 8934 8937 7554
f 8454 8956 7557
f 8466 8942 8950
f 8936 8935 7554
f 8943 7258 8949
f 8954 7260 8953
f 7923 9240 9243
f 9242 7922 9240
f 7260 8954 8955
f 7456 8931 8932
f 8935 8953 7260
f 9493 8297 8298
f 7457 8543 8542
f 8959 7560 8958
f 8399 7455 8398
f 6985 8582 8583
f 7561 8946 8947
f 9670 9566 8455
f 7072 8960 7563
f 8736 8737 7029
f 8207 7629 8992
f 8737 7563 7029
f 7014 8632 8388
f 8462 9541 8344
f 8458 9537 7565
f 8461 7836 8460
f 7567 7566 7037
f 8513 7077 7566
f 8585 7568 7571
f 8961 7319 7567
f 8048 7741 9095
f 8961 8962 7569
f 7571 7573 8962
f 8633 8634 7569
f 9095 7570 8048
f 7576 8561 8562
f 8586 7572 8585
f 7571 7568 7573
f 7572 8586 8587
f 8234 7067 9451
f 7568 9094 8659
f 8633 7569 7573
f 9094 7568 8520
f 8963 8964 7575
f 9094 8048 7574
f 9576 9584 8563
f 9097 8966 8967
f 8965 7212 8969
f 7577 8965 8969
f 9572 8559 8550
f 7743 8265 8266
f 8549 9570 8548
f 7767 7439 8521
f 8553 8554 7580
f 9256 7943 7942
f 9120 7415 9121
f 8522 8546 9568
f 8524 9586 9557
f 8523 8556 9575
f 6998 8569 9008
f 7986 8135 8637
f 7402 8497 8498
f 8497 7585 8496
f 8502 8500 8501
f 7402 8503 8497
f 7513 8491 8493
f 8490 8491 7513
f 7589 9295 8257
f 8492 9548 8256
f 7556 8946 8943
f 7589 9294 9295
f 8638 8639 7588
f 9299 9294 7589
f 7834 8725 8726
f 7110 7591 7590
f 7591 7593 7590
f 7837 7592 8972
f 7593 7591 7028
f 9437 7056 8193
f 8899 8900 7480
f 8899 8973 7028
f 7593 7109 8515
f 7593 7028 8973
f 7594 7085 8841
f 7376 8558 8557
f 8617 8620 7595
f 7596 7679 7681
f 7596 7686 7687
f 8107 7688 6986
f 7597 7690 9021
f 7598 8467 7696
f 7955 9266 8201
f 7417 7599 6976
f 7190 7599 7109
f 7352 7600 6939
f 7600 7112 8809
f 7191 7601 6943
f 7351 7601 7113
f 7300 7602 6945
f 7191 7602 7114
f 7192 7603 5033
f 7193 7603 7117
f 7267 7604 5031
f 7192 7604 7118
f 8976 8975 7042
f 7605 8530 8531
f 9373 7206 8079
f 8977 7238 7606
f 7163 8875 7608
f 8589 7607 7046
f 7705 7313 8468
f 9098 7745 8591
f 7609 8700 8701
f 9104 9101 7493
f 8979 7610 8468
f 8516 7609 8702
f 9544 9534 8456
f 9534 9544 7611
f 7613 8981 7111
f 8594 7612 7053
f 7111 7924 7613
f 7924 7925 8394
f 7034 7925 7924
f 7614 8393 8982
f 7034 8199 8200
f 8986 9266 7955
f 7274 9440 9439
f 7698 8202 8203
f 7617 8982 8983
f 7617 8597 8596
f 9267 6996 9268
f 9465 7820 9466
f 8202 8307 6996
f 8027 7489 8032
f 7911 7916 9237
f 8651 8424 7620
f 8679 8676 7622
f 7621 8681 8685
f 8676 7461 8675
f 9211 8471 7543
f 7875 9209 9210
f 9114 9115 7483
f 9631 7626 8987
f 8436 9632 8988
f 9116 9117 7761
f 7760 9115 9114
f 8682 7246 8680
f 8682 9595 7626
f 8991 9011 7671
f 8991 7628 8990
f 9530 9531 8438
f 8437 7511 9525
f 8995 7629 7533
f 7563 8992 8993
f 8106 9383 8995
f 8993 8994 7029
f 7906 7907 7539
f 8677 8996 7632
f 9545 8996 7286
f 8677 7632 9593
f 7276 7633 6949
f 7299 7633 7119
f 7199 7634 6967
f 7634 7120 8810
f 7294 7635 6971
f 7635 7121 9376
f 8092 7838 8091
f 8260 8085 8088
f 7299 7119 7637
f 8239 8240 7638
f 8214 7036 8212
f 8215 9443 8214
f 8396 8061 7060
f 7114 7300 7639
f 8396 8216 8217
f 8221 8225 7641
f 8217 7640 8396
f 8231 8218 7641
f 8237 9445 8236
f 9260 7941 9257
f 9085 9086 7936
f 8267 7744 8268
f 8227 7644 8226
f 7644 9450 8229
f 7645 8519 9001
f 8997 8998 7645
f 7666 7052 7665
f 7839 7030 7841
f 7030 7843 7847
f 9189 7850 9634
f 7840 7104 7842
f 9181 7648 7844
f 7649 8998 8999
f 9004 9635 7650
f 8999 9633 7649
f 9454 9108 8241
f 9000 9634 7850
f 8544 7652 8517
f 8148 9409 7345
f 9607 9606 8241
f 7651 8999 9000
f 8149 8150 6988
f 8156 6988 8150
f 9405 8141 8142
f 9193 9194 8017
f 9420 8146 9410
f 8369 8368 6977
f 9407 9412 7307
f 6988 9190 9188
f 8039 8040 7304
f 8040 8138 7304
f 7308 8014 8015
f 9319 8007 7308
f 8019 7659 8018
f 7801 8715 8038
f 8003 7293 8002
f 6990 9060 9062
f 8008 7663 8007
f 7662 8006 8033
f 8010 9336 8044
f 8008 8011 7663
f 7308 8007 8014
f 4948 7664 4949
f 7106 7664 7327
f 7666 9007 7105
f 8518 7665 7052
f 7839 7666 7105
f 7666 9180 9001
f 9395 8123 9605
f 8568 8569 7379
f 8616 8617 7595
f 7668 8618 8619
f 8089 9378 8094
f 8174 8175 7825
f 7682 7670 7681
f 7682 9017 7670
f 7671 9011 9012
f 9492 8541 7672
f 7672 9012 7673
f 9492 7365 8297
f 7458 8683 8687
f 7483 8291 8611
f 9013 7044 8866
f 9014 7674 9246
f 8866 9617 9013
f 9245 7926 7537
f 7675 9247 9246
f 8186 7537 8185
f 7233 7677 6932
f 7154 8755 7930
f 8474 7678 7126
f 7596 7680 9016
f 7678 9015 7679
f 7679 9015 7681
f 7022 8328 7693
f 8671 8672 7098
f 7682 7681 7041
f 7686 7681 7670
f 7126 8275 8474
f 8704 9018 7684
f 9636 9028 7699
f 8119 7699 8118
f 7079 7814 8703
f 7684 8703 8704
f 7685 8599 7699
f 8109 7709 8108
f 7670 7700 7686
f 7687 7688 7597
f 6986 9020 7700
f 7693 7687 7597
f 9020 7688 7687
f 8107 7689 7690
f 9387 8117 7485
f 7689 8110 8111
f 8115 8116 7689
f 8116 7691 9021
f 9026 7488 7931
f 8467 7598 7694
f 8363 7792 8318
f 8024 7544 8376
f 9022 7597 9021
f 8672 8328 7022
f 9022 9023 7597
f 7988 7695 9024
f 7988 7694 7598
f 8198 8199 7034
f 7931 7488 9252
f 9027 7598 7696
f 8027 8029 7489
f 8307 7698 7933
f 7696 7931 7933
f 6996 8201 8202
f 9600 9028 9636
f 7786 8118 9390
f 8598 7700 7670
f 9020 6986 7688
f 7287 9029 7701
f 8411 7702 9030
f 7701 9029 9030
f 9031 7702 7016
f 7710 7703 7062
f 9032 7288 7703
f 7311 8593 8888
f 8871 7704 7087
f 7313 8979 8468
f 8874 7705 7088
f 7578 9628 8549
f 8331 9500 9261
f 7439 9458 9459
f 9123 7872 9206
f 7946 9263 9259
f 8647 7439 7767
f 9387 7485 9386
f 8107 8110 7689
f 7711 7710 7062
f 8277 7710 7523
f 7702 7711 7062
f 7711 7522 8919
f 8329 7712 6956
f 7197 7712 7115
f 7197 7713 6954
f 7198 7713 7116
f 9618 7432 8881
f 8070 9369 7074
f 8723 7715 7291
f 9033 7715 7057
f 9565 7716 7069
f 8782 7716 7409
f 9118 7764 7717
f 9119 9035 7764
f 9337 9338 8045
f 9035 9036 7243
f 8045 7718 9119
f 7726 9038 7719
f 9039 7720 9038
f 9044 9059 9061
f 9041 7720 9039
f 9070 9071 7731
f 9041 9047 7721
f 9064 7851 9063
f 9042 9040 7244
f 7730 9047 9048
f 9040 7723 9039
f 9051 9053 8303
f 9053 9051 9052
f 9213 9214 6978
f 7719 9036 9037
f 8045 9338 7726
f 8330 7728 9058
f 7724 9042 9046
f 7728 9057 9058
f 9585 8294 8614
f 8614 7245 9585
f 7484 9209 8301
f 7209 8401 9642
f 9638 9060 9637
f 9073 8401 7209
f 9064 9070 9072
f 9220 9656 7887
f 7210 9320 8009
f 8042 9220 7887
f 7736 8013 8026
f 8022 7888 8081
f 9333 8029 7735
f 8710 8711 7211
f 7882 9653 9218
f 9331 9332 7853
f 8023 9330 8013
f 4966 7737 4967
f 7101 7737 7419
f 7050 8510 8512
f 7739 9079 9081
f 7739 9082 9087
f 9088 9401 8130
f 7867 7868 7284
f 8350 8348 8349
f 8520 7741 9094
f 9095 7741 9555
f 7644 8227 8232
f 8228 8226 7644
f 8222 8224 7230
f 7570 9096 9097
f 8691 7941 8268
f 9097 9645 7940
f 7745 9098 9099
f 8592 7311 8590
f 7746 9099 9100
f 7748 9105 9106
f 9607 9101 9104
f 7750 9107 9108
f 8653 7749 8652
f 7447 8481 8480
f 9646 8655 7448
f 9125 8521 7766
f 7750 9108 9110
f 7750 9109 9646
f 9110 9111 7751
f 7751 8381 8382
f 8244 9454 8242
f 9597 8243 9598
f 9511 9512 7450
f 8653 8654 7749
f 9111 8245 7751
f 8383 8384 7756
f 9412 9413 7307
f 7755 9416 8154
f 8384 8385 7756
f 9208 7872 9207
f 8160 8161 7416
f 9120 9121 7765
f 8154 9418 8160
f 9419 9154 7784
f 9207 7759 9512
f 9124 9123 7766
f 8687 7673 7458
f 7761 9115 9116
f 9116 7625 7762
f 9494 7484 8301
f 8684 7625 8680
f 7762 8684 7875
f 7711 7702 7763
f 9031 7763 7702
f 7764 8300 8299
f 9119 7764 6995
f 7765 9126 8554
f 7765 9647 9112
f 9125 7767 8521
f 7766 7749 8654
f 8331 7767 9125
f 8646 8647 8331
f 7946 7948 7708
f 9461 8248 8246
f 7770 9127 9128
f 8548 7769 8547
f 7771 9130 9133
f 9132 7770 9130
f 9221 9222 7771
f 9569 9132 8546
f 9122 7415 9120
f 9141 7773 9134
f 7773 9141 9142
f 9135 9137 7779
f 7774 9142 9143
f 7785 9390 9155
f 7785 9155 8469
f 9152 9151 7780
f 7776 9150 9151
f 7777 9139 9140
f 8126 9400 9140
f 8528 8529 9564
f 8526 7380 8571
f 9221 7771 9133
f 9224 7890 9223
f 6991 9134 9135
f 7699 9389 9388
f 9199 9201 7866
f 9145 7781 9144
f 9156 8469 7202
f 9144 7781 9143
f 7414 9417 8159
f 8262 7656 8261
f 8264 9472 9473
f 7784 9144 9146
f 9423 8160 8155
f 9149 8469 7775
f 9156 7202 9157
f 7786 9156 9157
f 8118 9386 7485
f 7202 9147 9148
f 7487 8477 8478
f 7487 8475 8477
f 8117 8109 7485
f 7790 8365 8366
f 9385 7486 8112
f 8476 8366 8475
f 8367 7791 8370
f 8367 8369 7791
f 8370 7792 8364
f 7544 8024 8025
f 8114 7692 8115
f 8262 8263 7783
f 8261 7656 9420
f 8643 7794 7118
f 7794 7035 8127
f 7796 7795 7083
f 7108 7275 7795
f 9158 7796 7083
f 7797 7796 7015
f 9159 7797 7015
f 8824 8825 9651
f 8514 7800 9160
f 9163 9162 7798
f 7799 9162 8120
f 8564 8565 7290
f 9160 7798 9159
f 7319 8961 9624
f 8005 8037 7293
f 7648 9181 9182
f 8470 7802 7057
f 7104 7325 7802
f 7803 8470 7804
f 7030 7842 7843
f 8719 8723 7291
f 7804 9187 7845
f 7103 9164 7326
f 8897 7806 9164
f 7806 7064 9164
f 7025 8415 8439
f 8674 7807 7064
f 7106 7327 7807
f 8440 7064 7806
f 8442 7809 8441
f 8441 7808 8440
f 8447 8444 8445
f 8453 8332 8452
f 8498 8504 7402
f 7811 7363 8851
f 7812 8706 7405
f 8706 7811 7364
f 7405 8336 9502
f 7813 8580 8581
f 7813 8582 8333
f 8838 7814 7135
f 8703 7814 7349
f 7815 7091 9463
f 7815 9167 8921
f 9464 9463 7091
f 7817 7528 7891
f 7819 7817 9168
f 7915 9170 9172
f 7818 9169 7819
f 7008 8984 9630
f 8249 7819 7816
f 7819 7008 9173
f 9173 7818 7819
f 9272 9273 7618
f 8315 6983 8314
f 9175 9174 7823
f 7515 8096 8099
f 8096 7515 8095
f 8316 7821 8315
f 8317 9177 7823
f 7825 8170 8173
f 8196 7826 8168
f 7339 9380 8098
f 8166 8167 8170
f 8166 8170 7825
f 7317 8165 8166
f 7831 9403 8134
f 7974 8171 8172
f 7397 8132 8133
f 8132 9402 8645
f 8090 7669 8094
f 9381 8100 7829
f 8321 8180 7830
f 8179 7831 8178
f 8185 8194 7316
f 9404 7397 8133
f 8310 8311 7833
f 7832 8310 8312
f 9290 7398 9289
f 7834 9359 8725
f 8728 8727 7835
f 8059 9603 9356
f 8257 9471 9658
f 9604 8730 8731
f 7836 8461 8463
f 9467 7258 8941
f 8741 7110 7196
f 9437 7837 7056
f 7040 8204 8205
f 8088 8089 7002
f 7840 7839 7105
f 7847 7841 7030
f 7184 7840 7105
f 7104 7803 7842
f 9002 7841 7647
f 9180 7841 7646
f 7843 7842 7803
f 7030 7840 7842
f 7844 7803 7804
f 7847 7647 7841
f 9181 7804 7845
f 8533 7844 7648
f 9186 7007 8716
f 9182 9183 7846
f 7846 9183 8395
f 8151 8138 8149
f 7843 8533 7847
f 9190 7850 9189
f 8533 7848 7847
f 7648 9182 9184
f 7849 8151 8149
f 9188 8149 6988
f 9191 7850 9190
f 9191 9000 7850
f 9321 8009 7662
f 8033 8137 7851
f 9310 8002 7293
f 7996 7997 9309
f 8259 8323 8035
f 8114 8318 7692
f 9192 6977 8375
f 9326 7306 8610
f 8374 6977 8368
f 8142 9194 9195
f 7823 9177 9178
f 9343 9196 7857
f 7857 9196 7892
f 9197 9348 7857
f 7858 9197 7892
f 7858 9228 8058
f 8229 8228 7644
f 8233 8234 9451
f 7861 7860 7114
f 7862 7859 9616
f 8061 7114 7639
f 7861 7640 8386
f 7860 7038 7862
f 8229 7862 7038
f 7096 7863 7221
f 4936 7863 7298
f 7367 8849 8850
f 7864 7021 8601
f 7865 7367 8856
f 9198 7865 7107
f 7051 8782 9609
f 7410 9152 9199
f 7089 7867 7468
f 7868 9202 7023
f 8349 7868 7023
f 9093 7868 7740
f 9031 7869 7521
f 9203 7869 7016
f 9204 7870 9615
f 7870 7546 8933
f 8834 8835 9615
f 9205 7343 9535
f 9512 7759 9113
f 7242 8554 8555
f 9574 7242 8555
f 7706 7947 9261
f 8382 8383 9511
f 9208 7874 7756
f 8471 7875 7623
f 9211 7543 9212
f 7876 9211 9212
f 8302 8301 8304
f 7893 7877 9212
f 9217 8305 7880
f 7877 7893 8305
f 7878 9217 9216
f 8623 7542 8622
f 8303 9215 9652
f 7896 7905 7541
f 8625 7881 8624
f 8604 7530 8603
f 7881 8621 8622
f 7530 7897 8603
f 7958 9274 9275
f 7888 8710 8712
f 8707 9219 7885
f 7881 8604 8605
f 7884 9219 7886
f 8605 8621 7881
f 9655 7882 9218
f 8711 9656 7211
f 7886 7551 8345
f 7211 9219 8707
f 7887 8022 8042
f 8028 7735 8029
f 8081 7734 8021
f 7905 7897 7530
f 8250 8322 9599
f 7890 9133 9223
f 9559 8525 9558
f 9225 7891 7528
f 9226 7891 7527
f 9227 7892 7338
f 9228 7892 7482
f 7894 7893 7543
f 8305 7893 7541
f 7543 8471 9545
f 7894 7286 7895
f 7898 7895 7286
f 7895 7898 7896
f 7897 7896 7540
f 7896 7897 7905
f 7902 7903 9234
f 7897 8602 8603
f 7906 7898 7286
f 7898 7906 7899
f 7909 9231 7908
f 7902 7540 7899
f 8349 9505 7740
f 9232 9233 7900
f 6989 7917 7915
f 9233 6989 7902
f 7902 7899 9230
f 7902 6989 7903
f 9235 7903 6989
f 8602 7897 7903
f 7904 9235 7915
f 8695 8696 7889
f 8625 7530 7881
f 7880 7541 7905
f 8996 7906 7286
f 7907 7906 7631
f 7631 8675 7907
f 7908 7910 7471
f 7907 8675 7910
f 7909 7908 7471
f 7471 7913 8534
f 9231 7285 7900
f 7907 7910 7908
f 7911 7910 7461
f 7911 7461 7916
f 7911 7472 7912
f 7472 8910 8306
f 7912 8306 7913
f 7009 9236 7913
f 7470 7914 8534
f 8534 7914 7909
f 9093 7914 7470
f 9233 7917 6989
f 7528 9169 9170
f 8679 7916 7461
f 8352 7916 7621
f 7901 9238 7917
f 9238 9225 7917
f 7265 7918 4905
f 7204 7918 7122
f 7204 7919 4907
f 7355 7919 7123
f 9582 8594 8595
f 9464 7312 8249
f 9158 7921 7318
f 7233 9239 7083
f 8945 7556 8944
f 9529 9242 8437
f 9657 7923 9244
f 8430 8432 8490
f 7274 7924 7111
f 7034 8200 7925
f 7615 8393 7925
f 8393 7614 8394
f 9247 7926 9246
f 7927 7926 7001
f 9250 7927 7001
f 9404 8134 9661
f 9249 9248 7927
f 8689 7831 8179
f 7929 9250 9251
f 7396 9282 8131
f 7154 7930 7677
f 4893 7930 4894
f 7692 8377 8115
f 7933 7931 7697
f 8319 9497 7692
f 8035 8036 8259
f 7933 7697 9253
f 7933 7698 9027
f 8035 7489 8036
f 9268 7934 9269
f 9085 9084 8248
f 9092 7938 9361
f 9643 8308 7945
f 8062 7443 9254
f 8691 9449 7643
f 8237 8062 9091
f 9084 7936 9089
f 8062 9254 7938
f 7535 8211 8213
f 8211 7534 8210
f 8266 8267 9645
f 8965 8966 8968
f 9260 9257 7944
f 9260 7944 9259
f 9262 7579 9263
f 8969 8970 7578
f 8551 8553 7580
f 8970 9628 7578
f 9258 7643 9448
f 9259 8308 7946
f 9448 7643 8223
f 9643 7937 9086
f 7946 8308 7948
f 7947 7946 7708
f 9261 7947 7708
f 7947 7706 9262
f 9462 6984 8248
f 8646 7948 7768
f 7296 7949 5027
f 7266 7949 7124
f 8736 7950 7115
f 7950 7029 8994
f 7951 8358 8357
f 8070 8357 7224
f 7247 7101 7952
f 8690 7952 7101
f 8128 9265 7954
f 7953 8128 8129
f 7536 8992 8960
f 7117 7794 8127
f 7615 8200 8201
f 7957 7956 8986
f 7956 9271 7958
f 9629 8985 9272
f 7957 9267 9268
f 9271 7956 7957
f 9274 7619 8714
f 7958 9275 9273
f 8030 8709 8714
f 9654 7883 9218
f 7979 7393 7978
f 7961 7962 7396
f 9293 7962 7961
f 7961 7396 8645
f 9293 7960 7979
f 7963 7975 7310
f 9277 7963 7310
f 9281 7963 9277
f 9278 7964 9277
f 7964 9280 9289
f 8607 7969 9279
f 9284 9283 7965
f 8638 9298 7453
f 8725 7833 8732
f 7398 9290 8172
f 7967 8172 8131
f 9298 7980 9297
f 7966 9283 9285
f 7965 9278 9279
f 9288 9287 7970
f 9288 7452 7971
f 8640 8639 7970
f 7971 9287 9288
f 8355 7971 7452
f 8355 7972 7971
f 7972 9506 7984
f 7973 7966 9285
f 8311 7974 9291
f 7974 9290 9291
f 6981 8169 8171
f 7962 7975 7963
f 7975 7394 7976
f 7977 7976 7394
f 7976 7977 8356
f 7978 7977 7394
f 9292 7451 7977
f 7979 7978 7394
f 7978 7393 8608
f 7962 7979 7394
f 7393 7979 7960
f 7980 9298 8638
f 9297 9299 7983
f 8501 7981 7588
f 9295 9296 7982
f 7982 9296 8255
f 9665 9471 8257
f 7983 9299 9300
f 9285 7983 7261
f 8865 7984 7309
f 7400 9382 7985
f 7400 7985 7984
f 7986 7985 7024
f 7272 8662 8663
f 7986 7403 8135
f 8664 7986 7024
f 9366 9367 8068
f 8203 7988 7598
f 8734 7616 8199
f 7989 9303 9305
f 7989 9304 8069
f 7990 9305 8001
f 9307 7991 9370
f 9640 7990 8001
f 9069 7992 9068
f 9044 7208 9043
f 9066 9308 7994
f 8074 7206 8080
f 8071 8072 7223
f 9308 9066 7995
f 9372 8076 7994
f 9061 9066 7992
f 9075 9076 9639
f 9639 9076 7995
f 8037 7997 9310
f 9310 7997 7996
f 8717 7998 9312
f 9315 9313 7999
f 8076 8077 7027
f 8720 8721 7292
f 7170 7097 8309
f 8722 7999 8721
f 7097 9373 8079
f 9036 8001 7243
f 7719 9038 9045
f 8197 7852 8137
f 8197 9317 8002
f 9316 7661 8006
f 8003 9318 8005
f 8004 9316 8006
f 7308 8041 9335
f 8039 7304 8395
f 8037 8715 7303
f 7661 8137 8033
f 8006 7662 8007
f 8008 8007 7662
f 8014 8007 7663
f 8009 8008 7662
f 8008 9320 8011
f 8010 9321 8033
f 8009 8044 8034
f 9065 7851 9064
f 8043 8044 9336
f 7210 8013 8011
f 9322 9330 8012
f 9509 8371 7544
f 8018 7659 9323
f 8020 8013 7210
f 8013 7736 8023
f 8018 8014 7663
f 9325 8041 8015
f 8014 9323 8015
f 8140 8610 7306
f 9324 8015 9323
f 9327 7854 9193
f 9326 9324 8017
f 7854 9192 9193
f 9322 8018 7663
f 9329 8012 8373
f 8373 7544 8371
f 8373 8372 8019
f 8021 8034 7733
f 8020 7734 8026
f 8034 8020 7210
f 8021 7733 8022
f 8042 8022 7733
f 7887 8711 9601
f 8024 8023 7736
f 8373 8376 7544
f 9332 7736 8032
f 7792 8370 9509
f 8024 9331 8025
f 8318 8319 7692
f 8027 8026 7734
f 8032 7736 8026
f 8028 8027 7734
f 8027 8028 8029
f 8081 8028 7734
f 7888 8712 8713
f 8030 9333 8709
f 8031 7489 8029
f 9269 7957 9268
f 8030 9269 9270
f 9333 9270 8031
f 8031 7934 9253
f 8027 8032 8026
f 8035 8032 7489
f 7661 8033 8006
f 8010 8033 7851
f 8020 8034 8021
f 8009 8034 7210
f 7489 8031 8036
f 9332 8035 7853
f 8031 7697 8036
f 8259 8036 7697
f 8037 8005 8038
f 7997 8037 7303
f 8039 8038 8005
f 8395 7801 8038
f 8005 7660 8039
f 9334 7660 9335
f 7660 8040 8039
f 8138 8139 7657
f 9334 8041 7658
f 9335 7660 9318
f 8043 8042 7733
f 8042 7732 9220
f 8043 7733 8044
f 8043 7552 8403
f 8034 8044 7733
f 8044 8009 9321
f 8045 7726 9037
f 8342 9660 9340
f 8046 9337 9339
f 8047 9341 8296
f 9480 9481 8290
f 8330 9499 7728
f 8967 7570 9097
f 8967 8562 8048
f 8050 8052 9346
f 8049 9344 9343
f 9347 7000 9349
f 8287 8288 9346
f 8916 8915 8051
f 9174 9176 7821
f 8050 9344 9347
f 9347 9349 8052
f 8053 9349 8054
f 8282 8283 7043
f 8054 7000 9197
f 9352 8055 9351
f 9352 9353 8055
f 8285 8387 7538
f 8056 9353 8057
f 8798 8799 7564
f 9355 8057 7481
f 8057 9356 9354
f 9355 9350 8058
f 9357 8059 9356
f 9359 9358 8060
f 7834 8729 9603
f 8312 8310 8060
f 8060 7833 8725
f 7114 8061 7861
f 7060 8061 7639
f 9360 8062 7938
f 9086 9090 7936
f 9447 9446 7937
f 8221 8219 7642
f 8219 8220 7642
f 9442 7013 8215
f 7938 9254 9255
f 9362 8065 6997
f 9367 7073 8068
f 8067 9364 9365
f 8447 7809 8444
f 8320 8450 8451
f 7073 8802 8803
f 7032 9366 9368
f 8071 8069 7010
f 8069 8071 8070
f 9369 7223 7714
f 8357 7074 7951
f 8641 7010 9307
f 8072 8071 8641
f 8073 8641 7993
f 7058 8784 8078
f 8074 8073 7993
f 8080 7058 8073
f 7993 9370 8074
f 8076 7207 9067
f 8074 9370 9371
f 7027 9314 8079
f 8075 8074 9371
f 7305 9372 9308
f 9311 8077 7305
f 7998 9313 9315
f 7058 8078 8072
f 7714 8078 7142
f 7027 8079 8075
f 7097 8079 8000
f 8074 8080 8073
f 7206 7606 9374
f 8022 8081 8021
f 8028 8081 7888
f 7421 8082 4917
f 7213 8082 7126
f 8084 8083 7068
f 8083 8084 8087
f 8085 8084 7068
f 8260 7518 8084
f 8086 8085 7068
f 8085 7636 8088
f 8086 7068 8846
f 8093 8086 7121
f 8359 8087 7518
f 8811 7039 7282
f 7636 8091 8088
f 8088 8091 8089
f 9377 8089 8091
f 9378 8090 8094
f 8090 9378 8100
f 7669 9381 8098
f 8092 8091 7636
f 8091 7838 9377
f 7636 8086 8093
f 8092 7040 8205
f 7636 8093 8092
f 8093 7121 8816
f 8096 8095 9379
f 8089 8094 7002
f 9379 7669 8096
f 8095 7515 8360
f 8097 8096 7669
f 8096 8097 8099
f 8098 8097 7669
f 8097 9380 8317
f 9381 7669 8090
f 8175 8174 8098
f 8314 7822 8315
f 8912 8313 8314
f 8321 8100 7478
f 9426 8100 7830
f 7024 9382 8101
f 8101 9382 8102
f 7400 8865 8864
f 7065 8508 8509
f 7018 8733 8103
f 8103 8733 8361
f 8104 9613 9612
f 8813 9612 7096
f 7674 8105 7128
f 7189 8105 7070
f 9383 8106 7076
f 9384 8106 7533
f 7688 8107 7690
f 8108 8107 6986
f 9583 8109 8108
f 8108 7709 8110
f 9583 6986 8600
f 8119 9391 7685
f 8111 8110 8112
f 7709 8112 8110
f 8114 8111 7486
f 8111 8114 8115
f 8112 7709 8113
f 7486 8111 8112
f 8117 7709 8109
f 8477 8113 7788
f 8363 8114 7486
f 8114 8363 8318
f 7692 9497 8377
f 8115 8377 8116
f 8116 7488 9026
f 7690 7689 8116
f 7788 8113 8117
f 7709 8117 8113
f 8119 8118 7485
f 9388 8118 7699
f 9391 7485 8109
f 7699 8119 7685
f 9393 8120 7320
f 7018 9392 9394
f 8634 8635 7569
f 8688 9397 8124
f 8120 9393 8688
f 9396 8123 9395
f 7668 9008 9009
f 9605 7374 8733
f 9397 8609 8124
f 7375 9395 8688
f 8125 7866 8839
f 8531 7011 8532
f 8693 7409 8532
f 8126 8532 9400
f 8128 8127 7035
f 8127 7954 8354
f 8129 8128 7035
f 8128 7953 9265
f 8642 8129 7035
f 7442 9361 9363
f 7441 9078 9080
f 9088 7739 9087
f 8132 8131 7828
f 8645 7396 8131
f 7828 8169 9424
f 9402 8132 7397
f 9424 8132 7828
f 8165 8134 9404
f 8165 8133 7827
f 8182 7317 8177
f 8135 7403 8136
f 7583 8636 8637
f 8320 8136 7403
f 7402 8136 8451
f 8197 8137 7661
f 8137 7852 9074
f 8139 8040 7658
f 8149 8138 7657
f 8040 8139 8138
f 9326 8610 8016
f 8139 7658 8610
f 8141 8140 7306
f 8142 8141 7306
f 8141 7654 8164
f 9326 9194 7306
f 8142 7655 8143
f 9406 8143 7655
f 8148 7654 8143
f 9406 9407 8144
f 8144 7307 9411
f 9413 8692 7307
f 8544 8545 7652
f 9195 8158 9410
f 8538 8146 9420
f 7656 8262 8397
f 8147 9422 9413
f 8143 9406 9408
f 7345 9006 8157
f 8149 7657 8150
f 9184 8151 7849
f 7657 8140 8164
f 8156 7653 9191
f 8395 8151 7846
f 8138 8151 7304
f 9421 8159 8153
f 7752 9596 9414
f 9417 7414 9418
f 9414 9416 7755
f 9417 9418 8154
f 8378 8154 8160
f 7414 9153 9154
f 7758 9423 9419
f 8535 8150 8164
f 8157 7654 8148
f 8157 8156 8535
f 7345 8157 8148
f 8146 9407 9410
f 7855 9192 8375
f 8397 8538 7656
f 9649 7783 9153
f 8161 8160 7758
f 8160 7416 8378
f 8161 7758 8162
f 8161 7757 8385
f 8163 8162 7758
f 9128 9129 7772
f 7758 9419 9146
f 8163 7413 9141
f 8535 8164 7654
f 7657 8164 8150
f 8166 8165 7827
f 8182 8165 7317
f 8167 8166 7827
f 7825 8175 9425
f 8168 8167 7827
f 8167 7826 8170
f 8169 8168 7827
f 8168 6981 8196
f 8133 8169 7827
f 8169 7828 8171
f 8188 8170 7826
f 8170 8188 8173
f 8171 7828 8172
f 6981 8171 7974
f 8131 8172 7828
f 7967 7398 8172
f 9177 8173 7824
f 8174 8173 7339
f 7339 8098 8174
f 8175 8098 7829
f 8176 8175 7829
f 8166 9425 7317
f 9426 7829 8100
f 8176 9426 8177
f 8178 8177 7830
f 8182 8134 8165
f 7830 8180 8178
f 8179 7316 8689
f 8180 8179 8178
f 8179 9427 8183
f 8321 8181 9428
f 8180 9428 9427
f 8205 8206 7838
f 9429 7477 8191
f 8178 8182 8177
f 7831 8134 8182
f 8190 8183 6982
f 8184 8183 9431
f 8192 8184 7315
f 8185 9432 7019
f 8186 8185 7019
f 8194 7928 8689
f 9433 7019 8187
f 9245 8186 7676
f 8690 8187 7019
f 9434 9433 8187
f 8189 8188 7826
f 9179 8188 7338
f 9438 7826 8196
f 8189 9438 9227
f 8191 8190 6982
f 9435 8195 7315
f 6982 9428 9429
f 8191 7477 8473
f 8193 8192 7315
f 9436 8192 7314
f 8193 7315 8195
f 8193 7056 8817
f 8185 7537 8194
f 9248 8194 7537
f 9435 7315 8190
f 8900 8195 7480
f 9496 6981 8311
f 9438 7832 9227
f 9317 7661 9316
f 7852 8197 8002
f 7075 9441 8198
f 7695 7988 8734
f 8199 8198 9441
f 8200 8199 7616
f 8200 7616 8201
f 8200 7615 7925
f 8202 8201 7616
f 9267 8201 6996
f 8203 8202 7616
f 8202 7698 8307
f 8203 7616 8734
f 8203 7598 9027
f 7476 8898 8536
f 8205 8204 7477
f 9430 7477 9429
f 8205 7838 8092
f 8181 7478 8206
f 9377 8206 7478
f 8208 8207 7536
f 8209 8207 6997
f 9265 8208 7536
f 9362 8208 7953
f 8210 6997 7939
f 9384 8209 7534
f 8211 8210 7939
f 7534 8209 8210
f 7939 9254 8213
f 8211 7535 8212
f 8214 8212 7535
f 8924 8212 7036
f 7939 8213 8211
f 8235 8236 8064
f 8215 8214 7535
f 8214 7638 8240
f 8215 7535 8235
f 8215 7013 8216
f 8216 7013 8217
f 8238 8216 7060
f 8218 8217 7013
f 8230 8231 7641
f 8219 8218 7013
f 8218 8219 8221
f 9442 8219 7013
f 9445 8220 9444
f 9444 8220 8219
f 9446 8220 8063
f 8222 8221 7642
f 8221 8222 8225
f 8223 8222 7642
f 7744 8266 8224
f 8220 9447 7642
f 7945 9448 7937
f 9449 8224 8222
f 8691 7744 8224
f 8226 8225 7230
f 8225 8226 8228
f 7230 8265 8226
f 7743 9096 8227
f 8227 8226 8265
f 7742 9555 8232
f 9450 8232 8233
f 8230 7641 8228
f 7862 8229 7859
f 8230 8229 7038
f 8229 8230 8228
f 7038 7861 8386
f 8231 8230 8386
f 8218 8231 8217
f 7742 8232 8227
f 8232 6999 8233
f 8233 6999 8234
f 8229 8233 7859
f 6999 9452 8234
f 9581 8587 8588
f 8236 8213 7443
f 8235 8064 9442
f 8213 8236 8235
f 8237 8236 7443
f 8062 8237 7443
f 8063 8220 9445
f 8239 7637 7119
f 8216 8238 7638
f 7637 8239 8238
f 8806 9453 7119
f 8239 7119 9453
f 8214 8240 7036
f 9101 7747 9100
f 7650 9635 8735
f 8545 8243 9455
f 6987 9454 8244
f 9411 8692 9598
f 9456 7752 8244
f 9456 8242 9455
f 8244 7752 9457
f 9415 7752 9414
f 7755 8379 8380
f 7768 7948 9462
f 7492 9082 9460
f 9081 9082 7739
f 8487 7003 8485
f 9084 9085 7936
f 9460 8248 7492
f 9463 8249 7816
f 7312 8597 8694
f 8250 9465 9466
f 8322 8250 7463
f 8463 8464 7836
f 8939 8941 7258
f 8252 9467 9468
f 9469 8254 9623
f 9621 8939 8940
f 8950 8951 8938
f 7587 8255 8256
f 8943 8944 7556
f 8656 7404 8495
f 8256 8254 9469
f 9591 8255 8656
f 8493 8492 7586
f 7982 8255 9470
f 8731 9658 9471
f 9665 7982 9470
f 8464 9542 9469
f 7931 8259 7697
f 8323 8259 7932
f 8085 8260 8084
f 9507 7002 8095
f 8374 8375 6977
f 8262 8261 7793
f 7793 8476 8263
f 8397 7783 8159
f 7793 8263 8262
f 9473 7787 8264
f 7787 9157 9148
f 9474 7782 9153
f 7230 8224 8266
f 8227 8265 7743
f 8266 8265 7230
f 8266 7744 8267
f 7744 8691 8268
f 7940 8267 8269
f 7941 9256 8270
f 8269 8267 8268
f 8270 8269 8268
f 8269 7212 8968
f 7941 8270 8268
f 7942 8970 9627
f 7201 8271 2169
f 8271 7125 8832
f 7321 8272 4962
f 7418 8272 7128
f 7297 8273 5022
f 7218 8273 7129
f 8777 8778 7055
f 7017 8577 8578
f 7079 9476 8275
f 9019 8474 9476
f 7086 7406 8276
f 9477 8276 7406
f 9619 8278 8277
f 8277 7094 9032
f 9619 8277 7523
f 8279 8278 7020
f 8287 8279 7020
f 8286 7095 7169
f 8281 8280 7336
f 8828 8280 7335
f 8282 9478 8052
f 7335 8281 7043
f 8281 7336 9478
f 8053 9351 8283
f 8053 8283 8282
f 8283 7371 8284
f 8055 8387 7371
f 7092 7370 8284
f 8631 8285 7538
f 7092 8284 8285
f 7095 8286 8279
f 7094 8286 7169
f 8916 8288 7020
f 8280 8287 7336
f 9345 8288 8051
f 9346 8288 8050
f 9585 9488 8294
f 8289 9585 9479
f 8290 9479 9480
f 7387 9485 9484
f 8291 9484 9485
f 8611 7673 9114
f 9485 9486 8292
f 8295 9491 8297
f 8293 9486 8296
f 8341 8335 7454
f 8294 7761 9117
f 8294 7729 8614
f 9487 8292 9486
f 9487 9667 8295
f 9482 7387 9481
f 9503 7386 8338
f 8298 8297 7455
f 8297 9493 9492
f 7455 8399 8959
f 8542 8543 7558
f 9118 8300 7764
f 9659 8342 9340
f 8859 8300 7390
f 9504 8300 7384
f 8304 8301 7876
f 9494 8301 7729
f 8302 8304 9495
f 8302 9053 9054
f 6978 9214 9215
f 7725 9050 9051
f 8304 7876 9212
f 8304 6978 9495
f 7880 8305 7541
f 8305 7878 9213
f 7497 7009 8306
f 7913 8306 7009
f 9253 8307 7933
f 9268 8307 7934
f 8308 7944 9258
f 6984 7948 8308
f 8722 8309 8000
f 8507 8309 7066
f 8312 8060 7482
f 9438 9496 7832
f 9496 8310 7832
f 7974 8311 6981
f 7482 7892 8312
f 9227 8312 7892
f 8314 8313 8099
f 7517 8313 7516
f 7822 8314 8099
f 8314 6983 8912
f 8316 8315 7822
f 8315 7821 8914
f 8317 8316 7822
f 9174 8316 7823
f 8097 8317 7822
f 8317 7339 9177
f 7792 8025 8318
f 8025 9331 8319
f 8025 8319 8318
f 8319 7853 8323
f 8066 8320 7403
f 8067 8447 8450
f 8100 8321 7830
f 7478 8181 8321
f 7463 9218 9653
f 8322 7889 8696
f 8323 7932 9497
f 8035 8323 7853
f 7194 8324 2175
f 8324 7131 8877
f 7228 8325 2173
f 7194 8325 7132
f 9578 7122 8566
f 8326 7042 8974
f 9608 8327 7138
f 8851 8327 7055
f 7680 7596 8328
f 7687 9498 7596
f 6957 8329 6956
f 7115 8329 7188
f 7388 9337 9342
f 9480 8330 9666
f 9500 8331 7707
f 8646 8331 7708
f 8445 8446 8453
f 8431 9522 9523
f 8334 8333 6985
f 8333 9501 8706
f 9514 8334 6985
f 8334 7454 8335
f 7454 9487 8341
f 8335 8341 8336
f 8337 8336 7362
f 8336 8337 9502
f 8338 8337 7362
f 8339 7391 8337
f 7362 9490 9503
f 8342 8338 7386
f 8338 8339 8337
f 7385 8343 8340
f 7385 8340 8339
f 7864 8340 7361
f 9490 8341 8293
f 8336 8341 7362
f 9339 9340 9660
f 8339 8342 7385
f 9504 7385 8299
f 8857 8343 7384
f 8462 8461 7565
f 8729 7834 8728
f 8346 8345 7551
f 8345 7879 9216
f 8347 8346 7551
f 8346 7725 9652
f 8347 7551 8400
f 9050 9073 7209
f 8348 7901 9232
f 7740 7868 8349
f 8350 8349 7023
f 8349 8348 9505
f 9614 8351 8350
f 8348 8350 7531
f 9614 8350 7023
f 7891 8351 7527
f 8352 7621 8353
f 9237 8352 7620
f 8685 8353 7621
f 8353 8685 9527
f 8960 8354 7954
f 8869 8354 7072
f 8356 8355 7452
f 9506 8355 7309
f 7976 8356 7452
f 8356 7451 8890
f 7074 8357 8070
f 9264 8358 7951
f 8859 8358 7033
f 8615 8358 7390
f 8360 8359 7518
f 7517 7039 8359
f 7518 8260 9507
f 7515 7517 8360
f 8362 8361 7374
f 8858 8361 7373
f 8362 7374 9010
f 7373 8362 7049
f 8365 8363 7486
f 8363 8365 8364
f 8367 8364 7790
f 8364 8367 8370
f 9385 8365 7486
f 8366 8365 7789
f 8475 8366 7789
f 9508 7793 8374
f 8368 8367 7790
f 8367 8368 8369
f 9508 7790 8366
f 8374 7793 8261
f 9192 8369 6977
f 9510 7854 9328
f 8371 8370 7791
f 8025 9509 7544
f 8372 8371 7791
f 8012 8023 8376
f 9510 7791 8369
f 9328 7854 9327
f 8372 8373 8371
f 9329 8373 8019
f 8374 8368 9508
f 8375 8374 8261
f 8261 8158 8375
f 7855 8375 8158
f 8012 8376 8373
f 8024 8376 8023
f 9252 8377 7932
f 8116 8377 7488
f 7416 8384 8379
f 7755 8154 8378
f 8380 8379 7754
f 7755 8378 8379
f 8381 8380 7754
f 8380 8245 9415
f 8382 8381 7754
f 8245 8381 7751
f 7754 8379 8384
f 8382 7450 9109
f 7756 7874 8383
f 9511 8383 7874
f 7754 8384 8383
f 8385 8384 7416
f 8161 8385 7416
f 8385 7757 9112
f 8231 8386 7640
f 7038 8386 8230
f 7371 8387 8285
f 8055 9353 8388
f 8055 8388 8387
f 7014 8388 8056
f 7217 8389 5037
f 7332 8389 7127
f 7106 7808 8390
f 8443 8390 7808
f 8391 7123 8974
f 7195 8391 7069
f 8480 8392 7006
f 8392 8480 8481
f 8393 7615 9266
f 7614 7053 8394
f 7924 8394 7613
f 7925 8393 8394
f 8039 8395 8038
f 8395 7304 8151
f 8061 8396 7640
f 8216 8396 7060
f 7783 8397 8262
f 8159 9421 8538
f 9514 7454 8334
f 8399 7560 8959
f 9514 8399 8398
f 8583 8399 6985
f 9220 8400 7551
f 8402 8400 7732
f 8402 8401 8400
f 7731 9071 9642
f 8403 8402 7732
f 8401 8402 7731
f 8043 8403 7732
f 8403 7552 9072
f 7353 8404 4929
f 7423 8404 7130
f 7205 8405 4990
f 7214 8405 7133
f 7222 8406 4913
f 7420 8406 7135
f 7356 8407 4911
f 7222 8407 7136
f 7330 8408 5017
f 7219 8408 7137
f 8410 8409 7082
f 8411 7099 8409
f 9515 8410 7082
f 8412 8410 7100
f 8410 8411 8409
f 7702 8411 7016
f 7525 8412 7100
f 8411 8412 7016
f 8908 7346 8906
f 8418 8414 8909
f 8413 8908 8909
f 8415 8414 7498
f 8416 8415 7498
f 8415 7499 8439
f 9517 8416 7498
f 8442 8444 7809
f 8419 7498 8418
f 9519 8427 8449
f 7496 8425 8418
f 8418 8425 8419
f 8420 8419 7347
f 9517 8419 8417
f 8421 8420 7347
f 9519 8420 7509
f 8423 7347 7507
f 8421 7508 8422
f 8649 8422 7508
f 8428 8435 7348
f 7347 8423 8421
f 8424 7507 7620
f 7507 8424 8423
f 8651 7620 7460
f 8907 8426 7496
f 8419 8425 7347
f 8910 8426 7497
f 7507 8425 8426
f 9668 8429 9520
f 9533 7512 8446
f 8435 8422 7510
f 8429 8428 7348
f 8430 8429 7348
f 9520 8429 7512
f 8432 8430 7348
f 8430 7513 8431
f 9549 7513 8493
f 8431 9549 9522
f 8432 7348 9524
f 8490 8432 7923
f 8433 9524 8435
f 8990 8437 7459
f 8434 9525 9526
f 8650 7510 8649
f 8422 8435 8428
f 8435 7510 9526
f 9527 8436 8650
f 9632 7624 8987
f 9528 8437 8434
f 8437 7628 9529
f 8438 9529 9530
f 8438 9531 9669
f 8439 7499 8440
f 7025 8439 7806
f 8441 8440 7499
f 8674 8440 7808
f 8442 8441 7499
f 8443 8441 7809
f 7499 8416 8442
f 8444 8448 6994
f 9365 7809 8067
f 8390 8443 7032
f 8448 8442 8416
f 8445 8444 6994
f 8445 6994 8446
f 8445 7810 8447
f 9533 8446 6994
f 8446 7512 9523
f 8450 8447 7810
f 8067 7809 8447
f 8442 8448 8444
f 8416 9517 8449
f 8416 8449 8448
f 8449 8417 9519
f 8451 8450 7810
f 8067 8450 8320
f 8453 8452 7810
f 8320 8451 8136
f 8503 8452 8332
f 7402 8451 8452
f 8445 8453 7810
f 8332 8453 8446
f 7557 8957 8932
f 8454 7548 8927
f 8946 8948 7555
f 7561 9531 9532
f 8800 7231 8796
f 8800 8457 9536
f 8458 8457 7255
f 8461 8460 9540
f 9538 7255 8798
f 7565 9537 8459
f 8459 9537 9354
f 8459 9354 9539
f 9540 8460 8457
f 8465 8460 7836
f 8459 9541 7565
f 8461 8462 8463
f 9604 8462 8344
f 8463 8462 7232
f 9471 8463 7232
f 8464 8463 8258
f 9542 8464 8258
f 9468 8464 8252
f 9468 8465 7836
f 8465 8251 8952
f 8251 8942 8952
f 8251 8941 8942
f 9023 9022 8467
f 8467 7691 9026
f 8978 8468 7610
f 7088 7705 8468
f 9143 8469 7774
f 8469 7781 9147
f 7804 8470 7057
f 7104 8470 7803
f 9593 8471 7623
f 9545 8471 7632
f 7101 7419 8472
f 7189 8472 7419
f 8536 8473 7477
f 8899 8473 7479
f 8474 8275 9476
f 8474 7041 9015
f 8477 8475 7789
f 8476 8475 7487
f 8263 8476 7487
f 8476 7793 9508
f 8113 8477 7789
f 8477 7788 8478
f 8479 8478 7788
f 9473 8478 7787
f 7788 8117 9387
f 9157 8479 7786
f 9105 8480 7006
f 9590 8480 7748
f 8482 8481 7447
f 8489 8481 7438
f 7748 8652 9590
f 8482 9547 8484
f 9556 7749 8521
f 9546 9547 8482
f 8487 8484 7491
f 8484 8487 8485
f 8488 8485 7003
f 8485 8488 8486
f 9553 7437 8511
f 7045 8886 8489
f 9664 8487 7491
f 9081 8487 8247
f 9079 8488 7003
f 8512 8488 7738
f 8489 8486 9553
f 8481 8489 7446
f 9657 8491 8490
f 8430 8490 7513
f 8492 8491 6980
f 8491 8492 8493
f 9548 8492 6980
f 8492 8256 9591
f 8494 8493 7586
f 9549 7585 9522
f 7586 8495 8494
f 8500 8495 7404
f 8656 8495 7586
f 8496 8500 7584
f 8495 8496 8494
f 8497 8496 7584
f 8498 8497 7584
f 8452 8503 7402
f 7584 8499 9550
f 8498 7583 8504
f 7588 8502 8501
f 8639 8640 9589
f 8495 8500 8496
f 8501 8500 7404
f 8501 7404 9296
f 9589 8502 7588
f 8499 7584 8502
f 8500 8502 7584
f 9522 8503 8332
f 7585 8497 8503
f 8135 8504 7583
f 8136 7402 8504
f 7424 8505 4933
f 7221 8505 7134
f 7214 8506 4992
f 7220 8506 7138
f 8309 8507 7170
f 7141 8507 7066
f 8509 8508 7178
f 8508 7065 8862
f 7102 8509 7178
f 8509 8102 8864
f 8511 7436 7124
f 8512 8510 7437
f 9552 8511 7124
f 8511 9552 9553
f 8488 8512 7437
f 8512 7738 9078
f 7567 8513 7566
f 8513 7319 8514
f 7800 8514 7319
f 7015 7318 8514
f 7417 8515 7109
f 7590 8515 7165
f 7609 8701 8702
f 9004 9005 7005
f 8544 8517 7651
f 8517 7652 8735
f 8519 8518 7052
f 7330 8518 7137
f 8519 7052 9001
f 9554 7313 7705
f 7568 8585 9663
f 9555 8520 6999
f 7439 9459 9556
f 7766 8521 7749
f 8522 9222 8523
f 8552 7377 9569
f 8523 7381 9557
f 8523 9586 8556
f 8524 9557 8525
f 8571 8570 8658
f 9558 8525 7381
f 7778 9563 9560
f 9563 8526 9560
f 8527 9562 8530
f 9561 9562 8527
f 7605 8974 8975
f 8528 9563 8529
f 8528 7011 8530
f 8529 7778 9224
f 7777 9400 9564
f 8531 8530 7011
f 8527 8530 7605
f 9400 8532 7011
f 8531 7069 9513
f 8693 8532 8126
f 9565 8532 7409
f 7844 8533 7843
f 8533 7648 9185
f 7471 8534 7909
f 8534 7913 9236
f 8157 8535 7654
f 8150 8535 8156
f 7476 8536 8204
f 8473 8536 7479
f 8537 7363 9165
f 8537 7360 8848
f 8159 8538 8397
f 8538 8147 9412
f 8455 8948 9670
f 8540 8539 7259
f 9567 8540 7259
f 8542 8540 7457
f 9567 8541 8540
f 9012 8541 7671
f 8543 7457 8298
f 8539 8542 7558
f 8959 8543 8298
f 8955 8543 7559
f 9006 8544 7651
f 7345 9409 9662
f 7345 8545 8544
f 8545 8145 9598
f 8522 9575 8552
f 8552 9569 8546
f 8547 9569 8548
f 9127 8547 7769
f 8549 8548 7377
f 9126 8548 7580
f 9571 8549 7377
f 9628 8970 8971
f 8552 9572 9571
f 7577 8969 9626
f 7706 9573 9262
f 9570 8551 7580
f 8522 8552 8546
f 9572 8552 7581
f 9573 8553 8551
f 8555 8554 8553
f 8555 8553 7706
f 7242 9112 9647
f 7706 7873 8555
f 9574 8555 7873
f 8556 7582 8557
f 9575 8556 7581
f 8616 8557 7582
f 9576 7376 8557
f 8557 8558 8556
f 8559 8560 7577
f 8560 8558 7376
f 8550 8559 7577
f 8558 8560 8559
f 8561 8560 7376
f 8562 8563 7575
f 7576 8965 9625
f 8563 8561 7376
f 8562 7575 8964
f 8561 8563 8562
f 8563 7376 9576
f 7063 9577 8564
f 7799 9392 8565
f 8565 8564 9577
f 8103 8565 7018
f 8567 7378 7049
f 8566 7379 8573
f 7378 8567 8566
f 8568 7049 7667
f 7049 8568 8567
f 7667 9008 8569
f 7667 8569 8568
f 8570 8569 6998
f 8658 8570 6998
f 8570 7380 8572
f 8524 8525 8571
f 8526 8571 8525
f 7380 9561 8976
f 8573 7379 8572
f 8976 8573 8572
f 8573 7042 9578
f 8575 7428 7505
f 9475 8574 7017
f 8576 8575 7505
f 7017 8574 8575
f 8776 8576 7505
f 8579 7506 8773
f 7506 8577 8576
f 8578 8577 7368
f 8578 7368 8852
f 8578 8274 9475
f 7506 8579 8577
f 8580 8579 7262
f 8581 8580 7262
f 8580 7813 8853
f 8930 8581 7262
f 8399 8583 7560
f 9579 8581 7549
f 8333 8582 6985
f 8582 9579 8583
f 8584 7456 8958
f 9579 8584 8583
f 8931 8584 7549
f 8586 7571 7037
f 7572 9452 9663
f 7571 8586 8585
f 7037 7280 9580
f 9580 8586 7037
f 8587 7112 8588
f 7112 7352 8588
f 7181 8588 7352
f 8590 8589 7046
f 7129 7607 8589
f 8591 8590 7046
f 7704 8590 7311
f 8591 7046 8700
f 8591 7745 8592
f 9103 8592 7745
f 8593 8592 7006
f 8392 8593 7006
f 8593 7449 8888
f 8595 8594 7053
f 7353 8594 7130
f 8596 8595 7053
f 9582 7312 7920
f 7614 8596 7053
f 7617 7008 8597
f 8694 8597 7008
f 8595 8597 7312
f 9017 8599 8598
f 8600 8598 7685
f 9017 8598 7670
f 8599 7683 9636
f 8600 7685 9391
f 7700 8600 6986
f 9166 8601 7021
f 9502 8601 7812
f 7903 9235 8695
f 8602 7889 8603
f 7889 8606 8603
f 8603 8606 8604
f 8605 8604 7882
f 7881 7530 8604
f 9655 8605 7882
f 7885 9219 8621
f 8322 8606 7889
f 8604 8606 7882
f 7969 8607 7452
f 7975 8607 7310
f 7406 8608 7393
f 7392 7026 8608
f 8963 8609 6979
f 9584 8609 7575
f 8139 8610 8140
f 9325 8610 7658
f 8291 9485 8613
f 8611 8613 8612
f 9492 8612 7365
f 7672 7673 8612
f 9489 8613 8292
f 8612 8613 7365
f 9056 7729 9054
f 9499 8614 7728
f 8615 7390 9118
f 8357 8615 7224
f 7582 8618 8616
f 9396 8617 8618
f 8617 8616 8618
f 8620 7375 8124
f 9586 8619 7582
f 8618 7668 9396
f 8658 8619 8524
f 8619 6998 9008
f 7375 8620 8617
f 8609 8620 8124
f 7885 8621 8605
f 8622 8621 7884
f 8623 8622 7884
f 9217 8624 7542
f 7886 8623 7884
f 8345 7542 8623
f 8625 8624 7880
f 7881 8622 8624
f 7880 7905 8625
f 7530 8625 7905
f 7234 8626 4940
f 7235 8626 7139
f 8628 8627 7061
f 8629 7253 8793
f 8630 8628 7061
f 8628 8632 9611
f 9588 8627 8628
f 8795 8629 7254
f 8631 8630 7061
f 7538 8388 8632
f 8631 7061 8785
f 8631 7092 8285
f 8632 8630 7538
f 7014 8797 9611
f 8659 8633 7573
f 6979 9397 8634
f 6979 8634 8633
f 8121 9393 8635
f 8121 8635 8634
f 8635 7320 9163
f 8637 8636 7401
f 7583 9550 9551
f 7986 8637 7401
f 7583 8637 8135
f 7453 9286 8639
f 7981 8638 7588
f 7453 8639 8638
f 9287 8640 7970
f 9551 8640 6993
f 9589 8640 8499
f 8072 8641 8073
f 7010 8641 8071
f 8643 8642 7035
f 8130 8642 7441
f 7794 8643 7035
f 7118 8885 8644
f 7118 8644 8643
f 7050 8644 7440
f 8132 8645 8131
f 8645 7929 9251
f 7948 8646 7708
f 8647 8646 7768
f 8647 7768 8648
f 8331 8647 7767
f 9461 8648 7768
f 9458 8648 8246
f 7508 8651 8649
f 7510 8650 8436
f 8651 8650 8649
f 9527 8650 7460
f 8424 8651 7508
f 8650 8651 7460
f 8652 8483 9546
f 7748 9106 8653
f 7748 8653 8652
f 8654 8655 7753
f 8655 8653 7448
f 8654 7753 9124
f 8653 8655 8654
f 9646 7448 7750
f 7586 8492 9591
f 7404 8656 8255
f 7157 8657 7318
f 8513 8657 7077
f 8619 8658 6998
f 8571 8658 8524
f 7568 8659 7573
f 8659 7574 8963
f 8895 8660 7090
f 8897 8660 7475
f 4954 8661 4955
f 8661 7271 8804
f 8665 7073 9367
f 8663 8664 7024
f 8665 8663 8662
f 8101 8663 7024
f 8665 8664 8663
f 8664 7987 9301
f 7073 8665 8662
f 8664 8665 7987
f 7103 8666 7179
f 4945 8666 7326
f 7359 8667 7220
f 8826 8667 7071
f 7865 8668 7107
f 7033 8668 7369
f 7110 8669 7196
f 4972 8669 7502
f 9013 8670 7044
f 7674 7128 8670
f 7680 8328 8672
f 7173 8671 7098
f 7680 8672 8671
f 7695 9025 9024
f 7022 9024 9025
f 8673 7075 8818
f 8440 8674 7064
f 7106 8674 7808
f 8676 8675 7631
f 7910 8675 7461
f 7631 8996 8677
f 8681 8679 7622
f 7631 8677 8676
f 8678 9593 7623
f 8680 8678 7623
f 8697 7622 8678
f 7916 8679 7621
f 7461 8676 8679
f 8684 8680 7623
f 8682 8680 7625
f 8697 8681 7622
f 8685 8686 7624
f 7760 8687 7625
f 9594 7246 8682
f 7458 9011 9595
f 8682 8683 9595
f 7875 8684 7623
f 7625 8684 7762
f 8686 8681 7246
f 8685 7624 9527
f 8681 8686 8685
f 8686 7246 9594
f 7625 8687 8683
f 8687 7760 9114
f 7375 8688 8124
f 8688 8122 9394
f 8194 8689 7316
f 9403 8689 7928
f 8690 7019 9436
f 8472 8690 7101
f 9449 8691 8224
f 8691 7643 9257
f 9596 8692 8152
f 8692 9597 9598
f 9399 8693 8126
f 8693 8125 9609
f 7819 8694 7008
f 7312 8694 8249
f 7903 8695 8602
f 8696 7904 7529
f 7904 8696 8695
f 9465 9599 7529
f 8680 8697 8678
f 8681 8697 7246
f 8698 7495 8905
f 8699 8698 7469
f 7469 8893 9644
f 8699 7470 9236
f 7608 8978 8701
f 8591 8700 7609
f 7608 8701 8700
f 8701 7610 8702
f 8979 8702 7610
f 9005 8702 7005
f 7349 8705 8703
f 8703 8705 8704
f 7004 9600 8704
f 7683 9017 9018
f 8705 7349 8839
f 8704 8705 7004
f 7811 8706 7812
f 8333 8706 7364
f 8708 8707 7883
f 8710 7211 8707
f 7883 9654 8709
f 8713 8712 8708
f 7883 8709 8708
f 8709 7959 8714
f 8712 8707 8708
f 7888 8022 9601
f 8710 7888 9601
f 8711 7887 9656
f 8707 8712 8710
f 8708 7735 8713
f 7735 8028 8713
f 7888 8713 8028
f 9274 8714 7959
f 8030 8714 7619
f 8038 8715 8037
f 9183 9186 7801
f 9186 8715 7801
f 8718 8717 8716
f 8718 8716 7007
f 8717 7292 9313
f 8719 8718 7007
f 8720 7292 8718
f 9187 8719 7007
f 8723 7804 7057
f 8719 8720 8718
f 8721 8724 7066
f 8722 8721 7066
f 9313 8721 7999
f 8309 8722 7066
f 9314 8722 8000
f 7804 8723 8719
f 7715 8723 7057
f 8720 8724 8721
f 7291 7715 9602
f 7833 9291 8732
f 8725 8732 8726
f 8727 8726 7261
f 8726 8727 8728
f 7261 7983 8727
f 9300 8727 7983
f 7835 8730 8728
f 8729 7256 9603
f 8730 8729 8728
f 9539 8729 8344
f 8731 8730 7835
f 8729 8730 8344
f 7835 9300 9658
f 7232 8462 9604
f 7973 7261 8732
f 8726 8732 7261
f 8733 7018 9394
f 8361 8733 7374
f 8734 7988 8203
f 9441 8734 8199
f 9606 8735 7652
f 9607 7650 8735
f 7950 8736 7029
f 8738 8736 7115
f 7127 8737 8736
f 7563 8737 7562
f 7188 8738 7115
f 7127 8738 7332
f 7247 8739 4968
f 8740 8739 7140
f 7140 8817 8741
f 8740 7196 4970
f 7140 8741 8740
f 7837 8741 7056
f 7301 8742 5008
f 7324 8742 7141
f 7236 8743 5001
f 7237 8743 7142
f 7237 8744 5003
f 7238 8744 7143
f 7350 8745 4957
f 7248 8745 7144
f 7225 8746 2161
f 7226 8746 7145
f 7331 8747 4899
f 7249 8747 7146
f 7250 8748 4998
f 7432 8748 7147
f 7264 8749 4903
f 7265 8749 7148
f 7266 8750 5029
f 7267 8750 7149
f 7268 8751 4950
f 7270 8751 7150
f 7270 8752 4952
f 7271 8752 7151
f 7323 8753 4924
f 7273 8753 7152
f 7239 8754 2166
f 7289 8754 7153
f 7930 8755 4894
f 7275 8755 7154
f 7357 8756 6951
f 7276 8756 7155
f 7279 8757 6937
f 7278 8757 7156
f 7278 8758 6935
f 7429 8758 7157
f 7281 8759 6965
f 7328 8759 7158
f 7340 8760 2164
f 7239 8760 7159
f 6958 8761 2150
f 7302 8761 7160
f 7329 8762 6959
f 8761 8762 7160
f 7354 8763 6973
f 7294 8763 7161
f 7426 8764 5025
f 7296 8764 7162
f 7427 8765 5020
f 7297 8765 7163
f 7298 8766 4937
f 7430 8766 7164
f 7502 8767 4973
f 7417 8767 7165
f 8329 8768 7188
f 4873 8768 6957
f 8770 8769 7132
f 8774 8769 7054
f 8770 7132 8883
f 8770 7263 8771
f 8772 8771 7263
f 8776 7054 8771
f 8775 8772 7263
f 8930 8773 7550
f 8579 8773 7262
f 8773 7506 8776
f 7505 8774 7054
f 7194 8774 7131
f 8775 7263 8901
f 8775 7012 8928
f 8773 8776 8771
f 8776 7506 8576
f 8778 8777 7133
f 7055 8327 9608
f 8778 7133 8779
f 7055 8778 8274
f 8780 8779 7205
f 8778 8779 7215
f 7241 8780 7205
f 8780 7084 8574
f 8782 8781 7136
f 8781 7051 8838
f 7716 8782 7136
f 8693 9609 7409
f 7795 8783 7083
f 7677 8783 7154
f 8078 8784 7142
f 8080 9375 7058
f 8631 8785 7159
f 8785 7061 9587
f 2179 8786 7240
f 2177 8786 2178
f 8787 7172 8876
f 7241 7240 8787
f 7168 4960 8788
f 4959 8788 4960
f 7251 7250 8789
f 7466 8789 7250
f 8791 8790 7201
f 8792 8790 7252
f 7289 8791 7201
f 8793 8791 7081
f 8794 8792 7252
f 7341 8792 7031
f 8629 8793 7081
f 8794 8793 7253
f 8794 7253 8837
f 8792 8794 7031
f 8629 8795 7253
f 8796 8795 7254
f 7254 9611 8797
f 8796 7255 8800
f 7254 8797 8796
f 8798 8797 7014
f 8799 7014 8056
f 9537 9538 7564
f 7014 8799 8798
f 8057 8799 8056
f 8457 8800 7255
f 7231 8800 8456
f 7269 7268 8801
f 7664 8801 7268
f 8803 8802 7150
f 7151 8802 7073
f 7269 8803 7150
f 7073 8803 8068
f 8661 8804 7102
f 7271 7272 8804
f 7501 8805 7111
f 7273 7274 8805
f 9453 8806 7277
f 7633 8806 7119
f 8808 8807 7156
f 7157 8807 7077
f 7280 8808 7156
f 7077 8808 7566
f 7600 8809 7279
f 9580 8809 7112
f 7634 8810 7281
f 8811 8810 7120
f 7120 8087 8811
f 8811 8087 8359
f 8104 8812 7164
f 7867 8812 7283
f 9612 7283 8104
f 8813 7096 8922
f 8627 8814 7153
f 8791 8814 7081
f 7290 7093 8815
f 7435 8815 7093
f 8093 8816 7295
f 7635 8816 7121
f 7952 8817 7140
f 8193 8817 7314
f 8818 7174 9592
f 7152 8818 7075
f 8820 8819 7158
f 8821 8819 7078
f 7282 8820 7158
f 7078 8820 7503
f 7078 8920 8822
f 7328 8821 7182
f 7525 7100 8822
f 7100 7182 8822
f 9515 8823 7329
f 7302 8823 7082
f 7186 7108 8825
f 7146 8824 7063
f 7108 7797 8825
f 7797 9161 9651
f 8667 8826 7333
f 7865 8826 7071
f 7370 8827 7043
f 7145 7335 8827
f 7334 8828 7225
f 8280 8828 7095
f 7370 8829 7226
f 8830 8829 7092
f 8829 8830 7340
f 8631 8830 7092
f 7059 7171 8831
f 7227 8831 7171
f 8792 8832 7125
f 8831 8832 7341
f 8834 7341 7031
f 8836 7342 7545
f 7341 8834 8833
f 8834 7031 8835
f 9610 8835 7031
f 9205 8835 7343
f 7342 8836 8833
f 8925 8836 7545
f 7231 9534 9535
f 8837 7343 9610
f 8839 8838 7051
f 7814 8838 7349
f 8839 7051 9609
f 8839 7866 8705
f 7113 7862 9616
f 7181 8840 7067
f 7594 8841 7190
f 8842 8841 7085
f 8841 8842 7354
f 7085 8898 8843
f 7085 8843 8842
f 7295 8843 7476
f 7198 7116 8845
f 7155 8844 7076
f 8994 8845 7116
f 8845 7630 9383
f 8846 7200 9376
f 8847 8846 7068
f 8846 8847 7358
f 8083 8847 7068
f 8537 8848 7359
f 8849 8848 7360
f 8850 8849 7360
f 7865 8849 7367
f 7021 8850 7360
f 7367 8850 7864
f 8274 8851 7055
f 8851 7366 8854
f 8578 8852 7366
f 8853 8852 7368
f 8580 8853 7368
f 7813 8333 8855
f 7364 8854 8852
f 8851 8854 7811
f 7813 8855 8853
f 8333 7364 8855
f 8857 8856 7361
f 7865 8856 7369
f 8343 8857 7361
f 8857 7384 7033
f 7435 8858 7264
f 8361 8858 7093
f 8300 8859 7384
f 8358 8859 7390
f 7372 8860 7392
f 8861 8860 7395
f 8861 7395 8863
f 9292 8861 7451
f 8508 8862 7144
f 8863 8862 7065
f 8864 8863 7065
f 8861 8863 7399
f 8509 8864 7065
f 7400 8864 8102
f 8864 8865 7399
f 7984 8865 7400
f 7393 7960 9617
f 9477 8866 7044
f 7678 8867 7213
f 8868 8867 7080
f 8867 8868 7422
f 8671 8868 7080
f 8354 8869 7193
f 8870 8869 7072
f 8869 8870 7425
f 7562 8870 7072
f 7704 8871 7218
f 8872 8871 7087
f 8871 8872 7426
f 7087 8887 8873
f 7087 8873 8872
f 7444 8873 7445
f 7705 8874 7219
f 8875 8874 7088
f 8874 8875 7427
f 7608 8875 7088
f 8787 8876 7084
f 7229 8876 7172
f 7505 8877 7131
f 8876 8877 7428
f 7430 7089 8878
f 7467 8878 7089
f 7473 8879 7235
f 8880 8879 7090
f 8879 8880 7431
f 8660 8880 7090
f 8882 8881 7147
f 7074 9369 9618
f 7251 8882 7147
f 7074 8882 7951
f 8884 8883 7228
f 8770 8883 7434
f 7228 7171 8884
f 7059 8884 7171
f 8644 8885 7440
f 7604 8885 7118
f 7445 8887 8889
f 8489 8886 7446
f 8888 7087 7704
f 8887 7449 8889
f 7087 8888 8887
f 7311 8888 7704
f 8392 8889 7449
f 7446 8886 8889
f 8356 8890 7309
f 8861 8890 7451
f 8892 8891 7467
f 8891 7047 8894
f 8892 7468 8893
f 8891 8892 7047
f 7284 9093 9644
f 8893 7469 8904
f 8891 8894 7473
f 8894 7047 8904
f 7474 8903 8896
f 8660 8895 7475
f 7474 8896 8895
f 8413 8896 7346
f 7806 8897 7025
f 8660 8897 7103
f 7594 8898 7085
f 8536 8898 7479
f 7028 8972 8900
f 8473 8899 7480
f 7028 8900 8899
f 8195 8900 7592
f 8775 8901 7490
f 8770 8901 7263
f 8884 8902 7434
f 8836 8902 7059
f 8905 8903 7494
f 8896 8903 7346
f 8894 8904 7494
f 8892 8904 7047
f 8698 8905 7494
f 8906 8905 7495
f 7495 7009 8907
f 7346 8908 8413
f 8426 8907 7497
f 7496 8906 8907
f 8906 7496 8908
f 8413 8909 8414
f 8908 7496 8909
f 8418 8909 7496
f 8306 8910 7497
f 7620 8910 7472
f 7517 8911 7514
f 8911 7516 8912
f 8911 8912 7519
f 8912 7516 8313
f 6983 8315 8914
f 8913 7520 8919
f 8914 8913 6983
f 7821 9176 8915
f 7821 8915 8914
f 8051 8288 8916
f 9619 7020 8278
f 8916 9619 8919
f 8918 8917 7519
f 7869 8917 7521
f 8913 8918 7519
f 8918 7522 7763
f 8916 8919 7520
f 7711 8919 7523
f 7869 8920 7524
f 8822 8920 7525
f 7815 8921 7134
f 9226 8921 7048
f 7526 8921 9226
f 8922 7527 9614
f 7277 7155 8923
f 7076 8923 7155
f 8106 8924 7532
f 8212 8924 7534
f 8775 8925 7012
f 8836 8925 7490
f 7870 8926 7545
f 8927 8926 7547
f 8454 8927 7547
f 8927 7548 8928
f 8929 8928 7548
f 8775 8928 7550
f 8931 8929 7548
f 8930 7262 8773
f 8929 7549 8930
f 8581 8930 7549
f 8932 7548 8454
f 8584 8931 7456
f 7548 8932 8931
f 7557 8932 8454
f 8454 8933 7553
f 7870 8933 7547
f 7553 8933 8937
f 8935 8934 7554
f 7554 8951 8936
f 7555 8948 8953
f 8939 8936 8253
f 8935 8936 9621
f 7553 8937 8934
f 8938 8937 7546
f 8938 7546 9204
f 6992 8950 8938
f 8941 8939 8253
f 8939 7258 8940
f 8943 8940 7258
f 8940 8943 8946
f 8942 8941 8253
f 8941 8251 9467
f 8950 8942 8253
f 8466 7257 8952
f 7258 9467 8949
f 8949 9623 8943
f 9548 8944 8254
f 8945 8944 6980
f 9243 9244 7923
f 9622 7922 9669
f 8947 8946 7556
f 8948 8946 7561
f 9622 7556 8945
f 8947 9622 9669
f 9670 7561 9532
f 8953 8948 8455
f 9469 8949 8252
f 8944 9623 8254
f 8950 8253 8951
f 8466 8950 6992
f 8936 8951 8253
f 7554 8938 8951
f 8466 8952 8942
f 8465 8952 7257
f 7555 8953 8935
f 8455 9566 8954
f 8455 8954 8953
f 8954 7558 8955
f 8543 8955 7558
f 8957 8955 7559
f 8934 8956 7553
f 8955 8956 7260
f 8955 8957 7557
f 8958 8957 7559
f 8959 8958 7559
f 8958 7560 8584
f 8543 8959 7559
f 7455 8959 8298
f 8354 8960 7072
f 9265 8960 7954
f 8962 8961 7567
f 7569 8635 9624
f 7571 8962 7567
f 7569 8962 7573
f 8964 7574 8048
f 8609 8963 7575
f 7574 8964 8963
f 8562 8964 8048
f 9625 8965 7577
f 8966 8965 7576
f 8966 7576 8967
f 8968 8966 7940
f 8562 8967 7576
f 8048 7570 8967
f 8269 8968 7940
f 8965 8968 7212
f 8269 9627 7212
f 9626 8969 7578
f 9627 8969 7212
f 8971 8970 7942
f 7942 7943 8971
f 7943 9573 9628
f 7837 8972 7591
f 8900 8972 7592
f 8898 8973 7479
f 7593 8973 7594
f 8326 8974 7123
f 8975 8974 7042
f 7042 8573 8976
f 7605 8975 8527
f 7380 8976 8572
f 8527 8975 8976
f 9373 8977 7606
f 7433 8977 7097
f 8468 8978 7088
f 8701 8978 7610
f 8980 8979 7313
f 8702 8979 7005
f 8519 8980 7313
f 8980 7645 9003
f 7612 8981 7613
f 7501 8981 7187
f 8983 8982 7462
f 8596 8982 7617
f 8985 8983 7462
f 7617 8984 7008
f 8983 9629 8984
f 8984 7618 9466
f 7462 9266 8986
f 8985 7956 9272
f 7462 8986 8985
f 7957 8986 7955
f 8989 8987 7626
f 8987 7459 8988
f 9528 8988 7459
f 8434 8436 8988
f 8990 8989 7627
f 8987 8989 7459
f 8991 8990 7627
f 8437 8990 7628
f 9011 8991 7627
f 8991 7671 9567
f 8993 8992 7629
f 8960 8992 7563
f 8993 7629 8995
f 7029 7563 8993
f 8845 8994 7630
f 7950 8994 7116
f 8106 8995 7533
f 8995 7630 8994
f 7906 8996 7631
f 9545 7286 7894
f 9002 8997 7646
f 8998 8997 7344
f 8999 8998 7344
f 8998 7649 9003
f 9000 8999 7344
f 7651 8517 9633
f 7344 9002 9634
f 9000 7653 9006
f 7666 9001 7052
f 8997 9001 7646
f 7841 9002 7646
f 7647 9189 9634
f 8998 9003 7645
f 9004 9003 7649
f 7649 9633 9635
f 9005 7650 8516
f 7650 9005 9004
f 8702 9005 8516
f 8157 9006 7653
f 8544 9006 7345
f 7665 9007 7666
f 7465 9007 7185
f 9009 9008 7667
f 8619 9008 7668
f 9010 9009 7667
f 9009 8123 9396
f 8362 9010 7667
f 9010 7374 9605
f 9011 7627 9595
f 9012 9011 7458
f 7673 9012 7458
f 8541 9012 7672
f 9246 9013 7675
f 8670 9013 7674
f 7676 9433 9434
f 8105 9014 7070
f 8474 9015 7678
f 7681 9015 7041
f 7596 9016 7679
f 8671 9016 7680
f 9018 9017 7682
f 8599 9017 7683
f 9018 7682 9019
f 9018 8704 9600
f 8474 9019 7041
f 9018 9019 7684
f 7687 7686 9020
f 7700 9020 7686
f 8116 9021 7690
f 9022 7691 8467
f 7691 9022 9021
f 8467 7694 9023
f 7694 7693 9023
f 7597 9023 7693
f 7988 9024 7694
f 7695 9441 9025
f 8673 8672 9025
f 7022 9025 8672
f 8467 9026 7696
f 8116 9026 7691
f 7933 9027 7696
f 8203 9027 7698
f 9200 7004 9201
f 9388 9389 7411
f 7382 9029 7287
f 9030 9029 7099
f 8411 9030 7099
f 7701 9030 7702
f 7869 9031 7016
f 7763 9031 7521
f 8277 9032 7703
f 7383 9032 7094
f 7802 9033 7057
f 7324 9033 7175
f 7356 9034 7716
f 7195 7069 9034
f 7764 9035 7717
f 9036 9035 7718
f 9037 9036 7718
f 9036 7719 8001
f 8045 9037 7718
f 7719 9037 7726
f 9039 9038 7244
f 9045 9038 7720
f 9040 9039 7244
f 9041 9039 7723
f 7244 9055 9042
f 9049 9040 7724
f 9047 9041 7723
f 9043 9041 7721
f 9046 9042 7727
f 7724 9040 9042
f 9044 9043 7721
f 7208 7720 9043
f 9059 9044 7721
f 9069 9641 7992
f 7208 9045 7720
f 7719 9045 8001
f 9056 9057 7728
f 9046 7389 9052
f 9048 9047 7723
f 9047 7730 9637
f 9049 9048 7723
f 7209 9642 9048
f 9040 9049 7723
f 9049 7724 9050
f 9051 9050 7724
f 9073 7725 8347
f 9052 9051 7724
f 8303 7725 9051
f 9046 9052 7724
f 9052 7389 9053
f 9054 9053 7389
f 9495 9053 8302
f 9056 9054 7389
f 8302 9054 7729
f 7244 7726 9055
f 9055 7726 9077
f 9057 7389 9046
f 8614 9056 7728
f 9057 9056 7389
f 9058 9057 7727
f 9077 9058 7727
f 8330 9058 7388
f 9060 9059 7721
f 9061 9059 6990
f 9637 9060 7721
f 9060 7722 9062
f 9639 9061 6990
f 9061 7992 9641
f 9063 9062 7722
f 9062 9074 9075
f 9064 9063 7722
f 7851 8137 9074
f 9070 9064 7722
f 9064 7552 9065
f 9336 9065 7552
f 7851 9065 8010
f 9066 9061 9639
f 9067 9066 7994
f 8076 9067 7994
f 9068 7207 7991
f 7207 9068 9067
f 9069 9068 7991
f 9069 7991 9306
f 7208 9044 9641
f 9638 9071 9070
f 9072 9070 7731
f 9638 9070 7722
f 7730 9048 9642
f 9072 7731 8402
f 9064 9072 7552
f 7725 9073 9050
f 8401 9073 8347
f 9074 9063 7851
f 9075 9074 7852
f 9075 7852 9076
f 9062 9075 6990
f 8002 9076 7852
f 9076 7996 9309
f 9058 9077 7388
f 9055 9077 7727
f 9080 9078 7738
f 8644 9078 7441
f 7003 8487 9081
f 7739 9088 9080
f 7739 9080 9079
f 7441 9080 8130
f 7003 9081 9079
f 8247 9460 9082
f 8247 9082 9081
f 9083 9082 7492
f 9084 9083 7492
f 9087 9083 7935
f 8248 9084 7492
f 9091 9089 7936
f 8248 6984 9085
f 9086 7937 9090
f 9085 6984 9086
f 9643 9086 6984
f 9083 9087 9082
f 9088 9092 7442
f 9092 9087 7935
f 9401 9088 7442
f 9360 9089 8062
f 9083 9089 7935
f 9446 9090 7937
f 9090 8063 9091
f 8237 9091 8063
f 9091 8062 9089
f 9087 9092 9088
f 9092 7935 9360
f 7914 9093 7740
f 9644 7470 8699
f 8048 9094 7741
f 8659 9094 7574
f 9555 7741 8520
f 9096 9095 7742
f 8227 9096 7742
f 7743 9645 9097
f 7743 9097 9096
f 8966 9097 7940
f 8516 9098 7609
f 9099 9098 7493
f 9100 9099 7493
f 9103 9099 7746
f 9101 9100 7493
f 9102 9100 7747
f 7493 8516 9104
f 8241 7747 9101
f 9107 9102 7747
f 9106 9102 7448
f 9105 9103 7746
f 8592 9103 7006
f 8516 7650 9104
f 9104 7650 9607
f 9106 9105 7746
f 9105 7748 8480
f 9102 9106 7746
f 9106 7448 8653
f 9108 9107 7747
f 7448 9107 7750
f 8241 9108 7747
f 9108 6987 9110
f 9109 7450 9113
f 9110 9109 7750
f 9111 6987 8244
f 9109 9110 7751
f 6987 9111 9110
f 9111 8244 9457
f 9112 7757 9120
f 9208 9112 7242
f 9124 9113 7759
f 9113 7753 9646
f 8611 9114 7483
f 8687 9114 7673
f 9116 9115 7760
f 9115 7761 9488
f 7625 9116 7760
f 9117 9116 7762
f 9210 7762 7875
f 8294 9117 7484
f 9118 7717 9302
f 8300 9118 7390
f 8045 9119 6995
f 9035 9119 7718
f 9112 9120 7765
f 9122 9120 7757
f 9127 9121 7415
f 9121 7769 9126
f 8161 9122 7757
f 7415 9122 8162
f 9123 7759 9207
f 9125 9123 7707
f 8654 9124 7766
f 9113 9124 7753
f 9123 9125 7766
f 8331 9125 7707
f 8554 9126 7580
f 9121 9126 7765
f 9128 9127 7415
f 8547 9127 7770
f 9129 7415 8162
f 9128 7772 9131
f 7415 9129 9128
f 8163 9129 8162
f 9131 9130 7770
f 9133 9130 6991
f 9128 9131 7770
f 7772 9141 9134
f 9132 7771 9568
f 7770 9132 8547
f 9223 9133 6991
f 9133 7890 9221
f 7772 9134 9131
f 9135 9134 7773
f 9135 7773 9136
f 9135 7779 9223
f 9142 9136 7773
f 9149 9136 7774
f 9136 9137 9135
f 9138 9137 7412
f 7412 9150 9139
f 7777 8529 9648
f 7412 9139 9138
f 7776 9152 9140
f 7776 9140 9139
f 9399 9140 7410
f 8163 9141 7772
f 9142 9141 7413
f 9143 9142 7413
f 9136 9142 7774
f 9144 9143 7413
f 9143 7781 8469
f 9146 7413 8163
f 9144 7784 9145
f 9650 9145 7784
f 8264 9148 7782
f 7413 9146 9144
f 7758 9146 8163
f 7782 9147 9145
f 8469 9147 7202
f 7782 9148 9147
f 7787 9148 8264
f 9150 9149 7775
f 9136 9149 7412
f 9149 9150 7412
f 9151 9150 7775
f 9155 9151 7775
f 7780 9151 7411
f 9140 9152 7410
f 9151 9152 7776
f 9649 9153 7414
f 7783 9472 9474
f 9650 9154 7782
f 9154 8155 9418
f 9151 9155 7411
f 8469 9155 7775
f 9390 9156 7786
f 8469 9156 7785
f 9148 9157 7202
f 8479 9157 7787
f 9158 7083 9239
f 7015 9158 7318
f 9160 9159 7015
f 9161 9159 7798
f 8514 9160 7015
f 9163 9160 7800
f 9161 7798 9162
f 9651 9161 7063
f 8120 9162 7320
f 9161 9162 7799
f 9162 9163 7320
f 9160 9163 7798
f 7326 9164 7805
f 8897 9164 7103
f 9166 9165 7811
f 9165 7021 7360
f 9165 9166 7021
f 7811 7812 9166
f 9168 9167 7816
f 8921 9167 7048
f 7819 9168 7816
f 7891 9168 7817
f 7819 9169 7817
f 9170 9169 7818
f 9171 9170 7818
f 7528 9170 7915
f 7820 9171 7818
f 9172 7529 7904
f 7529 9172 9171
f 7915 9172 7904
f 9630 9173 7008
f 7820 7818 9173
f 7337 9345 9176
f 8316 9174 7821
f 9178 9175 7823
f 9175 7856 9343
f 7337 9176 9174
f 8915 9176 8051
f 8173 9177 7339
f 9178 9177 7824
f 9179 9178 7824
f 9178 7856 9175
f 8188 9179 7824
f 9179 7338 9196
f 7841 9180 7839
f 9001 9180 7646
f 7804 9181 7844
f 9182 9181 7845
f 9183 9182 7845
f 9182 7846 9184
f 7845 9187 9186
f 8395 9183 7801
f 8151 9184 7846
f 7849 9188 9185
f 7849 9185 9184
f 8533 9185 7848
f 9186 8716 8715
f 7845 9186 9183
f 8719 9187 7804
f 9186 9187 7007
f 9185 9188 7848
f 8149 9188 7849
f 7847 9189 7647
f 9190 9189 7848
f 9188 9190 7848
f 9191 9190 6988
f 8156 9191 6988
f 9000 9191 7653
f 9193 9192 7855
f 9192 7854 9510
f 9194 9193 7855
f 9193 8017 9327
f 9195 9194 7855
f 7306 9194 8142
f 8158 9195 7855
f 8142 9195 7655
f 9179 9196 7856
f 7892 9196 7338
f 7892 9197 7857
f 8054 9197 7858
f 7466 9198 7107
f 8826 9198 7180
f 9199 7780 9200
f 9398 9199 7866
f 9389 9200 7780
f 9028 7004 9200
f 9200 9201 9199
f 8705 9201 7004
f 7867 9202 7868
f 8813 9202 7283
f 8412 9203 7016
f 8920 9203 7525
f 9615 7870 7342
f 9204 7871 9620
f 9205 7611 9543
f 8835 9205 7871
f 9500 9206 7873
f 9123 9206 7707
f 9208 9207 7874
f 9123 9207 7872
f 9112 9208 7756
f 7872 9208 7242
f 8301 9209 7876
f 9210 9209 7484
f 7484 9117 9210
f 7762 9210 9117
f 9209 9211 7876
f 8471 9211 7875
f 7893 9212 7543
f 8304 9212 7877
f 8305 9213 7877
f 9214 9213 7878
f 9216 9214 7878
f 9215 9214 7879
f 7879 8346 9652
f 9215 8303 9495
f 8345 9216 7542
f 9214 9216 7879
f 9216 9217 7542
f 8305 9217 7878
f 7463 9275 9654
f 9655 9218 7883
f 7886 9219 7211
f 8621 9219 7884
f 8400 9220 7732
f 7886 9220 7551
f 9558 9221 7890
f 9222 9221 7381
f 8523 9222 7381
f 9222 8522 9568
f 9135 9223 6991
f 9224 9223 7779
f 9224 7779 9648
f 9224 7778 9559
f 7917 9225 7528
f 8351 9225 7531
f 8922 9226 7527
f 7048 7891 9226
f 8189 9227 7338
f 8312 9227 7832
f 9228 7482 9357
f 7858 7892 9228
f 7541 7893 9229
f 7894 9229 7893
f 9231 9230 7539
f 7902 9230 7900
f 7908 9231 7539
f 7285 9231 7909
f 9232 7285 9505
f 9233 9232 7901
f 9233 7901 7917
f 7902 7900 9233
f 7897 7540 9234
f 7902 9234 7540
f 7915 9235 6989
f 8695 9235 7904
f 9236 7009 8698
f 8534 9236 7470
f 7911 9237 7472
f 8352 9237 7916
f 8348 9238 7901
f 9225 9238 7531
f 7429 9239 7233
f 9158 9239 7921
f 9241 7923 8432
f 9242 9240 7511
f 7923 9241 9240
f 9241 8432 9524
f 8437 9242 7511
f 7922 9242 8438
f 7922 9243 9240
f 9244 8945 6980
f 8945 9244 9243
f 9657 6980 8491
f 8186 9245 7537
f 9246 9245 7676
f 9014 9246 7676
f 9246 7674 9013
f 7960 9247 7675
f 7001 7926 9247
f 7927 9250 9249
f 8194 9248 7928
f 9402 9249 7929
f 9661 9249 7397
f 7001 9276 9251
f 9249 9250 7929
f 7001 9251 9250
f 8645 9251 7961
f 8377 9252 7488
f 8259 9252 7932
f 8031 9253 7697
f 8307 9253 7934
f 8213 9254 7443
f 9255 9254 7939
f 6997 9255 7939
f 9255 8065 9361
f 7943 9256 7579
f 8270 9256 7942
f 8691 9257 7941
f 9258 9257 7643
f 8308 9258 7945
f 9257 9258 7944
f 9260 7579 9256
f 8308 9259 7944
f 7579 9260 9259
f 9256 7941 9260
f 8331 9261 7708
f 7706 9261 7873
f 9573 7706 8553
f 7579 9262 7943
f 7946 7947 9263
f 9262 9263 7947
f 8668 9264 7251
f 8358 9264 7033
f 8208 9265 7953
f 8960 9265 7536
f 8393 9266 7462
f 8201 9266 7615
f 7957 7955 9267
f 8201 9267 7955
f 8307 9268 6996
f 8031 9270 7934
f 8030 7619 9269
f 9269 7619 9271
f 7934 9270 9269
f 9333 8031 8029
f 9269 9271 7957
f 9271 7619 9274
f 9272 7618 9629
f 7956 7958 9272
f 7463 8250 9273
f 9466 9273 8250
f 9275 9274 7959
f 9271 9274 7958
f 9275 7959 9654
f 9273 9275 7463
f 9247 9276 7001
f 9293 9276 7960
f 9278 9277 7310
f 9281 9277 7964
f 9279 9278 7310
f 7965 9283 9280
f 8607 9279 7310
f 7965 9279 7969
f 7965 9280 9278
f 9280 7966 9289
f 7398 9281 7964
f 9281 7967 9282
f 9281 9282 7963
f 8131 9282 7967
f 9285 9283 7968
f 9280 9283 7966
f 9283 9284 7968
f 7969 9284 7965
f 7983 9285 7968
f 7973 9285 7261
f 8639 9286 7970
f 9284 9286 7453
f 7971 6993 9287
f 8640 9287 6993
f 9286 9288 7970
f 7452 9288 7969
f 9290 9289 7973
f 9289 7398 7964
f 9291 9290 7973
f 8172 9290 7974
f 8732 9291 7973
f 8311 9291 7833
f 7977 7026 9292
f 8861 9292 7026
f 9293 7961 9276
f 7979 7962 9293
f 8638 9294 7980
f 9295 9294 7981
f 9296 9295 7981
f 8257 9295 7982
f 8501 9296 7981
f 8255 9296 7404
f 9298 9297 7968
f 9299 9297 7980
f 7968 9284 9298
f 7453 9298 9284
f 9294 9299 7980
f 9300 9299 7589
f 9658 7589 8257
f 8727 9300 7835
f 8664 9301 7986
f 8066 9301 7987
f 8615 9302 7224
f 9303 9302 7717
f 9302 9303 7989
f 9035 9303 7717
f 8069 9304 7010
f 9305 9304 7989
f 8001 9305 7243
f 9304 9305 7990
f 9306 7990 9640
f 9307 9306 7991
f 9370 7991 7207
f 9307 7993 8641
f 9309 9308 7995
f 9372 7305 8077
f 9308 9309 7305
f 9076 9309 7995
f 8002 9310 7996
f 8037 9310 7293
f 9312 7997 7303
f 8077 9311 7998
f 7997 9312 9311
f 8717 9312 7303
f 8717 9313 7998
f 8721 9313 7292
f 8079 9314 8000
f 9315 7027 8077
f 7027 9315 9314
f 7998 9315 8077
f 9318 9316 8004
f 9317 9316 8003
f 8002 9317 8003
f 8197 7661 9317
f 9335 9318 8004
f 8005 9318 7660
f 8007 9319 8006
f 9335 9319 7308
f 8011 9320 7210
f 8008 8009 9320
f 8033 9321 7662
f 8044 9321 8010
f 9322 8011 9330
f 9322 8012 9329
f 8018 9323 8014
f 9324 9323 7659
f 9324 7659 9327
f 9324 8016 9325
f 9324 9325 8015
f 8610 9325 8016
f 9324 9326 8016
f 9194 9326 8017
f 9324 9327 8017
f 9328 7659 8019
f 9328 8372 9510
f 7659 9328 9327
f 8019 8018 9329
f 9322 9329 8018
f 9330 8023 8012
f 8011 8013 9330
f 9332 9331 8024
f 8319 9331 7853
f 7736 9332 8024
f 9332 8032 8035
f 8709 9333 7735
f 9270 9333 8030
f 7658 8040 9334
f 7660 9334 8040
f 9335 8004 9319
f 9334 9335 8041
f 9065 9336 8010
f 8043 9336 7552
f 9342 9337 8046
f 9338 7388 9077
f 7388 9338 9337
f 7726 9338 9077
f 8045 6995 9339
f 9340 9339 6995
f 9659 6995 8299
f 9660 8342 7386
f 9341 7386 9503
f 8047 9666 9342
f 8047 9342 9341
f 7388 9342 8330
f 9175 9343 7337
f 9343 7856 9196
f 9345 9344 8050
f 9343 9344 7337
f 8288 9345 8050
f 9176 9345 8051
f 9478 9346 8052
f 8287 9346 7336
f 9347 8052 8050
f 9348 9347 8049
f 7857 9348 8049
f 9197 7000 9348
f 8054 9349 7000
f 8282 9349 8053
f 8054 7858 9350
f 8058 9350 7858
f 9351 8054 9352
f 8283 9351 7371
f 9350 9352 8054
f 9353 9352 7481
f 8057 9353 7481
f 8388 9353 8056
f 9354 7256 9539
f 8799 9354 7564
f 9350 9355 7481
f 9356 9355 8058
f 9356 8058 9357
f 9354 9356 7256
f 9228 9357 8058
f 9358 9357 7482
f 9357 9358 8059
f 7482 8060 9358
f 8725 9359 8060
f 9603 9359 7834
f 9092 9360 7938
f 9089 9360 7935
f 9363 9361 8065
f 9092 9361 7442
f 8208 9362 6997
f 9363 7953 8129
f 7953 9363 9362
f 9363 8129 9401
f 9365 9364 7032
f 8320 9364 8067
f 7032 8443 9365
f 7809 9365 8443
f 9368 9366 8068
f 9364 9366 7032
f 8066 7987 9367
f 9367 7987 8665
f 8803 9368 8068
f 8390 9368 7269
f 7223 9369 8070
f 9618 9369 7714
f 9307 9370 7993
f 9370 7207 9371
f 7207 8076 9371
f 8076 8075 9371
f 9308 9372 7994
f 8077 8076 9372
f 8977 9373 7097
f 7206 9373 7606
f 9374 7143 9375
f 7206 9374 8080
f 7237 9375 7143
f 7058 9375 8784
f 8846 9376 8086
f 7635 9376 7200
f 8206 9377 7838
f 9378 9377 7478
f 9377 9378 8089
f 8100 9378 7478
f 8095 8094 9379
f 7669 9379 8094
f 8317 9380 7339
f 8097 8098 9380
f 8100 9381 8090
f 7829 8098 9381
f 7985 9382 7024
f 8102 9382 7400
f 8845 9383 7076
f 8995 9383 7630
f 8209 9384 7533
f 8924 9384 7534
f 8113 9385 8112
f 8365 9385 7789
f 8118 7786 9386
f 9387 7786 8479
f 7786 9387 9386
f 7788 9387 8479
f 9389 7699 9028
f 7411 9155 9390
f 9200 9389 9028
f 7780 7411 9389
f 7411 9390 9388
f 9390 7785 9156
f 7485 9391 8119
f 9391 8109 9583
f 8565 9392 7018
f 7799 8120 9392
f 8635 9393 7320
f 8688 9393 8121
f 8688 9394 8120
f 9394 8122 9605
f 8688 9395 8122
f 9396 9395 7375
f 8617 9396 7375
f 9009 9396 7668
f 8634 9397 8121
f 8609 9397 6979
f 9399 9398 8125
f 9199 9398 7410
f 8693 9399 8125
f 9140 9399 8126
f 9400 7011 9564
f 9140 9400 7777
f 9363 9401 7442
f 8642 9401 8129
f 9249 9402 7397
f 8645 9402 7929
f 8689 9403 7831
f 7928 9249 9661
f 8165 9404 8133
f 9661 8134 9403
f 8142 8143 9405
f 7654 9405 8143
f 9407 9406 7655
f 9408 9406 8144
f 9410 9407 7655
f 8146 9412 9407
f 8144 9411 9409
f 8143 9408 8148
f 8144 9409 9408
f 8145 8545 9662
f 9195 9410 7655
f 9410 8158 9420
f 8692 9411 7307
f 9409 9411 8145
f 8538 9412 8146
f 9413 9412 8147
f 8147 9421 9422
f 9413 8152 8692
f 8152 9422 9416
f 7755 8380 9415
f 9415 8245 9457
f 7755 9415 9414
f 8152 9416 9414
f 9416 8153 9417
f 9416 9417 8154
f 8159 9417 8153
f 9154 9418 7414
f 8160 9418 8155
f 9154 9419 8155
f 9146 9419 7784
f 8261 9420 8158
f 8538 9420 7656
f 9421 8153 9422
f 8538 9421 8147
f 9416 9422 8153
f 9413 9422 8152
f 9419 9423 8155
f 7758 8160 9423
f 8169 8133 9424
f 8132 9424 8133
f 7825 9425 8166
f 8176 9425 8175
f 8177 9426 7830
f 7829 9426 8176
f 8183 9427 6982
f 8179 8180 9427
f 8321 9428 8180
f 9429 9428 8181
f 9429 8181 9430
f 6982 9429 8191
f 8206 9430 8181
f 8205 7477 9430
f 8190 9431 8183
f 7315 8184 9431
f 8185 8184 9432
f 8192 9432 8184
f 7019 9433 8186
f 8472 9434 8187
f 7070 9014 9434
f 7676 9434 9014
f 8473 9435 8191
f 8195 9435 7480
f 8690 9436 7314
f 9432 9436 7019
f 8195 9437 8193
f 7837 9437 7592
f 7826 9438 8189
f 9496 9438 8196
f 8198 7034 9439
f 7924 9439 7034
f 7274 7152 9440
f 7075 9440 7152
f 8673 9441 7075
f 9441 7695 8734
f 8235 9442 8215
f 9442 8064 9444
f 8214 9443 7638
f 8215 8216 9443
f 9442 9444 8219
f 9445 9444 8064
f 8236 9445 8064
f 8063 9445 8237
f 9090 9446 8063
f 9447 7937 8223
f 9446 9447 8220
f 8223 7642 9447
f 9448 7945 9258
f 8223 7937 9448
f 8222 8223 9449
f 7643 9449 8223
f 8232 9450 7644
f 8233 8229 9450
f 8840 9451 7067
f 8233 9451 7859
f 8520 9452 6999
f 7572 8234 9452
f 7036 9453 7277
f 8239 9453 8240
f 9108 9454 6987
f 9606 9454 8241
f 8545 9455 7652
f 9456 9455 8243
f 9456 8243 9597
f 8244 8242 9456
f 9415 9457 7752
f 9111 9457 8245
f 8246 9460 9664
f 7491 9547 9459
f 7491 9459 9458
f 9459 8483 9556
f 9460 8247 9664
f 8248 9460 8246
f 8648 9461 8246
f 9462 9461 7768
f 6984 9462 7948
f 9461 9462 8248
f 9463 7816 9167
f 9464 7091 7920
f 7312 9464 7920
f 8249 9463 9464
f 9599 9465 8250
f 9171 9465 7529
f 8984 9466 7820
f 9273 9466 7618
f 9468 9467 8251
f 8949 9467 8252
f 8465 9468 8251
f 8464 9468 7836
f 8464 9469 8252
f 8256 9469 7587
f 9542 9470 7587
f 9665 9470 8258
f 8463 9471 8258
f 8731 9471 7232
f 9473 9472 8263
f 9474 9472 8264
f 8263 7487 9473
f 9473 7487 8478
f 7782 9474 8264
f 7783 9474 9153
f 8778 9475 8274
f 8574 9475 7215
f 8703 9476 7079
f 9476 7684 9019
f 8866 9477 7406
f 7504 9477 7044
f 8281 9478 8282
f 9346 9478 7336
f 9480 9479 7245
f 9483 9479 8290
f 9480 7245 9499
f 9480 9666 9481
f 9482 9481 8047
f 9484 9481 7387
f 8047 8296 9482
f 8296 7387 9482
f 9484 9483 8290
f 7483 9483 8291
f 9483 9484 8291
f 9481 9484 8290
f 9486 9485 7387
f 8613 9485 8292
f 8296 9486 7387
f 9486 8293 9487
f 9487 8293 8341
f 9489 9487 8295
f 9115 9488 8289
f 7761 8294 9488
f 8297 9489 8295
f 8613 9489 7365
f 9490 8296 9503
f 8341 9490 7362
f 8398 9491 8295
f 7455 8297 9491
f 8541 9492 7457
f 9492 7672 8612
f 8298 7457 9493
f 9492 9493 7457
f 7729 8294 9494
f 7484 9494 8294
f 9215 9495 6978
f 9053 9495 8303
f 6981 9496 8196
f 8310 9496 8311
f 8323 9497 8319
f 8377 9497 7932
f 7693 9498 7687
f 8328 7596 9498
f 9480 9499 8330
f 8614 9499 7245
f 9206 9500 7707
f 9261 9500 7873
f 8335 9501 8334
f 8706 9501 7405
f 8601 9502 7391
f 7405 9502 7812
f 9503 8338 7362
f 9341 9503 8296
f 7385 9504 8343
f 8300 9504 8299
f 9232 9505 8348
f 7914 9505 7285
f 7984 9506 7309
f 7972 8355 9506
f 7518 9507 8360
f 7002 9507 8260
f 7790 9508 8368
f 8476 9508 8366
f 7792 9509 8025
f 8371 9509 8370
f 7791 9510 8372
f 9192 9510 8369
f 9512 9511 7874
f 8382 9511 7450
f 9512 7874 9207
f 7450 9512 9113
f 8391 7605 9513
f 8531 9513 7605
f 8399 9514 6985
f 7454 9514 8398
f 9515 7082 8823
f 7183 8410 9515
f 8897 9516 7025
f 7475 8413 9516
f 8419 9517 7498
f 8449 9517 8417
f 8422 7509 9518
f 8420 9518 7509
f 8420 9519 8417
f 9519 7509 9668
f 9533 9520 7512
f 8427 9519 9668
f 8429 9521 7512
f 8430 8431 9521
f 8503 9522 7585
f 9523 9522 8332
f 8446 9523 8332
f 8431 9523 7512
f 8435 9524 7348
f 9241 9524 8433
f 9526 9525 8433
f 8437 9525 8434
f 8435 9526 8433
f 9526 7510 8436
f 8353 9527 7460
f 9632 9527 7624
f 8988 9528 8434
f 7459 8437 9528
f 9530 9529 7628
f 9242 9529 8438
f 7628 7259 9530
f 8539 9532 7259
f 7259 9531 9530
f 7561 8947 9669
f 7259 9532 9531
f 8539 9566 9670
f 8449 9533 6994
f 9533 8427 9520
f 9534 7611 9535
f 7231 8456 9534
f 9205 9535 7611
f 8837 9535 7343
f 8800 9536 8456
f 8460 9536 8457
f 9538 9537 8458
f 9354 9537 7564
f 7255 9538 8458
f 7564 9538 8798
f 8729 9539 7256
f 9541 9539 8344
f 8458 9540 8457
f 8461 9540 7565
f 7565 9541 8462
f 9539 9541 8459
f 9470 9542 8258
f 9469 9542 7587
f 8466 6992 9543
f 9205 9543 6992
f 9544 8456 9536
f 9543 9544 8466
f 8996 9545 7632
f 7543 9545 7894
f 8652 9546 7447
f 9547 9546 8483
f 9459 9547 8483
f 9547 7491 8484
f 8944 9548 6980
f 8256 9548 8254
f 7513 9549 8431
f 8494 9549 8493
f 7584 9550 8498
f 8640 9551 8499
f 6993 8636 9551
f 7583 9551 8636
f 7124 7444 9552
f 7045 9552 7444
f 8489 9553 7045
f 7437 9553 8486
f 8518 9554 7137
f 7313 9554 8519
f 8232 9555 6999
f 9095 9555 7742
f 9556 8521 7439
f 8652 9556 8483
f 8525 9557 7381
f 9586 8524 8619
f 9221 9558 7381
f 7890 9224 9559
f 9559 7778 9560
f 7890 9559 9558
f 8526 8525 9560
f 9559 9560 8525
f 9562 9561 8526
f 8976 9561 8527
f 9563 9562 8526
f 8530 9562 8528
f 8529 9563 7778
f 9562 9563 8528
f 9564 8529 7777
f 7011 8528 9564
f 8532 9565 8531
f 7716 9565 7409
f 8539 7558 9566
f 8954 9566 7558
f 8991 9567 7259
f 8541 9567 7671
f 9132 9568 8546
f 9222 9568 7771
f 8548 9569 7377
f 9132 9569 8547
f 8551 9570 8549
f 7580 8548 9570
f 8552 9571 7377
f 9571 8550 9626
f 8559 9572 7581
f 9571 9572 8550
f 9573 8551 9628
f 9262 9573 7943
f 9206 9574 7873
f 7242 9574 7872
f 8552 9575 7581
f 8523 9575 8522
f 8557 7595 9576
f 9576 7595 9584
f 9161 9577 7063
f 8565 9577 7799
f 7122 9578 8326
f 8573 9578 8566
f 8581 9579 8582
f 8584 9579 7549
f 9580 7280 8809
f 8586 9580 8587
f 8587 9581 7572
f 7067 9581 8588
f 8594 9582 7130
f 7312 9582 8595
f 6986 9583 8108
f 9391 9583 8600
f 8563 9584 7575
f 8620 9584 7595
f 9479 9585 7245
f 9585 8289 9488
f 8556 9586 7582
f 9557 9586 8523
f 8627 7153 9587
f 9587 7153 7239
f 7254 8629 9588
f 8627 9588 8629
f 8502 9589 8499
f 8639 9589 7588
f 8652 7447 9590
f 8480 9590 7447
f 8255 9591 8256
f 7586 9591 8656
f 8818 9592 8673
f 7322 9592 7174
f 8677 9593 8678
f 8471 9593 7632
f 8682 7626 9594
f 9594 7626 9631
f 9595 8683 7458
f 8989 9595 7627
f 9414 9596 8152
f 9597 9596 7752
f 9596 9597 8692
f 9456 9597 7752
f 8545 9598 8243
f 9411 9598 8145
f 8322 8696 9599
f 7529 9599 8696
f 9028 9600 7004
f 9018 9600 7683
f 7887 9601 8022
f 8710 9601 8711
f 7066 9602 7141
f 7291 9602 8724
f 9356 9603 7256
f 9603 8059 9359
f 8730 9604 8344
f 7232 9604 8731
f 9605 8123 9010
f 9394 9605 8733
f 9455 9606 7652
f 9606 8242 9454
f 9606 9607 8735
f 9607 8241 9101
f 7214 9608 7138
f 7055 9608 8777
f 7409 9609 8782
f 8839 9609 8125
f 8837 9610 8794
f 8835 9610 7343
f 9611 7254 9588
f 7014 9611 8632
f 7283 9612 8813
f 9613 8104 7298
f 7298 7863 9613
f 7863 7096 9613
f 8922 9614 8813
f 8351 9614 7527
f 9204 9615 7871
f 8834 9615 7342
f 9451 9616 7859
f 7113 9616 8840
f 9013 9617 7675
f 7393 9617 8866
f 7432 9618 7236
f 7074 9618 8881
f 8919 9619 7523
f 7020 9619 8916
f 9204 9620 8938
f 9205 9620 7871
f 8935 9621 7555
f 8939 9621 8936
f 7556 9622 8947
f 9243 9622 8945
f 8943 9623 8944
f 9469 9623 8949
f 7319 9624 7800
f 7569 9624 8961
f 8560 9625 7577
f 7576 9625 8561
f 9571 9626 7578
f 7577 9626 8550
f 7942 9627 8270
f 8969 9627 8970
f 9628 8971 7943
f 8549 9628 8551
f 8985 9629 8983
f 7618 8984 9629
f 8984 7820 9630
f 9173 9630 7820
f 7624 9631 8987
f 9594 9631 8686
f 8988 9632 8987
f 9527 9632 8436
f 7651 9633 8999
f 9635 9633 8517
f 7344 9634 9000
f 7647 9634 9002
f 7649 9635 9004
f 8735 9635 8517
f 8599 9636 7699
f 9600 9636 7683
f 9047 9637 7721
f 9638 9637 7730
f 9071 9638 7730
f 9060 9638 7722
f 9075 9639 6990
f 9066 9639 7995
f 7208 9640 8001
f 9306 9640 9069
f 7208 9641 9069
f 9061 9641 9044
f 7731 9642 8401
f 9642 9071 7730
f 8308 9643 6984
f 7937 9643 7945
f 7469 9644 8699
f 7284 9644 8893
f 8266 9645 7743
f 7940 9645 8267
f 9113 9646 9109
f 8655 9646 7753
f 7765 8554 9647
f 7242 9647 8554
f 7777 9648 9138
f 9224 9648 8529
f 7414 8159 9649
f 7783 9649 8159
f 9145 9650 7782
f 7784 9154 9650
f 8824 9651 7063
f 7797 9651 8825
f 8303 9652 7725
f 7879 9652 9215
f 8606 9653 7882
f 7463 9653 8322
f 9654 9218 7463
f 8709 9654 7959
f 8707 9655 7883
f 9655 7885 8605
f 9220 7886 9656
f 9656 7886 7211
f 7923 9657 8490
f 6980 9657 9244
f 7835 9658 8731
f 7589 9658 9300
f 8342 9659 7385
f 6995 9659 9340
f 9341 9660 7386
f 9339 9660 8046
f 9404 9661 7397
f 7928 9661 9403
f 8145 9662 9409
f 8545 7345 9662
f 7568 9663 8520
f 7572 9663 8585
f 9664 9458 8246
f 8487 9664 8247
f 9471 9665 8258
f 7982 9665 8257
f 9342 9666 8330
f 9481 9666 8047
f 8295 9667 8398
f 9487 7454 9667
f 8429 9668 8428
f 9668 9520 8427
f 8438 9669 7922
f 7561 9669 9531
f 7561 9670 8948
f 8539 9670 9532
